geometry_id,layer_type,multi_layer,source_table,feature_label,territorial_authority_name,road_density_km_per_km2,latest_aadt,road_surface,road_length_total_km,road_length_rank,wkp,point1_latitude,point1_longitude,polygon_fill_color_value,polygon_line_color_hex,polygon_line_width_m,polygon_extrude_elevation_m,path_width_m,path_color_value,path_color_hex,point_radius_m,point_fill_color_value,point_line_color_value,point_fill_color_hex,point_line_color_hex,point_line_width_m,tooltip_html
sa2_175901,polygon,Road density area,hamilton_place_polygon,Rototuna West,Hamilton City,13.124993676550858,,,10.999927787879622,,@EABoifhmIl_l}fAa{@haFsvCrMeFTkrBbJmkCnLuE~AmUlAfFfi@_Wt@xAtTdVs@f@hJxBv@nXo@g@eWkDkb@nrAoGtJCqEltA_@~KyFxdBbx@c@x_@b@dl@xC|c@xFhk@bH~y@tKd}@pH`~AnJzi@pEnQbB|h@`HthBd[|Vqk@vFgPjIuU~CyHvWgo@||@wpBrKoUzSk_@rf@g|@zIwOpRoYpeAuaBpI{O~JiR}u@iCup@a@aKDaD@o_Al@wROsp@qB{mAqEesBeIwDMkhA_Egq@cDe@zC,,,13.124993676550858,#2f3437cc,50.0,984,,,,,,,,,,<div><strong>Rototuna West</strong><br><span>Type: SA2</span><br><span>Territorial authority: Hamilton City</span><br><span>Road length: 11.0 km</span><br><span>Road density: 13.12 km/km2</span><br><span>Area: 0.8 km2</span></div>
sa2_175302,polygon,Road density area,hamilton_place_polygon,Flagstaff North East,Hamilton City,12.329640398898114,,,11.110709092635501,,@EABalggmIvmb}fAo|@pg@}EcBokBko@sQgGyl@yDq[bvAgTvr@kNtd@ah@dvAq{@baB_KhRlc@dBzKxFfNhKdIlJdIbPlRr_@jh@fg@~KfNfRtQn]tUbd@xEhJ~D|PbPsWfHxO`UtEfKuHdQrJ|ApP`@tSy@lQmCrN_EfCwA|n@so@lOgIrUwHvJsB`ViCdHG~Ul@xHVlTa@bDWxOcIhJyIbBmEjD_R|OOjUyBlDmCvF_F|[u[~EcDdHeCdIcAnVcCnjAuHmIacA\sYw@mEmBwCaGmEgPeIu^sc@kOeb@wDmHqMkOsCkH_AyH~@oTrKl@vW`@zZk@`M{@nTqCxo@gLzJ_AaEqLq@uHH{ErE_QPwHaBiHyEsF{GsDkRuGaZsMeO}JmLwK{DkHsAuFmDe^e@qKqnEtLyu@nB}h@tZ,,,12.329640398898114,#2f3437cc,50.0,925,,,,,,,,,,<div><strong>Flagstaff North East</strong><br><span>Type: SA2</span><br><span>Territorial authority: Hamilton City</span><br><span>Road length: 11.1 km</span><br><span>Road density: 12.33 km/km2</span><br><span>Area: 0.9 km2</span></div>
sa2_178500,polygon,Road density area,hamilton_place_polygon,Fairview Downs,Hamilton City,12.019492613430009,,,13.494248899594663,,@EABkehjmIpqk_gASl@y]cE}c@eHgDjLoAhJuB~F_g@lyAaAlCoMb`@es@buBafAuTg[qG_fBm^oh@uKqwBwc@kkBa`@uE~OyAfF{AhF{Njg@aAfD}a@`xA}x@mXYz@slB~mFb[`GbjClg@qKd[yL`^uCrIo\laAf~Cbj@zgAvRfaCfb@h|Cpi@rz@keCtd@ksAlAmDwPsChZm~@n`A_oCtj@c_Blh@azAndAs{CzTvDvb@jM]aIzDo\hEc`@bt@_iFlY}mB~Hy]sGoAsr@qNgB`GuRlp@qKl^ir@p_CggA~sD,,,12.019492613430009,#2f3437cc,50.0,901,,,,,,,,,,<div><strong>Fairview Downs</strong><br><span>Type: SA2</span><br><span>Territorial authority: Hamilton City</span><br><span>Road length: 13.5 km</span><br><span>Road density: 12.02 km/km2</span><br><span>Area: 1.1 km2</span></div>
sa2_176101,polygon,Road density area,hamilton_place_polygon,Te Manatu,Hamilton City,11.679169275139266,,,16.443623780585014,,@EABizrimItbk}fAqKxWgsCah@{o@oL_KpBuGrA~Spf@|^~hC~f@flDiJzJzBdMfl@jdDjThmAn@~\xh@lAlI[fr@iH~YuCtZgDxmD{_@bgBsR|f@qFlQmA|]WxBEzm@eAvbAwBjiAcCr_AiBpIUlt@oBb]mA`CkKfDmc@xDqRa@a\qS}tBu@}Hqk@}eAuRa^cLuS}s@srAsNuWoIwO_Ueb@}}@qcBms@apAEIsEdAoy@hQa~FhuA{qDnx@,,,11.679169275139266,#2f3437cc,50.0,876,,,,,,,,,,<div><strong>Te Manatu</strong><br><span>Type: SA2</span><br><span>Territorial authority: Hamilton City</span><br><span>Road length: 16.4 km</span><br><span>Road density: 11.68 km/km2</span><br><span>Area: 1.4 km2</span></div>
sa2_178400,polygon,Road density area,hamilton_place_polygon,Enderley North,Hamilton City,11.279657870838243,,,7.842026588218251,,@EAB{j}imIv}b`gAfjAhUtSmmAfFqZhPiaAVaB|Jen@xK{q@zMsRxf@{ZvGmDyKqR}g@ud@eh@if@uMcJuUeIup@mMgj@eKwm@cLiK}CuOsHuKaKa`A_eA}O}PyIwFi|@{OlP{i@vKo^D}Cwb@kM{TwDodAr{Cmh@`zAuj@b_Bo`A~nCiZl~@vPrChg@jJ|DlA|yBv`@va@|GhaCbd@hbB|ZvpAzU,,,11.279657870838243,#2f3437cc,50.0,846,,,,,,,,,,<div><strong>Enderley North</strong><br><span>Type: SA2</span><br><span>Territorial authority: Hamilton City</span><br><span>Road length: 7.8 km</span><br><span>Road density: 11.28 km/km2</span><br><span>Area: 0.7 km2</span></div>
sa2_175902,polygon,Road density area,hamilton_place_polygon,Rototuna East,Hamilton City,11.095639921054053,,,8.33907198216155,,@EABq_zhmIdyt}fApS|tB`@`\yDpRgDlc@aCjKlmAoAfm@qAnQgAdu@oFj`@{A~@CxFydB^_LpEmtAuJBorAnGjDjb@f@dWoXn@yBw@g@iJeVr@yAuT~Vu@gFgi@lUmAtE_BlkCoLjrBcJdFUrvCsM`{@iaFd@{Cq_@iBeeB{Gms@yFgo@eIqUwDad@gJmb@_LeZeJys@{V_HiCm[uL{WeKqa@iN_]wHqd@sDsOOqp@UwcBtJez@dMghArW|}@pcB~Tdb@nIvOrNtW|s@rrAbLtStR`^pk@|eAt@|H,,,11.095639921054053,#2f3437cc,50.0,832,,,,,,,,,,<div><strong>Rototuna East</strong><br><span>Type: SA2</span><br><span>Territorial authority: Hamilton City</span><br><span>Road length: 8.3 km</span><br><span>Road density: 11.10 km/km2</span><br><span>Area: 0.8 km2</span></div>
sa2_176202,polygon,Road density area,hamilton_place_polygon,Rototuna South East,Hamilton City,10.955514534479576,,,9.684238271225746,,@EABew|hmIdw{}fAwC|[qYo@ud@b@o]nJB|BsStAaN~LmFt@aFhHwDzBoEv@}FNgGaC@\a[iFmM~AwLda@wLdRoZx@{@pEbRtMa@`@m@tEyAhC{Ap@oa@DeHbAuCfAwC|AwFrFUhD`DjIt@~GOtCeBxDiLxGeP|CkF?yBb@|Ll`@ndApEfFpt@}d@vfBfYnWvPl@`^`Z`BXjEOtKaEdHrAvAg@rAuAbBQhGH|DjAjNt@jO`G~AMzGsDrBAzBb@bBdDfBj@hMg@xBxAtARfFgA|BItH~CpKdHhGjHhCjEvCjHdAdFQlDmEfE@z@tElIeC`GLlCjR~R|@vHfAtB~BvArKxC`@x@qDbQDfBtCjF`DnJlDlFjBtGpVrCfKdG`MhDwDu[lB}V~Ki}@dPqnAdKv@jc@bGzXnCj]`G|Kz@tAXp@z@n\kLnIcEzNiHxK_OfIiPbK{LbHwS|LoSb^cTvXeItN_MhPoP|j@_`@dGsHzY}u@pV}NwqA{aAtBcDh^mq@nR_^jDkItE_h@vAmIfFgNv@oA}c@yFel@yCy_@c@cx@b@_ABk`@zAeu@nFoQfAgm@pAmmAnAc]lAmt@nBqIT,,,10.955514534479576,#2f3437cc,50.0,822,,,,,,,,,,<div><strong>Rototuna South East</strong><br><span>Type: SA2</span><br><span>Territorial authority: Hamilton City</span><br><span>Road length: 9.7 km</span><br><span>Road density: 10.96 km/km2</span><br><span>Area: 0.9 km2</span></div>
sa2_178000,polygon,Road density area,hamilton_place_polygon,Maeroa,Hamilton City,10.888501947750152,,,13.936004945186664,,@EABcxghmI`oo`gA{XffAhQX~DUPUlAD|DnC`D`AxVwBtHHhKdAxAx@~@pBbFvSjRxTdEtCj@xANtFtP~FxCzCh@jDgArFEhIcAjH}@z@gAoAcAEsTdHaPzKeT`QaGdHeIbN}BzF[zFgCxDiAl@qADaJy@iF~BwG`@wBhDa@dCCZaAjEu@X{AeAy@aC}@AcBp@kEfE_DtFaAvC[tEtAvGCxBcA|A}GpERpFkCzFz@vIeExCwFjBK~@qAxAzAhDfC~AzBvCW~CsA`CCxAbFtDlAxBT~IjFdX]rI{a@dIihBje@qlAt[m_@xKq[n^uLbNy}A|gBsBtB`c@gEMw@jJw@LwFfP_RnC}CfAhHhOeB~AfKjl@_FlAzHhIjUnhA_IxlAoKb_A_IrO`_At[qCkDeUtkAyJiA_Hvh@eEpFk@eGc`@rmB{OzMoAh}AcMpnAwJwScoAw@s`@pGhC|ApAzFfJx@^vT|A~H}@tDChQhAxAMtF}CzAcJ|AeA~AWfH^fHbBvILtNiBrPKhGsBpJMbLeD`F}BhLoH~G{F`GuBlLe@`Ds@fF@nHi@hXqGpLiAzEgCzJeClHi@hIn@zHy@|BcAbKwInFgCjKqClQgHrHcEtDyD|GgDhBWhDt@rE[zCn@|BbBdGdJxe@i\ak@ii@qx@ap@qt@mk@aw@ml@yBmB_QuUqo@c{@a`A{mA{DkEi~@_b@kaAmc@{eAme@uRyXwn@o}@gC}BylAmq@{`@aUsF}CkOuCqGpGwJr\kn@zfCqa@p{A,,,10.888501947750152,#2f3437cc,50.0,817,,,,,,,,,,<div><strong>Maeroa</strong><br><span>Type: SA2</span><br><span>Territorial authority: Hamilton City</span><br><span>Road length: 13.9 km</span><br><span>Road density: 10.89 km/km2</span><br><span>Area: 1.3 km2</span></div>
sa2_176400,polygon,Road density area,hamilton_place_polygon,Saint Andrews West,Hamilton City,10.850489929916169,,,10.915076820194598,,@EABuaigmIju{~fAwBvsAw`AiAiyCoDsJj@aAf@oe@fXWPo\dRcPjJ_a@bUeWpN_DdBcCdJwVj_Ak[tjArj@fP`OjFxs@|\`qAdm@gm@zu@}CzDsF~JuLh^_KjYuCdJuFzK{T|Z{PbSiZ|X{aAp{@oCxCyi@tf@y|A`yAnJrH~|AjhAzx@`n@bzCnzBll@s^jd@kg@suCiqAtHgVvIcYvfAamDhAqDdKm\pFzBzAoCtoAgnAluA}sA~CoCjwCcuCtT~LfhAyo@~Y_QjlB_hAiKsFdFgFnEQ~Akc@jWcA_@cBXaBpAoAuAyAUwWgQp@vDei@vR~B`w@}CnsAmF`JeaAmnAsQi`AaMq{@aOw`AmT}IwAyhEyaA]pTaA`YgBnp@,,,10.850489929916169,#2f3437cc,50.0,814,,,,,,,,,,<div><strong>Saint Andrews West</strong><br><span>Type: SA2</span><br><span>Territorial authority: Hamilton City</span><br><span>Road length: 10.9 km</span><br><span>Road density: 10.85 km/km2</span><br><span>Area: 1.0 km2</span></div>
sa2_178701,polygon,Road density area,hamilton_place_polygon,Swarbrick,Hamilton City,10.834166410551004,,,7.90981861381483,,@EABu|vgmId_lagA_J|@aEEkDaAcC}BmFv@mWzD|AvFm[xEmEn@}AuFycCz^yMuIuUtU~fAn_@`o@hTp`A`\b_A|[gBlTqIhdAaF|m@uQ`_Crd@ZrPjm@lUvy@xc@d_BdbAgOnLtWdTcD]iAvEw@aB_G~E{CuCeKjy@_M`k@qI`c@sGrEo@lkBgYJYdAEvBkCzCa@hIOfN{DhDcHVkHfBmGVyFiV~BsAyH_G|@wOij@zs@{KfKiAF_Yc]e_@oCwF_F_WgnAklEkXiaAuL{b@e]cnAyIm[a[}gAi_@utAik@oiB}]~IxRfp@npAbtEyvFby@,,,10.834166410551004,#2f3437cc,50.0,813,,,,,,,,,,<div><strong>Swarbrick</strong><br><span>Type: SA2</span><br><span>Territorial authority: Hamilton City</span><br><span>Road length: 7.9 km</span><br><span>Road density: 10.83 km/km2</span><br><span>Area: 0.7 km2</span></div>
sa2_179901,polygon,Road density area,hamilton_place_polygon,Greensboro,Hamilton City,10.696857189554114,,,4.780245449905234,,@EABuhakmI~coagAdtAl^nQGph@qAfa@o~A`j@auBfMaf@bBoGbCkJvNej@|Lee@HeFmgA}]k}@qZudAu\_dBsVqVqDoy@mLmsAqRgmA_Rb@gCt@U{m@mJiLhDeZ|I|R|Ypz@rxAt_@~o@`qAxyB~H`NjmAptBnDlG|]tn@|FdJv`@rL,,,10.696857189554114,#2f3437cc,50.0,802,,,,,,,,,,<div><strong>Greensboro</strong><br><span>Type: SA2</span><br><span>Territorial authority: Hamilton City</span><br><span>Road length: 4.8 km</span><br><span>Road density: 10.70 km/km2</span><br><span>Area: 0.4 km2</span></div>
sa2_178800,polygon,Road density area,hamilton_place_polygon,Kahikatea,Hamilton City,10.565120617761838,,,10.327981731191896,,@EABuf|gmIbtsagA{ZbvD_xBcCuA`ZoBdKcAnb@~@n\pAbZrhCi`@zEg@x@pBr^xv@xp@x{AjlAtlCzc@jdAzm@`sApIzQhHbPjy@bjBljAeQ|sAiSh{GecAzB]|BbEdSb^nqBoZh\~XjAcAbLrJlXtUsAz@drBleBla@yWc{@_r@ep@gm@azAuoA}@w@sRiPynA_gA{d@mk@eNsSiUwQ__Agv@kRsNiIaJ{O_V~BmOpTweApPiz@pCwQ[mHqXm`AHmMgKhA{s@zKvOhj@~F}@rAxHhV_CWxFgBlGWjHiDbHgNzDiIN{C`@wBjCeADKXmkBfYsEn@ac@rGak@pIky@~LtCdK_FzC`B~FwEv@\hAeTbDoLuWebAfOyc@e_BmUwy@sPkm@sd@[tQa_C`F}m@pIidAfBmTc_A}[q`Aa\ao@iTqBpC_GdJ~a@lzA{F|o@`ET,,,10.565120617761838,#2f3437cc,50.0,792,,,,,,,,,,<div><strong>Kahikatea</strong><br><span>Type: SA2</span><br><span>Territorial authority: Hamilton City</span><br><span>Road length: 10.3 km</span><br><span>Road density: 10.57 km/km2</span><br><span>Area: 1.0 km2</span></div>
sa2_176700,polygon,Road density area,hamilton_place_polygon,St James,Hamilton City,10.37832754735908,,,7.61693407536768,,@EAB_jfimI|g|}fA}f@pFcgBrRymDz_@uZfD_ZtCgr@hHmIZyh@mAVjNUdUuQbfAy`@xsBuDpR{RvcAsDnRiZz}AyXnvApbCh^jQePhMhDxLyB~@sIdOqI|N_UtHnEmErHoKhVpLtBlFqFhRqBrF~@bG|J|BcMdE}@xC{DtDLzJlCjCkC~AeI~IqTzIxBz@rElOKnQn@jFeHf]mBQaDaFsDZaEjPaBrEyBqNmAwC}C_B_FxF_EzLm@~DiHxLdEnOhMbUjD`t@a`@jOa[vC_Av]rBfv@}OpB{E@uMgYoW|d@wfBgFqt@odAqE}Lm`@xBc@jF?dP}ChLyGdByDNuCu@_HaDkITiDvFsFvC}AtCgAdHcAna@EzAq@xAiCl@uE`@a@cRuMz@qEnZy@vLeRvLea@lM_B`[hFA]fG`C|FOnEw@vD{B`FiHlFu@`N_MrSuAC}Bn]oJtd@c@pYn@vC}[s_AhBkiAbCwbAvB{m@dAyBD}]VmQlA,,,10.37832754735908,#2f3437cc,50.0,778,,,,,,,,,,<div><strong>St James</strong><br><span>Type: SA2</span><br><span>Territorial authority: Hamilton City</span><br><span>Road length: 7.6 km</span><br><span>Road density: 10.38 km/km2</span><br><span>Area: 0.7 km2</span></div>
sa2_177100,polygon,Road density area,hamilton_place_polygon,Nawton West,Hamilton City,10.355602315961962,,,11.288239355256065,,@EAB}qefmIzj`agActArxAsc@uTifFkhCwUuLuj@|l@e]h_@yHlHcf@jm@_GpKaBzG]fEoQg@gLxN}RxVu\uNqx@rcAgK`GkCTiz@oSuJ|Lok@~s@yAfDbq@vWzM|D~pCzh@z^hH~wD~s@vOfB~BjOxa@}HfBxBloGirCvJiEh]mOuUgZtO{G~y@m^nhAsf@x_@uPjkBoy@rxAwo@eByBjAg@uAcB}Fa`BcF}vA??mC_v@oDybAwAg`@sBel@cEqjAIwEkt@g_@}a@kOy_D}jAeFxAqFlGqm@rj@iKjNsItNwH~O_G`PcG`VoEp]kAvYAlRfC`XpUfkAun@nHuVrAsU^\~YbAdKvEtMhGzIxJbIlLvFtg@fQtPrIdHjEfQxQnG`KfEzK`ClL~AvROxN{AbMsC|K_GnMi_@he@,,,10.355602315961962,#2f3437cc,50.0,777,,,,,,,,,,<div><strong>Nawton West</strong><br><span>Type: SA2</span><br><span>Territorial authority: Hamilton City</span><br><span>Road length: 11.3 km</span><br><span>Road density: 10.36 km/km2</span><br><span>Area: 1.1 km2</span></div>
sa2_175301,polygon,Road density area,hamilton_place_polygon,Flagstaff North West,Hamilton City,10.289993080920107,,,9.679205022419254,,@EAB}m}fmIxsg}fA{Zj@wWa@sKm@_AnT~@xHrCjHpMjOvDlHjOdb@t^rc@fPdI`GlElBvCv@lE]rYlI`cAhSnAfIH|Ky@bSiFlCoAtJ~GtCdEbKjKfMnK`JtCrEp@pE`@uf@fp@GfKXzQ|ApC`Bd@xBeFjEkEdAoCzJyK~I{H|BuFpAsNjBeBhB[pGn@zIvDp\tIxHx@|J_A`PyF|KgFhIa@lJd@n{@rKhZwWln@ra@dQeCvXc@rFkBzSqEdZgWrKiPlGoQdSsMx`@}Rzo@_Xn_@mh@vN{f@|K{RlOsa@fL{ZjV}D~Fv@H]~OmWhHqHnVmQfOyFbn@eKio@qOeM}GgdFawBgj@uUcvAkb@nCiEwFX{tAvDum@bBas@nBgeBzEkVp@kdBnE_{AlDd@pKlDd^rAtFzDjHlLvKdO|J`ZrMjRtGzGrDxErF`BhHQvHsE~PIzEp@tH`EpL{J~@yo@fLoTpCaMz@,,,10.289993080920107,#2f3437cc,50.0,772,,,,,,,,,,<div><strong>Flagstaff North West</strong><br><span>Type: SA2</span><br><span>Territorial authority: Hamilton City</span><br><span>Road length: 9.7 km</span><br><span>Road density: 10.29 km/km2</span><br><span>Area: 0.9 km2</span></div>
sa2_179401,polygon,Road density area,hamilton_place_polygon,Hamilton Central,Hamilton City,10.171694579904363,,,10.404098067967693,,@EAB}b|imIzztagAqC`PhfAvh@d]lRlHcDbMwMfk@yl@lTbKsXd`@frBhdAzu@ww@pTpMbVzPxHpRg@pPiAxEaHrJlLpCdI`CQ\vgA`[xAWri@nOvOiZ|m@nPfu@vTrF}k@~AqY]uiAa@mGgEk`@iBgIMe@gFiN}D}F_RcQvSo`@zEcFli@oShKwDnCaAxIeGvI}H~FiHz`BsdBd@_F~f@}i@tb@}e@jOyP~bBymBeiC{lAsk@wYcXyL{fAsh@qi@_XmyAqt@AJiAzDcIhOcl@x`AqWjh@mMxS{@dAyJdLkBbDmCfBy]x`@_BbBcOvTmG`HsDpI_MhRmJjMaHnGwDnBw^x\aKfFmBpCgLfHer@ne@uIhHsAlA_VnSsP~PkUrSuAfCaElC}GzGi_@n`@wQlOs@bEsV`UiZtZyBzBwUtV}KjPaKvSuHpV,,,10.171694579904363,#2f3437cc,50.0,763,,,,,,,,,,<div><strong>Hamilton Central</strong><br><span>Type: SA2</span><br><span>Territorial authority: Hamilton City</span><br><span>Road length: 10.4 km</span><br><span>Road density: 10.17 km/km2</span><br><span>Area: 1.0 km2</span></div>
sa2_180000,polygon,Road density area,hamilton_place_polygon,Hamilton East Cook,Hamilton City,10.14054420480428,,,7.438945644587476,,@EABcjzjmI`kiagAaj@`uBga@n~A}]zrAi}@pjDr{B`[~fGly@lhDze@hDeQvLsc@dRmr@pHwXv@cFjOij@~EoRpMgg@fHoWv[qnAjByHdDgNufBgW|y@w|@tEsq@x@uL_oDof@}~Bi\cD[{DPyHjAwI}LsIeEqCsDgtByZcBnGgM`f@,,,10.14054420480428,#2f3437cc,50.0,761,,,,,,,,,,<div><strong>Hamilton East Cook</strong><br><span>Type: SA2</span><br><span>Territorial authority: Hamilton City</span><br><span>Road length: 7.4 km</span><br><span>Road density: 10.14 km/km2</span><br><span>Area: 0.7 km2</span></div>
sa2_178202,polygon,Road density area,hamilton_place_polygon,Fairfield South (Hamilton City),Hamilton City,10.05528909198988,,,6.6421573583282205,,@EABur|imIv}f`gAu`@~bAcJxUqNv_@_KxY}@t@kZfW}i@tf@dR|ElcDpd@f~@rMfnHbdA|Qaa@vSkd@lEeKxQjCwD`PzRpCyDfIrv@xKnMsM~UDlRnH|Ryb@nt@hKd{@xLdFsTlAgFhMej@vLeZjImGbJ}Dx~Amr@|M}Ym~AcUwJfL{vEaq@kHjOedAsX_^}G_\{Ea]oDyFk@uE{AuOmIwKaKcQ}TgZuXuLsFyGyAg\uEk\wEue@iHeKwD_IsFoDqDyB_EcNab@aE_GuHyF}H_DgFmAwi@{EuSlmAqBzF_j@|wA{AxDs@`B,,,10.05528909198988,#2f3437cc,50.0,754,,,,,,,,,,<div><strong>Fairfield South (Hamilton City)</strong><br><span>Type: SA2</span><br><span>Territorial authority: Hamilton City</span><br><span>Road length: 6.6 km</span><br><span>Road density: 10.06 km/km2</span><br><span>Area: 0.7 km2</span></div>
sa2_177000,polygon,Road density area,hamilton_place_polygon,Western Heights (Hamilton City),Hamilton City,10.021608949595773,,,10.738366146953334,,@EAB}{yemIls_agAsxAvo@kkBny@y_@tPohArf@_z@l^uOzGtUfZi]lOwJhEmoGhrCfH`f@`SxqAzE_@x^lcCyCLj@fK`BtXxB`JlDhl@hBGtm@vGrZlYxCzOze@gMyGcN`WyGjc@x_@vH|KnMjRkBx@xNtzAhB~Qt^KbZsD~nAk\sWyzA{HgqAid@qtH}IexAp_AyS|]qPxuB`GtbBoo@}BsPnq@}r@bE_Gtm@tHxkBrUrLgz@}Cs^wZ{i@zQ_Alb@yBq@cTxQoNlw@~CnWrUd\oO~T{dAkeBguAd^oe@vm@yx@~G{EiCgPqbAu`AiAwK~MwV_iEiu@qpC{vAHvEbEpjArBdl@vAf`@nDxbAlC~u@??bF|vA|F``BtAbBkAf@dBxB,,,10.021608949595773,#2f3437cc,50.0,752,,,,,,,,,,<div><strong>Western Heights (Hamilton City)</strong><br><span>Type: SA2</span><br><span>Territorial authority: Hamilton City</span><br><span>Road length: 10.7 km</span><br><span>Road density: 10.02 km/km2</span><br><span>Area: 1.1 km2</span></div>
sa2_177300,polygon,Road density area,hamilton_place_polygon,Chartwell,Hamilton City,9.990430162677116,,,8.959241238987865,,@EABc|dimIlor_gAnsBpYfJvB_EaIv_@yEz[gAdCnE`DaAxHa@lG]~JPtLjFbTGrNuBbo@gOmD_MhOsWvHeFbQiOjDwCrGwFl}@wh@bLwGpd@oO|EgfBvCabAiNqB_lBcXip@gJgiAqO|DeF|Tee@fh@afAjVag@nCsI|CsPx@qJAmPoBwT_BmHeGuQiIsOmEgGoM}MoXoPyVsJsXwGe[{DkViQitBpbByFvEgNpK}^`Y_`Alz@wp@~kAqj@`cAuB`EoPb[sp@fmA}Zbk@ok@bfAaBzHmBrIlIli@lA`Jl`B|OjmChd@nq@dLeD~L,,,9.990430162677116,#2f3437cc,50.0,749,,,,,,,,,,<div><strong>Chartwell</strong><br><span>Type: SA2</span><br><span>Territorial authority: Hamilton City</span><br><span>Road length: 9.0 km</span><br><span>Road density: 9.99 km/km2</span><br><span>Area: 0.9 km2</span></div>
sa2_175700,polygon,Road density area,hamilton_place_polygon,Pukete West,Hamilton City,9.831571131186525,,,8.255759339970178,,@EABueyfmIvvy~fA}PfhBz\kNj|AtUn}@gOjq@abA`r@coAz_CshEzo@}@rp@wZzMwj@|\kNxF{@}r@c}@xBwCnuAueBpuBamCwgB_wAsj@wc@}aBgrA_w@si@{mB|q@{[rfAUr@cMjd@cIbT|a@lOrUhOoCbH[v@cNt]qGvIsnAr}@qc@jh@wWfb@aFb\cJ|h@u[boBuApIuHne@ag@~~CgD`TeTbtA,,,9.831571131186525,#2f3437cc,50.0,737,,,,,,,,,,<div><strong>Pukete West</strong><br><span>Type: SA2</span><br><span>Territorial authority: Hamilton City</span><br><span>Road length: 8.3 km</span><br><span>Road density: 9.83 km/km2</span><br><span>Area: 0.8 km2</span></div>
sa2_179001,polygon,Road density area,hamilton_place_polygon,Kirikiriroa,Hamilton City,9.822441914508525,,,5.4586463705022625,,@EABk_aimIl|dagAdiCzlApdBklBldBinBbQ{]~DgFtEeGoEcGkDoEk]as@qfAm|BsByFoKmL{XePkq@}QkJgDgYaHmw@_Q_[yIea@uJ}@f@mPbJeaApo@_g@r^KFci@pc@_KpJsQpSwY|_@aDbEkGdIoJ~NeNvXuIfZyE`[c@zWlyApt@pi@~WzfArh@bXxLrk@vY,,,9.822441914508525,#2f3437cc,50.0,737,,,,,,,,,,<div><strong>Kirikiriroa</strong><br><span>Type: SA2</span><br><span>Territorial authority: Hamilton City</span><br><span>Road length: 5.5 km</span><br><span>Road density: 9.82 km/km2</span><br><span>Area: 0.6 km2</span></div>
sa2_178100,polygon,Road density area,hamilton_place_polygon,Dinsdale South,Hamilton City,9.694348616920369,,,15.133266158844346,,@EABo~ufmIzqtagAgTfKgn@|b@uIdHeBlAoN`GyI|AmM`A{P]wJcB_\_Ju\sJsXeGoDjEoWjLmRhDc~Fj|@o\pLG~XIlMpXl`AZlHqCvQqPhz@qTveA_ClOzO~UhI`JjRrN~~@fv@hUvQdNrSzd@lk@xnA~fArRhP|@v@`zAtoAdp@fm@nD{Drc@oaAh]ev@`jDncBhq@ar@mAir@hx@eNrPuC_Hyp@eA}Pj}AyNfCZtt@|w@lUnJnWkWbh@dTvHpHtDkBgH{|@ed@w}ByPw_Ao^kqBjm@}@l`Dy@hGYnFw@trAu]a@aLUgJ_oAj\cZrDu^JiB_RyNuzAjBy@oMkRwH}Kkc@y_@aWxGxGbN{e@fMyC{OsZmYum@wGiBFmDil@yBaJaBuX}f@dB`@lCq]wAggBsJgc@iCkQQ}Pb@qQpBoGfA_Q|E,,,9.694348616920369,#2f3437cc,50.0,727,,,,,,,,,,<div><strong>Dinsdale South</strong><br><span>Type: SA2</span><br><span>Territorial authority: Hamilton City</span><br><span>Road length: 15.1 km</span><br><span>Road density: 9.69 km/km2</span><br><span>Area: 1.6 km2</span></div>
sa2_176201,polygon,Road density area,hamilton_place_polygon,Rototuna South West,Hamilton City,9.639196940838177,,,10.542509991372537,,@EAB{tuhmIplk~fAo\jLq@{@uAY}K{@k]aG{XoCkc@cGeKw@ePpnA_Lh}@mB|VvDt[}KTqC|A{FpHaNVgE~B{J~@{FvA_BdBQpAn@xE_@nJsJxZ{CdE}AnIKpGiB|EaAtFkB~CqDjBAxHlClDvErCoBtEg@xCcBpXpp@{CxOs@dwAoAbv@eCv}@{Ff_AcLhsCeg@huAwh@|qAgk@be@c_@zOwLxJkGjh@_\dYeUbZmMpp@{b@{@uOcAsRN{NjFq]pd@eaBvj@chBb_@inAhf@oeBuhBe[}h@aHoQcB{i@qEa~AoJe}@qH_z@uKik@cHw@nAgFfNwAlIuE~g@kDjIoR~]i^lq@uBbDvqAzaAqV|N{Y|u@eGrH}j@~_@iPnPuN~LwXdIc^bT}LnScHvScKzLgIhPyK~N{NhHoIbE,,,9.639196940838177,#2f3437cc,50.0,723,,,,,,,,,,<div><strong>Rototuna South West</strong><br><span>Type: SA2</span><br><span>Territorial authority: Hamilton City</span><br><span>Road length: 10.5 km</span><br><span>Road density: 9.64 km/km2</span><br><span>Area: 1.1 km2</span></div>
sa2_180601,polygon,Road density area,hamilton_place_polygon,Hillcrest West (Hamilton City),Hamilton City,9.601572106519098,,,8.545703544637774,,@EAB{ghkmIncnagAenC|f@iz@mJq[x`@a{@pInBxElXfq@hf@hjB`AtDdJ|]lBtIpn@vd@pHvHzCbIrJpj@fKbl@ja@hvBaIhDef@tg@c\h]eB`A{JrGeEvAciCjbAoP~FcVfEzbBvn@pu@pWbSrHzkB|r@pG~@lIfClLrAbNz@~L@~Lu@rMeBrLyCrJoDlv@_Ydj@ytBpr@ulCvO}l@n[umAha@g}AzIc]h}@qjD|]{rAqh@pAoQFetAm^w`@sL}FeJ}]un@aH^g}A~Xgn@~K,,,9.601572106519098,#2f3437cc,50.0,720,,,,,,,,,,<div><strong>Hillcrest West (Hamilton City)</strong><br><span>Type: SA2</span><br><span>Territorial authority: Hamilton City</span><br><span>Road length: 8.5 km</span><br><span>Road density: 9.60 km/km2</span><br><span>Area: 0.9 km2</span></div>
sa2_175801,polygon,Road density area,hamilton_place_polygon,Flagstaff East,Hamilton City,9.49727712370615,,,17.2895841585831,,@EABi|ygmIjnu}fAsKnU}|@vpBwWfo@_DxHkItUwFfP}Vpk@if@neBc_@hnAwj@bhBqd@daBkFp]OzNbArRz@tOrR~Gt_Db\haA|TpDx@jeAnr@jY|MhZdUzUlW|fArl@hJ{GvR_J|R_N~b@{VpSgLpn@k[zSgIt~@gV|[eDjPyE|n@sTdPmGvMuFpJ_GdGiH~EyJnOkj@xD{JlMsWjMkRfPaQtOeMtQmKhQiHjUoG|U{DzZ}CyM}Uio@cjAuHwDkIoReZo{@kOoXo@kL|AgP@cUeC{LgDsGwI{LsB}E}AgMj@eOx@aHq]yH_TaGyOsG_JgHaE}GmF{[_CkDd@yEyJsdAkFMjQit@eEqHmQlCuSx@qPa@sJ}AtHeQuEgKyOaUrWgH}PcPiJ_Ecd@yEo]uUgRuQ_LgNkh@gg@mRs_@eIcPeImJgNiK{KyFmc@eBqIzOqeAtaBqRnY{IvOsf@f|@{Sj_@,,,9.49727712370615,#2f3437cc,50.0,712,,,,,,,,,,<div><strong>Flagstaff East</strong><br><span>Type: SA2</span><br><span>Territorial authority: Hamilton City</span><br><span>Road length: 17.3 km</span><br><span>Road density: 9.50 km/km2</span><br><span>Area: 1.8 km2</span></div>
sa2_176900,polygon,Road density area,hamilton_place_polygon,Huntington,Hamilton City,9.427866735344482,,,11.91133455518344,,@EABkzeimIdlj~fAgv@|Ow]sBwC~@kO`[at@``@cUkDoOiMyLeE_EhH{Ll@yF~D~A~EvC|CpNlAsExBkP`B[`E`FrDP`Dg]lBkFdHoQo@mOJ{@sE{IyB_JpT_BdIkCjC{JmCuDMyCzDeE|@}BbMcG}JsF_AiRpBmFpFqLuBnKiVlEsHuHoE}N~TeOpI_ArIyLxBiMiDkQdPqbCi^{a@pgA}_BhhEeZhw@sNn_@yz@pzBmW~q@rGnA~FlJjb@~jA~QsKnMeC|G}B`b@{QbjGm_D|UcIjWwFpOvBsPzh@lm@xDt_@v@rPEjZaAdXeBdGcAxCaBf@}@DMrDmHpCqLjBwNhC{ClLmCtGJ`a@|Dxm@nLtUfDfFdBnOfDfJtAbFNpFdAdAkHnEkCzGqATeA~CoCbAgBe@sDl@aCfGgCnJgAjAiAtBNhCUhWzGzM`@bTsIxBWd@IxGyCtGoH`H_G`AcBxF@~Em@lFArCmAfBj@pBfC`Bd@vLVpMfAxVpH|CH~EqAlNiGGeA}AmBd@_AbC{AtZcItDgBhDeEnCcLk@wAgGqFxAwJxQwe@|AgPbBqXf@yCnBuEwEsCmCmD@yHpDkBjB_D`AuFhB}EJqG|AoIzCeErJyZ^oJo@yEPqA~AeBzFwAzJ_AfE_C`NWzFqHpC}A|KUaMiDgKeGqVsCkBuGmDmFaDoJuCkFEgBpDcQa@y@sKyC_CwAgAuB}@wHkR_SMmCdCaGuEmIA{@lEgEPmDeAeFwCkHiCkEiGkHqKeHuH_D}BHgFfAuASyByAiMf@gBk@cBeD{Bc@sB@{GrD_BLkOaGkNu@}DkAiGIcBPsAtAwAf@eHsAuK`EkENaBYa^aZwPm@AtMqBzE,,,9.427866735344482,#2f3437cc,50.0,707,,,,,,,,,,<div><strong>Huntington</strong><br><span>Type: SA2</span><br><span>Territorial authority: Hamilton City</span><br><span>Road length: 11.9 km</span><br><span>Road density: 9.43 km/km2</span><br><span>Area: 1.3 km2</span></div>
sa2_179600,polygon,Road density area,hamilton_place_polygon,Peachgrove,Hamilton City,9.370079647874503,,,13.452743849677695,,@EAB{`ljmItnl`gAiOlS{ZaMkb@fp@oWxw@xo@fLsfAng@o]iGe^cCEhAya@Bd@o`AeGoC_{@heCzc@`IaArD{m@`kBuBKuJvy@i]ndDqReA_gFoWapCcPoRgAkZ~FgoE`|@zm@lJu@Tc@fCfmA~QlsApRny@lLpVpD~cBrVtdAt\j}@pZlgA|]IdF}Lde@wNdj@cCjJftBxZpCrDrIdEvI|LxHkAzDQbDZ|~Bh\~nDnf@bJqtA~Fa~@xImpArFyZsIsnB?EsFst@cBsTyBqi@`xBnY`rAvQz`@hF|`AtMv}AjT|EzAjX{dA{o@sRpJqRlQy]wSwwAwSqsA}DoWeIai@{nAhA_P{jAcFVw{@hFRaCpCiCmn@_WehA{c@bMsPgKcEvVu\`CkDkTyIoUf\_aBmp@qAdB,,,9.370079647874503,#2f3437cc,50.0,703,,,,,,,,,,<div><strong>Peachgrove</strong><br><span>Type: SA2</span><br><span>Territorial authority: Hamilton City</span><br><span>Road length: 13.5 km</span><br><span>Road density: 9.37 km/km2</span><br><span>Area: 1.4 km2</span></div>
sa2_179801,polygon,Road density area,hamilton_place_polygon,Hamilton West,Hamilton City,9.366426600036942,,,3.7415017172673686,,@EABqxximI~cwagAmHbDe]mRifAwh@MbAw@pUh@jRzC~ThEdObIbT|S~a@xXxu@xKjSlYh^hVlUb[vY`AjCjJjGvU`UhN|WpL`OdOtWtGnUlExZ`b@wClm@eCrvA{GlG_@~GtCzr@uBpEG~Gp@xHqIdn@sC^bHn[{Ao@_HpVgAtE]uHe_AKsAlAoMhG{o@bKkeAgu@wT}m@oPwOhZsi@oOyAVwgAa[P]eIaCmLqC`HsJhAyEf@qPyHqRcV{PqTqM{u@vw@grBidArXe`@mTcKgk@xl@cMvM,,,9.366426600036942,#2f3437cc,50.0,702,,,,,,,,,,<div><strong>Hamilton West</strong><br><span>Type: SA2</span><br><span>Territorial authority: Hamilton City</span><br><span>Road length: 3.7 km</span><br><span>Road density: 9.37 km/km2</span><br><span>Area: 0.4 km2</span></div>
sa2_180400,polygon,Road density area,hamilton_place_polygon,Deanwell,Hamilton City,9.245515922913274,,,6.196390167019658,,@EABud|hmI`igcgAmFf@uScIoU}JgEm@sf@gGmuAgQ_w@oJc|AeRyTlB_zBpSxNbdAhOQlTtRfDxAdUpEfJj@rEx@vb@zKrGj@d`@lvAd]tJzd@hCa@lCyEt[OhAuYzqB??gDr]pcBvKdmD~T`GyW|BqDp@uDfxC|RvLm]|Uqq@ybAus@hbAsjBfCyCjByCt[`N~dDnvApg@mqBt_@k~AjIqb@pVs{AuzBt]u@Le`@fG_cJjsA,,,9.245515922913274,#2f3437cc,50.0,693,,,,,,,,,,<div><strong>Deanwell</strong><br><span>Type: SA2</span><br><span>Territorial authority: Hamilton City</span><br><span>Road length: 6.2 km</span><br><span>Road density: 9.25 km/km2</span><br><span>Area: 0.7 km2</span></div>
sa2_176000,polygon,Road density area,hamilton_place_polygon,Pukete East,Hamilton City,9.12085562379188,,,9.953993704939657,,@EABag|fmIjm|~fAlnArQ|PghBdTctAfDaT`g@__DtHoe@tAqIt[coBbJ}h@`Fc\vWgb@pc@kh@rnAs}@pGwIbNu]Zw@nCcHsUiO}a@mO}K|TqGvJeJ`LePnOcMdJeLrGwM|Faj@lQyO|DuRdDo]`Bct@`AmaAO}m@|@aoAxDioAjJ{Z|C}UzDkUnGiQhHuQlKuOdMgP`QkMjRmMrWyDzJoOjj@_FxJeGhHqJ~FwMtFePlG}n@rTkPxE}[dDu~@fV{SfIqn@j[qSfL_c@zV}R~MwR~IiJzGng@pWbr@~^jgAz`@xsEdcAxhExaA|IvAv`AlTp{@`Oh`A`M,,,9.12085562379188,#2f3437cc,50.0,684,,,,,,,,,,<div><strong>Pukete East</strong><br><span>Type: SA2</span><br><span>Territorial authority: Hamilton City</span><br><span>Road length: 10.0 km</span><br><span>Road density: 9.12 km/km2</span><br><span>Area: 1.1 km2</span></div>
sa2_179100,polygon,Road density area,hamilton_place_polygon,Enderley South,Hamilton City,9.081531736205617,,,6.954224974491391,,@EAByfqjmI|wj`gAyUls@aF~Mwa@nhAdGnCe@n`Axa@CDiAd^bCn]hGrfAog@yo@gLnWyw@jb@gp@zZ`MhOmSpAeB~`Blp@nUg\jTxIaCjDwVt\fKbEcMrPdhAzc@ln@~VqChCS`Cv{@iFbFW~OzjAznAiAqHkg@~E{A~eCmyAxDcCmcDqd@eR}E|i@uf@jZgW|@u@~JyYpNw_@bJyUt`@_cAr@aBzAyD~i@}wApB{FgjAiUwpA{UibB}ZiaCcd@wa@}G}yBw`@}DmAig@kJmAlDud@jsAsz@jeCpn@jLoHrSiY`{@aFfOqXb{@,,,9.081531736205617,#2f3437cc,50.0,681,,,,,,,,,,<div><strong>Enderley South</strong><br><span>Type: SA2</span><br><span>Territorial authority: Hamilton City</span><br><span>Road length: 7.0 km</span><br><span>Road density: 9.08 km/km2</span><br><span>Area: 0.8 km2</span></div>
sa2_176800,polygon,Road density area,hamilton_place_polygon,Crawshaw,Hamilton City,8.966662262587832,,,7.74704672061597,,@EABwmqfmIjaa`gAcRzCeIgB}f@b|@cAfBcX|e@kN~XuYjl@gQ`a@kAn@oDdEah@ldAoCrHkuApaAmfAhw@btBvdApqCjwAb\dPvd@hUzaBxy@tMfFjJlCfWtExZhCrk@fDri@rDfWl@bYMrU_@tVsAtn@oHqUgkAgCaX@mRjAwYnEq]bGaV~FaPvH_PrIuNhKkNpm@sj@pFmGdFyAkYmK_GiHa_A}_AbEw@z[aQqcAsdAoAn@qb@ma@ytAesAaFaYqm@~F{VsvAeUvByjBlQ,,,8.966662262587832,#2f3437cc,50.0,672,,,,,,,,,,<div><strong>Crawshaw</strong><br><span>Type: SA2</span><br><span>Territorial authority: Hamilton City</span><br><span>Road length: 7.7 km</span><br><span>Road density: 8.97 km/km2</span><br><span>Area: 0.9 km2</span></div>
sa2_177200,polygon,Road density area,hamilton_place_polygon,Nawton East,Hamilton City,8.934781524909189,,,11.780592891452212,,@EAB{qegmI~ov`gAo]vm@}Wzd@uKrQwwAp~A_M|KvIhGjdAraAbx@nt@xeAxaAdVzTb}@py@ls@zXn_A|^xAgDnk@_t@tJ}Lhz@nSjCUfKaGpx@scAt\tN|RyVfLyNnQf@\gE`B{G~FqKbf@km@xHmHd]i_@tj@}l@vUtLhfFjhCrc@tTbtAsxAh_@ie@~FoMrC}KzAcMNyN_BwRaCmLgE{KoGaKgQyQeHkEuPsIug@gQmLwFyJcIiG{IwEuMcAeK]_ZcYLgWm@si@sDsk@gDyZiCgWuEkJmCuMgF{aByy@wd@iUc\ePqqCkwActBwdAuDlC_g@b^mBxAawCdvB{KrKYh@e|@b~A,,,8.934781524909189,#2f3437cc,50.0,670,,,,,,,,,,<div><strong>Nawton East</strong><br><span>Type: SA2</span><br><span>Territorial authority: Hamilton City</span><br><span>Road length: 11.8 km</span><br><span>Road density: 8.93 km/km2</span><br><span>Area: 1.3 km2</span></div>
sa2_181000,polygon,Road density area,hamilton_place_polygon,Resthill,Hamilton City,8.735803444436614,,,9.796033227348211,,@EAB}f{imIbxpcgAahBpj@qO`F{q@xUks@nVoHvBwm@l_@qu@te@wSnO_HlIkHxFqBz@aGpJ_BbEoAbLgLvc@nGf@j|@bH`c@zJro@~Np`@jg@jf@vpB|PuDxLhZrRgEtAfDrAfDsH`BpNvYbn@aNln@we@~V`i@tn@dL`_@sLp~GmyBd`Bih@gs@{kAsv@wpAvdAk_@jrDgrAzn@cUlV~AdBqNNwAhd@nCfDs]??tY{qBNiAxEu[`@mC{d@iCe]uJe`@mvAsGk@wb@{KsEy@gJk@eUqEgDyAmTuRiOPoJzk@cXbZkDnBaZdP}sCz}@o~Adg@uk@xQobBfi@ojAp_@,,,8.735803444436614,#2f3437cc,50.0,655,,,,,,,,,,<div><strong>Resthill</strong><br><span>Type: SA2</span><br><span>Territorial authority: Hamilton City</span><br><span>Road length: 9.8 km</span><br><span>Road density: 8.74 km/km2</span><br><span>Area: 1.1 km2</span></div>
sa2_179300,polygon,Road density area,hamilton_place_polygon,Claudelands,Hamilton City,8.672081984521126,,,11.993959498157096,,@EABmi}imI|a}`gAkXzdA}E{Aw}AkT}`AuM{`@iFarAwQaxBoYxBpi@bBrTrFrt@?DrIrnBlhCb^daA|Mj{AxSwOvl@|[hAte@mH`a@iR~CZri@zH_BdDr`@tFzJgBv@wCzm@dBlXtDOrBnOrBr`@{hAtUo_@oAaC~E}Ha@MvFo@dLyQtAqCrqBpp@|y@en@~GyF~~@dc@pp@h\lMySpWkh@bl@y`AbIiOhA{D@Kb@{WxEa[tIgZdNwXnJ_OjGeI`DcEvY}_@rQqS~JqJbi@qc@JG~f@s^daAqo@lPcJ|@g@uoAgZwImCo[yEg_@aEylBaXej@}HuLcBogDie@gnHcdAg~@sMyDbC_fClyA_FzApHjg@dI`i@|DnWvSpsAvSvwAmQx]qJpRzo@rR,,,8.672081984521126,#2f3437cc,50.0,650,,,,,,,,,,<div><strong>Claudelands</strong><br><span>Type: SA2</span><br><span>Territorial authority: Hamilton City</span><br><span>Road length: 12.0 km</span><br><span>Road density: 8.67 km/km2</span><br><span>Area: 1.4 km2</span></div>
sa2_177901,polygon,Road density area,hamilton_place_polygon,Dinsdale North,Hamilton City,8.646650664281909,,,11.119843853001825,,@EAB_ilgmIlw~`gAykBf_ByIcHgDvC_FpBk]eBhk@niBh_@ttA`[|gAxIl[d]bnAtLzb@jXhaAfnAjlE~E~VnCvFb]d_@n\qLb~Fk|@lRiDnWkLnDkErXdGt\rJ~[~IvJbBzP\lMaAxI}AnNaGdBmAtIeHfn@}b@fTgK~P}EnGgApQqB|Pc@jQPfc@hCfgBrJp]vAa@mC|f@eBk@gKxCMy^mcC{E^aSyqAgHaf@gByBya@|H_CkOwOgB_xD_t@{^iH_qC{h@{M}Dcq@wWo_A}^ms@{Xc}@qy@eV{TyeAyaAcx@ot@kdAsaAEDuBpDiN|Dq]~YgDtC,,,8.646650664281909,#2f3437cc,50.0,648,,,,,,,,,,<div><strong>Dinsdale North</strong><br><span>Type: SA2</span><br><span>Territorial authority: Hamilton City</span><br><span>Road length: 11.1 km</span><br><span>Road density: 8.65 km/km2</span><br><span>Area: 1.3 km2</span></div>
sa2_175501,polygon,Road density area,hamilton_place_polygon,Flagstaff South,Hamilton City,8.600823005787593,,,13.308764896934182,,@EAB}kdfmItyh}fAI\_Gw@kV|DgLzZmOra@}KzRwNzf@o_@lh@{o@~Wy`@|ReSrMmGnQsKhPeZfW{SpEsFjBwXb@eQdCmn@sa@iZvWo{@sKmJe@iI`@}KfFaPxF}J~@yHy@q\uI{IwDqGo@iBZkBdBqArN}BtF_JzH{JxKeAnCkEjEyBdFaBe@}AqCY{QFgKtf@gp@qEa@sEq@aJuCgMoKcKkKuCeEuJ_HmCnAcShF}Kx@gIIiSoAojAtHoVbCeIbAeHdC_FbD}[t[wF~EmDlCkUxB}ONkD~QcBlEiJxIyObIcDVmT`@yHW_Vm@eHFaVhCwJrBsUvHmOfI}n@ro@gCvAsN~DdEpHkQht@jFLxJrdAe@xE~BjDlFz[`E|G~IfHxOrG~S`Gp]xHy@`Hk@dO|AfMrB|EvIzLfDrGdCzLAbU}AfPn@jLjOnXdZn{@jInRtHvDho@bjAxM|UhoAkJ`oAyD|m@}@laANbt@aAn]aBtReDxO}D`j@mQvM}FdLsGbMeJdPoOdJaLpGwJ|K}TbIcTbMkd@Ts@z[sfAzKa_@~KwXnOiYbSgYhT{V~YiYlmAgbA|NuNzIyM|MkZrKiR`]eh@h_@kc@jtAmwArb@un@~P_MfZ}h@tLuOcSqQkAgBg@mCcEmEgF}JyBeI~BcFUuEp@kGjC{DNqAgIcGy@qCqAyAmJuF^iNmAeAgAMkANoDtDkIx@oBIqCyBg@aKuE}G_PlW,,,8.600823005787593,#2f3437cc,50.0,645,,,,,,,,,,<div><strong>Flagstaff South</strong><br><span>Type: SA2</span><br><span>Territorial authority: Hamilton City</span><br><span>Road length: 13.3 km</span><br><span>Road density: 8.60 km/km2</span><br><span>Area: 1.5 km2</span></div>
sa2_178201,polygon,Road density area,hamilton_place_polygon,Fairfield North (Hamilton City),Hamilton City,8.58942204950192,,,6.343816690695873,,@EABofsimIhyd`gAtLrFfZtXbQ|TvK`KtOlItEzAxFj@`]nD~[zE~]|GddArXjHkOzvE`q@vJgLl~AbUh@kAfi@}jA|Bd@bLmVnBaEmCa@`[cq@`Dd@tfA}fCfA{Cac@qGy\}E_sBuYihAuOu|@iMeaC_]cFq@ujCo_@_aByUsb@iGea@yFuy@m_@_w@a\wGlDyf@zZ{MrRyKzq@}Jdn@W`BiPhaAgFpZvi@zEfFlA|H~CtHxF`E~FbN`b@xB~DnDpD~HrFdKvDte@hHj\vEf\tExGxA,,,8.58942204950192,#2f3437cc,50.0,644,,,,,,,,,,<div><strong>Fairfield North (Hamilton City)</strong><br><span>Type: SA2</span><br><span>Territorial authority: Hamilton City</span><br><span>Road length: 6.3 km</span><br><span>Road density: 8.59 km/km2</span><br><span>Area: 0.7 km2</span></div>
sa2_180800,polygon,Road density area,hamilton_place_polygon,Silverdale (Hamilton City),Hamilton City,8.573499135513005,,,6.877848165994661,,@EABokolmI|rfagA@fAuCnEa@pCiDbCrDjE@|GcCPaA`AFrCaBhA{AnCuD~@oExE{IDkCbE{JxBSjCg@n@qLxA}FzAiCKwBdHsFrAQ|AgD~H^tCv@l@G~AfBdCtB@f@zC`Ev@\xAa@fAt@bAbFxA|AtBdBPrHy@vHbCv@z@jA`IQtDcB|Ff@xCfS`TbCv@xKlAzB~@`DtEjC`ArGhFlArLMb@_EtAMlDeBfC?~@bBvBvJzFfDxF]jCp@|A~LfIdSi@~L}AhFtDz@pB^fFfE~Ed@`AAzAeBpBeEjC_FhL}AnCeE`E{@hCEZqAvCoElCsM~B_FrC{Ej@{DdCu@~ALxEbEzDhFfHvBv@nEvHVtAfERpEhDrJbDxE`CnGrE|HvLdFb@`D|@lGfDHfD}AxO?jF^lJlBvOHfIaBjA_I?{BzAwCC_FoA_DiB{CkC{AcDiHVgF]{Bx@_EfFmElJWjU\x@pBhAXxCu@xCcGbFsAfCEbRrAxB`CdTpClB~GtChGpFnGfNrOvLyHxUmElPf[zSzcBvfAlj@~YbeAusC`CqG|t@iqBdJqV_GkBpO{WjB{C`gDzt@bEz@bA{DhFyStx@xKdCZbU{}@VaA`Sex@~RcO|G_@a[_UpdAyc@{}@sn@mS|NyrBsvA_^t]qFw@atD}jBeqFooCsHjGcy@wb@O^}B`E_Dh@qFhEqGbAd@rD{@xCfBvE,,,8.573499135513005,#2f3437cc,50.0,643,,,,,,,,,,<div><strong>Silverdale (Hamilton City)</strong><br><span>Type: SA2</span><br><span>Territorial authority: Hamilton City</span><br><span>Road length: 6.9 km</span><br><span>Road density: 8.57 km/km2</span><br><span>Area: 0.8 km2</span></div>
sa2_181101,polygon,Road density area,hamilton_place_polygon,Fitzroy (Hamilton City),Hamilton City,8.392652432325566,,,12.500407378529468,,@EABqiqjmIjirbgAaEZcBa@[f@_B?}BAa@m@}Bh@yKy@i^{@kWaBe`@kFk[aH{F|OogAhgCkFdAaHv@iJzYxJtF_AxC`jFnxCy_@td@va@n[}o@dc@c`@jp@au@de@}_BlcA_fCf~AcTkPwErEsEtHsExMiCjDgFrD_M|EsMvD_NlIiFlIkFpLb~BfgBlMeJbDvD|}@lz@zNjPdAph@jXBlHvNzu@sPhiC{o@rN`X_TplAgVnuAzwA{@jeDh^hmAfBfx@_Kv^cGvL`Xpu@ue@u[qNpHkNuTo@cIcf@bScJhGeFtBqDdHc[wMoAlI_`@kOk@qEiIv@mDtBiEtFwFoB{CyA_AqFBgKcEwIeAkDiAsAcBYiCbAoDnBk@jJs@tCgBf@kFc@}@VoBvCwC`@gChCyDrEgCjHyBDkAxB}CwBwDC{@r@{AjBi@fIFvC_Ai@cEoB_FAyAvEcD~BaEbFsD|FaLlMwG~E{DX_Ae@uHyAkCIcI_@sAaXcUaWgQ`@eFgBmIr@uIOqAeEeHiC{AcDwDyEsBeA{Ak@wEVeBdCuBpHcLeAmHaDoJnD{E_@i@yKeEeKiNa@sDr@q@hCKZaAcAmKP}JmAaE~C{Kv@wJ~G_IjNwHdBqIlD}ExFgEjBsG_A}IPyAv@q@nDkA~I}RJWn@yCUaJrDuJmPaHaFiAaGAqRbAuGi@wGgCoMkK{G_B{GDoEn@yDfBcEdFiI|AyILuOgBkJ}A_GqBySqN{C}DuGiSiB{ByDmBgEg@{ItBqCFcl@sHuf@{AqD{@aFmFaG_LeVi\aA}E_McL}@_B@}BtDeBtTqCzDoBxBoFyAmHMqDfBwCvB{HvDwI~GiKlDyDnF}DfZuPlPsLzJ{JdCiFz@qFZwLgAsUAMiD_MgUwk@EBiD~BaBDcJrCoJtAwXzB}gApBs_@F,,,8.392652432325566,#2f3437cc,50.0,629,,,,,,,,,,<div><strong>Fitzroy (Hamilton City)</strong><br><span>Type: SA2</span><br><span>Territorial authority: Hamilton City</span><br><span>Road length: 12.5 km</span><br><span>Road density: 8.39 km/km2</span><br><span>Area: 1.5 km2</span></div>
sa2_180200,polygon,Road density area,hamilton_place_polygon,Hamilton East,Hamilton City,8.18758081228907,,,18.18643569141986,,@EABcobkmI`y_bgAqr@tlCej@xtByq@nkCfXaBfM?`NZxSdBrUdEhZzIpTrKbr@p`@j_@bRn`@bPbh@fO~\zGpYlCdfAtArY`BhQbDdg@bQdX|Ij[`Hd`@jFjW`Bh^z@xKx@|Bi@`@l@|B@~A?Zg@bB`@`E[r_@G|gAqBvX{BnJuAbJsC`BEhD_CDCfLcI`OoObQ{VzMwUbLaLtI}EhPaG~X}GvUiDZCjLoAjKMpw@lAhb@BdgAoF`Hu@bQqD|m@yUdf@aUvM_JjV_T|W_KjqAu_@t^}NRKvSyLnQeN`KiJlYo]FKlLaOrJcOvMoXtEmRhA_CbAwNSo@`AmB`@oGLaJmEyZuGoUeOuWqLaOiN}WwUaUkJkGaAkCc[wYiVmUmYi^aiBaSuXpdAmf@~iBs[wDsIcAow@ob@yd@}U_MiJaD}AkH_DwjA{Pc}@sMuQkCurAgRupA{QmhD{e@_gGmy@s{Ba[{Ib]ia@f}Ao[tmAwO|l@,,,8.18758081228907,#2f3437cc,50.0,614,,,,,,,,,,<div><strong>Hamilton East</strong><br><span>Type: SA2</span><br><span>Territorial authority: Hamilton City</span><br><span>Road length: 18.2 km</span><br><span>Road density: 8.19 km/km2</span><br><span>Area: 2.2 km2</span></div>
sa2_180100,polygon,Road density area,hamilton_place_polygon,Melville North,Hamilton City,8.164591333502246,,,5.619973322378962,,@EAB}csimI~~sbgAqBpRHzMfAxGbF~NxElHnGnGtHlFfJnE~L|DpDjAmMxGc|@hf@vb@rc@cFrChUvTmAfFrQdQrDu@`LqGDCjBuB}Ga_@bEwBhEI~O]lB|B_@tCbBrFnJMvDbEbDaBfDO`It@LdLx@dClDu@vBcHrAThFlJ~ASz@^~@GjBgArG?|@fTbXMm@k^po@_d@`PfEsObYt`AvWvP|Fvy@rb@bf@vPnmAnl@|U{SNOld@wa@dHqD~AtB~EtGjNrEh~@dAzcCtUnf@zEnNop@vDuOw`@aEx@eD|GyWhPio@ypAyu@zBuCnV}]}HyChG}IvTm[xOGhHeKdBo]pOmOrOuByIa[cNtBuRxCcmBzPyTMqKaEc|Bi{@sIxP}Qp^bbBvn@bOfEmI^q]zAep@~AcVSuN[knAaRg~@{[aJ_BvFsUslEmn@gZoo@zEgWgeB}Qe`@cEwIv@mAzOvDv@z@jDcBxB@dCqAlAvErz@gBF_C~[d@xDoJr}@c@jE,,,8.164591333502246,#2f3437cc,50.0,612,,,,,,,,,,<div><strong>Melville North</strong><br><span>Type: SA2</span><br><span>Territorial authority: Hamilton City</span><br><span>Road length: 5.6 km</span><br><span>Road density: 8.16 km/km2</span><br><span>Area: 0.7 km2</span></div>
sa2_177500,polygon,Road density area,hamilton_place_polygon,Chedworth,Hamilton City,8.047274632780622,,,7.053891449958191,,@EABix`imIvvz~fA_FpA}CIyVqHqMgAwLWaBe@qBgCgBk@sClAmF@_Fl@yFAaAbBaH~FuGnHyGxCe@HyBVcTrI{Ma@iW{GiCTuBOkAhAoJfAgGfCm@`Cd@rDcAfB_DnCUdA{GpAoEjCeAjHqFeAcFOgJuAoOgDgFeBuUgDym@oLaa@}DuGKmLlCiCzCkBvNqCpLsDlHELg@|@yC`BeGbAeXdBkZ`AsPDu_@w@mm@yDrP{h@qOwBkWvF}UbIcjGl_Dab@zQ}G|BoMdC_RrKvgAl{Cva@rr@vb@`Rdc@pFrIW`\sAxAEfa@`L|~Ahe@xdAzZfk@bP`wApb@vPfE`B{Hnk@cfA|Zck@rp@gmAnPc[tBaEpj@acAvp@_lA~_Amz@|^aYfNqKxFwEhtBqbBdKgIzUeRxS{PpMgi@`TsiAyOr@qp@zC}AfPyQve@yAvJfGpFj@vAoCbLiDdEuDfBuZbIcCzAe@~@|AlBFdAmNhG,,,8.047274632780622,#2f3437cc,50.0,604,,,,,,,,,,<div><strong>Chedworth</strong><br><span>Type: SA2</span><br><span>Territorial authority: Hamilton City</span><br><span>Road length: 7.1 km</span><br><span>Road density: 8.05 km/km2</span><br><span>Area: 0.9 km2</span></div>
sa2_180700,polygon,Road density area,hamilton_place_polygon,Hillcrest East (Hamilton City),Hamilton City,7.9971655144702245,,,8.134460931994305,,@EABawzkmIhjuagAcUz}@eC[ux@yKiFxScAzDcE{@agD{t@kBzCqOzW~FjBeJpV}t@hqBaCpGceAtsCbk@bUnZpJpj@jOji@pKxa@bId~At\v}Ab\na@lI`d@nHbd@uAliCoCdO}@B?bVgEnP_GbiCkbAdEwAzJsGdBaAb\i]df@ug@`IiDka@ivBgKcl@sJqj@{CcIqHwHqn@wd@mBuIeJ}]aAuDif@ijBmXgq@oByEuq@abBoEbAiVnFaSlEik@fMsCn@mRfEjMbv@gu@r[qdAxc@`[~T}G^_SbOaSdx@W`A,,,7.9971655144702245,#2f3437cc,50.0,600,,,,,,,,,,<div><strong>Hillcrest East (Hamilton City)</strong><br><span>Type: SA2</span><br><span>Territorial authority: Hamilton City</span><br><span>Road length: 8.1 km</span><br><span>Road density: 8.00 km/km2</span><br><span>Area: 1.0 km2</span></div>
sa2_179201,polygon,Road density area,hamilton_place_polygon,Greenhill Park,Hamilton City,7.754654659859835,,,15.850138489281779,,@EAB{|zjmIf~w~fAorMd|VqDmAafBz`C{n@vh@}p@~Ywq@rd@cg@hZ`oRbsDpKe[cjCmg@c[aGrlB_nFX{@|x@lX|a@axA`AgDzNkg@zAiFxAgFtE_PjkB``@pwBvc@nh@tK~eBl^f[pG`fAtTds@cuBnMc`@`AmC~f@myAtB_GnAiJfDkL|c@dHx]bERm@fgA_tDhr@q_CpKm^tRmp@fBaGrr@pNlW_r@kD`AwoGccAqyBs]o`JowAk{@cNaInB_IlB,,,7.754654659859835,#2f3437cc,50.0,582,,,,,,,,,,<div><strong>Greenhill Park</strong><br><span>Type: SA2</span><br><span>Territorial authority: Hamilton City</span><br><span>Road length: 15.9 km</span><br><span>Road density: 7.75 km/km2</span><br><span>Area: 2.0 km2</span></div>
sa2_180500,polygon,Road density area,hamilton_place_polygon,Bader,Hamilton City,7.742083273974454,,,8.485363527109026,,@EABkxcjmI~anbgAib@Cqw@mAkKLkLnA[BwUhD_Y|GiP`GuI|EcL`L{MvUcQzVaOnOgLbIfUvk@hD~L@LfArU[vL{@pFeChF{JzJmPrLgZtPoF|DmDxD_HhKwDvIwBzHgBvCLpDxAlHyBnF{DnBuTpCuDdBA|B|@~A~LbL`A|EdVh\`G~K`FlFpDz@tf@zAbl@rHpCGzIuBfEf@xDlBhBzBtGhSzC|DxSpN~FpBjJ|AtOfBxIMhI}AbEeFxDgBnEo@zGEzG~AnMjKvGfCtGh@pRcA`G@`FhAlP`HrIqNzJgKfEuC?uDm@yBRmA~EqC~QuEfDLtEhALFrFvBdl@~F`]xKfJ`FtEtEnAzBYrCeHbHgAbHdBlCjCtHdDfEfCz@hF^rF~Bl[lCzKbD`fD_qBlDmB`}@jr@|JpGfN|JdFgElBoDZ}Bw@uHf@iC~JaDzDaGdFoDoBaOr@yFnCuAvG{@t\yOsQeQlAgFiUwTbFsCwb@sc@b|@if@lMyGqDkA_M}DgJoEuHmFoGoGyEmHcF_OgAyGI{MpBqRb@kEnJs}@e@yD~B_\fBGwEsz@pAmAAeCbByB{@kDwDw@lA{OvIw@g|AiPoH]aWa_@iQcUkMiKy_@_x@SJu^|NkqAt_@}W~JkV~SwM~Ief@`U}m@xUcQpDaHt@egAnF,,,7.742083273974454,#2f3437cc,50.0,581,,,,,,,,,,<div><strong>Bader</strong><br><span>Type: SA2</span><br><span>Territorial authority: Hamilton City</span><br><span>Road length: 8.5 km</span><br><span>Road density: 7.74 km/km2</span><br><span>Area: 1.1 km2</span></div>
sa2_177800,polygon,Road density area,hamilton_place_polygon,Porritt,Hamilton City,7.667518431913903,,,9.46091579922896,,@EABonbjmIzbd_gAct@~hFiEb`@{Dn\\`IE|CwKn^mPzi@h|@zOxIvF|O|P``A~dAtK`KtOrHhK|Cvm@bLfj@dKtp@lMtUdItMbJdh@hf@|g@td@xKpR~v@`\ty@l_@da@xFrb@hG~`BxUtjCn_@bFp@daC~\t|@hMxLue@dKga@hPoo@lNkPlI{JjWidApW}bAt@mLaBuIiCcHq_@qp@gJwBosBqYdD_Moq@eLkmCid@m`B}OmAaJmImi@lBsIwPgEawAqb@gk@cPydA{Z}~Aie@ga@aLyADa\rAsIVec@qFwb@aRwa@sr@wgAm{Ckb@_kA_GmJ_Ix]mY|mB,,,7.667518431913903,#2f3437cc,50.0,575,,,,,,,,,,<div><strong>Porritt</strong><br><span>Type: SA2</span><br><span>Territorial authority: Hamilton City</span><br><span>Road length: 9.5 km</span><br><span>Road density: 7.67 km/km2</span><br><span>Area: 1.2 km2</span></div>
sa2_180300,polygon,Road density area,hamilton_place_polygon,Melville South,Hamilton City,7.566186294557807,,,7.490401481084943,,@EABculimIhq{bgAcXL}@gTsG?kBfA_AF{@_@_BRiFmJsAUwBbHmDt@y@eCMeLaIu@gDNcD`BwDcEoJLcBsF^uCmB}B_P\iEHcEvB|G`_@kBtBEBaLpGsDt@u\xOwGz@oCtAs@xFnB`OeFnD{D`G_K`Dg@hCv@tH[|BmBnDeFfEgN}J}JqGa}@kr@mDlBafD~pBlOvAdBn@jAjAhGvSdDfClG~A|RrAbCnAh@hBErCuCxNhBfE`@RvKc@nI}A`CcBlKmH`dApu@tkA_k@lBhCeAnLhAd@hBKdAk@h@{AhA]tE^`Cm@hAF|AjB|DhA`IzH`DjAvC\zASlHv@fHu@tBJX`DzAlA`@nAm@dDqEpHmAzAmCdAg@v@r@|AfIvF~JdDzBxDGfC}@dAeC\}GAy@f@S`Ar@`DjExErBjEH`LxAvBlDp@zIoBpUnCzLMnDjBfCpGdA\|GcAzTwFxLgE`Lh@rHGtAh@]~C{CvB{W`Dw@hBb@lBnCr@`FKtBn@rJdO~OtMfCb@tBYlC_BrAcC~Bg@|B`AhPzPzF}@nBkAbFm@bECyNcdA~yBqSxTmBb|AdR~v@nJluAfQrf@fGfEl@nU|JtSbIlFg@~bJksAd`@gGt@MtzBu]jBgOtGim@zFqr@eyB}y@mDj]mqBev@eWsJk|Bm{@YfAqAbFe^aH}GxWy@dDv`@`EwDtOoNnp@of@{E{cCuUi~@eAkNsE_FuG_BuBeHpDmd@va@ON}UzSomAol@cf@wPwy@sb@wP}Fu`AwWrOcYaPgEqo@~c@l@j^,,,7.566186294557807,#2f3437cc,50.0,567,,,,,,,,,,<div><strong>Melville South</strong><br><span>Type: SA2</span><br><span>Territorial authority: Hamilton City</span><br><span>Road length: 7.5 km</span><br><span>Road density: 7.57 km/km2</span><br><span>Area: 1.0 km2</span></div>
sa2_177400,polygon,Road density area,hamilton_place_polygon,Forest Lake (Hamilton City),Hamilton City,7.490432293562858,,,9.199001922141266,,@EABi~ngmIvia`gAiaBtkA}bBiaAvvAcc@on@cg@wOrKicAd\yv@vReZlHydAfWa~@zNedApPw\hFkp@xUiJnJs_@p\id@xd@aBzMjOtCrF|Cz`@`UxlAlq@fC|Bvn@n}@tRxXzeAle@jaAlc@h~@~a@zDjE``AzmApo@b{@~PtUxBlB`w@ll@pt@lk@px@`p@`k@hi@ra@o[nToWfMsR~QcYzd@ubAf^gx@bkD{vHeyCoj@s|Akp@aGgCVcPnz@ohBzh@eiAsX{OwuA_x@iF{Ayf@tZg|@tg@sGhDeI`CgExC,,,7.490432293562858,#2f3437cc,50.0,562,,,,,,,,,,<div><strong>Forest Lake (Hamilton City)</strong><br><span>Type: SA2</span><br><span>Territorial authority: Hamilton City</span><br><span>Road length: 9.2 km</span><br><span>Road density: 7.49 km/km2</span><br><span>Area: 1.2 km2</span></div>
sa2_177600,polygon,Road density area,hamilton_place_polygon,Beerescourt,Hamilton City,7.392084436195685,,,7.540846069827684,,@EABs|dhmI~_s_gAhG|SlCnUHdJe@jL}CvRgJpViP~WaQ`ScWbUGD{jAh`AsQbQkSrRqWlYiGpL}@~HM`NcExh@qF`e@eFz[oFlUmHrV]bAcTzk@cS~e@ue@~cAS`@m\xo@_\pg@_[ba@g^l_@vf@b[cm@ds@`B|B`N~JWhA{DhB_BtACn@d@b@rC^tJ?pDhEtB^~Ca@vEqBpO_QzByAzI{BxPaBzX}DtBChB`@tAh@nC|DFbCk@pDTtDlCfBtFpAfDp@~DNzCa@nAkCtEsDp@qEoAyAZc@|RMdM^dKGxKxA~C~@bEjE~EzA`EdCfFcA|GG`AV|C|M~AXfHIdCn@mBrGvC^vBvJQhB|AxB^bCmAnFuBzChCh@dF}@xTt@rGt@zXgfApa@q{Ajn@{fCvJs\pGqG`B{Mhd@yd@r_@q\hJoJjp@yUv\iFddAqP`~@{NxdAgWdZmHxv@wRhcAe\vOsKnb@qYlH}DczCozB{x@an@_}AkhAoJsHw|A}hAmLnKiDrGwF}@{DgBaf@i_@aF_B}WwDcDuC_]OsFi@y]G,,,7.392084436195685,#2f3437cc,50.0,554,,,,,,,,,,<div><strong>Beerescourt</strong><br><span>Type: SA2</span><br><span>Territorial authority: Hamilton City</span><br><span>Road length: 7.5 km</span><br><span>Road density: 7.39 km/km2</span><br><span>Area: 1.0 km2</span></div>
sa2_178901,polygon,Road density area,hamilton_place_polygon,Frankton Junction,Hamilton City,7.335194979438817,,,25.794318845356255,,@EABkylgmIla{`gAye@h\eGeJ}BcB{Co@sEZiDu@iBV}GfDuDxDsHbEmQfHkKpCoFfCcKvI}BbA{Hx@iIo@mHh@{JdC{EfCqLhAiXpGoHh@gFAaDr@mLd@aGtB_HzFiLnHaF|BcLdDqJLiGrBsPJuNhBwIMgHcBgH_@_BV}AdA{AbJuF|CyALiQiAuDB_I|@wT}Ay@_@{FgJ}AqAqGiCv@r`@vSboAqnAvJi}AbM{MnAsmBzOdGb`@qFj@wh@dEhA~GukAxJjDdUu[pCsOa_Ac_A~HylAnKohA~HiIkUmA{Hkl@~E_BgKiOdBgAiHoC|CgP~QMvFkJv@Lv@ac@fErBuBx}A}gBtLcNaoB}oAuEdG_EfFcQz]mdBhnBqdBjlB_cBxmBkOxPfl@lPdaBtPdLmL~|@scAxa@fSuG|Gn\~O_l@lp@n`AhIz|@lInmArLzSzEhk@tPpXvMhq@fTni@xO~JbBzPvAjQNdQo@tPsB|SeF~|@}a@cx@je@oOvK}LhMkJxNqCfG_FfP{BfPKvHxBb|@IzKYrc@z@jfA}A|x@nHdiIpAjdCZz\}NLotAuAu{C_DDbF\fj@m]JlHf}AcoAZvAtcBrOnf@c{@fLsOtBqOlOeBn]iHdKyOFwTl[iG|I|HxCoV|]{BtCxpAxu@iPho@d^`HpAcFXgAj|Bl{@dWrJlqBdv@lDk]dyB|y@xEc|@~Biv@z@cw@iBazDlQcCrPaBllJ_wAnHgAxbEcn@lwAgTryAyTvEq@ky@cjBiHcPqI{Q{m@asA{c@kdAklAulCyp@y{As^yv@y@qB{Ef@shCh`@qAcZ_Ao\bAob@nBeKtAaZ~wBbCzZcvDaEUzF}o@_b@mzA~FeJpBqC_gAo_@tUuUxMtIxcC{^|AtFlEo@l[yE}AwFlW{DlFw@bC|BjD`A`ED~I}@xvFcy@opActEyRgp@|]_Jj]dB~EqBfDwCxIbHxkBg_BfDuCp]_ZhN}DtBqDDEwIiGwv@o|@{CyC,,,7.335194979438817,#2f3437cc,50.0,550,,,,,,,,,,<div><strong>Frankton Junction</strong><br><span>Type: SA2</span><br><span>Territorial authority: Hamilton City</span><br><span>Road length: 25.8 km</span><br><span>Road density: 7.34 km/km2</span><br><span>Area: 3.5 km2</span></div>
sa2_176600,polygon,Road density area,hamilton_place_polygon,Queenwood (Hamilton City),Hamilton City,7.212193249356469,,,10.742197052181908,,@EAB{{zhmI|kc_gAgh@`fA}Tde@}DdFfiApOhp@fJ~kBbXhNpB~lA`QbIX~Hy@lKeExgB}_AtB_BxC_EfJsTx@sBzA{AnI_BdE@jeA|@tKad@xJkZvI}S`JiQvKiQh[q`@jo@}o@tw@sc@|q@u[`UwLzp@od@hv@qc@hoBqkAbv@_c@|T_Jli@sJ`WwH`HmDdKwE|O}L~MoQ`EaH~RmQfKkG}fAsl@{UmWiZeUkY}MkeAor@qDy@iaA}Tu_Dc\sR_Hqp@zb@cZlMeYdUkh@~[yJjG{OvLce@b_@}qAfk@iuAvh@isCdg@g_AbLw}@zFcv@dCewAnAaTriAqMfi@ySzP{UdReKfIjVhQd[zDrXvGxVrJnXnPnM|MlEfGhIrOdGtQ~AlHnBvT@lPy@pJ}CrPoCrIkV`g@,,,7.212193249356469,#2f3437cc,50.0,541,,,,,,,,,,<div><strong>Queenwood (Hamilton City)</strong><br><span>Type: SA2</span><br><span>Territorial authority: Hamilton City</span><br><span>Road length: 10.7 km</span><br><span>Road density: 7.21 km/km2</span><br><span>Area: 1.5 km2</span></div>
sa2_180900,polygon,Road density area,hamilton_place_polygon,Glenview,Hamilton City,7.1365346347561385,,,6.384362653338932,,@EABwbejmI~pacgA_H~Hw@vJ_DzKlA`EQ|JbAlK[`AiCJs@p@`@rDdKhNxKdE^h@oDzE`DnJdAlHqHbLeCtBWdBj@vEdAzAxErBbDvDhCzAdEdHNpAs@tIfBlIa@dF`WfQ`XbU^rAHbIxAjCd@tHY~@_FzDmMvG}F`LcFrD_C`EwEbD@xAnB~Eh@bEwC~@gIGkBh@s@zABz@vBvDyB|CEjAkHxBsEfCiCxDa@fCwCvCWnBb@|@g@jFuCfBkJr@oBj@cAnDXhCrAbBjDhAvIdAfKbEpFCxA~@nBzCuFvFuBhEw@lDpEhIjOj@mI~_@vMnAeHb[uBpDiGdFcSbJbIbf@tTn@qHjNt[pNvm@m_@nHwBjs@oVzq@yUpOaF`hBqj@njAq_@nbBgi@tk@yQn~Aeg@|sC{}@`ZePjDoBbXcZnJ{k@cEBcFl@oBjA{F|@iP{P}BaA_Cf@sAbCmC~AuBXgCc@_PuMsJeOuBo@aFJoCs@c@mBv@iBzWaDzCwB\_DuAi@sHFaLi@yLfE{TvF}GbAeA]gCqGoDkB{LLqUoC{InBmDq@yAwBIaLsBkEkEyEs@aDRaAx@g@|G@dC]|@eAFgC{ByD_KeDgIwFs@}Af@w@lCeAlA{ApEqHl@eDa@oA{AmAYaDuBKgHt@mHw@{ARwC]aDkAaI{H}DiA}AkBiAGaCl@uE_@iA\i@zAeAj@iBJiAe@dAoLmBiCukA~j@adAqu@mKlHaCbBoI|AwKb@a@SiBgEtCyNDsCi@iBcCoA}RsAmG_BeDgCiGwSkAkAeBo@mOwA{KcDm[mCsF_CiF_@gC{@eDgEkCuHeBmCfAcHdHcHXsCoA{BuEuEgJaFa]yKel@_GsFwBMGuEiAgDM_RtE_FpCSlAl@xB?tDgEtC{JfKsIpNsDtJT`Jo@xCKV_J|RoDjAw@p@QxA~@|IkBrGyFfEmD|EeBpIkNvH,,,7.1365346347561385,#2f3437cc,50.0,535,,,,,,,,,,<div><strong>Glenview</strong><br><span>Type: SA2</span><br><span>Territorial authority: Hamilton City</span><br><span>Road length: 6.4 km</span><br><span>Road density: 7.14 km/km2</span><br><span>Area: 0.9 km2</span></div>
sa2_181200,polygon,Road density area,hamilton_place_polygon,Riverlea,Hamilton City,6.876992668482001,,,11.962290665338259,,@EABccmlmI|pdbgA~BdD\`B\nYpA`E`G`ITdKx@~Fy@xCaDlCoBl@uGXwDzAg@nEnBnGnKhJlBjDIxHd@tClAbCtCdCtAzBbDbOn@fHdD`EjBlF@fBoArFPdClApBtH`HnAfCy@hGBnJcJrH}A~C[vCVzDtA~BzBtAbEz@^nAoExGsApLzF|[xJnEpCRtIs@|Gp@xJBrKyCfDJdChApG~JdFlJVxDm@lCwAxAiO`D_@fDf@rC~LpSl@|E[t@mBdAaJvA}Ap@oB~AuFzI{CtBoJFsJsAaBCcA\i@nCt@hGlBjFpCjCvFzEt@`Bd@pMpArA`KdB~K~@`BxAX|Bg@`A_VzHiUbQaBxCz@bLeA`CaEpAkEzElDbAbHbF|AfHhLnODxDmCdMb@`DzAzB`HtErLbDvHfAdVrFtI~DhAdCHvCi@`CiFjK@x@f@p@lEn@fMAzBd@vDhHRfDe@zBqDbEm@hBApDzBtBdFdA`Gd@`PElFp@tR`HvBrADvBu@rBcCbCmGx@iBzAw@tIb@rBzB~A~HnBdKjAdBv@KhBeB|DcIhIl@vBrCbAv@pBBtDcDnH@dDhAbDdDnDxChAnEDbFbA~BnAlAfCKnSdAbB|FtCj@`CsAlEaG~DkA`Bf@~CbC`@nEOpQoC~U_L`IuGzDyFzEaMGoQ~@kFdH{EzDg@dVy@~Mv@jOdDzDJtN}@tOyBfE{AhHeFvSmf@nMkRlBiEdAgKu@wQHeFdAyEhFkM|JiPfKuU`G}ChNyAq@aIUoZb@uTxCuSpEwM]ElF}IpOgPn_@y]dMsIxUiLtJ_Cr@s@f@R`DoA|CYV[hABP_@bCEjBs@fFQnFcAhHShGgA|C\xLo@zCw@`EN|Ca@|MEvi@nBb|@dJ`[xAj[KvPkA~JuAjKoBxRsFbT{GnHwDzIiHdIqInO{WfGcO`CeEpNk`@|KoPlOaO~RsNzOwHhKcDtLgC`UkCxq@okCmv@~XsJnDsLxCsMdB_Mt@_MAcN{@mLsAmIgCqG_A{kB}r@cSsHqu@qW{bBwn@C?eO|@miCnCcd@tAad@oHoa@mIw}Ac\e~Au\ya@cIki@qKqj@kOoZqJck@cUmj@_Z{cBwfAg[{SubAjg@dEnC|@dBt@fF_@xD{BxBsQ~CqE`BcBtAcExVyA~BsG`FiAhCsAvIyDlNSvEzJdX~FnJjEhAlBbEfBt@lNjAnBh@`GxIlIlBrAlCs@bDNbB~AjC`B`AfDz@bM|@jTvC`EhAbFlE}FnDQjB,,,6.876992668482001,#2f3437cc,50.0,516,,,,,,,,,,<div><strong>Riverlea</strong><br><span>Type: SA2</span><br><span>Territorial authority: Hamilton City</span><br><span>Road length: 12.0 km</span><br><span>Road density: 6.88 km/km2</span><br><span>Area: 1.7 km2</span></div>
sa2_179700,polygon,Road density area,hamilton_place_polygon,Hamilton East Village,Hamilton City,6.80468286837802,,,8.990514673086917,,@EABempimIpxbagA}y@dn@sqBqp@uApCeLxQwFn@`@L_F|HnA`CuUn_@s`@zhAoOsBNsBmXuD{m@eBw@vC{JfBs`@uF~AeDsi@{H_D[aa@hRue@lH}[iAvOwl@k{AySeaA}MmhCc^sFxZyIlpA_G`~@cJptAy@tLuErq@}y@v|@tfBfWeDfNkBxHw[pnAgHnWqMfg@_FnRkOhj@w@bFqHvXeRlr@wLrc@iDdQtpAzQtrAfRtQjCb}@rMvjAzPjH~C`D|A~LhJxd@|Unw@nb@rIbAr[vDlf@_jBtXqdA`iB`SyKkSyXyu@}S_b@cIcTiEeO{C_Ui@kRv@qULcApCaPtHqV`KwS|KkPvUuVxB{BhZuZrVaUr@cEvQmOh_@o`@|G{G`EmCtAgCjUsSrP_Q~UoSrAmAtIiHdr@oe@fLgHlBqC`KgFv^y\vDoB`HoGlJkM~LiRrDqIlGaHbOwT~AcBx]y`@lCgBjBcDxJeLz@eAqp@i\__Aec@_HxF,,,6.80468286837802,#2f3437cc,50.0,510,,,,,,,,,,<div><strong>Hamilton East Village</strong><br><span>Type: SA2</span><br><span>Territorial authority: Hamilton City</span><br><span>Road length: 9.0 km</span><br><span>Road density: 6.80 km/km2</span><br><span>Area: 1.3 km2</span></div>
sa2_178301,polygon,Road density area,hamilton_place_polygon,Whitiora,Hamilton City,6.715410079509095,,,5.15443274983284,,@EABgluhmIrjn`gAsoAtp@{zCnbBc@VkkAjo@qn@`]da@tJ~ZxIlw@~PfY`HjJfDjq@|QzXdPnKlLrBxFpfAl|Bj]`s@jDnEnEbG`oB|oAp[o^l_@yKplAu[hhBke@za@eI\sIkFeXU_JmAyBcFuDByArAaCV_D{BwCgC_B{AiDpAyAJ_AvFkBdEyC{@wIjC{FSqF|GqEbA}AByBuAwGZuE`AwC~CuFjEgEbBq@|@@x@`CzAdAt@Y`AkEB[`@eCvBiDvGa@hF_C`Jx@pAEhAm@fCyDZ{F|B{FdIcN`GeHdTaQ`P{KrTeHbADfAnA|@{@bAkHDiIfAsFi@kDyC{CuP_GOuFk@yAeEuCkRyTcFwS_AqByAy@iKeAuHIyVvBaDaA}DoCmAEQT_ETiQYsGu@yTu@eF|@iCi@tB{ClAoF_@cC}AyBPiBwBwJwC_@lBsGeCo@gHH_BY}C}MaAW}GFgFbAaEeC_F{AcEkE_D_AyKyAeKFeM_@}RL[b@nAxAq@pEuErDoAjC{C`@_EOgDq@uFqAmCgBUuDj@qDGcCoC}DuAi@iBa@uBB{X|DyP`B{IzB{BxAqO~PwEpB_D`@uB_@qDiEuJ?sC_@e@c@Bo@~AuAzDiBViAaN_KaB}Bbm@es@wf@c[u@r@qa@|\eg@l\,,,6.715410079509095,#2f3437cc,50.0,504,,,,,,,,,,<div><strong>Whitiora</strong><br><span>Type: SA2</span><br><span>Territorial authority: Hamilton City</span><br><span>Road length: 5.2 km</span><br><span>Road density: 6.72 km/km2</span><br><span>Area: 0.8 km2</span></div>
sa2_177700,polygon,Road density area,hamilton_place_polygon,Miropiko,Hamilton City,6.580376868321539,,,13.679529986558183,,@EAB_grhmI|ii_gA_Ix@cIY_mAaQwC`bA}EffBqd@nOcLvGm}@vh@sGvFkDvCcQhOwHdFiOrWlD~Lco@fOsNtBcTFuLkF_KQmG\yH`@aD`AeCoE{[fAw_@xE~D`Ip_@pp@hCbH`BtIu@lLqW|bAkWhdAmIzJmNjPiPno@eKfa@yLte@hhAtO~rBtYx\|E`c@pGgAzCufA|fCaDe@a[bq@lC`@oB`EcLlV}Be@gi@|jAi@jA}M|Yy~Alr@cJ|DkIlGwLdZiMdj@mAfFeFrTe{@yLot@iK}Rxb@mRoH_VEoMrMsv@yKxDgI{RqCvDaPyQkCmEdKwSjd@}Q`a@ngDhe@tLbBdj@|HxlB`Xf_@`En[xEvIlCtoAfZpn@a]jkAko@b@WzzCobBroAup@dg@m\pa@}\t@s@f^m_@~Zca@~[qg@l\yo@Ra@te@_dAbS_f@bT{k@\cAlHsVnFmUdF{[pFae@bEyh@LaN|@_IhGqLpWmYjSsRrQcQzjAi`AFEbWcU`QaShP_XfJqV|CwRd@kLIeJmCoUiG}SyH}P{LyRmQ}RawAslAgNyMmMyN{SiZaN{YcDyKiDmPaBqOs@aQFov@vB_c@hHyi@keA}@eEAoI~A{AzAy@rBgJrTyC~DuB~AygB|_AmKdE,,,6.580376868321539,#2f3437cc,50.0,494,,,,,,,,,,<div><strong>Miropiko</strong><br><span>Type: SA2</span><br><span>Territorial authority: Hamilton City</span><br><span>Road length: 13.7 km</span><br><span>Road density: 6.58 km/km2</span><br><span>Area: 2.1 km2</span></div>
sa2_179501,polygon,Road density area,hamilton_place_polygon,Hamilton Lake North,Hamilton City,6.556641604378169,,,10.103576932374315,,@EAB}l{hmIr`lagAeLlLeaBuPgl@mPub@|e@_g@|i@e@~E{`BrdB_GhHwI|HyIdGoC`AiKvDmi@nS{EbFwSn`@~QbQ|D|FfFhNLd@hBfIfEj`@`@lG\tiA_BpYsF|k@cKjeAiGzo@mAnMJrAtHd_A`~AmIll@}COnHmBtGmDhEkJ|Fo@fAWbDoBVhMnJhFzMa[hP[xL~BrHhDzFvMjPnDjMzAvZ{FtPeQxSiMlFwGhHeBbIRxJ{@nDiA~AEnOjDfFpF|AlEZfMa@~^kFlVcC`m@uCuAsEnGuApCBrCClFcBhk@ad@bBfB`Xy[hS}RlJcGdFyAjJ{@~\r@~SgEUiOd@cKt@aCvAuBrE_ObCgFrEuP~GmRjEgG~GqBJIw@q@zNiJpDqCRqAhB}@fRuCh[y@vXkBbs@mLlY}C|IuBfHwDzLwO~HsSbEaM`BkIlDuH~FgRzH}Mr@mCYoDaFmLiMuOw@eBpmFox@fLoB|A}x@{@kfAXsc@H{KyBc|@JwHzBgP~EgPpCgGjJyN|LiMnOwKbx@ke@_}@|a@}SdFuPrBeQn@kQO{PwA_KcBoi@yOiq@gTqXwMik@uP{S{EomAsL{|@mIo`AiI~k@mp@o\_PtG}Gya@gS_}@rcA,,,6.556641604378169,#2f3437cc,50.0,492,,,,,,,,,,<div><strong>Hamilton Lake North</strong><br><span>Type: SA2</span><br><span>Territorial authority: Hamilton City</span><br><span>Road length: 10.1 km</span><br><span>Road density: 6.56 km/km2</span><br><span>Area: 1.5 km2</span></div>
sa2_175601,polygon,Road density area,hamilton_place_polygon,Rototuna North,Hamilton City,6.319728024623769,,,15.396320990599447,,@EABagcimIt~e}fAls@`pAfhAsWdz@eMvcBuJpp@TrONpd@rD~\vHpa@hNzWdKl[tL~GhCxs@zVdZdJlb@~K`d@fJpUvDfo@dIls@xFdeBzGp_@hBfq@bDjhA~DvDLdsBdIzmApErp@pBvRNn_Am@`DA`KEtp@`@|u@hCp{@caB`h@evAjNud@fTwr@p[cvAca@}BkK}Mqe@cm@a`EynFsAyC{vAkhBaH}IuDy@_fEga@cxAiNqG`G_HbEwNzFwlBrd@}{Dv_AmEdAeEbAsvHviBekDpK}s@tDc^`ZuuC`hDla@lzBlYrh@DH,,,6.319728024623769,#2f3437cc,50.0,474,,,,,,,,,,<div><strong>Rototuna North</strong><br><span>Type: SA2</span><br><span>Territorial authority: Hamilton City</span><br><span>Road length: 15.4 km</span><br><span>Road density: 6.32 km/km2</span><br><span>Area: 2.4 km2</span></div>
sa2_179502,polygon,Road density area,hamilton_place_polygon,Hamilton Lake South,Hamilton City,6.291424407609229,,,9.231056034717321,,@EABqy{hmIlrfbgA_TfE_]s@kJz@eFxAmJbGiS|RaXx[cBgBik@`d@mFbBsCBqCCoGtAtArEam@tCmVbC__@jFgM`@mE[qF}AkDgFDoOhA_Bz@oDSyJdBcIvGiHhMmFdQySzFuP{AwZoDkMwMkPiD{F_CsHZyL`[iPiF{MiMoJnBWVcDn@gAjJ}FlDiElBuGNoHml@|Ca~AlIuE\qVfAn@~Go[zA_@cHen@rCyHpI_Hq@qEF{r@tB_HuCmG^svAzGmm@dCab@vCM`Ja@nGaAlBRn@cAvNiA~BuElRwMnXsJbOmL`OGJmYn]aKhJoQdNwSxLx_@~w@jMhKhQbU`W`_@nH\f|AhPd`@bEfeB|Q{EfWfZno@rlEln@wFrU`J~Af~@z[jnA`RtNZbVRdp@_Bp]{AlI_@cOgEcbBwn@|Qq^rIyPb|Bh{@pK`ExTLbmB{PtRyCbNuBxI`[b{@gLsOof@wAucBboA[mHg}Al]K]gj@EcFt{C~CntAtA|NM[{\qAkdCoHeiIgLnBqmFnx@v@dBhMtO`FlLXnDs@lC{H|M_GfRmDtHaBjIcE`M_IrS{LvOgHvD}ItBmY|Ccs@lLwXjBi[x@gRtCiB|@SpAqDpC{NhJv@p@KH_HpBkEfG_HlRsEtPcCfFsE~NwAtBu@`Ce@bKThO,,,6.291424407609229,#2f3437cc,50.0,472,,,,,,,,,,<div><strong>Hamilton Lake South</strong><br><span>Type: SA2</span><br><span>Territorial authority: Hamilton City</span><br><span>Road length: 9.2 km</span><br><span>Road density: 6.29 km/km2</span><br><span>Area: 1.5 km2</span></div>
sa2_176301,polygon,Road density area,hamilton_place_polygon,Te Rapa South,Hamilton City,6.289386970796549,,,30.056015478581518,,@EAB{}sfmI`w|~fAo}@fOk|AuU{\jNaJdaAosAlFaw@|CwR_CwDdi@fQq@TvWtAxAqAnAY`B^bBkWbA_Bjc@oEPeFfFhKrFklB~gA_Z~PghAxo@uT_MkwCbuC_DnCmuA|sAuoAfnA{AnCqF{BeKl\iApDwfA`mDwIbYuHfVruChqAkd@jg@ml@r^mH|Dob@pYnn@bg@wvAbc@|bBhaAhaBukAfEyCdIaCrGiDf|@ug@xf@uZhFzAvuA~w@rXzO{h@diAoz@nhBWbP`GfCr|Ajp@dyCnj@ckDzvHg^fx@{d@tbA_RbYgMrRoTnWsa@n[zCxCvv@n|@~L}KvwAq~AtKsQ|W{d@n]wm@d|@c~AXi@zKsK`wCevBlByA~f@c^tDmClfAiw@juAqaAnCsH`h@mdAnDeEjAo@fQaa@tYkl@jN_YbX}e@bAgB|f@c|@dIfBbR{CxjBmQdUwBzVrvApm@_G`F`YxtAdsAngCqqAkkEepEr}Lc}DhKuQzvAadCsqInx@ep@idDuFkf@pOgO|YmVfc@sYaa@yJcc@kNke@oQcm@iYog@e\_wA_fAp|Bk~B`b@}]|X}Udk@sh@pUaQd\}OfE_B~WsOxoAicAjnBa`BsQoGqCaCob@gXm`Ai_@wi@}S_o@op@afAqgA_{Ae}AyFz@}\jN{Mvj@sp@vZ{o@|@{_CrhEar@boAkq@`bA,,,6.289386970796549,#2f3437cc,50.0,472,,,,,,,,,,<div><strong>Te Rapa South</strong><br><span>Type: SA2</span><br><span>Territorial authority: Hamilton City</span><br><span>Road length: 30.1 km</span><br><span>Road density: 6.29 km/km2</span><br><span>Area: 4.8 km2</span></div>
sa2_176500,polygon,Road density area,hamilton_place_polygon,Saint Andrews East,Hamilton City,5.462181441953131,,,8.707721222044137,,@EAB{nchmIzn}~fA}q@t[uw@rc@ko@|o@i[p`@wKhQaJhQwI|SyJjZuK`d@iHxi@wB~b@Gnv@r@`Q`BpOhDlPbDxK`NzYzShZlMxNfNxM`wArlAlQ|RzLxRxH|Px]FrFh@~\NbDtC|WvD`F~A`f@h_@zDfBvF|@hDsGlLoKv|A|hAx|AayAxi@uf@nCyCzaAq{@hZ}XzPcSzT}ZtF{KtCeJ~JkYtLi^rF_K|C{Dfm@{u@aqAem@ys@}\aOkFsj@gPj[ujAvVk_AbCeJ~CeBdWqN~`@cUbPkJn\eRVQne@gX`Ag@rJk@hyCnDv`AhAvBwsAfBop@`AaY\qTysEecAkgA{`@cr@__@og@qWgKjG_SlQaE`H_NnQ}O|LeKvEaHlDaWvHmi@rJ}T~Icv@~b@ioBpkAiv@pc@{p@nd@aUvL,,,5.462181441953131,#2f3437cc,50.0,410,,,,,,,,,,<div><strong>Saint Andrews East</strong><br><span>Type: SA2</span><br><span>Territorial authority: Hamilton City</span><br><span>Road length: 8.7 km</span><br><span>Road density: 5.46 km/km2</span><br><span>Area: 1.6 km2</span></div>
sa2_175201,polygon,Road density area,hamilton_place_polygon,Te Rapa North,Hamilton City,4.376691786006621,,,36.679534008531874,,@EABygofmIlf}}fA_LvX{K`_@zmB}q@~v@ri@|aBfrArj@vc@vgB~vAquB`mCouAteByBvC|r@b}@~zAd}A`fApgA~n@np@vi@|Sl`Ah_@nb@fXpC`CrQnGknB``ByoAhcA_XrOgE~Ae\|OqU`Qek@rh@}X|Uab@|]q|Bj~B~vA~eAng@d\bm@hYje@nQbc@jN`a@xJgc@rY}YlVqOfOtFjf@dp@hdDrqIox@|@I~{CqkFr}BwnCsF{\yL}YdE_Cfb@qVjl@qa@p^gZhSoRfi@on@tUoZ~Qe^zp@ilAzG_N|Yur@v{A{nGntAotEddAwkDx`AkcDbhB_|GtVe_ApQsbAjLqw@|@qd@OceAeCsgAuo@kaCeZmFnPsj@gBkJuNmx@y@abA`Je`AlbA_kEYwoGkiFkcQePhGqc@pSep@nb@sb@|VamBbbAk]tToSnPeL~OwFfQkBrNeBl[qEjd@}KpvAeU|{AmLd`AgAtBg@xJuRfeAiJn|@u@vNaLtq@kEvPgKlXg]pp@yMv[uGjLsTzW??eaA~mAqRnYsGhMaXrb@sHzN{Wzr@kItQ_Uhc@aPdWgKrKyNvJmOpH}YrL}m@|ZYNgUnLuQtL_v@jt@{MxJoZzQe`@lWoNbMmAvCgGtDoCvCuLtOgZ|h@_Q~Lsb@tn@ktAlwAi_@jc@a]dh@sKhR}MjZ{IxM}NtNmmAfbA_ZhYiTzVcSfYoOhY,,,4.376691786006621,#2f3437cc,50.0,328,,,,,,,,,,<div><strong>Te Rapa North</strong><br><span>Type: SA2</span><br><span>Territorial authority: Hamilton City</span><br><span>Road length: 36.7 km</span><br><span>Road density: 4.38 km/km2</span><br><span>Area: 8.4 km2</span></div>
sa2_179202,polygon,Road density area,hamilton_place_polygon,Ruakura,Hamilton City,2.844114393805025,,,19.853839070768068,,@EABa_plmI~tu`gA}mBrzKiKhb@k_@xbAonArlBigAx}@lPtKmm@`~@ypAxgA_VdOyIlF{`@qWmAbA}dE|jD`HFnOhCpIfGdEzD~EjMZhFlGfDxAnB|ChI~DhDzHrBxAhDdMfLxPdDhL~DrKxGbGrInBdAdD^`[p@lOdGpDpDhDvINhDi@xHd@rDlCpCnH|ChCc@zRKzS_HrEe@zVdB`J{CxJiA|Hr@vNnIzLpAzEeA|SiJlTeEvALxB|AqAjDwDpDExAxDbArBYbH{DpQ_HbN}BpDdAjFZjGnB~JxLzBjA|HnA|GVtAYrRrFtJf@xFcCnHOpEeBnGI|Gd@vOzKfC~FhBdMrHjLpEtDbOnHrChNzDbFlCjAfFx@|\DtbAkg@lEmPxHyUsOwLoGgNiGqF_HuCqCmBaCeTsAyBDcRrAgCbGcFt@yCYyCqBiA]y@VkUlEmJ~DgFzBy@fF\hHWzAbDzCjC~ChB~EnAvCBzB{A~H?`BkAIgImBwO_@mJ?kF|AyOIgDmGgDaD}@eFc@}HwLoGsEyEaCsJcDqEiDgESWuAoEwHwBw@iFgHcE{DMyEt@_BzDeCzEk@~EsCrM_CnEmCpAwCD[z@iCdEaE|AoC~EiLdEkCdBqB@{Ae@aAgE_F_@gF{@qBiFuD_M|AeSh@_MgIq@}A\kCgDyFwJ{FcBwB?_AdBgCLmD~DuALc@mAsLsGiFkCaAaDuE{B_AyKmAcCw@gSaTg@yCbB}FPuDkAaIw@{@wHcCsHx@eBQ}AuBcFyAu@cA`@gA]yAaEw@g@{CuBAgBeCF_Bw@m@_@uCfD_IP}ArFsAvBeHhCJ|F{ApLyAf@o@RkCzJyBjCcEzIEnEyEtD_AzAoC`BiAGsC`AaAbCQA}GsDkEhDcC`@qCtCoEAgAgBwEz@yCe@sDpGcApFiE~Ci@|BaEN_@by@vb@rHkGdqFnoC`tD|jBpFv@~]u]xrBrvAlS}Nz}@rn@fu@s[kMcv@lRgErCo@hk@gM`SmEhVoFnEcAtq@`bB`{@qIp[y`@hz@lJdnC}f@fn@_Lf}A_Y`H_@oDmGkmAqtB_IaNaqAyyBu_@_p@qz@sxA}R}YdZ}IhLiDfoEa|@jZ_GnRfA`pCbP~fFnWpRdAh]odDtJwy@tBJzm@akB`AsD{c@aI~z@ieCva@ohA`F_NxUms@pXc{@`FgOhYa{@nHsSqn@kLi|Cqi@gaCgb@{gAwRg~Ccj@n\maAtCsIxLa^aoRcsDu_ItgE}e@hY_sBjbAcf@bZy|DdeE_OdSeMd_@s`AxpBmmAnxBqu@`lC,,,2.844114393805025,#2f3437cc,50.0,213,,,,,,,,,,<div><strong>Ruakura</strong><br><span>Type: SA2</span><br><span>Territorial authority: Hamilton City</span><br><span>Road length: 19.9 km</span><br><span>Road density: 2.84 km/km2</span><br><span>Area: 7.0 km2</span></div>
sa2_178600,polygon,Road density area,hamilton_place_polygon,Temple View,Hamilton City,2.7038422001734355,,,11.824084612937478,,@EABq~ofmI`dhbgA~Gxp@sPtCix@dNlAhr@iq@`r@ajDocBi]dv@sc@naAoDzDb{@~q@lgPrjNbs@nr@r_@tU`nDt{Ab`@bYwnEtv@miEju@dw@b_DlcAwZ|bCbfErxBf@~V|yAvt@tkEn@G|SrnAx@nIl@vXl@v_AxpMpCtQKzSCxjArA`yGrBzGovLdDasGhFBdCibDvDwtFqsAOi{IcA_YikA}Zi^kb@emA{dAoo@qlC_bAydIe{Ci_@oY{CkEqa@}y@ogCopCwHqHch@eToWjWmUoJut@}w@gC[k}AxNdA|P,,,2.7038422001734355,#2f3437cc,50.0,203,,,,,,,,,,<div><strong>Temple View</strong><br><span>Type: SA2</span><br><span>Territorial authority: Hamilton City</span><br><span>Road length: 11.8 km</span><br><span>Road density: 2.70 km/km2</span><br><span>Area: 4.4 km2</span></div>
sa2_181301,polygon,Road density area,hamilton_place_polygon,Peacocke,Hamilton City,2.5760720965849977,,,17.859538565688744,,@EAB_qokmI~trbgAk[Ja[yAc|@eJwi@oB}MD}C`@aEO{Cv@yLn@}C]iGfAiHRoFbAgFPkBr@cCDQ^iACWZ}CXaDnAg@Ss@r@uJ~ByUhLeMrIo_@x]qOfPmF|I\DqEvMyCtSc@tTTnZp@`IrM~d@pE~XdBn]Qng@mB`\cGx_@oKv^wMfZkXjf@k_@|j@em@`z@gSdUoP~M_OzJ{f@xXqz@vc@cWrOa]~V}EzDyAtEaHbEqI|HeNvQkTzZiP~ZyRbi@cGjTDdB_A~AkAzISxJNtJp@xFlDzQbGnTjHpUvNd^bHnB}ApEdJrPdVj\tK~JdKzRfJ`M~JlJtLrHbPjHzk@zSjO|GzFxFjU}GdZeKnt@`dA`fAdbApUxfAvdFhfEt`An]lqGj_CztAliB`pBdkCnrC|wB`v@~eF`@bG\jEhZuBtf@hI|GrAflAqzDKcHrB^EuBsB_@{BksApHgi@hY_`@nyBw~AlBs@rm@sy@|Al@zm@k|@aBo@jK}N~An@fJmM_Bo@ng@es@`dDksEfBb@xI{LiBe@vd@_fDjRwtAoGg@fLwc@nAcL~AcE`GqJpB{@jHyF~GmIvSoOwLaXw^bGgx@~JimAgBkeDi^{wAz@fVouA~SqlAsNaXiiCzo@{u@rPmHwNkXCeAqh@{NkP}}@mz@cDwDmMdJc~BggBjFqLhFmI~MmIrMwD~L}EfFsDhCkDrEyMrEuHvEsEbTjP~eCg~A|_BmcA`u@ee@b`@kp@|o@ec@wa@o[x_@ud@ajFoxC~@yCyJuFhJ{Y`Hw@jFeAngAigCzF}OeX}Ieg@cQiQcDsYaBefAuAqYmC_]{Gch@gOo`@cPk_@cRcr@q`@qTsKiZ{IsUeEySeBaN[gM?gX`BaUjCuLfCiKbD{OvH_SrNmO`O}KnPqNj`@aCdEgGbOoOzWeIpI{IhHoHvDcTzGyRrFkKnB_KtAwPjA,,,2.5760720965849977,#2f3437cc,50.0,193,,,,,,,,,,<div><strong>Peacocke</strong><br><span>Type: SA2</span><br><span>Territorial authority: Hamilton City</span><br><span>Road length: 17.9 km</span><br><span>Road density: 2.58 km/km2</span><br><span>Area: 6.9 km2</span></div>
sa2_175401,polygon,Road density area,hamilton_place_polygon,Burbush-Baverstock,Hamilton City,2.4623154443957342,,,17.48467905723693,,@EAByzaemIpmj~fAotAntEw{AznG}Ytr@{G~M{p@hlA_Rd^uUnZgi@nn@iSnRq^fZkl@pa@gb@pVeE~BxL|YrFz\s}BvnC_|CpkF}@H{vA`dCiKtQs}Lb}DjkEdpEogCpqApb@la@nAo@pcArdA{[`QcEv@`_A|_A~FhHjYlKx_D|jA|a@jOjt@f_@ppCzvA~hEhu@dMqUj`@aT~_@iTp\qnAq\qlCj_@gcC_b@aqC_CyO`jCbIp|BivAtEuBzo@zpAh_HlgDdGiAxqCuZsJySfq@{JpQyV|L|Cn}@crAiC}j@pMtAsXcYz|BooBgZgw@cmLkr@{NmK~MuFjk@ojBht@_`Ada@y{@nHyRrb@iaA`l@ke@ny@i\pR}E`oAqbA|HcKpA_MzAsp@hAyR~ZqCfpDtR~SJrHmJlWu`@jZqP|UwiB~zByUzaFgWdeB{@nMmMmaAglBvd@crCp`Bop@jgAmMn_Aez@`~Bsb@tz@eRgxDgv@ez@JyqKvKcU_GowCinAgWqFugCgX{lC_Qa`@yAyIOwJ\ip@dGegB`V_S{{DuMmn@qYcu@}eEw`Ey`AjcDedAvkD,,,2.4623154443957342,#2f3437cc,50.0,185,,,,,,,,,,<div><strong>Burbush-Baverstock</strong><br><span>Type: SA2</span><br><span>Territorial authority: Hamilton City</span><br><span>Road length: 17.5 km</span><br><span>Road density: 2.46 km/km2</span><br><span>Area: 7.1 km2</span></div>
road_8324993,path,Road centreline,hamilton_road_path,WAIKATO EXPRESSWAY,,,,sealed,19.575358367852445,1,@EAAgrudmIryhwfAuAlTu@|RGbBwQfrF{Bni@{Dl_A{IbfBwMnaDyC|s@kAb]WlXOjTDxTXd\t@f_@vNhmGjOb`HtOxaHrDlwAjHt~Dd@f^?l^Ifl@_Anu@sBrgAyDvbAsD`m@sGn|@yGvq@{K~aAm[ppCg\dwCyL~fAeOboAoLddAoF``@a@vCIb@cIlc@wDxPGX_CjKqPrl@wRjn@w[`{@aThf@mE`KuPj\kPzZiUda@qT`^}QxXgT`\u`@ti@o}@`fAstA~}Aou@bx@mV`Xez@d~@_g@vi@wz@`|@kr@fn@op@rj@g`@lZsFvDcu@~g@i{@bi@s@b@kc@tWoa@~T{c@vUik@fX_j@jWek@pUkm@|Uke@dQqf@lPks@`Uuo@fR}j@nOge@jLqc@nKwf@lKwm@rLwGjAei@nJck@`JqeAlNgt@jJym@fJgc@vHkg@fKge@vK_k@~Nya@zLwc@|Nke@xP{h@xTi`@pQq`@dRo]lRk^pSoYxQmBrAaXtQ}]vWsV~R{X`VqY|Xm_@~_@_YnY_gBrfBy|Ad{Amo@rn@sxBdyBg|@~u@om@pf@_k@pa@}\~TsZxRyOnJgn@v]o`@`Tmg@jVil@bWa~@d^yw@jYuMbEif@hOo_Bre@akJznCeqAf_@ehCrt@uhAzZm_ApV_z@~R_y@nQaQvDczDtv@}fDzo@wj@hLod@~Jk^nJq_@rKi]rKcYpJ}VxIa]xM_^jOiVfLkK~E{VhMsZbPc[hQwXjPiZbSyUxPmUhQk_@p\i[pYu[|[e[~]yYt_@kT|YeD~EuHdLgPbXy|AfmCa{B~zD{F|JkItNihAdnBg\jk@mvDvuGeSj]cbBdtC_h@h~@ct@trAoDrGiDlGezApnCeiAzsBgdAhoBeYrg@k[xh@ye@xr@w_@jh@_p@dw@qa@xc@wh@zh@yn@nk@,,,,,,,127,#1464a5cc,#1464a5cc,,,,,,,<div><strong>WAIKATO EXPRESSWAY</strong><br><span>Surface: sealed</span><br><span>Length: 19.58 km</span><br><span>Length rank: 1</span></div>
road_8324992,path,Road centreline,hamilton_road_path,RIVER ROAD,,,,sealed,12.152923828724996,2,@EAAufsgmIvlk~fAbFh@vELhH?pMO|Im@nL}@|JsAhMcCtBy@jHoCzM}FdLoIlKqI`IgL~d@q_AbO}XzAsCdB}EpHjBbCL~CFdDEnC_@lRgEhTeEtiCue@bJaBtWgGn@SjKaD`NgH~IaGdDgChN}NjN}NrKiJpGiDpH}DdJeDpLeEjE{ApP{Erc@kN~FkBlw@sWjC{@rc@oN`WgIxMiExc@iNzzAie@~QgHpJkEhHaEtC_B~LiHbIcF~LkJfL_Kr`BowAd^g[d[uXfZiUpHaGlGuFnb@g`@rY}Wbr@{n@ri@kf@xeA{dAtNyOdEaJ|CsHzBaHnAiLjAuPz@kSt@s^|Aw]pAyLzA{F|DoMtG_LvAeBxCuD\[pFeFzF_E|KuFvNqF|Y{HvQkDpl@sJ~OsDlHkBhDgAvDyAlEcBzE{B`HkEbGaE~EqEvD}D~DmFfD_GnD}HpDwJbPeg@zKs^zLq`@tCoItCyG~CcG`DwF|DwG`HaK|q@{|@zAcCzBkDzAyCrBkEpC_H|Ya{@vQii@pR}j@tRol@h[k`AJ[lY{aA~Rov@fSex@pZsmA`Ocl@rW{dAlE{NvCoIzBqG~B}FlD{H@C|LcV~FuJxFuIpJiMlHuI~L{Mrl@cm@vLqLfIeIjy@ap@rv@_j@xUsPnReNpOkLtGsFfI_HnIaIv\{\xIeJbYkVhFiEnCyBVUbLaIxAiArIeG~CqBxCkB|ByAzA}@bOoIhtAww@jJqGvEcD`L}HbKkHhYoT`v@gm@bj@oc@`LiJpLkJ~IsItf@kb@ht@ko@pMaMrJiJfYsWh\qZ|KuHvLaGvP{GdNaEzM{CvPmCjR_B~Ia@nKUdECnDCx[@zzA@jbA@vi@Grf@e@du@mBnc@oA|CIfQi@dK]pMs@pKaAj`@iE`wAiPvdAgL~OkBnG}@`HsAlJwBbGmBjIcD|EsBbFiCfCqAdl@qZvUyLzO}HvIyEvDwB|CsBvDoCpC}BdDwC~WmXxv@mx@tPiQtGsGzCiClDyC|HsFjIgGlLcIn^{V|P{LdPgLpPsLjo@md@|RmNdIuFvS_N|K_HdI_F|~@{h@hqAgu@bc@wVdFuCvXkPpt@eh@v\cV`IwEhF{CrPkIvMuFdPuE|RqEbNiBlNyAvLs@tK_@bGEzJA`SRtb@f@`PCxOKb]eBhKgAnHcAjFq@jEs@bF_AlEcAbFiA|EgA`EgAnEuAlEsApEsAzF}BzJaEvbB_t@vQqInHkD`GeDjDsBxCsBbD_ClDsCdDqCvCoC|CyCvIcJ`KsLfl@}p@rFkGNQhcAgjAtaBelB|CiDfCaClCmCrEaExFqE~WmRjeAot@pdB_mA~kAez@,,,,,,,111,#1464a5cc,#1464a5cc,,,,,,,<div><strong>RIVER ROAD</strong><br><span>Surface: sealed</span><br><span>Length: 12.15 km</span><br><span>Length rank: 2</span></div>
road_3200519,path,Road centreline,hamilton_road_path,TUHIKARAMEA ROAD,,,,sealed,9.549813901011552,3,@EAAq|ggmIflyagAlCr\rKh`@tI`[h@dFi@pI_B|IwFdZyYdvAeCxLu@tG?nB?`Cp@lDn@nDnBdE|EnG|j@~c@`[tVna@v\zMhOh]lc@dPrRrMjMdbAfz@~S|Q`d@p_@fNvLf\lYvF~Etq@nl@dy@hs@ppB`eBt_BduA~z@dt@bl@rg@n`Ady@f{@lt@|{@rt@p[~WVRneAp~@fObLpRjL~UlLfv@~[v{@t^rd@zRlMxG~DlCvJxKtCjFlH`PbE`Q@DBHnHzUfBhOW~V}BnLeEbNeBxFcF~LmClG}AdEkBjG_@fDe@xDExCE|EZtFf@tDnA|FjAdDlBhEfAlBzF|J|Qp[bGfMDDdM|Sda@fq@dH|L|ClFhAnBpDvGDFlf@tx@bDrFvLzUnm@dfA`Ztm@rKtTrD`HlErE`GhHnG~F~EbDtRxKz_@dTlWlNPJhHzD`FnCrd@zV~k@d\dHpE|EtDlFzEzDlEvDvEjEfIbDrJdDvKtE`SnEnQlGtVzAdG`B`HNj@`@vA`@fBd@fBjEpQzFhUpBpIpAjFlDpNjCpK|EtSvGlWjEbRnEnTdDbVtBxVlBbWpCj_@fCp]~AbT`BdUbAlKhAdLvAbI~A~F|@`DhBlEtCrF|AfClDhFzDbFrDjExIzJhDdE|F`HdE~ErClDlCnDdCjDfC|D|ArCjC|Fb@dAjB~EzBpJz@fHx@xJp@bQVfO\vPR~OTbRR`MFlGL~Md@dWl@fP`AbIv@dG`C`JbHjNzEzG`IvIxEhEtJ|GfQfLb[jR~PhKxIvFxK|HzKbKpB|BvBnCnDvF|BhEvBzGbC|H~DxQbAdFxAvHfFdXtElVfDnQlAzHv@fEp@fG^hDHpGCvFc@jIq@zEgCzKqB|HeItWwNle@gHdWyAbHu@dFc@vH@~Hl@lN|@dH~BlKxD|JtEjIjEnFtHtHlMvKr\lXj\rWtNbKrGrD~EhClMdFhFtA~EnApGpAjXdD|d@vE|RhBlJ`AhHh@fJl@`Mb@jMHnHDdN[`r@kB~q@oBty@yBrx@_CtL_@`v@}Bry@sBn_@UjTr@xMnAtFr@nPfDzL|DdMpGxKlHvZbXhTlThTrS|Zr\xTxSxJnHtM`HrJdEdOdEpGxA`QrBlNz@bP`@ll@b@vONlPb@|Mr@xEXpe@tCnRT,,,,,,,103,#1464a5cc,#1464a5cc,,,,,,,<div><strong>TUHIKARAMEA ROAD</strong><br><span>Surface: sealed</span><br><span>Length: 9.55 km</span><br><span>Length rank: 3</span></div>
road_3200521,path,Road centreline,hamilton_road_path,WHATAWHATA ROAD,,,,sealed,8.68039380384376,4,@EAAghpamIvu~agAoX]{Z_Ami@q@mk@Smx@Wof@Ka_@Gg_@UiTK_NI}LGsl@]{g@WeLGa`@Sma@S}^U}SMuKIg^O_d@Wy\Ii\Sgl@]s[KoBAmIA}^Ou\Uwa@[a\i@yHMqDK{EQ{La@oJe@uJi@aG[aLg@cOSoEAgAAgBDeADeAJeAHmCVeALiBZiDj@mATeCj@aE|@gEjAqF|AcF`B}G`CiDpA_Cx@gDhAuFfBuCp@wE`AwDj@wDh@}CR}CLeCB_CEyCGeCG{DK_BK}AUoB]aJqBqDgAsB}@oBcA_By@}CcBwBoAwBqAq@g@sAqA_C{CiCqDmCeE_FmJ{CmFiFmJaGiLkGoJ{FmKeI_OuGgL_A_By@}Am@eAy@wAcAcBgE_GkAqAiAkAeBkBoBmBgBeBcCsBqDaCeDcBwEaCqIaE_OcHuE{B_OgH_TwJ_VuK_HeC_Bm@qBo@kJqC{Cs@eDs@_Eu@qDs@kEs@mDi@iNsBmMmB_[sEe\yEwEk@sD]qCU}BMyDUkBGaFMiECmF@{DFyEJiYr@o@@U@iITa`@|@wh@jA_NZuMX{O^mSd@uQ`@k\v@sYp@yQ`@}GJeFDaKG{HUyGSqKe@yJe@iPw@gPu@cDQ_TeAsIa@oZwA}J]}GQgECiEDcEJaH\sD\kHbAcEv@mFjAmFfBeFlBwEzBkFjCyHpE}MxIaEfCuDpByCrAmEjBsCdAaFrA}D|@uEv@yGp@sIh@eLZiWZy^TiYZwVNe`@Vk]Va\Tk\Tga@\ub@^ce@\iH?kCAmC?aIKoGKqM_@oHSaHW{X_AoL_@_Nc@_MWmVUgTGsVKg]OiQKwVOm[_@{c@Wk^Yu]Sqe@_@ufAiA_h@s@{_@yAozAkEk[_AoSg@m{AkEcSq@e_@eAge@oAgn@eB}a@kA}AGeLc@{Lg@aBIuIc@uPoA{VaCki@yEmr@uGi]sC_J]wPs@kPO{g@[eCAkt@W}NL_Mh@wJj@{Gd@mSxBqZ`FgP|DiT`HcPjFoMtEqGhBuD|@oEfAkItBwIdB{NdC}\zFo[`G_NdCkU`FiTtFyPpEu\fKuW`HgBf@wv@bTweDd~@_q@|Qcp@lOweBjCmEFg]h@ogA`Bgg@t@{Tb@uf@bAu|@lAom@vAgt@Ja`@wDak@eJgi@uIcFy@cn@aKyp@wKwmAaS_k@kJgaAyOkj@kJenAySmMoBmKaBq{@}M}OyC,,,,,,,100,#1464a5cc,#1464a5cc,,,,,,,<div><strong>WHATAWHATA ROAD</strong><br><span>Surface: sealed</span><br><span>Length: 8.68 km</span><br><span>Length rank: 4</span></div>
road_100047455,path,Road centreline,hamilton_road_path,GORDONTON ROAD,,,,sealed,8.64570288946305,5,@EAAcgpkmIb`~zfAj}@r~CzCbKxC~I`GpOb\|s@re@~cArx@`eB`DlF~BlDxCbEjBjCxBdCHJ~CzCpCdC~ChC`E|C`OdIxYhNlr@d[lqBd}@~IbEvyAzq@tNjHjE`C~EtDfH|EjHpFhItFtItGlt@tj@pk@vc@fb@~[zCzBdGlE|ShPbMvJvKxIhJtHvLrKxHlIpHxJtDhHvCfH|AhFj@zBfA|Dj@tETnDJnJ[tIm@vHy@rEgEdSyLle@wd@peBqa@~{AgOxh@kFtS_BxIk@|IUvJNpIbAlJjBtIjClI|DxHpB~CnBzCpG~GnHrGhIvFhJxEzD~A~D`B`Q`FbL`CtLrBlQxCjSjDtY|E~L~BtLxBpLrCxJrCfFdB~FxBnEnBhErBlEdC`DdC|ExCbGnEvDnChDtClGxEjb@l\`c@`]zGlFpI`HhVtRzVvSzC~Bz@p@fSdSjN~O`K`MxJdNvIxLhJ|L|F`IbJ|LnIxL`F~H`IdNnHtMpD|IlErL~FrPrB~HbCjK`GxXhQry@vOnu@rD`OxCrIbDlI~DrHnBbDlDpFrDvEnDdEnEnExCnCpCjCzCfCjMxJlRfOzMfKxH~F~CbCpC~BzC~BvCfCrChCvCrC|BdClC~CbCxChD~ExGfKfDtFpFdJtZph@lAdChcAfeBxEjIjZnh@lHvOpF~OvCdK~BnKzCtOxCzSbC|PtClTxExb@hRl}AvK~|@d@rDvAnKjTv`BvFdd@hLxz@hHnj@hH~j@lBrVVvEInN}@|IwBxMou@d~DkTvhA}Hha@{BdL_Rd_AeU`kAK`@_HpUsmAr`D_Unl@aZ`w@{h@ruAmz@|yB}CfIaOn`@mCfGqBzG]hCi@zDUjHNxGfA~HtDhPZvA,,,,,,,100,#1464a5cc,#1464a5cc,,,,,,,<div><strong>GORDONTON ROAD</strong><br><span>Surface: sealed</span><br><span>Length: 8.65 km</span><br><span>Length rank: 5</span></div>
road_7741012,path,Road centreline,hamilton_road_path,HORSHAM DOWNS ROAD,,,,sealed,7.757397861850562,6,@EAAebjfmI`i`{fAyBrKeEhJmClEsCfEyC|DkJjJiMbLyJpIuRnQ{b@vb@qLbMyK`MkDjFgD~FgCzHgBbJwAxPgAbT[fFg@bD}@bEaB|D_CjEsBhDmC~CsDnDgG`EqV`Mwc@`UaUrLqDnB_n@n\_K~Fy`@`V_[xQib@tUyS~KkaBb}@gKnFgIpEiInE_FvBuDfBeEvAoE|@oEj@yF`@}Lb@aLf@}Kd@gMt@oGl@oEh@oEh@eEx@mGnB{GdCqE`DmDpDmAjCiAtCiBjIkC`QqA`HgAtD_BxCmCxDkCfCeDbCyO|I_^~Qub@xT}DdCsElDeG~F{BvBaC|C{CvDyBbE}JvP}NtX{NhXcMbTuKvQ{PjZsDfGuE~GeClDoFfGqFdFsElDmIrF_JrEsEzBiCjAcClAoHzBiFtAyKfCoUxEy_AnS_\hHkf@rKiOpDqRdFkw@|ToLxCeJfCkJbCkIdBwEr@iGp@yPtAeo@lEyp@hE_|@vGk|Bd]ee@pHwGhAwE`A_EfA{EdB{DfBoE~CqCfCoIlIee@pl@{Yba@k@lA{@zBc@hBQhBAlAL~AZfA`AbC~AtBlCxB~CvBlDjBp[hObK~E|DbCnE|CfCjCpB`DtA|Dv@pDVbDRnDRxGzAlk@jAjc@BvHi@tGg@fDaBbIuA~Es]dhAiKd\oBbG_FtMoBjFoB~D_DvEgDvDgFhDsGdD_HtBiJbCuOnDgz@|R{lGr{AwaAzUs}Btj@iFlAsWnGwRfE{D|@eF~@qFz@uFn@uIr@gFXcFXytCbJsH^gGf@wFp@kEt@wEdAaH`CkGrCuCdBuEtCcFzDcK`KaFpFcE`FkHlIy[~^}t@t{@{LnTgIfMc@|Ag@~CUnBQlCIjEHnCRjETpC^rC~CfTvDpUnAlJrAbItAdGf@pB|AvEdBbFhDpH~GrL`JbO|JfPvI|NvYng@pRf^lKbRxDlH~GxLn@fAz@`BtMjVv[tl@pIbR`GpMpHdN|OjZnOlY~HzNBF~Wpe@rGhLfLbTdFpJxDjHtFhKdEfKjBpF~@rE~@|GfAfLhAvLdNdsAVpIQrH}CjWoCdUuBfQ,,,,,,,96,#1464a5cc,#1464a5cc,,,,,,,<div><strong>HORSHAM DOWNS ROAD</strong><br><span>Surface: sealed</span><br><span>Length: 7.76 km</span><br><span>Length rank: 6</span></div>
road_8114225,path,Road centreline,hamilton_road_path,Road centreline,,,,unmetalled,6.757449030729476,7,@EAAoeqmmIdlpcgAtnDeaCbr@ie@hmAcu@tnAcw@`e@y^tZkXjXo]lQkYrNwXFMpLoXtJyYtGc`@bBuTp@wQ@kG@iKG{Ui@mUmBgUa@yEmDyWuKy`@oJ}UqLuV{O_WaQkVwBoCeN}PmL}LgQqPia@{^EEadB_zAq~@_y@w^c_@sWc]kNuSoR_\oNkZoFqOyAoFqC_KoIyZoHm_@cHkf@eCe^k@}^^mZrBo[~Cy[pF__@rGw[xMaf@rNa_@xQy_@jSc\jSmWdb@qd@jYmWrc@s]vr@sj@zv@qm@jf@m_@t_@}YxjBwzAjt@}m@hGiFdm@ok@h`@w^ra@cd@xXm\bX{_@`TyZth@ez@`V}a@pPk\~Ne[jW{l@xQ{f@hO{d@lI}YlCoJxIa[^yA|Ie]hIk^bIed@jHyd@dYkgBHk@rKoe@rUi|@~Wa~@jv@usBdO}\lN_Z~JqQrN_W|LwS,,,,,,,92,#734a12cc,#734a12cc,,,,,,,<div><strong>Road 8114225</strong><br><span>Surface: unmetalled</span><br><span>Length: 6.76 km</span><br><span>Length rank: 7</span></div>
road_100045270,path,Road centreline,hamilton_road_path,PEACOCKES ROAD,,,,sealed,6.602967400798212,8,@EAAqghjmIduvbgAwKuE}F{BaEkA_CSIAsBAmCVyBr@qBfAs[zV_SrP{CnBcD`BqBl@oB`@{Db@{Nx@mEVyCRiDd@cE|@oBl@oB~@_B~@mFpE{@t@}GzGgFtEqG`FiFvCyA|@cEbBuIpD[Lu@`@_HvD}CnCuKdK{[nZkXqN}TiM{d@uWek@y[oZaQsPqJu_@mTkVeNyd@}Wi~@ki@mIgFsM}GiFwBgGoByEm@qE[kKQqOjAuIfC}F|DqDzD}AvCiI|SoNva@oR~h@wCdIwCfIoG|KoNxN{DpDmHfG{VzOaM`FuSvGw]~HoTbE{JnAaIv@}P~Ao^fCye@tDic@pDmWnBsId@qCHoESiPi@u~ByRsPyAsJUoHLqDf@iDl@yCr@cFfB}DtBwE|DcCtC{ClFkAbDmBhGeCtJuJx_@cn@hgCc`@p`Buk@`eCeOpm@kEtQy@pDa@zBk@xC]lDQjD?rCP`DHp@\bCpAnEzCdHhFbKb[dk@vNjXve@~|@pTz`@xPtZxFpL|AtE`AzE^jFVzIVf_@Vdj@RjOv@nIp@bDbA`EtAxD|ChHnB~DvBjE~C`HlDtHvBbFzAdEnAdEf@xB\zAf@fDTzBX`ENzDBfFI`CQpCWbCi@rCi@tBw@pBcAbCeCtF_ElIgDdHkCdG_AfCm@jBsAzE_AfE}A~H}@fFwAnIm@hDm@pDo@jDs@hEcAlGu@pEo@nEc@lDWzCSlCEfD@jCFlCZzDXfDf@bEz@fGt@nFv@xFx@fGr@xEz@fG`AfHh@`Dj@dEf@dDf@bDr@fE`@tBb@jB|@lC`AbCrApBnBtBvBjBfBjAlAt@hB`ArDdBdI`DrG|B~]dMLD`rA|d@pe@~PtKjDd[`LhLfEzF~BrFvBhGvDnCrBtDlDxGlI|H`KlNfR|KvOjNzQpQ~UrGlInRvWxN~RjLlOzP~TzG`JdL|NnLpMbOnMvS~O|I|GzGdFhL~IdK|HpIrGpZtUxJ`IpDbD|BzB`DdFxCdI`AtEzJzr@tBdOhQxlAnInk@fDvThAjH,,,,,,,91,#1464a5cc,#1464a5cc,,,,,,,<div><strong>PEACOCKES ROAD</strong><br><span>Surface: sealed</span><br><span>Length: 6.60 km</span><br><span>Length rank: 8</span></div>
road_3200526,path,Road centreline,hamilton_road_path,MATANGI ROAD,,,,sealed,6.169411599798473,9,@EAAulhpmIt{jbgApFmAxGeApGWrHEvGG`~EqCliA]``@OjLEr]W`l@o@b[w@vGQjSg@bm@oBtvAmExg@{AzO]tLc@~Hc@tJgAnGeAjJwBvjB_d@jrAo[rD_A~IyArGaAxGq@pFe@fHo@pt@aFrhAuHnMgA~kCgRdKu@tbAkH~z@cGlZ}AfJYhHKvNH~IXtFXlHn@`I~@~GhAxLjCrI~B~HnChG`C~KxFhJrFzf@d[hn@fa@f{@|i@vo@pa@`gA`r@h[vR~HxEvHbEtDlBtJ`E~DzAvHzBfGzAfFfA~JbBlGz@zGt@zHd@|Jb@tFFdMD`GKxLa@jYaBn{CeSdbAuGlbAwGbxAmJb}AaKzlA_Ijs@wEbcDqRvW}Ap[mBx|D{Wvx@sFb~@eG|l@{DtfAwGnM}@nHu@nDe@tGqAfDw@zHaCbEaBlFiCzDsBpEwCbCoBhEgEdDwDnEoGxDuG`Sq[xLuQvEeGpFaHzGoHhLyLzR}R~}@}_Ah_@u_@pCiClFyErF}DpD}BvDoBxEuBxFyB~IaD`}Aqi@rEuAjEgAjFkAjG}@nGu@jQcB@?h^iDpFi@`v@iHzOk@fIGzIf@~IdAjJ`B,,,,,,,89,#1464a5cc,#1464a5cc,,,,,,,<div><strong>MATANGI ROAD</strong><br><span>Surface: sealed</span><br><span>Length: 6.17 km</span><br><span>Length rank: 9</span></div>
road_3200523,path,Road centreline,hamilton_road_path,RIVER ROAD,,,,sealed,6.088607654903631,10,@EAAalvimIlphagArIwOpLmW`GkKhB{BzG_G`I_Gxh@i`@rb@i\bPsMpHgG~FyExPcNbCoBxFeGfIkLtIePvAiCjCmFnoA}fCvg@}dAr_@}t@hBsB`FuDfWwGp_AgTvE{AlF}C|j@c_@vZiSfGmEv^eZ~IeGr@g@ps@wd@vLsGhmAqq@vN_IroCszArUiM`GeDzGcEhs@yq@h[eYtJyIrYeYlZuYzb@cc@|q@kp@zNeTzPmX|Xe_@vBaExBoDnFwIfFeLtEaKzFkPpBuGh@mD^aClBc|@@eKOcGwAoRyBaQ_Ls|@o@_FuBmVk@cPk@uZB{c@l@qQp@}KhAqGxDwVzM{w@vAkI~Gs`@v@iJXcVjAkeA?sC@eTaAqV}@aQcB_NIiBsAoYGgINsFf@qR|@}_@zG{iCBm@dFyjAnBkPvDgRrCkInIgUhFuLxM{XjCgDpE_ExHuDvGgC|UeJ|NcGhoBev@|PsH~HcEhO}Ij|@_m@lnAmz@hhBinAnKiG`MmHnUwKpTmKlIiGdIeIt@aAnD{E|AsB`c@_l@b[ic@,,,,,,,89,#1464a5cc,#1464a5cc,,,,,,,<div><strong>RIVER ROAD</strong><br><span>Surface: sealed</span><br><span>Length: 6.09 km</span><br><span>Length rank: 10</span></div>
road_3200520,path,Road centreline,hamilton_road_path,COLLINS ROAD,,,,sealed,6.0476882777890015,11,@EAAq_kimIjrecgA~q@qGhAKv\yCdHm@rj@wEhIUxIb@fLtAb}@vKlC\rQxBd_AhL`AJ@@vx@nJhUrCdPpCdCr@`ElApGrCdJdDtDlBd[zLpe@bSvIxDnFxB~G|DvKzElJ|DbBt@znAzh@~Z~MlCjArVtKlRdIv}@~_@vv@`\ro@fXnJjEloAxi@h_A|`@HD`qAbj@|_DltAhSzHfKxCzMjD@?rf@nK`VlF~UpFvHdBxf@dLvg@|Ktn@zNjcBz^de@~Jlh@|Kxl@`N`i@~Kj}@|R|`A~SxbCji@vXfFvVvD|KxAtSrCxZnEjbAtM`z@vKnr@fJzz@`LbZ|Dzd@fGz{@zKpk@vHlJpA`RdCnZzDjT~C|VxCbPpArMz@hFV`DBhMBfSNtZHfc@P~}@VhWFpg@Jxa@Rvg@Pr\Jx^Px]Ll]Nlm@`@fJDhh@Rh^HrYH|UD|SHpSB|`@N|`@Jz^JfZFbMFvXJv[Hh^LvXFp\Lxq@T~q@T~hA^zn@N|m@Tvf@VjKH,,,,,,,89,#1464a5cc,#1464a5cc,,,,,,,<div><strong>COLLINS ROAD</strong><br><span>Surface: sealed</span><br><span>Length: 6.05 km</span><br><span>Length rank: 11</span></div>
road_7741010,path,Road centreline,hamilton_road_path,MANGAHARAKEKE DRIVE,,,,sealed,6.009309461130484,12,@EAAumhemItnf{fA~Ox{@zl@zxCzYfyAlElPjVx`A\rAtMdd@ldAxcDbHpTtAfE|k@bgBn\jcAhBtF~jA`oDza@vpAtYx~@r]xeAvT|cAjCvRzBlPL~@pF|`@^|ErBdXjAhX|@f^Nlc@Y~a@k@rV{@zMgBpXq@fJeBfQ_CvUsEtY{BrNoKdg@wHh\kDdOoKll@eGtg@{Djn@Bpl@`Axk@d@xI|@vLJhAfAlKfBtOHf@|ClRFZdCfMlDdPJf@^tB~@bEfBbI~Rt|@bLxl@bGfl@rCtl@H~f@yBbj@mCd`@u@zH}Jnk@uIz`@wKl`@cLfb@gQ`p@cIjYg[thAoObj@gb@t{Ay|A|uFqEtPse@~gBuSnu@,,,,,,,89,#1464a5cc,#1464a5cc,,,,,,,<div><strong>MANGAHARAKEKE DRIVE</strong><br><span>Surface: sealed</span><br><span>Length: 6.01 km</span><br><span>Length rank: 12</span></div>
road_100119214,path,Road centreline,hamilton_road_path,PUKETAHA ROAD,,,,sealed,5.115683350278468,13,@EAAqnximIldl~fAsDs@yDgAyPmHuXsLsJeEod@}Pui@gTi[wLgPaFwt@mP{Q}DiKaDaUcI}f@}Rq]oMyY_L}{Bc|@q}Amm@wjAcd@yw@mZcv@aZyw@i[c_@iNgr@mXWK_e@uQwl@uTkb@kPSIc]yMaNmFu@Y{j@qTwXsKcLiEg`Aw^w@[clAmd@w}@}]ySeJ}GsDgLgG{UoNcKgF{a@_Rce@kQyU_JyZiLcDgA_yEgjBeJmDcaB{n@ozDwzA{s@uX{`Ee}AuwBqy@ehFkpByk@_UghAub@mmB}t@co@mVgJiDcJkDmFkCiD}BkCcC{A{BuAuCgAyDc@sDe@}U,,,,,,,84,#1464a5cc,#1464a5cc,,,,,,,<div><strong>PUKETAHA ROAD</strong><br><span>Surface: sealed</span><br><span>Length: 5.12 km</span><br><span>Length rank: 13</span></div>
road_6063584,path,Road centreline,hamilton_road_path,ONION ROAD,,,,sealed,4.981758813890816,14,@EAAyahemIvw_~fAlC}@nBqA~@cA`AwAj@gAtDmLdDyJfp@svAba@c|@fFaLbUih@xW_n@jT}e@jVsi@~R}b@bb@qaAlZ{m@dJ_Rb^wt@xYmm@rFoM|EeL|Rci@fMy`@pF}R`FgR~Jyc@?CbFkNpBmFjBuFhDsK~Mma@hGThA@~ALpB\zD|@~EtAbEvAfD`BvDxBpCtBhC|BzBnC~BpC|AtCvA~Cz@xC|@`D`BfJr@hE|Izm@`B`LfDxUnA|Ij@bD\rAj@`DdAdEbAjDpAfDnBlEfArBhCbE|BpD~E|FnCvCfDnCzBjBhDdCzDbC~ChBvFpCvBbA`KtDnLfD|WtGzKpC|QjExCr@rATbJtB~GlAfEl@~IhAxD^hMd@bIP|JKjMg@jFc@dBUd]eEpCc@tcEui@nkCk]~oBoW|XmD|l@_I|mAyOfhAaOpC_@f[}DbeEoj@bbA_NvP}BnM_B|S{BjSqBtGk@rHc@~H[`LObq@o@H?bm@_@hRSdHWhFe@lEg@rF{@jEy@tEqAbD{@rEgB|EsBnG_DpHuD`}@kd@lTaLjEgCrCoBtCyBfQ}Nzo@}i@baAgy@hNwL,,,,,,,83,#1464a5cc,#1464a5cc,,,,,,,<div><strong>ONION ROAD</strong><br><span>Surface: sealed</span><br><span>Length: 4.98 km</span><br><span>Length rank: 14</span></div>
road_3200527,path,Road centreline,hamilton_road_path,STATE HIGHWAY 26,,,,sealed,4.667375124326521,15,@EAA}{~nmIzbs`gAf\eHnh@sLd]gI~SmF|n@uOzsBgh@zNqDnQaE`TyDbKsAjLeAbG]pESvFQpLIpEDxFD`FPhETzF^bF`@fFh@~En@vEt@~Dr@jFfA|D~@hFtAzDlAjEzAlEzAbEbBjDzA~DjBhErBhJvEnKlFdr@|^bhHzvDdrAfr@`v@~`@b~Azy@`h@hXhz@rc@|a@`Ud^|Qjd@`VbMdHldAnk@`uB`tApp@`c@n^pU|t@~e@tFpDfxAr_Adz@ti@`|@~j@jp@tb@|\tTfm@l`@n]bUfSrMvPxKnc@lYbsAj{@~W~Pnt@xe@du@|d@fk@`^lJjGfw@jg@b}@rl@x_@nWzX|QpUzNB@nIlF,,,,,,,81,#1464a5cc,#1464a5cc,,,,,,,<div><strong>STATE HIGHWAY 26</strong><br><span>Surface: sealed</span><br><span>Length: 4.67 km</span><br><span>Length rank: 15</span></div>
road_3206994,path,Road centreline,hamilton_road_path,KOROMATUA ROAD,,,,sealed,4.476152964550434,16,@EAAeqmemIffbdgAfKKhUJxRFdNHlXFbLApZAtQDhXDt\Jh[Lfi@Tj]Pdr@^fRHhMHhWJtYLfZLx\FhZPb\HvTFpMDpFBp`@L~_@JhZLpUFre@PjLBv}@Zvq@V~`@Jlz@Zhv@Pvs@VxB@hR@~}@\`jA\|xAf@nwEhAlXF|QFnUB~THlTFxWJbm@P~THb@@jNFlWHhj@R`VLlXJjdCn@bFKjAA|D]nDa@tE_A`Co@p@UnDmAfDwA~JqFfEyBzJoFxN{HzOsIzUkMlCuAhDiBj@[hJcFlIqEvCkBjCiBxAgApAeAlE}DvC_D`H}HlHoIjIiJnHyInKqLvMwO|GuH~A_BzDoEfDuDdBqBvCaDjBuBbHsHlAwArCwClBiBtBcB~AoApBkAlBcA~Ao@tAa@dAYfAWrCc@hD]r@EtHWzA@rAHlBNhBP`BRjB\tBb@rA^jA^fAb@lBx@pAn@`Aj@vAt@rDfC`D~BrFjErJnHjGhEdDjBrAt@`Bx@~Ar@fC`AvAf@`Cv@nD`AnMbDtfApVnInBvt@vPtr@|Oxu@zPrp@fOdh@tLtYjGnb@vIhb@tIjLfCnLlClKlAlBV,,,,,,,80,#1464a5cc,#1464a5cc,,,,,,,<div><strong>KOROMATUA ROAD</strong><br><span>Surface: sealed</span><br><span>Length: 4.48 km</span><br><span>Length rank: 16</span></div>
road_3206997,path,Road centreline,hamilton_road_path,EXELBY ROAD,,,,sealed,4.174167516833379,17,@EAAcplcmI|us~fA_BlCc@v@aB~Bm@j@kAv@}Av@oAb@}DhA{o@`Mmy@nOaOvCkCl@uBn@kBl@{Bz@_Bn@mB`AoCbBcGrEmL~JsHvGgB|A{L|H{DtBiA^wD~@kJ~AkPjCsYzEkFlA}FvAqH~BqKjDqY`Ls]nNaFrC}AnAcBlBgBjCcArBeAvCsAdGeBnKwDvX}BlPgE~XaDbUc@pCOzAIjCAfD@bBVtBz@rDzBbGjG|LdO~T~W|c@|CvGXr@QpBo@bDc@bCUzASr@w@jAsAhAq@b@sBd@{B\qAJcBBwXVea@Hye@NoTX_DFkDJyFR}SjAef@hC_c@vBgd@~Bm^jBuHh@qGf@iQzAqTdC}Fb@eCV_E^mD`@wDh@eEl@iInA_Dp@mBd@uC~@uCpAsC~AiAt@wAvAsAxAyA|Bw@xAiAfCeArDqA|Fo@jDaCvPcCtOe@hC[zBOt@Sz@m@nBcArC_C|E_A`BmBbC}DnE_FhFqCfDgGfHiHrIgDlDyAlAcC`B_CpAaDhAoDz@}ATgCToCFwIEuNYif@mCqYgAuY{Ai[qBwY{AmHfAoDjAqF`CeE~DqCrHYhJuBle@kBdIeGhLmHvH_}@zs@qQdJcRpGqNnFkNpF_T|KmClBwEfDuFlEsKbLcCbDwElHq`@dw@gPn]gTnf@oIrOob@dj@oDzF_HrMmD~J{Z`hA_EjHuD|EoEpD}DrB_FrB}H`CeM`Acd@|Asn@`BmVjAgF`@mFx@kTrDo^rHm^~GcMhC_PxD_p@jR}IvC{EhCyChDeAhCq@rBo@hB,,,,,,,78,#1464a5cc,#1464a5cc,,,,,,,<div><strong>EXELBY ROAD</strong><br><span>Surface: sealed</span><br><span>Length: 4.17 km</span><br><span>Length rank: 17</span></div>
road_100047446,path,Road centreline,hamilton_road_path,RAYNES ROAD,,,,sealed,4.159378630135713,18,@EAAmh{jmI|w|dgAmYqDiKkAuIa@{FFeGZgHp@qFt@wEnAoBj@{HvC_KdEyElBkGrBmHlB}JfBuVjDoMhB{[vEc^bFym@zIm|@dM}|@bMqMjAkJ^kHBoFGqEOeF[yKgAqHqAkG{A_G_ByIkDwG_D}LwGiVeNeEaCi_@cTmNeIiNaI}HoEcJeFmKaGaRuKgTaMmI{EwFuCuE}BeD}AiDyAsDoAeDeA{JiCkLcCqQgDqL{BaMaCaLwBgI{AcCg@yE_AaKqBoHwAk@MgLgCmI_CmH}B}EkBsDaBwDmB_DeBgDsBaDyBwDmCsCqBkDkCoDmCoH}FqIoGcHoF_I_GgHqFeHoFaE{CmHwFsDsCqHyFeHoFeIiGsG}EwDsC}C}BoEcDoHcF{GiEeEeCsJuFmH_EaEyBcE{BsCyAqEeCoDkBoDmBuDmB{DoBmDaBiEkBaE{AeEuAeEmA{EiA{EcAiGeA_Hu@}Ga@_GQiHGoGFuFLaEVyG`@cLxAmJhBcFpA{FfBqG`CmErB_GzCqCnBmDjCqCbC{ClCwBzB}C|CgC`CoCfCgDnCsCvBmD~BuCnBwDrB}DnBwDbBaEfByDzAkK`EwJvDiJrDmLpE_FlBkO`GeKzD_JnDcE`BmEbBiEbBeE`B}DzAcE~A_E~A_E|A{D~A_EdB}DfB{DhBoDlBkDrBkD|BcD|BwC`CsCjCmChCgCnCaCdCiCvCmCrC}BjC}CjDcEnE_ElEuDdE{C`DcF`H}CpFqCbGcA`C}BpGeAbDiApDcAfD{@xCgA|DaAhDcAhDcAfDiAjDmAjDoA`DuAlDyAbD_BbDaBxCqB~CuBtC}BvC_CjCmCrCsC~BuC|BcD`CmDxBgDnBoDlBaElBuD`BeE`BaEtAiElAeEfAwEhAqE`AoE`AwEbAcL~ByKzBwE`A{E`AsFdAiOxC_PbDqL~BeKpBqFjA{Dv@wEhAiElAgErAwDpAeEdBoD~AuDjBkDjBmDrBkIjFaMfIaJ|FyFrDmEvC_GzD{FpDiG~DaNpIoMpH{RxKwK`GkOvIePjJgKtFyLjGgMnGaI|DyIdEeIxDuGxCoFtC}EdCwCbByChBwChB}DvCkDtCkLhK,,,,,,,78,#1464a5cc,#1464a5cc,,,,,,,<div><strong>RAYNES ROAD</strong><br><span>Surface: sealed</span><br><span>Length: 4.16 km</span><br><span>Length rank: 18</span></div>
road_3218970,path,Road centreline,hamilton_road_path,PUKETE ROAD,,,,sealed,3.754396626926352,19,@EAAatlemIfgn}fAXyDx@qHr@_G@}BIw@uAy@gBCmARsAt@kC|A_Al@sZvRyWpOkd@zXm\~R_SpKaFdFcEjFaG_BmKmAyJ]_NbAiVpBejApJmrA|JcMxAiJ~A}D~@cGbCcH~Cu^vSqV~Nut@rc@k]|Rgj@~XiG~Ci^pP{S`K{FvC}HrFusAb|@c@XiJlGcc@pWwv@dd@iPdIeRlHkNdFySvIwTlI{QfHoKbEcGjDmGpE{@t@uBlB]ZaGrGu@`A}C|D_DtFkGbPuLnl@qEdR{ApHoBjJgEhOW|@gHhSsOd_@eD~HgIbTiDxGaCxDsCnCyBtBao@~d@q[zUcHlIqT`YwBpCUZiBhCy@fAcFfHyAlBoArCuBxE_AnCm@jBeE|T_Krm@c[bmBcA~GcI~e@sg@f`D_DhSg@jDgLzu@}CrSk@vCi@~DO`AsAlPKvHJjWB~ENdHSjD]hD{@zFsAzDqCxG,,,,,,,75,#1464a5cc,#1464a5cc,,,,,,,<div><strong>PUKETE ROAD</strong><br><span>Surface: sealed</span><br><span>Length: 3.75 km</span><br><span>Length rank: 19</span></div>
road_7741071,path,Road centreline,hamilton_road_path,TE RAPA ROAD,,,,sealed,3.6862649650734656,20,@EAAwnbfmIvzs~fAnoDewC~[sYrKiLdJqLhFyGzKwPjWm`@dEyGtJ_OjFqIvQwX`zA}}BpOwWpKaRfGuKhCyHdUmu@nzA}cGtq@yoCJ]lByGznAotEdA}DrGwUzFwQfI_ShIsPhVk`@dXu^hOcSvH{KzUg]p@aAnAgBbBeCphBijCduAopBhj@{w@pLwP|DmFbv@aiA,,,,,,,74,#1464a5cc,#1464a5cc,,,,,,,<div><strong>TE RAPA ROAD</strong><br><span>Surface: sealed</span><br><span>Length: 3.69 km</span><br><span>Length rank: 20</span></div>
road_7741070,path,Road centreline,hamilton_road_path,ROTOKAURI ROAD,,,,sealed,3.4660647273509038,21,@EAAk~xcmIntk`gAyMKeW}AcPoAsIk@_F[eAGwCMgFWsEKwD?cFHcJh@eIl@uOvAiMnAo`@pDi`@rDmTtBk[vCaMfAoXbC_F`@sBPmEXmDP}BH}CFyB@aDCiCEaFOiESqESwDS{EUiH_@wRiAgIe@kPy@qOq@gOs@}SeA{UeAqe@qBsZuAwCOwD]_BSyASaEw@gEeAmJ_D}FgC}HqDuJsEkI}DuJyEsPiI}V}LwN_H{HiDcIwCcFeAgE{@oFUmKKmUVg[Pyb@`Aie@`BkXrAka@lCkNh@}F`@iHVuCCyD[uDkAiD{AcJgE_YkNeX}Mu`A}d@wuDsiBIEgNkHiG{DyCwB}BiBkC{CiB_CaCsDoEyIsHsPcMsW}KoTkKwRcDsGcKoRiZ{j@aB{BeDuBeCy@}Be@oBSwC?cCb@iC~@qCzAmCpCiMpP}Z~d@}LfRcIvMiCrCgCxBiC~AiBbA{KnEwUjIcNlEgO`FsElAsCl@eEt@aETqBEqCC}BOaDQmEg@qj@wPa]sKmWqIa`@uLwWmIm_Bmg@c|@cZ{G}B,,,,,,,73,#1464a5cc,#1464a5cc,,,,,,,<div><strong>ROTOKAURI ROAD</strong><br><span>Surface: sealed</span><br><span>Length: 3.47 km</span><br><span>Length rank: 21</span></div>
road_3206385,path,Road centreline,hamilton_road_path,PEACHGROVE ROAD,,,,sealed,3.452985634654981,22,@EAA{gmjmItqoagAfc@cd@tO_QnC_Fv@oC^qEr@kKp@iLrBwYjBwZdFez@LmBd@uGFgDxDwk@|AaWnBi[jCk_@nA_KvA{LZuLi@mT}AcTu@qNeCyd@gBy[iBq\k@yOqCki@eHypAw@{NkE}c@qEu`@uBsSe@wEPoFJeCVq@?AjEyJvQw]fHyMvJ{PjCeCjCmBxCcAvJaDzIwC`YqIrXmIr\aKzk@sQdEoA|Au@nB_AtEyDrj@oi@fFgFli@{h@tMgKta@{_@b`@k^|Oo[rOo^~l@a~Ajl@s_BpAgFvSgkA|d@uoCdKwl@hDcKhIsIrs@ae@,,,,,,,73,#1464a5cc,#1464a5cc,,,,,,,<div><strong>PEACHGROVE ROAD</strong><br><span>Surface: sealed</span><br><span>Length: 3.45 km</span><br><span>Length rank: 22</span></div>
road_3238127,path,Road centreline,hamilton_road_path,VICTORIA STREET,,,,sealed,3.4408494015801536,23,@EAAczdhmInng`gAgT`Iw`@dMoyC~_A{WpIgVzHiZ|J}m@rQ}`@xLaJnCoMdGsAt@qH~DiKxIiLrMgLpMoOzQa@d@mQ~UaGdGwn@ro@mGvE}KxHaV|Pk`@hVaFxDcGvFki@rk@uV`YmFdGkQ|ReE|EmDnDwBtDc\`p@eFhHio@vr@_TzXcVfWuWrZ_t@~x@wdBhnB}n@|s@ys@jx@gPpQu@x@cBjB{A`BkApAiVbXoUpX}oBhzBygA|iAw`@jb@{LnMe^|^_cBvgB,,,,,,,73,#1464a5cc,#1464a5cc,,,,,,,<div><strong>VICTORIA STREET</strong><br><span>Surface: sealed</span><br><span>Length: 3.44 km</span><br><span>Length rank: 23</span></div>
road_100124323,path,Road centreline,hamilton_road_path,RUAKURA ROAD,,,,sealed,3.3662465303457987,24,@EAAixjjmIdm|`gAo[x@sPt@gNdAgc@hEy}@lJwf@nE_x@zHgYpCwRrA_CNwP`Baf@rEuGXeIBi`AuEqa@}BcfAcGguA{HioAoGoP}@qRcAsYSsO\}K`@sMfA}RvCoc@|HazCvl@aJbDwIjEyKnDuJi@eJ]cKs@yRyCEAor@}Lcl@gKmd@wIuHsAiGw@yEo@yDk@uDy@oSsQeOcM}u@kn@ouAiiAwx@up@gdB_vAkJ{HuIcHku@im@q}@eu@i{ByiBgj@cd@yJ_IgDiDoCyDqD{FyGeLyBuCaCgCqDuC_FqD,,,,,,,72,#1464a5cc,#1464a5cc,,,,,,,<div><strong>RUAKURA ROAD</strong><br><span>Surface: sealed</span><br><span>Length: 3.37 km</span><br><span>Length rank: 24</span></div>
road_8325084,path,Road centreline,hamilton_road_path,OHAUPO ROAD,,,,sealed,3.0702907044954464,25,@EAAkqyjmIveiegAtB{ItAsHNuJA{Hu@}SwAuV_CcZoCq]_BgMmBkJkCyMmE_SyI_c@YmAiCyLkG}YoE}QcAyFqB{My@{Ia@sNt@oMbAcMzBaPtB}I~BkJjCaJjJ{X`Kc\|E_PfHmU~HsW|AcGtAoGhAgH\iEP}CNmDCeWg@wYKyO@_Md@wIj@aFlByJvAgFjDiJrD}GbEiGpDqE|FyFpDmDzFiEzb@q[d]}VdP_MfKiI`FgEvEmEhEkEnDcE`D_EzB{CdDeEpDiFnGkIjH_K~EyGvAwB~CcEhBaCzBeDlCwDpBmCvIuLvB_DtBoCxEyGnC}DhEkG`E}FfDyE|CoEbDkEtBcDfCgDxE}GvDsEnFgIhNaRxJcNbHcJxGiJrIgLzS_ZnLoPvMsQhV{\~Q_XrDqFnCmExCsFrBsE|AyErA{E~@}D~@sGt@iFdAgH|B_QjA_It@_G~D{Y`EwZvFo`@tCoT|AgL`CmQlDsVYoHH}HMkHo@{IqBuP]wC,,,,,,,69,#1464a5cc,#1464a5cc,,,,,,,<div><strong>OHAUPO ROAD</strong><br><span>Surface: sealed</span><br><span>Length: 3.07 km</span><br><span>Length rank: 25</span></div>
road_3217405,path,Road centreline,hamilton_road_path,GRANDVIEW ROAD,,,,sealed,2.9212879376820338,26,@EAAwgcfmItbyagAeHkcA_HwpBIoAcBiXeA{P_A_HwCoIqEoIcFuFiEgE_ImEqHkDaD{AwPuI}KwK}D}GiCqJwAiH^qKbCwMbB}KpDiO`I_RtNgY|i@o}@hEkI~CiIjBkKb@gJk@gKoBqJeDwH}CgFwXw\__@ud@qCsDsEqDcEgCqr@a^e`@{Ron@m[cB{@o^}QqAq@mbAig@uUkLsc@}Tei@gXoU}Ly^wQuw@m`@i~@}d@mi@kXqdAuh@ucConAsCyA}cAwg@iGmDg_Akd@qG_D,,,,,,,68,#1464a5cc,#1464a5cc,,,,,,,<div><strong>GRANDVIEW ROAD</strong><br><span>Surface: sealed</span><br><span>Length: 2.92 km</span><br><span>Length rank: 26</span></div>
road_3206995,path,Road centreline,hamilton_road_path,OHAUPO ROAD,,,,sealed,2.834462246439492,27,@EAAgkgimIz~rbgAwAhG}CxMaJ`_@wOli@_EfL{GdNmLlTqPn\qMvS}R`QaEvUgWdf@uCpFkCxHaDpLmDvTk@|LtAzf@JbHZbUjCvPbKlm@nPvcA`AhGxIve@dH|_@xBvLb@|Y?@wBjPuGrRgN~SsNdMuHxEcFrBiPbIozBlv@ml@zPobAp[oj@tQgv@tVwFjBk`@hMilAd`@weB|j@}r@vTcUbHiBj@od@xOsFjCiC|AsUlM{cAfo@uCfBA@kC`A}HtCsSbIsMnEsJzBcCp@,,,,,,,67,#1464a5cc,#1464a5cc,,,,,,,<div><strong>OHAUPO ROAD</strong><br><span>Surface: sealed</span><br><span>Length: 2.83 km</span><br><span>Length rank: 27</span></div>
road_3218960,path,Road centreline,hamilton_road_path,BRYMER ROAD,,,,sealed,2.708840942947871,28,@EAAyinemItta`gAlAbKlDbWlXdiBzFz`@zCvRXhDNpBE|CIjCe@jDsA`J}DdTeDhSoEpUwBxMwA`Ia@bFSzCEjCH`EXrEb@tE|@rHfB|M~BzOfBvMl@hE`Hnh@\bFTlG@pFW~CKpAeAzFkBbI}M|e@kAfD}AlDwA|BwBlCgIxFuG`EaSjIuG|CqE|BiErCuCtBkC`CgD|DkDlEsApC}ArC_AlCo@rCIlBD~Cb@lC~AnEnAhBzBnC~M|LhMhKrKjJtDpDtB|B~@zAnAzBz@xCVdCFjBCxBe@dCe@|AgAxBwAdC_E`GcUbZuIzLmQpVsFlH_ErDsGhFiP|J}A|@}IrFcNvHwOlHsI|C_KxC{OfEgP~CwNvCqNjCiNrB_MlBqIhAiWjDoFl@sKzA_IzAsFrA{KrDsJ`FwKdGgOjI{H~DkJ|EgI`EmQzHuEpBcl@bWuCnAi@Vqn@|Xyb@fR}pB||@gJrDsJjE,,,,,,,66,#1464a5cc,#1464a5cc,,,,,,,<div><strong>BRYMER ROAD</strong><br><span>Surface: sealed</span><br><span>Length: 2.71 km</span><br><span>Length rank: 28</span></div>
road_3206996,path,Road centreline,hamilton_road_path,GREY STREET,,,,sealed,2.6432839160698958,29,@EAA_~wimInb_agAqGhMsPf`@_LhTyEdJaEtMqBvImKjc@_DxNs\dqAaJv]iElPaBpGaIj[sH|XoE|PyLpb@y@vCcAdDgHvUcNzf@}E`TaOdo@uA`GuZzhAon@r`Cy[pmAwJ|^yo@fdCyDhOeCfJwBlEcEdFw}@f{@uRjP_qBnpBcu@pq@al@pl@_BrB{MrP,,,,,,,66,#1464a5cc,#1464a5cc,,,,,,,<div><strong>GREY STREET</strong><br><span>Surface: sealed</span><br><span>Length: 2.64 km</span><br><span>Length rank: 29</span></div>
road_3206998,path,Road centreline,hamilton_road_path,TE KOWHAI ROAD,,,,sealed,2.492791277074569,30,@EAAev_cmIjgu~fAqNAmgAiAqeA{Bgp@e@ePMw^a@sGI}DIoDMoCQyHs@{H}@mFs@wC_@wNcCoNwCsG_BiLqCcZiImO}DqHuBw]qJoMkDkf@iLqTuEwFaAuG_AsPqBsJcAqNw@sM_@kSO_PJ{\v@sVX{EJmOPqNNgTTw^\ia@^_e@f@ui@h@ub@b@iRL{MAoGKeCE{CKsGYkG_@mKu@_T}BkJsAwJgByIoBiDu@aOeEqMiEqJuDqNgGwQyHcWiKaLeEyCcAiCy@mC{@mJeCiLkC}FeAwE{@wT}CwUmCm[iDe]oD{`@uDy^oCmc@uCcU}AeCOyAKcH[gVaBqW}@uYPk\rAiX~Bkb@pF_d@nGwQfC,,,,,,,64,#1464a5cc,#1464a5cc,,,,,,,<div><strong>TE KOWHAI ROAD</strong><br><span>Surface: sealed</span><br><span>Length: 2.49 km</span><br><span>Length rank: 30</span></div>
road_3206387,path,Road centreline,hamilton_road_path,HUKANUI ROAD,,,,sealed,2.406040187141345,31,@EAAkj|hmI`qv~fAoCrQ}BfKwKth@kGdX}ApEsDhIcEtEiF`F_g@pa@oJlHgStOcf@|_@cDfCo_@nZ}EfEiX~SoY`Uqn@xg@_FdEqDzDuEvFqGvJmk@zeA}B`Eoi@f`AmOb\kwA`gCwHtN}CvEqKpS_FhLcChHo@rHErELlGxApGjDfTxIfl@p@rE`@`EBzEI`Ho@pEkArFmCtG{BxDaDbDyFvFoUjQmwAddAaZdTiCzAu{@|f@saAbk@,,,,,,,63,#1464a5cc,#1464a5cc,,,,,,,<div><strong>HUKANUI ROAD</strong><br><span>Surface: sealed</span><br><span>Length: 2.41 km</span><br><span>Length rank: 31</span></div>
road_3218969,path,Road centreline,hamilton_road_path,MAUI STREET,,,,sealed,2.3476841519872007,32,@EAA{yqemIf|p}fArDxAhI`GvEnFtBnDpBtF`@tCDbE_@bDgAfGiB~JsFbWgBpIcA|DkDhLe`@zgAoQtx@ud@|zAmLtLcUnMaC~DmGlKipApfDe}@v|BeHjM}cCziDcF~IiPdVg[ff@iQjPsLnKcv@lq@a]hQ{_@|N{GhCya@~TmdA~e@,,,,,,,63,#1464a5cc,#1464a5cc,,,,,,,<div><strong>MAUI STREET</strong><br><span>Surface: sealed</span><br><span>Length: 2.35 km</span><br><span>Length rank: 32</span></div>
road_3218959,path,Road centreline,hamilton_road_path,WAIRERE DRIVE,,,,sealed,2.3183836481074924,33,@EAA{k`kmIpbebgArB{E~EgQdWo`A~Lqc@b@wAje@}}ApCkJnv@uzCxn@ybCzh@knBzC}JbJga@fQcq@rJ{^fM_f@fJs]xDkOnIyZtE{PvBiKZmBfCoJxOgk@lTu{@pJg\pEqOrA{HjOgl@hBe_@_@s]uBoTeFqk@,,,,,,,62,#1464a5cc,#1464a5cc,,,,,,,<div><strong>WAIRERE DRIVE</strong><br><span>Surface: sealed</span><br><span>Length: 2.32 km</span><br><span>Length rank: 33</span></div>
road_3217430,path,Road centreline,hamilton_road_path,LAKE CRESCENT,,,,sealed,2.303273959481185,34,@EAAuexhmIb`uagA|V[fG?dHP~Nz@fH|@tInArNjCjLlC~J~DhJpEpCfB|B`CvBnCxBnFh@dF@rE_@zJAvD^lCx@xDhArC~ApBhHvHbYlXxQxU~CdOz@xDErEcBnIuCxIcD`IoE|GqCxEqAfCIlCf@xBhB~BvQ~JjDrCjC~CpEhHlA`I\|LVfUDfT[~Nc@`HmAtDwAvEqCjFeJhLaStRqF|HoChFqCpI_Lje@u@hCgCdEwC`D{DbCiM`EoFjAyHvByF`C}XzMeQhEuE`AoHzAaV`E{UhE{GzAsChAiExDaXrg@sBpCoBxBqExDgEpBeHnB{M~BqMzAoSlBae@xEiLfAwHdAuB^iClAuC~AmAbAeL`JeYjU}MjKoC`AuCbAoEhAwSxCgI`AsD\uiAbH{EJkENo[qAkGLqDp@cKjBaD{CwH_GeN{IgG_E{GwFaG{G}CeF}@yAuFwLuC_D,,,,,,,62,#1464a5cc,#1464a5cc,,,,,,,<div><strong>LAKE CRESCENT</strong><br><span>Surface: sealed</span><br><span>Length: 2.30 km</span><br><span>Length rank: 34</span></div>
road_8325085,path,Road centreline,hamilton_road_path,KAY ROAD,,,,sealed,2.2453781609934373,35,@EAAksafmI`zf}fAcBsD_AuBkBwDgA_BeByB}CaD_CmByB{A{AeA{DuBaKwEm}@w_@}iAif@e`Buq@mfBap@eEQgID_xBrFsUn@cg@rA}KZkoBhGmcBdE{{AtDckA`DcpAjD{dArC}CHwI\mFb@aH`AuEbAgEvAoEjBsFrCiLvGeAl@iR|KuOdJu@b@}DxBaFlCeEpBiCp@iBTwBDyCMuDw@oIcCaOoFcOoFgI_Dad@iQ}GcC{I}BqGgAoFq@aHq@aHo@wCWwNaAe@E,,,,,,,61,#1464a5cc,#1464a5cc,,,,,,,<div><strong>KAY ROAD</strong><br><span>Surface: sealed</span><br><span>Length: 2.25 km</span><br><span>Length rank: 35</span></div>
road_3217435,path,Road centreline,hamilton_road_path,SANDWICH ROAD,,,,sealed,2.2449872568432587,36,@EAAodzfmInb__gA}HZohA`Eod@bByHR}DBwEIkGo@wIaA}Fs@q]gEkW}Cy]aE_[_DyOq@srD_EkaAeAeyCoDoCJkBViElA_GdC}\xRwz@vf@}StMyGjEoCrBoDbD_LpN{FpPaGjV{FhT{Lrc@oH`Y}EvMkPtRoKzN_y@`cAmUvYaJ|KqsAxaBg~@tiA,,,,,,,61,#1464a5cc,#1464a5cc,,,,,,,<div><strong>SANDWICH ROAD</strong><br><span>Surface: sealed</span><br><span>Length: 2.24 km</span><br><span>Length rank: 36</span></div>
road_3206386,path,Road centreline,hamilton_road_path,BANKWOOD ROAD,,,,sealed,2.228872342967125,37,@EAA_kcimIx}~_gAhIcZlEmPpKcc@`GcUt@eCjBgGjA{BdCeE`@g@jG}H~F}JxAwCdAoChAqDfEsOrDuNnAyEfFgSpDsNbDiM`BuGrAkFpDsP`@wDAwF}AqHaAoCoB{EsHsM}CoFuQg[}BuEoA}Eq@uDB{B@i@l@gHbBkGzAiH~BuIvE_RvGmVpDeN`ZwiAlSgx@jIa\ld@_hBfB{CvB}AhZym@lUce@~O_]~JcRjEsJ|EuLxAuEnB_IhAeIf@iFRsGFkIc@}IgAiJ{CcNgDmJ}GeNaKuMwDyDyLsKyH{EkGaD}JqEcJcDoDgAyKeCwE_AeEs@eFm@iKmAaCq@_Bo@}CiBcDcCiAu@yFuD,,,,,,,61,#1464a5cc,#1464a5cc,,,,,,,<div><strong>BANKWOOD ROAD</strong><br><span>Surface: sealed</span><br><span>Length: 2.23 km</span><br><span>Length rank: 37</span></div>
road_7741072,path,Road centreline,hamilton_road_path,CUMBERLAND DRIVE,,,,sealed,2.2041224384578606,38,@EAAs`nfmIpzd}fAxV|UnDhDzBxDt@|Bf@zA~@`It@d_@Pl[BjCWdEy@lEsBdFe]`i@g[`f@}@tAwAdBgJbL{AtAyLzKsI`HuCtBqc@b\s^pVyMpH_E`BgGzAwCt@gM~C{G~Bkh@fQm\tQkHjBoLrBsRNeLsAaJuCqJiIoRwSuJ_HsWxHuGp@eCFoHMaTkA{r@zEid@~C_S`CeHdCqRrNwPfRmAhAqBjBkE|BA@uHlAaK`A}ONwYcEcEsAqVeIwVaL}^oOc^cLoTyEqI_BeHqAcIgAc\sConBuPwX}GeF_EuO{So_@sh@,,,,,,,61,#1464a5cc,#1464a5cc,,,,,,,<div><strong>CUMBERLAND DRIVE</strong><br><span>Surface: sealed</span><br><span>Length: 2.20 km</span><br><span>Length rank: 38</span></div>
road_6063640,path,Road centreline,hamilton_road_path,TRAMWAY ROAD,,,,sealed,2.170361751527972,39,@EAAkxcjmIn}j_gA{SjxAsA~DcJzXq@pBmQpi@sqBzaGec@dqAsw@v_C{h@hyAqu@p{BeClH}GnSsYdz@wFhPwp@xmBgFjOmYvz@wCxI,,,,,,,61,#1464a5cc,#1464a5cc,,,,,,,<div><strong>TRAMWAY ROAD</strong><br><span>Surface: sealed</span><br><span>Length: 2.17 km</span><br><span>Length rank: 39</span></div>
road_6063642,path,Road centreline,hamilton_road_path,TE RAPA ROAD,,,,sealed,2.1640433943128348,40,@EAAkgcfmIhpt~fAkFjE}~Ej_E}IhHiQbLukAzbAi~@vu@_}A~hAib@nWwWzNyo@~Yek@`Wyn@l^iI`FmRlSeZlW{X`Xgo@ln@en@bm@yg@hg@}{@n{@{[|Zil@dj@,,,,,,,61,#1464a5cc,#1464a5cc,,,,,,,<div><strong>TE RAPA ROAD</strong><br><span>Surface: sealed</span><br><span>Length: 2.16 km</span><br><span>Length rank: 40</span></div>
road_3218957,path,Road centreline,hamilton_road_path,TRISTRAM STREET,,,,sealed,2.1385262259614883,41,@EAAkioimIp{xagAj]sOfa@kY`HmEtmAcaApX_WrEcGjYq^pGiFxEcChLcFdUaIpLsEfNoIjJqLnrA_uAd`@ch@lYi\pZy\zE{FX]bGyGpFmFdj@}m@pXyZh^sc@~f@ih@pb@kf@~Yy[d|AaeBpEcHl\wq@lFeFjI}EdIkC~Bo@`EgAfNuDly@wT|X_HxDiAfDyA,,,,,,,60,#1464a5cc,#1464a5cc,,,,,,,<div><strong>TRISTRAM STREET</strong><br><span>Surface: sealed</span><br><span>Length: 2.14 km</span><br><span>Length rank: 41</span></div>
road_3217427,path,Road centreline,hamilton_road_path,SILVERDALE ROAD,,,,sealed,2.132236879999179,42,@EAA{fmlmIfm|agA|H_I|BeCvA{Aj@w@z@gAtAoBdAqBv@mBhLk]nAsC^i@jAaBpB_CfC}BfCcBtBmApEuBvXiLbReIjE{B|ByAxBcBpB_BfFsEnFkFjAmAzSaTlFqFjUwUnm@_o@bGcGrSoSn`AoaAlq@cr@jOsO`o@wo@n_@{_@jlAemApFsFvWiXb^q^fBsBdByB|AyBv@kA\i@rB_DdBwCzPmXvLwQxByCnBaCt@_AfDwDhBeBxCcCdDcC`F{CdE{BnFmCzAu@~AeAvAeA|@_Av@gAj@iAz@aC|Lig@zLye@zKkb@p@mCt_@kyAn@oBj@sAp@uAtDmG,,,,,,,60,#1464a5cc,#1464a5cc,,,,,,,<div><strong>SILVERDALE ROAD</strong><br><span>Surface: sealed</span><br><span>Length: 2.13 km</span><br><span>Length rank: 42</span></div>
road_7741073,path,Road centreline,hamilton_road_path,BORMAN ROAD,,,,sealed,2.1175341147303635,43,@EAAmmjfmIlqa}fAyP|SaCtBaChByCbCgBlB}AdBmAbByA|Ck@hAcAjBi@p@cAfAoBpAiAlAmApAmArBoBpD{BrBy@n@qFbDeJjF_LjFmMbFwChAsNhEgRfEuJxAmPjBkRv@{DPm`@^mI@yWFa_@LkH@oUFeMLwJZoJd@_Jr@sHbAaLhB{QvDkJlBkIbBiTvEwIjBqHhBwPlDeJjBaKzAcLrBeJjBmKjBwJvAcCVsD`@aMz@uIZgFF}HF}JKsJS}Lo@oLeAeGq@_IgAqDo@mB[}EmAeIqBeMsDe`@sJ{OcBqLi@mJK}H@mHNoNz@gOrAmB\gIzA}ZxFyVlFyQnFoMhEmNfFsKxEmHbDiMpGuOzJsQfMuGtEya@tZut@lj@iOzKeGnDiD|A}HpDoOtEkLlCwN~BmLn@}OHuDI_JW_QgAcMgA,,,,,,,60,#1464a5cc,#1464a5cc,,,,,,,<div><strong>BORMAN ROAD</strong><br><span>Surface: sealed</span><br><span>Length: 2.12 km</span><br><span>Length rank: 43</span></div>
road_6063641,path,Road centreline,hamilton_road_path,WAIRERE DRIVE,,,,sealed,2.103575709062792,44,@EAAwuajmIb|b_gA}EdEcDzEgClF_ClGwAtDiBrLyAjMwEvZ{DfWsD~RiEpTqHlToExMqHnRmTv`@k^jr@yG`NsEjLmFxOyiC|vHo|BjyGmGpRgE~HgYbz@ec@lwA,,,,,,,60,#1464a5cc,#1464a5cc,,,,,,,<div><strong>WAIRERE DRIVE</strong><br><span>Surface: sealed</span><br><span>Length: 2.10 km</span><br><span>Length rank: 44</span></div>
road_7741211,path,Road centreline,hamilton_road_path,WALLACE ROAD,,,,sealed,2.1004645869745717,45,@EAAymdfmIdl}agAfElHtDlFdDhFvB~BlOxNrIbIjDxDfFtFzAhDtBvFp@|BbD|PzHze@fHve@jBvKxEb[hZ~cBjClOZjGA~DMjCaBzIqEdNqF`OkD|JoBpDsAvBcC`DyGbH_E`EeBrBeDdFaFrIuAlDkAtD}@fFGlHEfDTvDj@hH`@dJTfIgAbO_A|G}ApIkBvNFnDJpDx@~CzBnExBrB|CzBnFbCzFpBnQxGpSzHlKbEtZ~KtZfL|_@tNlb@lPhX~J~a@hPr`@hObTnIv^`Ndc@`Qp_@`Ob]bMf\lNhPpHbRtJnSxMfb@vX,,,,,,,60,#1464a5cc,#1464a5cc,,,,,,,<div><strong>WALLACE ROAD</strong><br><span>Surface: sealed</span><br><span>Length: 2.10 km</span><br><span>Length rank: 45</span></div>
road_3218954,path,Road centreline,hamilton_road_path,HOUCHENS ROAD,,,,sealed,2.082980919791169,46,@EAAwebjmIh}scgAnVfi@zOz\|Rp`@nkApcClWjm@d\vo@fIbRvEvJ`EnJnBrEbJvRfNlYzAvCpAlCja@b{@`MrWdMzWbKtTrIbQtQl`@jKbTnItQdNhYxHvPbQd]~IlQ`K`S|Vzg@dFhKpFrKfLnVrIlRjJbShGnMrHxNnC`CxB|AdE`BrHnB|F~AbFlA`{Bph@xDz@,,,,,,,60,#1464a5cc,#1464a5cc,,,,,,,<div><strong>HOUCHENS ROAD</strong><br><span>Surface: sealed</span><br><span>Length: 2.08 km</span><br><span>Length rank: 46</span></div>
road_6063643,path,Road centreline,hamilton_road_path,WAIRERE DRIVE,,,,sealed,2.0627814703634475,47,@EAAkmpfmIzec_gAqk@_^_[wSmlBaiA{d@}W{YsRsa@gQmKmD}MaEyZqGak@_Jqp@wH{q@cKwr@_N}gD_v@mqAcZkk@sMkeBy`@q\cH}d@qKqx@yTkLmEwh@kYcBeAoHsEaCwACAkw@_e@kKoG}VmOya@iX,,,,,,,59,#1464a5cc,#1464a5cc,,,,,,,<div><strong>WAIRERE DRIVE</strong><br><span>Surface: sealed</span><br><span>Length: 2.06 km</span><br><span>Length rank: 47</span></div>
road_3217419,path,Road centreline,hamilton_road_path,DIXON ROAD,,,,sealed,2.0516268453680917,48,@EAAmjujmI|lqcgA}EwC_OoJsCeCwBuAmBkAqKqF_EyAiE}AyDgAsF}AqDqAuIwC}PaIaCqBs@cAa@kCEoDd@yArAyAtFaE`EwClKwH|HuFtBkBfA_A`BgCt@iC\wDKqASaD{@oCoCaEuG}FcNkKmG{EUQ_FoDkHmF}EiDsAyAkA_CQaBTyBBYd@}Ah@y@nb@sZpKyHhFuDfXuR~UqP~l@cc@jXwRzSmQtRpNbuEpoD`c@t\jRhOpDpE^b@pDvFLX~BlE~A|DjCxKzBlOrA|Jn@fEjA|H~AvGlAlEtArD`D|GjF~JzEhJpAhChDvGfGdMjFrKfCfGrI~QzHdQ~E|Kn@tAtKjTvIjKdHbG,,,,,,,59,#1464a5cc,#1464a5cc,,,,,,,<div><strong>DIXON ROAD</strong><br><span>Surface: sealed</span><br><span>Length: 2.05 km</span><br><span>Length rank: 48</span></div>
road_3217443,path,Road centreline,hamilton_road_path,HEAPHY TERRACE,,,,sealed,2.0264932929659896,49,@EAA_~wimInb_agAtL}TjJ_QzCoDxhAk|Brs@gvAjWeh@ld@u`Axe@e~@df@mgAfEoJp[mr@~MkZtMkWnAiC|Xen@hD{H|Roc@~FcOx_@{y@n[mq@rUcg@be@ybAbSac@rZaq@jA{D,,,,,,,59,#1464a5cc,#1464a5cc,,,,,,,<div><strong>HEAPHY TERRACE</strong><br><span>Surface: sealed</span><br><span>Length: 2.03 km</span><br><span>Length rank: 49</span></div>
road_3217438,path,Road centreline,hamilton_road_path,TE RAPA ROAD,,,,sealed,1.9657205134863716,50,@EAAc|dgmIl`q_gAmcBx`B}CxCodAhcAee@jf@ksAdoAai@zg@g_@lb@oHpI{MdOuHnGmP|KyIbFuRhLcRxL{DpCiGjE_HhEgF|Bg|@jXox@zTepArZaObDcNbC}m@vJu|@lNae@pHmZxK{PvImM~I_`@v\ea@be@iCzE_DbI,,,,,,,58,#1464a5cc,#1464a5cc,,,,,,,<div><strong>TE RAPA ROAD</strong><br><span>Surface: sealed</span><br><span>Length: 1.97 km</span><br><span>Length rank: 50</span></div>
road_7741074,path,Road centreline,hamilton_road_path,RESOLUTION DRIVE,,,,sealed,1.9113563691406996,51,@EAAu~mgmIzwk|fAwAvGhGhgAbHhmAzDtv@lB`k@~@j`@b@bn@SrXg@pb@gBfb@eAb[iCzc@wDfe@qGvj@mEj[}G~c@wEzVeHh[u[vwAmT~s@}a@dlAga@faAeR~_@_Tx[,,,,,,,58,#1464a5cc,#1464a5cc,,,,,,,<div><strong>RESOLUTION DRIVE</strong><br><span>Surface: sealed</span><br><span>Length: 1.91 km</span><br><span>Length rank: 51</span></div>
road_3217437,path,Road centreline,hamilton_road_path,FOREST LAKE ROAD,,,,sealed,1.9037677561247093,52,@EAAclhgmIrn_agAmz@cx@eMsL{EsE}EkEa_@k_@y@y@qI{IcA{@qIaHGEACsGsGyH}HsUyUsVcUiF{EsXsTAA_t@mj@aAw@u[kUqXoT}j@gt@qZka@af@mn@mXe^aDmCqCqB{CqA{YiMcbAqc@}YqMcGkCePkHuRyIqM_GkAq@_CyAmA_AeByAqAuAeMsP{q@w_AwFyE}G_FkNgJmUsMaR{JuBkAwd@aXgEqB}Ae@aCQsM[,,,,,,,58,#1464a5cc,#1464a5cc,,,,,,,<div><strong>FOREST LAKE ROAD</strong><br><span>Surface: sealed</span><br><span>Length: 1.90 km</span><br><span>Length rank: 52</span></div>
road_3207001,path,Road centreline,hamilton_road_path,CLARKIN ROAD,,,,sealed,1.8968121795664856,53,@EAAcuvimIbky_gAtGjGrFzC`FxBnJ~DxGpCjEfB`z@d_@nLbC`U`D`f@~GbAL~w@dLvkCj_@l^fFfC^vCb@nqBlY`Df@rBr@lE|AjHC|BPtDp@|]~E~DTnGB`EnAdC`ApD|@xp@jJnEf@~BXnd@hGvjAjP~m@vIjQhCbXzDrC`@jl@tIryBzZfUlDzx@`Mxz@xL~\zEpMtDbJ~D,,,,,,,57,#1464a5cc,#1464a5cc,,,,,,,<div><strong>CLARKIN ROAD</strong><br><span>Surface: sealed</span><br><span>Length: 1.90 km</span><br><span>Length rank: 53</span></div>
road_3218961,path,Road centreline,hamilton_road_path,MANGAHARAKEKE DRIVE,,,,sealed,1.875482314068212,54,@EAAcbyfmIddg`gAqBGeMZmOz@mRnDoJ~BoF|BeIhD{CfBmGfFgPlQuR~UiUbYkYd]me@~k@gShVcHdIcxAbhBak@tp@iW`a@qy@f{AmMbTsN~SoLfOmUnXoR~Q{]nY_TfOuFdEcCdBaFnDuHhFoMzIqb@fZ}XpRkQbMs@ZcJzGyE|DsDjDsHlI_GzJsCrGy@lB_BfGu@zFqBtU,,,,,,,57,#1464a5cc,#1464a5cc,,,,,,,<div><strong>MANGAHARAKEKE DRIVE</strong><br><span>Surface: sealed</span><br><span>Length: 1.88 km</span><br><span>Length rank: 54</span></div>
road_3217413,path,Road centreline,hamilton_road_path,KILLARNEY ROAD,,,,sealed,1.8715401933667184,55,@EAAcnhgmIbayagAeHXeOj@_]l@utC~EozAzDqCF_{@`BwSa@ot@y@ci@m@}e@g@mbAcA}jAiAa]_@oIGyZWsi@e@U?eIOgJOa`@_@kfAqBorB}AiyAa@qn@UsIDom@Zm_@d@kEZcDf@yx@hTqHnB,,,,,,,57,#1464a5cc,#1464a5cc,,,,,,,<div><strong>KILLARNEY ROAD</strong><br><span>Surface: sealed</span><br><span>Length: 1.87 km</span><br><span>Length rank: 55</span></div>
road_3217410,path,Road centreline,hamilton_road_path,GREENWOOD STREET,,,,sealed,1.8544741394312976,56,@EAA{`_hmIvxmagAwAnC_B|DwAnL{ThvCeZvuDk@nGi@lGaGjcAOdU\hPfZrfGbIblAdCfg@bL~`Bj@lPoBtHgD~GeAjAuC`D{G|EuG`D{K~C,,,,,,,57,#1464a5cc,#1464a5cc,,,,,,,<div><strong>GREENWOOD STREET</strong><br><span>Surface: sealed</span><br><span>Length: 1.85 km</span><br><span>Length rank: 56</span></div>
road_3217416,path,Road centreline,hamilton_road_path,KAHIKATEA DRIVE,,,,sealed,1.807888449131001,57,@EAAgkgimIz~rbgAhTzDn]dMxh@fN~@T|MdBzRdCne@rCbH\|\F`o@kBrg@qBt|@{Evh@aErn@uFt\wEha@yFfy@gL~}C}c@~xAoUlbBuY|cDeg@|v@qLvv@yKld@{G,,,,,,,56,#1464a5cc,#1464a5cc,,,,,,,<div><strong>KAHIKATEA DRIVE</strong><br><span>Surface: sealed</span><br><span>Length: 1.81 km</span><br><span>Length rank: 57</span></div>
road_3234626,path,Road centreline,hamilton_road_path,ULSTER STREET,,,,sealed,1.7973292981631883,58,@EAAgb_imIbm{`gAx\eNhUsIrViHlwBmj@bJaCbsC}t@pbCwn@tVkG|bCin@zFyA`VaH`KgGlJaIpF}GlEmI|BsErSqv@bJa]ja@m{A~y@kcDdA{BlAmB,,,,,,,56,#1464a5cc,#1464a5cc,,,,,,,<div><strong>ULSTER STREET</strong><br><span>Surface: sealed</span><br><span>Length: 1.80 km</span><br><span>Length rank: 58</span></div>
road_3217441,path,Road centreline,hamilton_road_path,WAIRERE DRIVE,,,,sealed,1.7801834735080326,59,@EAAwm`jmItgb_gAhJcBdGw@bTkCbIeB|HaDnMwFpQaIzAo@bQoItAs@vw@ea@hgA}j@~Y_OlDgBrTyK|MwG`z@o\v]}LdTkHrZgHvl@cNnh@gLxn@uLl_@mGdk@mIt_@iEz_@uDb{@qHxcAoK`s@sIt{@sKvpBmU|@Kh\iEzZeG,,,,,,,56,#1464a5cc,#1464a5cc,,,,,,,<div><strong>WAIRERE DRIVE</strong><br><span>Surface: sealed</span><br><span>Length: 1.78 km</span><br><span>Length rank: 59</span></div>
road_8055703,path,Road centreline,hamilton_road_path,BOUNDARY ROAD,,,,sealed,1.771324713923371,60,@EAAsx{hmIbew`gAyHgByYyGiTgEmN_DkJwBeCo@}[cIkSeFw[gIuRwEq[cIyTwFCAeEiAsGiBkFu@qq@sI{h@aHgaA}MkwAyS}hCe^kOwByUoBy\aFc_AyMyb@{GcjDsf@ccDse@iRqCaZwF,,,,,,,56,#1464a5cc,#1464a5cc,,,,,,,<div><strong>BOUNDARY ROAD</strong><br><span>Surface: sealed</span><br><span>Length: 1.77 km</span><br><span>Length rank: 60</span></div>
road_3218958,path,Road centreline,hamilton_road_path,ANGLESEA STREET,,,,sealed,1.7473076785419297,61,@EAAapqimIjwvagAdTaUvdAwhAje@ug@tEaFlhBmoBpd@ch@tJiKh|@ibAvOoOrJmJhPwShE{GhA_BDGLMlC{CdH{HrGiFtbBwmBndBumBriAsrAlEwDjCmBtJqDnMkC,,,,,,,56,#1464a5cc,#1464a5cc,,,,,,,<div><strong>ANGLESEA STREET</strong><br><span>Surface: sealed</span><br><span>Length: 1.75 km</span><br><span>Length rank: 61</span></div>
road_3217439,path,Road centreline,hamilton_road_path,TOTARA DRIVE,,,,sealed,1.744386700205938,62,@EAA}mufmIx~j~fAcIq@sLm@cHLcd@dAib@x@aYj@qEJcGLaNZwIWqHm@_K}BaSsGeKeBmLkA}Da@wF]iM[iF^kFd@uI|BqMnGuNtIwiBdeAc`@dT}BlAwHfEgGhDk_@tTyMpLiKbN_IzSSnI|AbKnL~Wr@rPaE`PcWl_@uVd^aK`OaE~FkDpJkCnK}AjHm@zGa@|GDlN?lO?rOSpj@sBbe@S`NwAldA,,,,,,,56,#1464a5cc,#1464a5cc,,,,,,,<div><strong>TOTARA DRIVE</strong><br><span>Surface: sealed</span><br><span>Length: 1.74 km</span><br><span>Length rank: 62</span></div>
road_3200522,path,Road centreline,hamilton_road_path,ROTOKAURI ROAD,,,,sealed,1.7316486826946764,63,@EAAqgyfmIjxi`gAdCRtGdA~Hx@zFA|FmAbAa@rBiAlAaA`A}@v@aAbAeBrAyCjAkDzAoFvAiFl@iBzAkDhB_DnBgCpBqBnD}CbDuB~DmBbFmB|Cy@vCw@bKqAnLy@~RsAnAExBMrReBfAMd}Ege@xKeAbOwAvG_@tFIxDPdEj@zD|@fDpAhDhBd\h\p_@mQbCiAza@yRfi@{W`^iQd`@}Rza@cTveAmj@nU{Ln^qRtc@{UrNoHtk@sZrEiC~FwCbE}BHEl\iRnGiDlHyD,,,,,,,55,#1464a5cc,#1464a5cc,,,,,,,<div><strong>ROTOKAURI ROAD</strong><br><span>Surface: sealed</span><br><span>Length: 1.73 km</span><br><span>Length rank: 63</span></div>
road_3218951,path,Road centreline,hamilton_road_path,FOSTER ROAD,,,,sealed,1.7051325848422607,64,@EAA_q|dmIrclcgAuCp@iOBod@Uq`@]uTKm[Tu@b@aAzAa@rCYrDHxCn@nJLtHCzHOlHGlFg@xAgAn@gAr@mCb@kGT_O{Au`@uEwXmDqTeCcWyCsNoBsUiCgRmC}OaC}J}A{H{ByDsBuHeE_JeG_L{IeK}HyKeHyGyDuH{B{Ba@aGaAsAGmPq@gF]cQg@}ER}GhBsDjB}AfCgAvCyCvKk@j@qBpB_DdBkC|@kJrAceB~Miw@fGg|E~^mEZgIl@gd@hDwKvAwWfD,,,,,,,55,#1464a5cc,#1464a5cc,,,,,,,<div><strong>FOSTER ROAD</strong><br><span>Surface: sealed</span><br><span>Length: 1.71 km</span><br><span>Length rank: 64</span></div>
road_3217436,path,Road centreline,hamilton_road_path,MAEROA ROAD,,,,sealed,1.6967466712752897,65,@EAAskkhmIvgj`gAjBnCrBrBxEvB`d@pPrtA`h@~LrCdYlDlH~AtExAhUbLrEpC~^~QdlAvm@~e@tVvZjOtIjFdDbC~ApBhAhBvAbGdPdqApBfVf@tFMzEgDxKcFbM}BzGs@tEC`Eh@vGxA|LnP~gAjWtgB|BjQ`AlH@FLrGPrL?@F~ELnML~Gj@`GlCpPzKnv@,,,,,,,55,#1464a5cc,#1464a5cc,,,,,,,<div><strong>MAEROA ROAD</strong><br><span>Surface: sealed</span><br><span>Length: 1.70 km</span><br><span>Length rank: 65</span></div>
road_3234621,path,Road centreline,hamilton_road_path,ENDEAVOUR AVENUE,,,,sealed,1.69623274739159,66,@EAAmrlgmIfmf~fArB}E`i@scAxAgDrBcGrA}FZoBp@kCpCgMefAyHsVmEwYuJuNwHoa@i\y\uOgToGmTyCeAOg[kAmE?gI?q_@vCg\pHiQ~HqGpDwLxIeGdGkHdJaF|IcFdMy@|DmBxIaVfq@}InOsHpKqRhUyPrP_JrUK~QzB`NfDvI~AbBzGfHzIfGbH|CfFjBlj@nUpKlD`QpChRjBfw@xH~[rG,,,,,,,55,#1464a5cc,#1464a5cc,,,,,,,<div><strong>ENDEAVOUR AVENUE</strong><br><span>Surface: sealed</span><br><span>Length: 1.70 km</span><br><span>Length rank: 66</span></div>
road_8325217,path,Road centreline,hamilton_road_path,MANGAHARAKEKE DRIVE,,,,sealed,1.662886190116525,67,@EAA_xbemIfyl~fAas@rhCicArsDeSjt@mKz_@aUlt@oH|QcN|\kLdVoC|EgFtIiEdHmD`GsO|TcT`YaLpNeRvRwNjNsNvM{SvQyC`C{BfBmXdSc^fUuUfNi\|P__@bQuStI,,,,,,,54,#1464a5cc,#1464a5cc,,,,,,,<div><strong>MANGAHARAKEKE DRIVE</strong><br><span>Surface: sealed</span><br><span>Length: 1.66 km</span><br><span>Length rank: 67</span></div>
road_3217421,path,Road centreline,hamilton_road_path,PEMBROKE STREET,,,,sealed,1.6621023299622109,68,@EAAu{himInvtagAnBxBfAnB~A|DlDtL`BnNx@rHbCdU\tCp@va@p@|ZA|Mk@xGgCh_@oFhn@k@zGoFbh@yDje@gAzM]~De@jFPbIhArRpBdXb@|FfG~y@n@zJNxD?fHo@bq@i@xZgApkAGfH[dMeBbsA@|Jx@tFhAfFrGjZ`AzC~BvDfQfUnBpE`@lA|Hrf@p@nB~Al@jFvC,,,,,,,54,#1464a5cc,#1464a5cc,,,,,,,<div><strong>PEMBROKE STREET</strong><br><span>Surface: sealed</span><br><span>Length: 1.66 km</span><br><span>Length rank: 68</span></div>
road_3218965,path,Road centreline,hamilton_road_path,TASMAN ROAD,,,,sealed,1.648556447991275,69,@EAAwk|emIrrx~fAeFnG_N|NmwA~jAkhAt}@mHlFiI~E_FtBgIdEcPhHcNfIkWfS}}@bx@_e@la@qOxOev@zv@ir@|r@iDbDsEpFwBhCuBhEsBhEuAnFg@hEQtHd@rGv@nDrAxDdCtEjDfEhFtEtZ~RpOnJvJhHtLpLxJnNhGvO|CtPh@bOCbIAnDh@fBt@`A|Bp@vHp@nx@`F,,,,,,,54,#1464a5cc,#1464a5cc,,,,,,,<div><strong>TASMAN ROAD</strong><br><span>Surface: sealed</span><br><span>Length: 1.65 km</span><br><span>Length rank: 69</span></div>
road_8325215,path,Road centreline,hamilton_road_path,Road centreline,,,,unmetalled,1.646141199443781,70,@EAA{k`kmIpbebgAsQn^U\_PfVoNnPaJnKsTnRwXhSgOxO{PxZwJxX{Mfv@gMhz@{Gdq@Ojf@xCr`@tBbO~BrPfPv_@hOdRdXnTj\zMp|Apc@`wFz_B,,,,,,,54,#734a12cc,#734a12cc,,,,,,,<div><strong>Road 8325215</strong><br><span>Surface: unmetalled</span><br><span>Length: 1.65 km</span><br><span>Length rank: 70</span></div>
road_3217406,path,Road centreline,hamilton_road_path,NEWCASTLE ROAD,,,,sealed,1.6418907960329625,71,@EAAaeefmIxweagAoy@b_@o{DvdBiRrIqg@|TaS|IsJvEqJfGcEnElBxBlA|BrI`k@vJrn@~Gjd@fErXpB~NpEdYnFd^Lt@dBjNdDbY`C~ZdCdd@dAdRXzEbDth@XpE\jCPzANnAvOj{@hErUbN|w@,,,,,,,54,#1464a5cc,#1464a5cc,,,,,,,<div><strong>NEWCASTLE ROAD</strong><br><span>Surface: sealed</span><br><span>Length: 1.64 km</span><br><span>Length rank: 71</span></div>
road_3217407,path,Road centreline,hamilton_road_path,KAHIKATEA DRIVE,,,,sealed,1.631612432179974,72,@EAAsw_hmI`ambgArG~DpEfAtEd@fFH|D]vKeBzjAcRxjFmx@`IoAvx@cMr~@oNlk@yIrb@aHxj@cJxm@oJpF}@`ImAzdAqPr]{FrKmAvI_@tH^fJpAbJzCbFjDtEpEvF|HtE~H~JjNbYnk@tFnFzEdClF|BtHtA|It@vHBtFY|H_AlYkE|KcChEyAtFgCrFyC,,,,,,,54,#1464a5cc,#1464a5cc,,,,,,,<div><strong>KAHIKATEA DRIVE</strong><br><span>Surface: sealed</span><br><span>Length: 1.63 km</span><br><span>Length rank: 72</span></div>
road_3238146,path,Road centreline,hamilton_road_path,ST JAMES DRIVE,,,,sealed,1.629188496105466,73,@EAAycqimIvg~}fAfLxo@|AtHbFxPvE|KbPpUlSpQ`CdAvFbChRhIzH`E`V|GtPvBzNLxQ[lPvAlK~C~MvHtTxRlK|OjBjEz@fGIdFgA|DwE|F}@z@qCnCwDxDqClCkFhEac@~WwU|L{Y`PgGbCsEpByFdCqG~DuDtCmCvDoA`CuAzC}@dCk@tBOpAIt@i@|CYtCa@lCSlHO|PPdLJfGCbDu@nEiCnDcClCgEtBaFdA}Hp@}FVyGb@_Iz@kHbAeJbBqJrCiIfCaD~@}D~@aEf@_FP{GOmFYuEu@iDcAmDmA}DqBeDgCmCiCoCuC{CqByAy@cBy@}BiA_F_ByI_BkJu@_IS{IDyIOuVOuEQeAGyDUeAUgAUeDs@yHuAyNgC,,,,,,,54,#1464a5cc,#1464a5cc,,,,,,,<div><strong>ST JAMES DRIVE</strong><br><span>Surface: sealed</span><br><span>Length: 1.63 km</span><br><span>Length rank: 73</span></div>
road_3217418,path,Road centreline,hamilton_road_path,CLYDE STREET,,,,sealed,1.6283242383332095,74,@EAAwgakmIjdoagA`c@jL|a@|KfAXlGbA|EX`PD|d@aAhiCiFtLWvCG|uAmCnbBiDjdA{Bbg@o@tGP~Dh@z[tE`gB~Vx`Cb]xBZj^hF~K~A~yCtb@rn@|I,,,,,,,54,#1464a5cc,#1464a5cc,,,,,,,<div><strong>CLYDE STREET</strong><br><span>Surface: sealed</span><br><span>Length: 1.63 km</span><br><span>Length rank: 74</span></div>
road_3217434,path,Road centreline,hamilton_road_path,OLD FARM ROAD,,,,sealed,1.6251055036891473,75,@EAA}`rjmInnoagAr@kCdBuLl@iFk@yD{Zmg@q]yj@gMqSqc@ss@mEkHuA{BgHkLurAywB_FqDef@aPs`@qM_{@cY{fAo^sw@mL}\eFae@yGyg@wHip@mJ}`AcNyp@gJwG_AsF?}GbAmt@lU,,,,,,,54,#1464a5cc,#1464a5cc,,,,,,,<div><strong>OLD FARM ROAD</strong><br><span>Surface: sealed</span><br><span>Length: 1.63 km</span><br><span>Length rank: 75</span></div>
road_3217420,path,Road centreline,hamilton_road_path,NORTON ROAD,,,,sealed,1.6202895787458138,76,@EAAefrgmI|eaagAwXkFeGuAaDu@sHeA{B?kI?uFH_IlAiLjCiPbG}IjBmGd@}~@zHgw@dGuw@dHg^|CsWrBcXzBuzA`MwNt@e_AlJul@lEeUxBqdAxI_}@`Hw`AxIiXlA}Ml@me@|Eo{@vHmTnBegCbU,,,,,,,54,#1464a5cc,#1464a5cc,,,,,,,<div><strong>NORTON ROAD</strong><br><span>Surface: sealed</span><br><span>Length: 1.62 km</span><br><span>Length rank: 76</span></div>
road_3234620,path,Road centreline,hamilton_road_path,DELAMARE ROAD,,,,sealed,1.592314068591127,77,@EAAohhgmI`xu~fAwe@}NeEcByGiEaFuFsCgFqBeHUoGuCor@cCmFaBiCoAyA{CcCuFcDyKkCiF_@mEMgEPmF`@{NjDiXjH{p@tYug@pXsKrFoDlAsE`AmHd@qDEmHWmDKqCASAiE\cDr@gCz@QFaDdB{IhGYTyDzCaEbD{AlAeCxC{B~Ey@xE?tDl@bEF`@dAjCrE`OTrAEdB_@xBiAzBmB|AcCtAwk@nWuw@l^aJxDqExCgEjEcCpEwAzGEtEPfNfAzj@XlGl@vCxCbHti@jk@`E`EdCdCj^v_@`i@ri@,,,,,,,54,#1464a5cc,#1464a5cc,,,,,,,<div><strong>DELAMARE ROAD</strong><br><span>Surface: sealed</span><br><span>Length: 1.59 km</span><br><span>Length rank: 77</span></div>
road_100076823,path,Road centreline,hamilton_road_path,HILLCREST ROAD,,,,sealed,1.573664202653405,78,@EAAg{jkmIhh_bgA_CkDm@_Bm]wkBoWwwA_C{FmIcKon@qe@oBwHo@w@i@mAiBaHaOsk@{Syx@mI_[sBaIiCoIoD}IuH_R_p@c}A_FaOo@{AyDmJqCwFoF{KwPsb@oBoG{D{L{AoDgFaIyAuCuH}Q{GcPi[uv@oEmMwHgY,,,,,,,53,#1464a5cc,#1464a5cc,,,,,,,<div><strong>HILLCREST ROAD</strong><br><span>Surface: sealed</span><br><span>Length: 1.57 km</span><br><span>Length rank: 78</span></div>
road_3218966,path,Road centreline,hamilton_road_path,BURBUSH ROAD,,,,sealed,1.5408523858235126,79,@EAAorudmIzmo~fAiCzt@gEnv@iNvnCsWj}ET|GrAvIxB|EzBxCjOdQ|[p[jOjP~EjF|DpFtBzDvA`FlAxFdAjKhA`PlChb@`BdRfA`HtAnEpBjEbHzInFnEtMlIle@~ZdHvErIlIzChFhArDb@dEZ`E,,,,,,,53,#1464a5cc,#1464a5cc,,,,,,,<div><strong>BURBUSH ROAD</strong><br><span>Surface: sealed</span><br><span>Length: 1.54 km</span><br><span>Length rank: 79</span></div>
road_3218955,path,Road centreline,hamilton_road_path,HALL ROAD,,,,sealed,1.516339433552577,80,@EAAy_|jmIlkqcgAk@jBqv@|~Bg@lCq@vDKnC`@tDpAlEfV`f@nc@~{@~q@dqAzClDhBnCrMzO~a@pd@hJ~JbPfQ`TnUpF~Fjh@~k@pRxSzUvWxQjS|MpOrM~N~IzJl\h_@j]n_@jEdFfFjGlDvE~K|OrAbBdAhAlB`B,,,,,,,53,#1464a5cc,#1464a5cc,,,,,,,<div><strong>HALL ROAD</strong><br><span>Surface: sealed</span><br><span>Length: 1.52 km</span><br><span>Length rank: 80</span></div>
road_6063644,path,Road centreline,hamilton_road_path,BORMAN ROAD,,,,sealed,1.4950304628341822,81,@EAA{wthmIhjh}fAxIxAlAX~SdFxaBfh@t_@`K|t@tOlI~@pVlCrd@tFnd@bD``A`EbdAnExr@zCleAtD`ADro@fCreAdEpADvxAxFze@r@~A?hj@F|z@kBxo@sCzQPtQfB,,,,,,,52,#1464a5cc,#1464a5cc,,,,,,,<div><strong>BORMAN ROAD</strong><br><span>Surface: sealed</span><br><span>Length: 1.50 km</span><br><span>Length rank: 81</span></div>
road_3238132,path,Road centreline,hamilton_road_path,AVALON DRIVE,,,,sealed,1.492651162190188,82,@EAAs|jgmIfa}`gArGuDdR}RzRuUdW_YvVqXbFuD~MuUzs@uoA`[uj@jXwf@pG_KpLyM|LwJbRaOf_@qWxW_Sv_@gXpc@sZrh@}^vm@cd@pVuQ~@aA`FgFlFeHfD_FhGgL`DqJvAkGrH_YvCyMrJqa@zDcO,,,,,,,52,#1464a5cc,#1464a5cc,,,,,,,<div><strong>AVALON DRIVE</strong><br><span>Surface: sealed</span><br><span>Length: 1.49 km</span><br><span>Length rank: 82</span></div>
road_3234603,path,Road centreline,hamilton_road_path,DOMINION ROAD,,,,sealed,1.4855325345586403,83,@EAA_w_fmInev`gAmZl@qLNoP|AiP`BmLfAsMf@yZx@eTjAgZpBmNrAsn@dHoMr@qOp@gNPeRFyTSuQaAeQs@yQsAcy@}F_Jo@sLcBiIyBeMiDqJaEuYkNahAij@s`Akf@gsCmwAcnBuaAsCwB,,,,,,,52,#1464a5cc,#1464a5cc,,,,,,,<div><strong>DOMINION ROAD</strong><br><span>Surface: sealed</span><br><span>Length: 1.49 km</span><br><span>Length rank: 83</span></div>
road_3218962,path,Road centreline,hamilton_road_path,MANGAHARAKEKE DRIVE,,,,sealed,1.484219051870579,84,@EAAgsgfmIllp_gAmSb_@q|@z_B}i@j`Ail@~nAyu@xcBi]xn@gYra@i`AzlAo_A`fBcCxDwXbi@qCxEqEpD_FfDeIvDwMxB_UpE,,,,,,,52,#1464a5cc,#1464a5cc,,,,,,,<div><strong>MANGAHARAKEKE DRIVE</strong><br><span>Surface: sealed</span><br><span>Length: 1.48 km</span><br><span>Length rank: 84</span></div>
road_3217417,path,Road centreline,hamilton_road_path,BROOKFIELD STREET,,,,sealed,1.4831955834744364,85,@EAA}y~jmIr`abgAXDrDh@rzA`ThfD`f@jhDxe@huBxY|l@lI|m@`Ir{Br\hdDdd@jZxCvn@hK,,,,,,,52,#1464a5cc,#1464a5cc,,,,,,,<div><strong>BROOKFIELD STREET</strong><br><span>Surface: sealed</span><br><span>Length: 1.48 km</span><br><span>Length rank: 85</span></div>
road_6063752,path,Road centreline,hamilton_road_path,TE HUIA DRIVE,,,,sealed,1.4829452297431904,86,@EAA_qnfmI~xv}fA_\mSg}@aj@wOuJ_GuD}DkBuDwAeIqBoFa@cEI}F@wGb@wEj@qF~@cD`AmCtAwCpBaCvB}DrEiCdFqAfEaA`Gb@xWRnH[`EOtCmAdF_BpD{AhB}BtCmJlIy^r[{LlKkZnWsD`EeBdD_CtF}GbPw@lAmC~DoD|BiBbAmH`DaHjBuOxCsNxAiIlB{GvCqFnDoG|BuFjAyIt@uGFC?_Wc@uGJgF|@iGdBsIjE}[zVkNhGkOzCuKXmKSiGw@uGiBwJuCeEoAaTkGkY{@kAEUAuo@gEyh@sG,,,,,,,52,#1464a5cc,#1464a5cc,,,,,,,<div><strong>TE HUIA DRIVE</strong><br><span>Surface: sealed</span><br><span>Length: 1.48 km</span><br><span>Length rank: 86</span></div>
road_3218953,path,Road centreline,hamilton_road_path,ELLIS STREET,,,,sealed,1.4646376741514695,87,@EAAoqfhmIdroagAiB`F{@|GcLnnAe^plEk@zNz^zoAz_@pvAvu@`qC~EjQRvGwAlJoWvk@s@pGVnJlW``A,,,,,,,52,#1464a5cc,#1464a5cc,,,,,,,<div><strong>ELLIS STREET</strong><br><span>Surface: sealed</span><br><span>Length: 1.46 km</span><br><span>Length rank: 87</span></div>
road_8114327,path,Road centreline,hamilton_road_path,PERCIVAL ROAD,,,,sealed,1.439556296754909,88,@EAAis~kmIhbt`gAb}@{~@pHgI`BcCf@mA^cBJaBWoBq@kA_BuA_CqA}Ao@qWmI}AuAcA{ARiC^sAz@wAlEeF~PuQ~QcRnv@uw@~lAsnAdm@}m@`DeD~AqBl@uATiAAwAWsAkAiBwBiB}BsAgCwA_}BukAuyAkv@{eBo~@,,,,,,,51,#1464a5cc,#1464a5cc,,,,,,,<div><strong>PERCIVAL ROAD</strong><br><span>Surface: sealed</span><br><span>Length: 1.44 km</span><br><span>Length rank: 88</span></div>
road_3234656,path,Road centreline,hamilton_road_path,HUNTINGTON DRIVE,,,,sealed,1.4336661757459654,89,@EAA{ypimIrrz~fAmBgEaE{IuEcKeCmHgAsHw@}HEqIJqONsLFoDFsEHkPD_HRgMx@_Ox@_GJs@bAyFtAeF`BqFbEmLzHkO^s@rHsKjDeE~EkE|EmEnD}CnE{ClCqAfPoGfGmAjI_B|I_BdJsB~IaCrJ_DzH_C`PuExSuEjHcBrPyDbNmEfLqFpJyEdJcEbFeCtGi@fJ\jFx@~HpDrS`StNjPjGfH~B`D|@lApBnC|DbGjBtCvKnT`j@vcAzCpGxGhMxQvX`GlNdD`LJ^Pl@`C~I,,,,,,,51,#1464a5cc,#1464a5cc,,,,,,,<div><strong>HUNTINGTON DRIVE</strong><br><span>Surface: sealed</span><br><span>Length: 1.43 km</span><br><span>Length rank: 89</span></div>
road_3217423,path,Road centreline,hamilton_road_path,GALLOWAY STREET,,,,sealed,1.4292291422120025,90,@EAA{gmjmItqoagA{EbDkLtJskA~kAqD`EwCtEoCjG}BpH_Kz^kXfdAcQrp@{DpOeNti@mHjVg]hrAuObp@co@faCgh@rpBa@tAw@hCqArE,,,,,,,51,#1464a5cc,#1464a5cc,,,,,,,<div><strong>GALLOWAY STREET</strong><br><span>Surface: sealed</span><br><span>Length: 1.43 km</span><br><span>Length rank: 90</span></div>
road_3217422,path,Road centreline,hamilton_road_path,NIXON STREET,,,,sealed,1.4198518314632464,91,@EAAcxrjmIpihbgA|A_GbUyz@zVu_Adn@u`Cto@wcCln@}cC~Qmq@`Usz@~m@}`C,,,,,,,51,#1464a5cc,#1464a5cc,,,,,,,<div><strong>NIXON STREET</strong><br><span>Surface: sealed</span><br><span>Length: 1.42 km</span><br><span>Length rank: 91</span></div>
road_3238130,path,Road centreline,hamilton_road_path,BAVERSTOCK ROAD,,,,sealed,1.4097574114116604,92,@EAA_iifmIr{f`gAxgBfiBdBdB~WbXj@j@tArAvRxR|IfIrF|DzChBbFpCvJrDx{@x[lfBno@~ZrLZLrH|CpHjD|C~AdCpAleBf}@hUfLnb@|S`JnEhIxCpHzBjaC|b@rOpCdCb@n]lG,,,,,,,51,#1464a5cc,#1464a5cc,,,,,,,<div><strong>BAVERSTOCK ROAD</strong><br><span>Surface: sealed</span><br><span>Length: 1.41 km</span><br><span>Length rank: 92</span></div>
road_3218956,path,Road centreline,hamilton_road_path,LAKE ROAD,,,,sealed,1.3942035201981056,93,@EAA{m{hmI~vragAjH}B~}@oYxuA{j@tn@kVloAgh@`HoDjBaAbB{@hCsAjNgHnSgKrT}Lhh@w^zdBkjAhd@mZdZyS`VuPnx@gj@~CmAdHoArz@cHb@Wl@s@vAMhY_CtOwAdFuAvDuAxFuBhE_B,,,,,,,51,#1464a5cc,#1464a5cc,,,,,,,<div><strong>LAKE ROAD</strong><br><span>Surface: sealed</span><br><span>Length: 1.39 km</span><br><span>Length rank: 93</span></div>
road_3218968,path,Road centreline,hamilton_road_path,THE BOULEVARD,,,,sealed,1.3874600568166726,94,@EAAgamemInnc~fAakAjdB}EnEqDtBqJrGg]dU_f@~]wFlFsEdDe_@d`@_]p]ie@|e@eN|NcQzQkg@zg@wRlS}DrDec@f]qYnTmd@p^oDbD}RdSgYn[{OpPkZl\wKtLaQzS,,,,,,,51,#1464a5cc,#1464a5cc,,,,,,,<div><strong>THE BOULEVARD</strong><br><span>Surface: sealed</span><br><span>Length: 1.39 km</span><br><span>Length rank: 94</span></div>
road_3217424,path,Road centreline,hamilton_road_path,FOX STREET,,,,sealed,1.3873347349654064,95,@EAAcc}jmIdjebgAt^ksApJs]bn@i`CbH}Wbf@_jBh]krAhQkq@xf@ylBrZqiAvRwv@,,,,,,,51,#1464a5cc,#1464a5cc,,,,,,,<div><strong>FOX STREET</strong><br><span>Surface: sealed</span><br><span>Length: 1.39 km</span><br><span>Length rank: 95</span></div>
road_3217431,path,Road centreline,hamilton_road_path,NAYLOR STREET,,,,sealed,1.3806333188452384,96,@EAAgc`jmI|ucbgActAuR{nA_Qm[kEi\_F}oBcYadDkd@mgDkf@igDce@s{AfIeMp@,,,,,,,51,#1464a5cc,#1464a5cc,,,,,,,<div><strong>NAYLOR STREET</strong><br><span>Surface: sealed</span><br><span>Length: 1.38 km</span><br><span>Length rank: 96</span></div>
road_3234557,path,Road centreline,hamilton_road_path,ABERDEEN DRIVE,,,,sealed,1.3736148203797387,97,@EAAarkgmIjnpagA~sAiSvIsAre@iHfT}CrToApY}Ar]kGnx@wOfWiEhG_@??x@E\ArL_@vb@rAh^p@jNXzZp@z[|@pgAzCtWl@f_@{@lf@c@|YjB~Q~DnYnLpd@z\dM`OhGtLzDnM`H~d@pJvr@,,,,,,,50,#1464a5cc,#1464a5cc,,,,,,,<div><strong>ABERDEEN DRIVE</strong><br><span>Surface: sealed</span><br><span>Length: 1.37 km</span><br><span>Length rank: 97</span></div>
road_100047915,path,Road centreline,hamilton_road_path,MASTERS AVENUE,,,,sealed,1.364549687509343,98,@EAA_relmI~|tagAHB~g@hP`Y~InDjAxErAbFpA|FvAzIlB`MdClb@hJ||Av\lCj@xSnE~Ct@zDx@zEz@dFr@zG~@jd@hGtpB|WvU~CvOzB|B^`Dr@zBt@|B~@dCxAjCnBrAfA~BlC\`@pB|BbZn^hVtY`RzT`_@vc@rbA~lAjMzOlb@ng@,,,,,,,50,#1464a5cc,#1464a5cc,,,,,,,<div><strong>MASTERS AVENUE</strong><br><span>Surface: sealed</span><br><span>Length: 1.36 km</span><br><span>Length rank: 98</span></div>
road_3217425,path,Road centreline,hamilton_road_path,WELLINGTON STREET,,,,sealed,1.357891864383606,99,@EAAcc}imIjp{agAaHgCsrCua@aJsAmfDif@qdDyd@_hDke@_fDcf@kmAoP{G}@,,,,,,,50,#1464a5cc,#1464a5cc,,,,,,,<div><strong>WELLINGTON STREET</strong><br><span>Surface: sealed</span><br><span>Length: 1.36 km</span><br><span>Length rank: 99</span></div>
road_8325562,path,Road centreline,hamilton_road_path,ENNION RISE,,,,sealed,1.344465364260312,100,@EAA_~ngmIhta}fA{AKiGk@mFu@mGoAoCy@iB}@sBeA{B{AyB_BwReW}i@_t@}e@}n@eeCydDi]id@qI{LgHyImHqHqE_EyEwD}JqGeIoEkAk@aEqBeJ_EkIqCw@YuGyBkKaC{JqBgSoCaq@cHcdAwJu}@uIaYiC,,,,,,,50,#1464a5cc,#1464a5cc,,,,,,,<div><strong>ENNION RISE</strong><br><span>Surface: sealed</span><br><span>Length: 1.34 km</span><br><span>Length rank: 100</span></div>
road_6063651,path,Road centreline,hamilton_road_path,WAIRERE DRIVE,,,,sealed,1.3429231976887073,101,@EAAwssjmIpy}`gAc@uHqF{g@eEsZuAyPwAoj@bAg^rCqXJaBXeEZeEDs@nIus@~@_OlBqZX{YO}UaB_Z}Fkv@sDgk@aAyMu@aP\_S`BkRzDkYvGsY~b@inAzGsUbF}RfDuJ,,,,,,,50,#1464a5cc,#1464a5cc,,,,,,,<div><strong>WAIRERE DRIVE</strong><br><span>Surface: sealed</span><br><span>Length: 1.34 km</span><br><span>Length rank: 101</span></div>
road_3217444,path,Road centreline,hamilton_road_path,COMRIES ROAD,,,,sealed,1.3401446070797165,102,@EAA_ehimIjod_gAxDv@jD`@`Gj@t{AjTvHdA`d@hGtJ~AzuDzh@fCXv]`Fdh@nHhs@|Jxp@nJfy@zKvx@nLx^bF|Hl@rBEhDUpCk@|DsAp}@ee@`a@ySxIoFfD{BnAoAdBmCpB}EhCgGjBmFv@{AjCkBjCg@JApKaA,,,,,,,50,#1464a5cc,#1464a5cc,,,,,,,<div><strong>COMRIES ROAD</strong><br><span>Surface: sealed</span><br><span>Length: 1.34 km</span><br><span>Length rank: 102</span></div>
road_3217412,path,Road centreline,hamilton_road_path,ELLICOTT ROAD,,,,sealed,1.3324971156817496,103,@EAAclhgmIrn_agA|ZrYlbBr|Anv@js@nWbVnEzChFjC~j@rTxlBhu@vGjC|DdAdvBja@r~@zQxtDjs@nFfA~GtC,,,,,,,50,#1464a5cc,#1464a5cc,,,,,,,<div><strong>ELLICOTT ROAD</strong><br><span>Surface: sealed</span><br><span>Length: 1.33 km</span><br><span>Length rank: 103</span></div>
road_3217433,path,Road centreline,hamilton_road_path,CAMBRIDGE ROAD,,,,sealed,1.329194631156053,104,@EAAsgskmI~ydbgAmEuAyDi@kEIcEHk`@^}JJkpAjAiFNeFTeDZmFv@{GhA}HhAoGd@aFX_Db@}CjAyB~AoBfBuB`C_ClCkBpCkBjD{BpE}BnDgCzD{FfIyPpT_TtYmVz\_[zb@oL|NaCjC}CvCog@lb@gD`C_DvBcE`CaEpBqDdBwFzB}FtByHdCq{@rM_C^q]jFgHfAu}@jNeO~BkOjCu^bHSDwMbDyLvC_XhI,,,,,,,50,#1464a5cc,#1464a5cc,,,,,,,<div><strong>CAMBRIDGE ROAD</strong><br><span>Surface: sealed</span><br><span>Length: 1.33 km</span><br><span>Length rank: 104</span></div>
road_8114514,path,Road centreline,hamilton_road_path,Road centreline,,,,unmetalled,1.322081981926446,105,@EAAmphlmIxuh`gAfXi`@|u@o}@lp@qn@p_A{z@pdAay@jh@{^pq@{f@th@}ZleAmj@d_EysB,,,,,,,50,#734a12cc,#734a12cc,,,,,,,<div><strong>Road 8114514</strong><br><span>Surface: unmetalled</span><br><span>Length: 1.32 km</span><br><span>Length rank: 105</span></div>
road_3234577,path,Road centreline,hamilton_road_path,RIVERLEA ROAD,,,,sealed,1.3166820271619175,106,@EAAcualmIfembgAXrGMnAyAfCoB|BiPdNaTbPcEnDqC`DA@iBlCsAfCkE|IoI`QwCpGkC|FaA~BgBfEk@~AYjAKdBDnBTbB~FjYpKpg@~G`\pPfx@p@hDX`CNjBAnBSvBw@hCyA`CsBhBmDzAqCr@qF`A_X~CoBZmBd@_C`AqBtAsArAmAnBs@vBUnCHpCt@nCnAbCjCzBp^|SzBnApDbC|ClCdCtC~AjCpBjDnF~JlFjJjA~AdCxBpBfAhC|@lDh@jCN|B?`DWdCg@hBk@|Au@dDqBnm@q`@nAaArAmAr@aA^u@TkAHaACiAUeB_@eBgHq\uEeUq@cE_@cDKuDN{DTwC\eCTiB,,,,,,,50,#1464a5cc,#1464a5cc,,,,,,,<div><strong>RIVERLEA ROAD</strong><br><span>Surface: sealed</span><br><span>Length: 1.32 km</span><br><span>Length rank: 106</span></div>
road_3217409,path,Road centreline,hamilton_road_path,HIGGINS ROAD,,,,sealed,1.3153096514975524,107,@EAA_`~gmI|iyagAfDtJlY|o@|Rzc@b]`w@vZtq@~q@d|AjQp`@b^zw@x]lx@x]~w@d^tw@`@d@taAlvB,,,,,,,50,#1464a5cc,#1464a5cc,,,,,,,<div><strong>HIGGINS ROAD</strong><br><span>Surface: sealed</span><br><span>Length: 1.32 km</span><br><span>Length rank: 107</span></div>
road_3217428,path,Road centreline,hamilton_road_path,MAHOE STREET,,,,sealed,1.3045871544826186,108,@EAAs}himI||vbgA~wBpz@fHtDnGzDt{AbnAxIxKdLzQbFnFjDtCjDbClD~@tDb@ds@h@dHV~Jx@bxBhTlf@nEpMdBbPlErI|DnFnExsAtpBlPhVzA|CxIfY,,,,,,,49,#1464a5cc,#1464a5cc,,,,,,,<div><strong>MAHOE STREET</strong><br><span>Surface: sealed</span><br><span>Length: 1.30 km</span><br><span>Length rank: 108</span></div>
road_3234563,path,Road centreline,hamilton_road_path,RIFLE RANGE ROAD,,,,sealed,1.289587264765169,109,@EAAekigmIjowagAjCwDnBsDVyCWeCwLsb@aHoVkZifAq[eiA_Y}`A}Ky`@kBuGsZwfAcJe\oBgHwVa}@gC_J}GeVcKw^cBaGwJw]mAgEuDyMuA_FwGuU_@aAiIwTgBcG,,,,,,,49,#1464a5cc,#1464a5cc,,,,,,,<div><strong>RIFLE RANGE ROAD</strong><br><span>Surface: sealed</span><br><span>Length: 1.29 km</span><br><span>Length rank: 109</span></div>
road_3217414,path,Road centreline,hamilton_road_path,RIMU STREET,,,,sealed,1.2850240379886742,110,@EAAwtghmIdmy`gApQzTbGpHn@lAN|AS|DfVpFjMtCtEl@`BvAlBt@`RxIhDpCvCNpA\|At@t_Atc@lGvBtDfAxDJzEc@hUoIpG_C~DW|DPpJn@`l@fDxn@nEhsA_Jx{@yGll@wEvTiBrrBoOxtBgt@tOgG,,,,,,,49,#1464a5cc,#1464a5cc,,,,,,,<div><strong>RIMU STREET</strong><br><span>Surface: sealed</span><br><span>Length: 1.29 km</span><br><span>Length rank: 110</span></div>
road_3218974,path,Road centreline,hamilton_road_path,HUKANUI ROAD,,,,sealed,1.2673262284600784,111,@EAAab|hmIr{u~fAbEcShQc{@zAiKd@cH?YNcGYaOAk@eAiNy@sKaAqLe@wNHwFDwBd@uIbBiNZkCnF}_@dHeh@lImn@b@yD|D{XpG{d@lFqa@tF{d@lFq_@`@}IM_KsAuKyA_GwLmd@aGeTeHiWiA_EgI}ZwBgO,,,,,,,49,#1464a5cc,#1464a5cc,,,,,,,<div><strong>HUKANUI ROAD</strong><br><span>Surface: sealed</span><br><span>Length: 1.27 km</span><br><span>Length rank: 111</span></div>
road_3238119,path,Road centreline,hamilton_road_path,COBHAM DRIVE,,,,sealed,1.257588534750287,112,@EAAainjmIviibgAxvAfWryBzZnKjBlHbBzTvHzOfItHfFxHtGnRnVJJtv@deAnCtDfCxBvDrBlDv@jFZbFKlGc@~ZqDlWcEf\aHpd@mKlOwDhm@{PpOuEdNqD~M{DtUyI\OjG_D~DmClb@q^|V{R,,,,,,,49,#1464a5cc,#1464a5cc,,,,,,,<div><strong>COBHAM DRIVE</strong><br><span>Surface: sealed</span><br><span>Length: 1.26 km</span><br><span>Length rank: 112</span></div>
road_3234568,path,Road centreline,hamilton_road_path,SAXBYS ROAD,,,,sealed,1.2519095585768294,113,@EAAw|kimIfdjcgAlB~DbAlD`@vFaCnfBChCLzFjCzDvF|ClT|H??xdAp\|s@vVjKzB~Hf@f{AlKt_AvG|qDzUnuClQbDFhDHjFY,,,,,,,49,#1464a5cc,#1464a5cc,,,,,,,<div><strong>SAXBYS ROAD</strong><br><span>Surface: sealed</span><br><span>Length: 1.25 km</span><br><span>Length rank: 113</span></div>
road_6063968,path,Road centreline,hamilton_road_path,ROTOROA DRIVE,,,,sealed,1.244273834837869,114,@EAAuexhmIb`uagAuA`D}A|AkDrCiDlBiF`DgCpAqIfB_Gn@iF@oTWeYy@mDI{DOgJ_A{S_CiLeB{G_@sDFcDDwFv@mFbBcDxA}CtB_E~EyB~DyCdHyAdJ[nGLnERfFPtIzAxEpBbG~DbL|BbFbE~GdIpKzA~Cj@lE^lDGrGiAbPwArJSv@Pz@|AnBhBlAbDlD|@bAt@nENnEQdCiAtBwBdB}Br@gHxAuEd@sFb@wELsFw@_EO}Dj@wCtBwNdHwG|C{NrJcEtDuHhFmKhEiLlDoGz@gLrAcJPgJAo[YcX~@uVfC_HvAeGhCyO~IkJ{DoFqBaC_BwBwA,,,,,,,48,#1464a5cc,#1464a5cc,,,,,,,<div><strong>ROTOROA DRIVE</strong><br><span>Surface: sealed</span><br><span>Length: 1.24 km</span><br><span>Length rank: 114</span></div>
road_3238145,path,Road centreline,hamilton_road_path,WAIRERE DRIVE,,,,sealed,1.2400856654632704,115,@EAAqychmIxem~fAiRrGyWvMci@z_@oe@t^mSxOc[vTsQ~KsQbKqUtLwEjBaDdBuIzDsMtF_XdKuKvDwSxG{Cz@gUtGsOxDiJpB_NvCsKxBaSpD}PnCkMfBsRnCeC\SBiIjAgC^{_@tFye@jGa_@dDuNdAwMp@qUdAsRZmQ\oXG{Uc@iOm@uBG,,,,,,,48,#1464a5cc,#1464a5cc,,,,,,,<div><strong>WAIRERE DRIVE</strong><br><span>Surface: sealed</span><br><span>Length: 1.24 km</span><br><span>Length rank: 115</span></div>
road_3217411,path,Road centreline,hamilton_road_path,DINSDALE ROAD,,,,sealed,1.2353406027961054,116,@EAAkcnfmItutagAyDFiDJ_F?_MaAqeBsJmPgAgV_AoKKqIHkIb@gHr@{MbCuOxDmNnGqPlKab@tYaLlI_MvGmFbBgDx@wEv@wENiGN_GMeKiA_P{Dki@gOwSiFsBMoCJgE`CeGvBwPnHkKjBcR`DwjAzPk|B|\se@`HwHpAoGrA,,,,,,,48,#1464a5cc,#1464a5cc,,,,,,,<div><strong>DINSDALE ROAD</strong><br><span>Surface: sealed</span><br><span>Length: 1.24 km</span><br><span>Length rank: 116</span></div>
road_3217445,path,Road centreline,hamilton_road_path,THOMAS ROAD,,,,sealed,1.225098249124705,117,@EAAs|timIx{~}fA|DAxHSrI_@`Hi@xCUx]iDrToCb[qE`\gCrjDm_@lcBaRlQiBtZiCnIQpT}@hCKD?vLUf]q@|N[fk@kAndBoDhr@mAnVq@xq@kBlRk@,,,,,,,48,#1464a5cc,#1464a5cc,,,,,,,<div><strong>THOMAS ROAD</strong><br><span>Surface: sealed</span><br><span>Length: 1.23 km</span><br><span>Length rank: 117</span></div>
road_7741215,path,Road centreline,hamilton_road_path,KIMBRAE DRIVE,,,,sealed,1.2180499076773388,118,@EAAat~gmIf}~|fAqQiCwCWeXiCoNJkIz@_m@jLapCtg@eZtE{RzCqPnCcJhAyn@`Ia@FK@w{@vJuJ`AyMtAwXtCmQdCaE`A{FvAcH`C{MnEyPdJyJfGc@`@aJjImIfKmIpOsRja@?@g\ts@kSrc@yAxC,,,,,,,48,#1464a5cc,#1464a5cc,,,,,,,<div><strong>KIMBRAE DRIVE</strong><br><span>Surface: sealed</span><br><span>Length: 1.22 km</span><br><span>Length rank: 118</span></div>
road_3217446,path,Road centreline,hamilton_road_path,THOMAS ROAD,,,,sealed,1.2166935911765775,119,@EAAqmyhmIfq{}fAx^Ybb@s@`GKjQYjL]xS_AzBQfw@wFzDW`Hc@h\iApNObR?lc@n@|BFdQd@jt@~EhLvAH@jGv@te@hHb]dFzYfC`{@tGp`BrKhj@nE~z@dKdoAtTnGhA,,,,,,,48,#1464a5cc,#1464a5cc,,,,,,,<div><strong>THOMAS ROAD</strong><br><span>Surface: sealed</span><br><span>Length: 1.22 km</span><br><span>Length rank: 119</span></div>
road_3283222,path,Road centreline,hamilton_road_path,ARTHUR PORTER DRIVE,,,,sealed,1.2165855050158425,120,@EAAczxemIjbz~fAxd@zPhDlB~BlBhBxAhAlBdBnFPtDIhFuDxKeGzNyUbf@cJjMuJpJuKfJ}\rUokBftAsx@thAoCvDaBzEs[to@eI~Lc\z_@wDlE{SnVaIvKkFdHqGzKeGtL{Pd],,,,,,,48,#1464a5cc,#1464a5cc,,,,,,,<div><strong>ARTHUR PORTER DRIVE</strong><br><span>Surface: sealed</span><br><span>Length: 1.22 km</span><br><span>Length rank: 120</span></div>
road_3217426,path,Road centreline,hamilton_road_path,COOK STREET,,,,sealed,1.2064892770507925,121,@EAA_mxjmI`lqagA|kAhQhxA~RdnAfQvgD~e@jcDxd@dx@dL|mBtXxjA|N,,,,,,,48,#1464a5cc,#1464a5cc,,,,,,,<div><strong>COOK STREET</strong><br><span>Surface: sealed</span><br><span>Length: 1.21 km</span><br><span>Length rank: 121</span></div>
road_3234561,path,Road centreline,hamilton_road_path,MASSEY STREET,,,,sealed,1.202034919797048,122,@EAA{`_hmIvxmagAjo@rT`TlHdn@zSnVlI`i@rQv_Ad\hxAdh@vc@lNxiAr`@nHfCrz@zYxsBns@b_@nMxG~B~Q`G`KnExFdEfGpHzErJ,,,,,,,48,#1464a5cc,#1464a5cc,,,,,,,<div><strong>MASSEY STREET</strong><br><span>Surface: sealed</span><br><span>Length: 1.20 km</span><br><span>Length rank: 122</span></div>
road_3217432,path,Road centreline,hamilton_road_path,TE AROHA STREET,,,,sealed,1.1993524926277537,123,@EAAchrimIjhdagAiDkAqsB{s@ebBwh@gj@}Ood@uMcKwDo_AuX{NwCg[cF_y@}Ki_@_F}^iFaXqDwIuA}pAgQyqA_Rye@oE,,,,,,,48,#1464a5cc,#1464a5cc,,,,,,,<div><strong>TE AROHA STREET</strong><br><span>Surface: sealed</span><br><span>Length: 1.20 km</span><br><span>Length rank: 123</span></div>
road_3234628,path,Road centreline,hamilton_road_path,FAIRVIEW STREET,,,,sealed,1.195433252639691,124,@EAAc~hjmI|xl_gAgAt@q@f@sApBiAhFy@tDSbC`@|D~Ij`@XxEkA~HoIhUaPfg@se@pqAep@jmBed@nqA_jAneD{Urq@,,,,,,,48,#1464a5cc,#1464a5cc,,,,,,,<div><strong>FAIRVIEW STREET</strong><br><span>Surface: sealed</span><br><span>Length: 1.20 km</span><br><span>Length rank: 124</span></div>
road_3234653,path,Road centreline,hamilton_road_path,BARRINGTON DRIVE,,,,sealed,1.1924877075429354,125,@EAA_bnimInzk}fAz@vDzAtEfUrv@rA|DzC|ItDpJlBlDvBrDbCvDpBhC`C`DjCfC`DbCdDzBbE`CbAn@fFhEnFfFxFlH~AfD`A`DxAnE^jBThAj@pCv@pFXzEHvFMfEoBxMw@rBaAjCoCdGo@hAuAfCwEdHgH|I}G~H_HtHiLhMcUlXsLhN_i@dm@}HjJki@nn@mGhHuDhEsE`G_ErGcCdFkBpEoAzFeAfGa@`KAlCFtJv@hEt@rE`B`GjDvHnDrJ,,,,,,,48,#1464a5cc,#1464a5cc,,,,,,,<div><strong>BARRINGTON DRIVE</strong><br><span>Surface: sealed</span><br><span>Length: 1.19 km</span><br><span>Length rank: 125</span></div>
road_3234579,path,Road centreline,hamilton_road_path,FIRTH STREET,,,,sealed,1.1731860732153014,126,@EAA}bljmIhjebgA~n@q`Cjo@ocCfo@wcCzPkq@~Tuz@|Kcb@dBsGzIq\rScw@,,,,,,,47,#1464a5cc,#1464a5cc,,,,,,,<div><strong>FIRTH STREET</strong><br><span>Surface: sealed</span><br><span>Length: 1.17 km</span><br><span>Length rank: 126</span></div>
road_3217408,path,Road centreline,hamilton_road_path,DUKE STREET,,,,sealed,1.1625029548244787,127,@EAAkjogmIbndbgAyNcTmBaAmDe@_ED}E\eHpAcJzA_TlDwMpBeIlAo^tFcInAc`@`GuUpDiy@fMkpGnaA_pA`Sqw@tLk`@`Gy[~Eah@nJ,,,,,,,47,#1464a5cc,#1464a5cc,,,,,,,<div><strong>DUKE STREET</strong><br><span>Surface: sealed</span><br><span>Length: 1.16 km</span><br><span>Length rank: 127</span></div>
road_3238128,path,Road centreline,hamilton_road_path,CLAUDELANDS ROAD,,,,sealed,1.155842767314788,128,@EAA{liimI~ufagAg~@kc@yFoCykAok@ot@sZsWsKSIgFmCy_@}RkiBez@iPeGwQaFcY_IiP_EqKwAkHCqLyCmScFyo@yRkXyHyt@wTkFiAib@kMUMsAu@a@sAG{@VmAlBqF,,,,,,,47,#1464a5cc,#1464a5cc,,,,,,,<div><strong>CLAUDELANDS ROAD</strong><br><span>Surface: sealed</span><br><span>Length: 1.16 km</span><br><span>Length rank: 128</span></div>
road_3234585,path,Road centreline,hamilton_road_path,COBHAM DRIVE,,,,sealed,1.1558376759323177,129,@EAAuwoimI~iyagA_DzB{DpCmK~KyOxPoEzEoJfKcIvIwD`Ega@tc@kGrKuE~H_DzR`@tSpEdPjMzRl[fb@pHxPvA~IFhOiBxMsR|z@{Rji@s]~p@yf@nl@s~@j}@,,,,,,,47,#1464a5cc,#1464a5cc,,,,,,,<div><strong>COBHAM DRIVE</strong><br><span>Surface: sealed</span><br><span>Length: 1.16 km</span><br><span>Length rank: 129</span></div>
road_6063777,path,Road centreline,hamilton_road_path,ROTOTUNA ROAD,,,,sealed,1.152787725297382,130,@EAAa}chmInuf~fA_E{@y~@qO}h@qIsz@kNwGuAiH}BiJ}DuFqCeKuH_T{Oar@}h@yIuGc[kVuK_IsJqF}IiEyGkCcKkCwJsBwWcBw|BaE}hAgB}Zg@uESeHIoIg@qY?k[F,,,,,,,47,#1464a5cc,#1464a5cc,,,,,,,<div><strong>ROTOTUNA ROAD</strong><br><span>Surface: sealed</span><br><span>Length: 1.15 km</span><br><span>Length rank: 130</span></div>
road_3234650,path,Road centreline,hamilton_road_path,POWELLS ROAD,,,,sealed,1.1439740870709325,131,@EAA}bekmI`yz_gA|{@pP|rCti@llBr^~j@pKdyCxj@faBh[|a@dIlf@pJ~H|AvPfDlFdAhe@fJ,,,,,,,47,#1464a5cc,#1464a5cc,,,,,,,<div><strong>POWELLS ROAD</strong><br><span>Surface: sealed</span><br><span>Length: 1.14 km</span><br><span>Length rank: 131</span></div>
road_6063751,path,Road centreline,hamilton_road_path,ARTHUR PORTER DRIVE,,,,sealed,1.1398095928157077,132,@EAAmueemIb`e~fAgFpJwz@p_C{n@lsAoHvO}OtYg|@|yAggAl`BmuAhaBuJpJ,,,,,,,47,#1464a5cc,#1464a5cc,,,,,,,<div><strong>ARTHUR PORTER DRIVE</strong><br><span>Surface: sealed</span><br><span>Length: 1.14 km</span><br><span>Length rank: 132</span></div>
road_3238139,path,Road centreline,hamilton_road_path,RUFFELL ROAD,,,,sealed,1.138792627568126,133,@EAAmzpemIhwy}fApF`BjlCxk@`Dn@hUfIbPfKxZpZfChDpP|ThXtj@lEbJrDnIDL~Rlb@nUlh@nB`IdAnGVtFUrDMzCiAvL\jFv@hEdAbCbBbD|B|BpDdCjL|HtOxK`H~EfClC|BrDnj@rjApA|B|A|ArF~C~DzB,,,,,,,47,#1464a5cc,#1464a5cc,,,,,,,<div><strong>RUFFELL ROAD</strong><br><span>Surface: sealed</span><br><span>Length: 1.14 km</span><br><span>Length rank: 133</span></div>
road_8325553,path,Road centreline,hamilton_road_path,PARDOA BOULEVARD,,,,sealed,1.133459593463554,134,@EAAe_bjmIlgb_gAcKqAoFq@}q@cFsXsBqXgCc]oDgnA}QaRoCciDug@gn@eLcPkCclCsb@wpAgSuQeCwTiCeLmB_IiB,,,,,,,47,#1464a5cc,#1464a5cc,,,,,,,<div><strong>PARDOA BOULEVARD</strong><br><span>Surface: sealed</span><br><span>Length: 1.13 km</span><br><span>Length rank: 134</span></div>
road_3234623,path,Road centreline,hamilton_road_path,DISCOVERY DRIVE,,,,sealed,1.1290093936720071,135,@EAAusygmItqu}fAlIrB|HlBt_@~Gnz@bFnm@fHvp@`MpF`BdGfB|n@bRra@pT`SnK|F|Clk@td@~PnQ~PhR~Zjl@~JhUrK|_@fFvUvAlI^dJhBt`@ClRu@nXu@nI,,,,,,,47,#1464a5cc,#1464a5cc,,,,,,,<div><strong>DISCOVERY DRIVE</strong><br><span>Surface: sealed</span><br><span>Length: 1.13 km</span><br><span>Length rank: 135</span></div>
road_100122886,path,Road centreline,hamilton_road_path,MANSEL AVENUE,,,,sealed,1.128992765008809,136,@EAAc_lkmIds{agAeFl@eIlA_j@zIo_@tGwA\ouA~o@uzAdq@sE~BgDpBoC~BwBlCgDjGgGtMcRnc@yB`F_AjBcAhB}AfBwAhAeCrAwAj@cBd@gB`@mBV{BPmDFsCKyk@oCqFSwO{@sC[cF_AuEaAqE_AeKwByMqCcMyCiLmDaJ}BuHcBoGoAcV_FaWgFck@oLmKsBwCe@oF_A,,,,,,,47,#1464a5cc,#1464a5cc,,,,,,,<div><strong>MANSEL AVENUE</strong><br><span>Surface: sealed</span><br><span>Length: 1.13 km</span><br><span>Length rank: 136</span></div>
road_8325551,path,Road centreline,hamilton_road_path,MANGAHARAKEKE DRIVE,,,,sealed,1.1241173080609017,137,@EAAwhsemI`bf_gA{[xLuTdI{[~Je\fJo^lIuMhC{O~CqHtAsY`F_nArRek@`Je\tFqj@dM??af@pOae@~QwBjAmC~AoSvLkOvJmAx@aItFe]nXaZjZqW|[e]hj@,,,,,,,47,#1464a5cc,#1464a5cc,,,,,,,<div><strong>MANGAHARAKEKE DRIVE</strong><br><span>Surface: sealed</span><br><span>Length: 1.12 km</span><br><span>Length rank: 137</span></div>
road_3234643,path,Road centreline,hamilton_road_path,CROSBY ROAD,,,,sealed,1.1214477464330346,138,@EAAsbnimIn}m_gAoQ}D{vAob@cj@aOkbAqZ_K}C}SqGo`@uLkHyB{ZiIoJgCgGeAeG[qa@IkLMqO_AePyCmJsCkJyE]Q}GkFoDmDaOgSkNc[}B}EaIuTiLq[{K{[{CiIwCcHiCkEmBuCsC_CaEeCyD}AiGiBiDsBIG_E_E,,,,,,,46,#1464a5cc,#1464a5cc,,,,,,,<div><strong>CROSBY ROAD</strong><br><span>Surface: sealed</span><br><span>Length: 1.12 km</span><br><span>Length rank: 138</span></div>
road_3238121,path,Road centreline,hamilton_road_path,PEACOCKES LANE,,,,sealed,1.1189613293200558,139,@EAAcfkkmIl~{bgACdp@kAblB]`Fs@bEuXxm@mB~F[fC\lBz@zBrAtAhEhDt\zOz[|Lrf@rO`CpAfBtAt@lBp@fCFpFq@zMeBbRwBpNoA|EeC~Hm\jx@_@~@FhA~@p@|AZxkAvTvCh@hCGtCqAdBiAna@e_@,,,,,,,46,#1464a5cc,#1464a5cc,,,,,,,<div><strong>PEACOCKES LANE</strong><br><span>Surface: sealed</span><br><span>Length: 1.12 km</span><br><span>Length rank: 139</span></div>
road_8325555,path,Road centreline,hamilton_road_path,BORMAN ROAD,,,,sealed,1.1154146520431436,140,@EAAgtaimItjh}fAsTjFcVzGeLzCgGvAMB{M`CeIpAkeAxQs}AfXiTtDuPtC{dArQe_@bG}`AxQmIvBsL`EsJfD_J`FsGrEkHnFqEbE{ExEsDtCuJdIcKtGsHtDeJ`EgKfDmGnBwEjAsOdBmIr@kR~AaN~@iOdAmG^sAFoGd@,,,,,,,46,#1464a5cc,#1464a5cc,,,,,,,<div><strong>BORMAN ROAD</strong><br><span>Surface: sealed</span><br><span>Length: 1.12 km</span><br><span>Length rank: 140</span></div>
road_3217440,path,Road centreline,hamilton_road_path,BEERESCOURT ROAD,,,,sealed,1.1097643648944884,141,@EAAgk_hmI``t_gAmFrDeGdGeB~E_@|BQfHKvGkAjL_CpOkBzJwC~KeIbTkQ|_@_AlAgOlYuN~ZkPf^cIfPeMzYuRxa@}Oz]aSb`@uHxSeBbHeCfMgGzc@k@hElC`DlDtEtZhX~K`Jnl@xh@,,,,,,,46,#1464a5cc,#1464a5cc,,,,,,,<div><strong>BEERESCOURT ROAD</strong><br><span>Surface: sealed</span><br><span>Length: 1.11 km</span><br><span>Length rank: 141</span></div>
road_8055964,path,Road centreline,hamilton_road_path,BROOKLYN ROAD,,,,sealed,1.1085735090794735,142,@EAAqcajmIxum`gAfD`IfEpZr@~ExApJx]z}B`NbbAxKdt@xP`iA~AjKfCtPxA|DnChEh@x@`GnDbdEboA~H`C,,,,,,,46,#1464a5cc,#1464a5cc,,,,,,,<div><strong>BROOKLYN ROAD</strong><br><span>Surface: sealed</span><br><span>Length: 1.11 km</span><br><span>Length rank: 142</span></div>
road_100047839,path,Road centreline,hamilton_road_path,CAMBRIDGE ROAD,,,,sealed,1.1073857449331856,143,@EAAqs}jmIta~agAifBpKgDHsDMaVwAm]uByKm@gVy@}MOeIV{N`@w{BzUsj@lFqIfCmDbBwItFqQpQmj@hm@eF|EqD~BsH~Cgd@rPwsAxg@aQ`HoAh@cDdB}IlFeHrE,,,,,,,46,#1464a5cc,#1464a5cc,,,,,,,<div><strong>CAMBRIDGE ROAD</strong><br><span>Surface: sealed</span><br><span>Length: 1.11 km</span><br><span>Length rank: 143</span></div>
road_3214613,path,Road centreline,hamilton_road_path,PUKEROA ROAD,,,,sealed,1.1011375400864731,144,@EAAs_xjmI|mx~fAzu@rL~|@hNb}Dro@~d@tHzdJnzAnJ|Ad\nF,,,,,,,46,#1464a5cc,#1464a5cc,,,,,,,<div><strong>PUKEROA ROAD</strong><br><span>Surface: sealed</span><br><span>Length: 1.10 km</span><br><span>Length rank: 144</span></div>
road_3234551,path,Road centreline,hamilton_road_path,AMANDA AVENUE,,,,sealed,1.100162373636686,145,@EAAa}lfmI|afbgAqqAxL_RbAyNDgoBsIuKYej@qBij@aBqKY_G^oJvAs]rH}ShEoFd@gE@iGUeGiAmBk@{GqBuE{CmDkDkCiEiAkEi@{CDcE~C}WMkDu@wCyBsByC{AeF}@mu@oFmvAmIkH_AiEiAee@wL,,,,,,,46,#1464a5cc,#1464a5cc,,,,,,,<div><strong>AMANDA AVENUE</strong><br><span>Surface: sealed</span><br><span>Length: 1.10 km</span><br><span>Length rank: 145</span></div>
road_8325552,path,Road centreline,hamilton_road_path,KOURA DRIVE,,,,sealed,1.0897559781047912,146,@EAAgsudmI~qn~fAk@yK}Nc`DmBkZoEkT}DoPyEkLwEyKcFqIsO_ViQ_RksBwlBwg@ae@cNcMoMqLsh@ye@,,,,,,,46,#1464a5cc,#1464a5cc,,,,,,,<div><strong>KOURA DRIVE</strong><br><span>Surface: sealed</span><br><span>Length: 1.09 km</span><br><span>Length rank: 146</span></div>
road_100122885,path,Road centreline,hamilton_road_path,Road centreline,,,,unmetalled,1.077921573244134,147,@EAAuvfkmInqwcgAqFso@kAsIeA_FeByCmAqBwEsEauBygBq]wTsUuNmQkOuEkEiCaCqDyAmE{AoM}DcCiAgCkBqIwFeCkBgEwBeFkB}F{AeEi@oCAkF`@wGSgDY{B_@eD{@wD}AuDkByEsC_LuG_GqDsC_ByBoAiCkA}DwA{DcAsDu@uDs@cEq@kIgAuYgCuf@mEyx@sG,,,,,,,46,#734a12cc,#734a12cc,,,,,,,<div><strong>Road 100122885</strong><br><span>Surface: unmetalled</span><br><span>Length: 1.08 km</span><br><span>Length rank: 147</span></div>
road_3218963,path,Road centreline,hamilton_road_path,FOREMAN ROAD,,,,sealed,1.0712209235011048,148,@EAAo}lfmIx~x_gA}nBkk@kGiBkG_C_EmCyCsBuCaDmBqCmDoIcAiJGmGtAyFj]ksAfFuP~CwEdDwDxImFnFuBhImBjF[~DgAzDmDd@cGkAyiAn@gJbDuIjeBaaC,,,,,,,46,#1464a5cc,#1464a5cc,,,,,,,<div><strong>FOREMAN ROAD</strong><br><span>Surface: sealed</span><br><span>Length: 1.07 km</span><br><span>Length rank: 148</span></div>
road_3234629,path,Road centreline,hamilton_road_path,FAIRFIELD ROAD,,,,sealed,1.0685170738198464,149,@EAAqtthmI|`j`gA{LeGgDuBse@}TiKwDyKwBktAyRkv@aO{JaBoEq@sCa@i`@uFgPcCm^oFyHwB_GaDgQsQ{DeBwHsCwIgBwC]qDUmHGoCJaF^mGdAaMlCkL`CaWzFeFpBkF|Cch@`_@aEfBsG~AiHN_He@qQ{DgSiFoNiD}o@qP,,,,,,,46,#1464a5cc,#1464a5cc,,,,,,,<div><strong>FAIRFIELD ROAD</strong><br><span>Surface: sealed</span><br><span>Length: 1.07 km</span><br><span>Length rank: 149</span></div>
road_3234586,path,Road centreline,hamilton_road_path,RUAKIWI ROAD,,,,sealed,1.0570337984930345,150,@EAAo_iimIvx_bgAzADtBK|AQdBi@|E{C~EaElEeHxBkBbPiNtm@sh@re@ma@b]oYhMaOxH}IrC{ErAuEbAwG`@{D^oDlBoL~@kNDgGWkHuAaMW_JNqEDUl@gC|AyDdd@kt@tMcThImLfBsBvD}CjDmC`IoBdHoA`Io@lfAyAvM}AbJgB|C{@~LmD,,,,,,,45,#1464a5cc,#1464a5cc,,,,,,,<div><strong>RUAKIWI ROAD</strong><br><span>Surface: sealed</span><br><span>Length: 1.06 km</span><br><span>Length rank: 150</span></div>
road_3283237,path,Road centreline,hamilton_road_path,Road centreline,,,,sealed,1.0502650487842542,151,@EAA_mwfmIbe``gA_EMkE`@}DdBgB`CqA|EoZrrAcDdG}DvJ_MzW_FxL}EvIiDzGaEvGiHvIiLrMcWrYoZd]s\t`@}QzRcWhYaj@vm@oTrVqGpH_BvBcAlBYnBe@~Bc@rBoAtB}R~VqSpX,,,,,,,45,#1464a5cc,#1464a5cc,,,,,,,<div><strong>Road 3283237</strong><br><span>Surface: sealed</span><br><span>Length: 1.05 km</span><br><span>Length rank: 151</span></div>
road_3234548,path,Road centreline,hamilton_road_path,AYRSHIRE DRIVE,,,,sealed,1.0467650535868216,152,@EAAucremIzx~`gAc\zMwSrF}j@vFwKfC}LnDiLxEiK`JmEtGcCfFgLnMwEzDwYvJ}qAjc@}G`Csc@rOe_Bpc@wN|FmIfFwFvHkCjG{CdQA|Fq@zG{EvPyCrCcDbDeFdDcMtGuGzCoHfCkIvAqGBeMu@wImA,,,,,,,45,#1464a5cc,#1464a5cc,,,,,,,<div><strong>AYRSHIRE DRIVE</strong><br><span>Surface: sealed</span><br><span>Length: 1.05 km</span><br><span>Length rank: 152</span></div>
road_3234584,path,Road centreline,hamilton_road_path,MILL STREET,,,,sealed,1.0397990440835665,153,@EAAugmhmIn{dagA{rAe}@{MkHoo@eb@yg@s\ie@_[qYcS{GcG{CqCqHgL}Vkk@oMgXkKqT}Ow[k]qq@eFaFoBmBgEsDgNeLsLqGqI}CaMsEcS_G,,,,,,,45,#1464a5cc,#1464a5cc,,,,,,,<div><strong>MILL STREET</strong><br><span>Surface: sealed</span><br><span>Length: 1.04 km</span><br><span>Length rank: 153</span></div>
road_7742025,path,Road centreline,hamilton_road_path,MANGAHARAKEKE DRIVE,,,,sealed,1.0146527600881077,154,@EAAmp_emIv|}}fAmDjC{BfHkDjO_BpPN|Yf@vJn@rZb@nRDxNMjHm@dK_@fHs@`Mm@nEaFf^}Fzb@iCfNyAxJaBfU|JoPpL{WlKyS~KyXfDgIfEgKhFqMrFuKxHoKvCgEhMeNhJ_J`F{Dr^{U,,,,,,,45,#1464a5cc,#1464a5cc,,,,,,,<div><strong>MANGAHARAKEKE DRIVE</strong><br><span>Surface: sealed</span><br><span>Length: 1.01 km</span><br><span>Length rank: 154</span></div>
road_3234594,path,Road centreline,hamilton_road_path,MORRINSVILLE ROAD,,,,sealed,1.0117244559441787,155,@EAAqazkmIheebgAiGkGyBiB_DgBiDeAcKyB_sBgb@gy@oPqc@sJic@wIsXuFgCk@kJqBmIkBqCo@eKgC{JqCyIeCeFeBeFcBaMoE{IcDuGcCuM}F{CyAiDcBsHwDeHyD{KkGcKoGkh@w\wW{Pux@oh@,,,,,,,45,#1464a5cc,#1464a5cc,,,,,,,<div><strong>MORRINSVILLE ROAD</strong><br><span>Surface: sealed</span><br><span>Length: 1.01 km</span><br><span>Length rank: 155</span></div>
road_3234617,path,Road centreline,hamilton_road_path,CHURCH ROAD,,,,sealed,1.005984206427585,156,@EAAskofmI|ce~fAzk@re@pOvMzIxKzfAxgCrBpFtKdOv@hAhFhHlc@|j@f\hb@~yA`{Al{@b|@,,,,,,,45,#1464a5cc,#1464a5cc,,,,,,,<div><strong>CHURCH ROAD</strong><br><span>Surface: sealed</span><br><span>Length: 1.01 km</span><br><span>Length rank: 156</span></div>
road_3234607,path,Road centreline,hamilton_road_path,AWATERE AVENUE,,,,sealed,1.0055554569100285,157,@EAAkjdhmIv~}_gAglA_ZcGqAiI]sIj@gGtAuEjBaChBmEfDiGzHqDxFeCxHqDtMgAjEmBzHoGhYuE|TeGrXkEpScEbR_FtUqDlNy@|Cy@rBu@lBwCtFqEtImIdOwGpLsPjZ}A|D[rCIjC\bDpBbNx@tGDlC?`@ErBAhAc@xDmAbJcGv_@m@rC[tAYjAOrAQ~AJtAR`AhAfD,,,,,,,45,#1464a5cc,#1464a5cc,,,,,,,<div><strong>AWATERE AVENUE</strong><br><span>Surface: sealed</span><br><span>Length: 1.01 km</span><br><span>Length rank: 157</span></div>
road_7742024,path,Road centreline,hamilton_road_path,EARTHMOVER CRESCENT,,,,sealed,1.0049869611427542,158,@EAAkjqemIjvv~fAuiBu{@eBwAYgBJqCvGmIb]g`@`q@iz@xyAwdBdz@afA`FmFjDqB|DeBfE{AlEu@dFe@dHOpG\hEb@lFbAtz@rT,,,,,,,45,#1464a5cc,#1464a5cc,,,,,,,<div><strong>EARTHMOVER CRESCENT</strong><br><span>Surface: sealed</span><br><span>Length: 1.00 km</span><br><span>Length rank: 158</span></div>
road_3234580,path,Road centreline,hamilton_road_path,ALBERT STREET,,,,sealed,1.0034643880634757,159,@EAAoqsjmIpwzagAdiD`f@vcDrd@n{Czb@jI|BbDhEnNlHx{Ajx@xL~FxGvB~LxC,,,,,,,44,#1464a5cc,#1464a5cc,,,,,,,<div><strong>ALBERT STREET</strong><br><span>Surface: sealed</span><br><span>Length: 1.00 km</span><br><span>Length rank: 159</span></div>
road_3234583,path,Road centreline,hamilton_road_path,SEDDON ROAD,,,,sealed,1.00233170690479,160,@EAAituhmIzueagAjOgQ~kAirAdBsB|NcQzGyHpH}IrMgMfEcDjI{DxG}BfkDo}@vIwBhFaA~i@iGxBUbs@sHbZ_DzOwBlFkCna@ae@rCaD,,,,,,,44,#1464a5cc,#1464a5cc,,,,,,,<div><strong>SEDDON ROAD</strong><br><span>Surface: sealed</span><br><span>Length: 1.00 km</span><br><span>Length rank: 160</span></div>
road_3234600,path,Road centreline,hamilton_road_path,KNIGHTON ROAD,,,,sealed,0.9941785017695964,161,@EAAwjlkmIdo_agApB|FzI`QpDpHvErJ~FzJlGdLl\nk@r^rn@pt@`oAb[lj@rXzd@`DvFja@bs@nDhGzPbZ`BpC`a@vq@~FlIzG`G,,,,,,,44,#1464a5cc,#1464a5cc,,,,,,,<div><strong>KNIGHTON ROAD</strong><br><span>Surface: sealed</span><br><span>Length: 0.99 km</span><br><span>Length rank: 161</span></div>
road_3234571,path,Road centreline,hamilton_road_path,BRUCE AVENUE,,,,sealed,0.9937102356820748,162,@EAAqcqimI`{icgAcKkKqMmKeCoB_CmAyJoDkzAmi@wG}C{XmUaYaUgM_KaM}JcqAmdAeM_Ky`@o\u@o@u@o@sVyOkg@eQuU}EsQaBkkAwCsIS,,,,,,,44,#1464a5cc,#1464a5cc,,,,,,,<div><strong>BRUCE AVENUE</strong><br><span>Surface: sealed</span><br><span>Length: 0.99 km</span><br><span>Length rank: 162</span></div>
road_3234652,path,Road centreline,hamilton_road_path,GLEN LYNNE AVENUE,,,,sealed,0.9873619473127913,163,@EAAq_}hmIryx~fAtf@lGvRpAlKGtHk@hHuA~L_CdGq@|EYh@EzL?dQrAfShHxYxOz[bPfEtBfGpA~o@rMpzGhiAbHlBnExCxB~AxApBbUvZvDbF,,,,,,,44,#1464a5cc,#1464a5cc,,,,,,,<div><strong>GLEN LYNNE AVENUE</strong><br><span>Surface: sealed</span><br><span>Length: 0.99 km</span><br><span>Length rank: 163</span></div>
road_100047781,path,Road centreline,hamilton_road_path,HOWELL AVENUE,,,,sealed,0.9844354934372308,164,@EAAmj~kmIpnjbgAvIdB~Dt@rDh@tFd@~Gd@zKv@nKd@`BBlBEjES|GUjDEjDDhETnHb@nmAlIfGb@fEb@rC`@lDl@|ItAzMjBbHhAdM`BjEx@rEj@rENpENbNL`NXvMR~Lb@`Ld@pKh@xLr@tNx@`OdA~Hj@jIh@`Jd@tGPbFFfFSjF[~^kGp_@gIpH_D~I_Hlw@akA,,,,,,,44,#1464a5cc,#1464a5cc,,,,,,,<div><strong>HOWELL AVENUE</strong><br><span>Surface: sealed</span><br><span>Length: 0.98 km</span><br><span>Length rank: 164</span></div>
road_3234547,path,Road centreline,hamilton_road_path,MCKAY DRIVE,,,,sealed,0.9827472193552818,165,@EAAu`temIvbkcgAtv@qE~Hc@|dAwItHwB|GmBrOsKxLkSvEkYYoIsC{GqD{EoI_FaF{BiGkAwF_@qF@yNl@uw@nGmHnAqExAeEhBsb@fWgF~BaEpBqIrCqFlAyH`A_~BvQuDZqEz@q_@jL,,,,,,,44,#1464a5cc,#1464a5cc,,,,,,,<div><strong>MCKAY DRIVE</strong><br><span>Surface: sealed</span><br><span>Length: 0.98 km</span><br><span>Length rank: 165</span></div>
road_3234609,path,Road centreline,hamilton_road_path,BRYANT ROAD,,,,sealed,0.9822000485989246,166,@EAAiiegmIfbp_gAuwAww@s`@wTkd@wV_b@gUyK}FyWiNmhAgh@cVsKae@mTmrAan@ys@w\eK{DaOiEw^oJ,,,,,,,44,#1464a5cc,#1464a5cc,,,,,,,<div><strong>BRYANT ROAD</strong><br><span>Surface: sealed</span><br><span>Length: 0.98 km</span><br><span>Length rank: 166</span></div>
road_3234574,path,Road centreline,hamilton_road_path,PINE AVENUE,,,,sealed,0.9783933446879904,167,@EAAyl_jmIfetbgA~D~MdDrG`CxE`z@|p@dk@jc@lI`Hde@p^rKnI~cAfx@`_@nYr\pWvh@pa@jFxD`HhEtFpBxGtAvJb@`CBrDQhFs@bG{@`F_CjHiHnDuGnAiHjAqOxBmL,,,,,,,44,#1464a5cc,#1464a5cc,,,,,,,<div><strong>PINE AVENUE</strong><br><span>Surface: sealed</span><br><span>Length: 0.98 km</span><br><span>Length rank: 167</span></div>
road_3234564,path,Road centreline,hamilton_road_path,KENT STREET,,,,sealed,0.9744834148391698,168,@EAAw_lhmIdgnagA~eBojA~b@gZtr@{e@hkAyw@lsAe_ApAkCv@iCtBw@bGiAvDeBdb@aYvo@cc@fU}O|FcFx@eB\oCs@{Au@yB,,,,,,,44,#1464a5cc,#1464a5cc,,,,,,,<div><strong>KENT STREET</strong><br><span>Surface: sealed</span><br><span>Length: 0.97 km</span><br><span>Length rank: 168</span></div>
road_7741581,path,Road centreline,hamilton_road_path,TE MANATU DRIVE,,,,sealed,0.9741335631645952,169,@EAAiv~hmInz{}fAsAkY_AgHeJs]uHcYuNcx@oHqQoOub@w@sDcNkp@GaLXsFhCiMtHw]pE{S`@wIiBuRkIoOqH_GyIyEmKaEaEmA_FkAsF_AuaAkOyKkEy@q@}GsFsFmH,,,,,,,44,#1464a5cc,#1464a5cc,,,,,,,<div><strong>TE MANATU DRIVE</strong><br><span>Surface: sealed</span><br><span>Length: 0.97 km</span><br><span>Length rank: 169</span></div>
road_3217429,path,Road centreline,hamilton_road_path,BADER STREET,,,,sealed,0.9692468484961544,170,@EAAqbsimI|xsbgAeoAaJgVcBe|@gGeHSkGMyULwM`A}KdAq`Db^ke@nByr@h@a_BlAgPZ}GLsFb@}\aAsTkBaL_A,,,,,,,44,#1464a5cc,#1464a5cc,,,,,,,<div><strong>BADER STREET</strong><br><span>Surface: sealed</span><br><span>Length: 0.97 km</span><br><span>Length rank: 170</span></div>
road_3238202,path,Road centreline,hamilton_road_path,NORTH CITY ROAD,,,,sealed,0.9682110891307792,171,@EAAiu~gmIbpl}fAFeIf@qv@`A}DtByCb@w@xAwCfS_Wx]qc@vYy^jFoEhFgDhbAma@fyAcm@vuBmz@fb@}Pzh@oS,,,,,,,44,#1464a5cc,#1464a5cc,,,,,,,<div><strong>NORTH CITY ROAD</strong><br><span>Surface: sealed</span><br><span>Length: 0.97 km</span><br><span>Length rank: 171</span></div>
road_3234630,path,Road centreline,hamilton_road_path,MARSHALL STREET,,,,sealed,0.9583372156491838,172,@EAAep|imInzf`gA`iAvQiMff@[~B`@pBvClBxx@lLbD]lBeBzOui@xA}BxEeCrGu@~DElr@pJv{Cnc@bnCx_@xJvA,,,,,,,44,#1464a5cc,#1464a5cc,,,,,,,<div><strong>MARSHALL STREET</strong><br><span>Surface: sealed</span><br><span>Length: 0.96 km</span><br><span>Length rank: 172</span></div>
road_3234588,path,Road centreline,hamilton_road_path,MACFARLANE STREET,,,,sealed,0.957175110926713,173,@EAAcc}imIjp{agA}A`Gq~@hlDkNhh@gMze@s[vlAeQnr@yj@jvBo@~BeA~A,,,,,,,44,#1464a5cc,#1464a5cc,,,,,,,<div><strong>MACFARLANE STREET</strong><br><span>Surface: sealed</span><br><span>Length: 0.96 km</span><br><span>Length rank: 173</span></div>
road_3238122,path,Road centreline,hamilton_road_path,WESTON LEA DRIVE,,,,unmetalled,0.9532860705554816,174,@EAA{c~jmIj|sbgAeB_BqDmCiCwAcDmAiCs@sU}Dqx@gLaIs@}Ls@gp@mA_d@B{If@_BTcKfBcKbDaFtCcLrG}Yr\gdB`}BeHfNwE~Oi@`Oq@ldA,,,,,,,44,#734a12cc,#734a12cc,,,,,,,<div><strong>WESTON LEA DRIVE</strong><br><span>Surface: unmetalled</span><br><span>Length: 0.95 km</span><br><span>Length rank: 174</span></div>
road_6063750,path,Road centreline,hamilton_road_path,TE KOWHAI ROAD EAST,,,,sealed,0.9492933201436664,175,@EAAqrbfmIzpt~fA~KfOlXnWtJpFr[lMpTvG`]pMdIhDrD|AxExBpGrD~QrLnH`FlDfBhB`Ab[nIpHtClFnBfGdCbNrE~N`Eb\dK`FwH`AmAjAgA~AcAfH{BnU_G~`@eJ~a@qIbR}CxNgCnTkDrS{DfJaD~GqDfGcFhH{HrHwH,,,,,,,44,#1464a5cc,#1464a5cc,,,,,,,<div><strong>TE KOWHAI ROAD EAST</strong><br><span>Surface: sealed</span><br><span>Length: 0.95 km</span><br><span>Length rank: 175</span></div>
road_8325550,path,Road centreline,hamilton_road_path,COBHAM DRIVE,,,,sealed,0.9464330586627804,176,@EAAukxjmId~fbgAaQg@{PyBwYkFab@qGmz@wLgSoEww@_JwJ}AgImC{FkBuHaCgF{@aFCuE\cEzAgDfC}A~CyChKkBfE{D~EgFtE}HbG{K|G}QlI__@nNsZxLuR~H_WhKkIzBwLbC}MjA_Qd@cN@wPw@sWoC,,,,,,,43,#1464a5cc,#1464a5cc,,,,,,,<div><strong>COBHAM DRIVE</strong><br><span>Surface: sealed</span><br><span>Length: 0.95 km</span><br><span>Length rank: 176</span></div>
road_3258238,path,Road centreline,hamilton_road_path,CAIRNS CRESCENT,,,,sealed,0.9379249815549928,177,@EAAgephmI|df~fAoGcDcLaH}E{DsHuKoKkOqR}SgJwHkG_B{K_CwOaCgWoBoh@eGyTiAoH@cE`@kEnAsCbBcBxBuAhDWvBRxGzCdH`JxMbI|KzD`Ip@pEOfCWfIqAvEoEvG_N~LwEdFgAtDyA`LcAxHFdGb@fGdDdIxJtFzL~CfUpDtQxA`Y~DtFdBpAd@vJhD,,,,,,,43,#1464a5cc,#1464a5cc,,,,,,,<div><strong>CAIRNS CRESCENT</strong><br><span>Surface: sealed</span><br><span>Length: 0.94 km</span><br><span>Length rank: 177</span></div>
road_3234604,path,Road centreline,hamilton_road_path,KARAKA STREET,,,,sealed,0.9312951077750434,178,@EAAa~`gmInxn`gAjLpIbd@j\bs@f^jkAfo@z~ChaBnG~DzA|A|BpCtApBtAhC~@vChBvHKzIiA~Ji@lFJdIh@dDlBxElEvHtCfDnF|DlOzHdg@dW,,,,,,,43,#1464a5cc,#1464a5cc,,,,,,,<div><strong>KARAKA STREET</strong><br><span>Surface: sealed</span><br><span>Length: 0.93 km</span><br><span>Length rank: 178</span></div>
road_3238124,path,Road centreline,hamilton_road_path,JELLICOE DRIVE,,,,sealed,0.9299108141040024,179,@EAA_x|imI|egbgAjS|GxQfBrVEbb@gG`U_IbRaLfOoOrJgRpE_Q`AyMkCm\mGyQcj@qdAyE}Ica@yu@_E_GeY{^k[_b@cO}ReLiF,,,,,,,43,#1464a5cc,#1464a5cc,,,,,,,<div><strong>JELLICOE DRIVE</strong><br><span>Surface: sealed</span><br><span>Length: 0.93 km</span><br><span>Length rank: 179</span></div>
road_3234608,path,Road centreline,hamilton_road_path,HEATH STREET,,,,sealed,0.9238769881431468,180,@EAAum|gmI`iv_gAfTmRjXeVr`@s^zMiMvh@{e@|dA{`A`\oZzR{U~QcWvC_FxF{PtEgNtDkKbI{VjC_HlAiCnBoClA{AhEaFfK}LfViY`HuH,,,,,,,43,#1464a5cc,#1464a5cc,,,,,,,<div><strong>HEATH STREET</strong><br><span>Surface: sealed</span><br><span>Length: 0.92 km</span><br><span>Length rank: 180</span></div>
road_3234572,path,Road centreline,hamilton_road_path,LEWIS STREET,,,,sealed,0.9236338990724724,181,@EAAmlbjmIt~_cgAi@n]mAtx@h@~MvAnHxElK|HdJlGjEjs@zj@ro@ff@bF|DdY`UfmAv`AfDpBfCtAfw@pYpIbDzDhCb]tVzDlExClD,,,,,,,43,#1464a5cc,#1464a5cc,,,,,,,<div><strong>LEWIS STREET</strong><br><span>Surface: sealed</span><br><span>Length: 0.92 km</span><br><span>Length rank: 181</span></div>
road_3234659,path,Road centreline,hamilton_road_path,MOONLIGHT DRIVE,,,,sealed,0.9188621341813006,182,@EAAaojhmIjnk}fAg@zGcCtJmPja@{IlTgEpF}ErEuDrByFjCsIzBw_@fE}bAzK{gA|Euk@pCwQfB}TxBuOfCoQ~C}SzF}XzHmv@vUmCz@oPlEys@xS,,,,,,,43,#1464a5cc,#1464a5cc,,,,,,,<div><strong>MOONLIGHT DRIVE</strong><br><span>Surface: sealed</span><br><span>Length: 0.92 km</span><br><span>Length rank: 182</span></div>
road_7741583,path,Road centreline,hamilton_road_path,HARE PUKE DRIVE,,,,sealed,0.9164368776836695,183,@EAAczyfmItno}fA~Q{[fFqIvA_K@aEIwD_AaDoCaImAuAoS_UkA}BwAeD}@aC_BsIKu@eAcHi@aIs@aLEs@S_Co@wKAmFAsBCsCHaE`AqO`AwKf@gMSwHe@sCi@iDqAeEm@qB_DoLy@oFBwEZiBh@sBp@aC|@_DX{ATmCFmCGgBG_@YiB_AsBwAwByBsBqCeBeDwAsQeGmC}@}GgCkCgA}Ao@wLuGeEyC_EaDoDgDwB}BwAkB{AgCiAqDaAwGiAaMWgCk@_Ho@yK,,,,,,,43,#1464a5cc,#1464a5cc,,,,,,,<div><strong>HARE PUKE DRIVE</strong><br><span>Surface: sealed</span><br><span>Length: 0.92 km</span><br><span>Length rank: 183</span></div>
road_3238135,path,Road centreline,hamilton_road_path,VICKERY STREET,,,,sealed,0.911553779319493,184,@EAAshzfmIvac_gAqElBoIpCmPxFySnIadAlb@_z@z\ejAbe@_EdBkG~DwFtFuUfUkRhRsLrLeW|V_p@~n@e_@x^g`@l_@,,,,,,,43,#1464a5cc,#1464a5cc,,,,,,,<div><strong>VICKERY STREET</strong><br><span>Surface: sealed</span><br><span>Length: 0.91 km</span><br><span>Length rank: 184</span></div>
road_3238118,path,Road centreline,hamilton_road_path,LINCOLN STREET,,,,sealed,0.9090091887666244,185,@EAA{`_hmIvxmagAxCmGjGaI~DcEfa@cYxhBcrA|a@g[~w@mn@xEsEzCmCvC{CfH{J~Sa_@vFuKfPiXzO{TvXiVfO{JxJqFrFeExJmH,,,,,,,43,#1464a5cc,#1464a5cc,,,,,,,<div><strong>LINCOLN STREET</strong><br><span>Surface: sealed</span><br><span>Length: 0.91 km</span><br><span>Length rank: 185</span></div>
road_3234606,path,Road centreline,hamilton_road_path,STOREY AVENUE,,,,sealed,0.9086186811101772,186,@EAAeg_hmIdfc`gAhAdFjCnDrF~Dno@`_@|v@fd@|^dTnWlOnYdP`^dSho@p_@fMrHriAnnAjWlYv_Adi@,,,,,,,43,#1464a5cc,#1464a5cc,,,,,,,<div><strong>STOREY AVENUE</strong><br><span>Surface: sealed</span><br><span>Length: 0.91 km</span><br><span>Length rank: 186</span></div>
road_3283308,path,Road centreline,hamilton_road_path,SPINNAKER DRIVE,,,,sealed,0.9080732474189132,187,@EAAsjvgmI|t|}fAsUiDuHSgV?qHMkHo@yO_D{I_AcPi@gOkByJoBgDqAuC_D{AsCGqBCkCt@qCpN{TjHgPdJsXfAoAxA}@bDcArBOnF`@nVfHpLvEjHrEpFbDpDxB`GfFvF|FlBpBdKvLvGpMzAhGbAtIQfGwArKqElLoD~Jg@fD{@hLDzDjBvGnG~MzVba@,,,,,,,43,#1464a5cc,#1464a5cc,,,,,,,<div><strong>SPINNAKER DRIVE</strong><br><span>Surface: sealed</span><br><span>Length: 0.91 km</span><br><span>Length rank: 187</span></div>
road_3265119,path,Road centreline,hamilton_road_path,AQUILA CRESCENT,,,,sealed,0.9077717583163304,188,@EAA{ekhmIhem}fAvPvDrEp@nSbBzPvBfLvDxEvBtDlElFxLx@xE?zGaPt}@aD|SgE`HcDhDwDnCcEvAaExAaKbAsMn@i_AdDyvArFuFWaGmAyKgD{EoD_EwEwd@iy@}BsFiAcDc@eCuAsM,,,,,,,43,#1464a5cc,#1464a5cc,,,,,,,<div><strong>AQUILA CRESCENT</strong><br><span>Surface: sealed</span><br><span>Length: 0.91 km</span><br><span>Length rank: 188</span></div>
road_3258194,path,Road centreline,hamilton_road_path,FARRINGDON AVENUE,,,,sealed,0.904934699701908,189,@EAAqf}gmIdot}fAmgBiZqC]aBBcB^oFbCwEpAuA^_DJoGFgFW}D}@gCaAuByAuDiDsAiA_Bi@uBM}F`@_CLgGDkFUyD]_Dk@iJ{B{Ba@kBQgFKsFAsDSkFw@gFy@uImC}CkAaBeA}ByAmCkC_BwB_B{CkBiFo@cEAcHhAwDvUsjAlAgKjAmDlFmIxCmCbHqDzM{DpJo@|LJ~G`A~FjBpKThHQlF{@lG_CpGuC,,,,,,,43,#1464a5cc,#1464a5cc,,,,,,,<div><strong>FARRINGDON AVENUE</strong><br><span>Surface: sealed</span><br><span>Length: 0.90 km</span><br><span>Length rank: 189</span></div>
road_3258168,path,Road centreline,hamilton_road_path,HARROWFIELD DRIVE,,,,sealed,0.9036861266634592,190,@EAA}{_hmIn{p~fA_a@mGoRKmPl@kTzCuP|EwLvGer@jh@}ArAm@`CA|ClAjDfQdNtIvDhDvA|MzAxLM`Ua@`\`Btn@hCdK?fFOdImAxGsBlJ}DzHiF`H{HfImTjMo`@ch@qIa]cFcFu@,,,,,,,43,#1464a5cc,#1464a5cc,,,,,,,<div><strong>HARROWFIELD DRIVE</strong><br><span>Surface: sealed</span><br><span>Length: 0.90 km</span><br><span>Length rank: 190</span></div>
road_3265115,path,Road centreline,hamilton_road_path,FORMATION DRIVE,,,,sealed,0.9031633291616936,191,@EAAe_cfmIxcy~fAtGfOjEnJe`BpwAwk@`a@oLlIgO~FkMfH}[pXuEtBoFxDY~@jU|P`Ax@Lt@w@`BqC`CyKtIeMhGirApa@iJ|CeEhA_ATmBI}@o@eCuD}Xag@,,,,,,,43,#1464a5cc,#1464a5cc,,,,,,,<div><strong>FORMATION DRIVE</strong><br><span>Surface: sealed</span><br><span>Length: 0.90 km</span><br><span>Length rank: 191</span></div>
road_3238136,path,Road centreline,hamilton_road_path,MAAHANGA DRIVE,,,,sealed,0.903077709367452,192,@EAAyc`fmIrov~fAiQtS}KvO{LlMgQlMoJzFoO~H{N|KoN~I{]~Si]~N}PbIkP`HwOdH{HvEoG~FuHvIuHbNuBhGoB~JcErIgDvEwE~FwG`GoOfJyh@hNgy@nWu[zU,,,,,,,43,#1464a5cc,#1464a5cc,,,,,,,<div><strong>MAAHANGA DRIVE</strong><br><span>Surface: sealed</span><br><span>Length: 0.90 km</span><br><span>Length rank: 192</span></div>
road_3234591,path,Road centreline,hamilton_road_path,EAST STREET,,,,sealed,0.9019731415988884,193,@EAAwe_jmI~ou`gAewDxDonAdA}qB~BmHDqH@kFG{Ds@ejAqSqtAgVoa@qGeTgD,,,,,,,43,#1464a5cc,#1464a5cc,,,,,,,<div><strong>EAST STREET</strong><br><span>Surface: sealed</span><br><span>Length: 0.90 km</span><br><span>Length rank: 193</span></div>
road_3258233,path,Road centreline,hamilton_road_path,Road centreline,,,,sealed,0.9013616422838991,194,@EAA{jbkmInis`gA~UE|`@Zbh@Z`j@b@zJAbHMzEYvKkAtKoAlSwC`GiAvE}@vKaDxCcAxCwA|DmDtD_C~BeAtAiA]oB]mAs@oAm@g@qAeA_g@oZyPcH}MkEwUgGst@oGaCL{Bp@gF~^UvBaArAcCp@oC@qFa@eGkAiEoDqJ_I{@e@cFaBmBq@gPwD_GuBo@g@_BmAyFnB,,,,,,,43,#1464a5cc,#1464a5cc,,,,,,,<div><strong>Road 3258233</strong><br><span>Surface: sealed</span><br><span>Length: 0.90 km</span><br><span>Length rank: 194</span></div>
road_3258040,path,Road centreline,hamilton_road_path,FITZROY AVENUE,,,,sealed,0.9007861598374012,195,@EAAk_ljmIxyacgAa[eWsHgE{X{KtDuEbXqi@pLkWnAsBfCcBjDsBnI}AnGS`FR~IxBrBz@vQzHb|Axo@`FrDhBlFl@fFSjE}AvEgl@hu@eHzD}GdBoHzAaHd@sH?mFi@sFgAoQaHs[kU,,,,,,,43,#1464a5cc,#1464a5cc,,,,,,,<div><strong>FITZROY AVENUE</strong><br><span>Surface: sealed</span><br><span>Length: 0.90 km</span><br><span>Length rank: 195</span></div>
road_3258173,path,Road centreline,hamilton_road_path,OAKFIELD CRESCENT,,,,sealed,0.8995753148710725,196,@EAAclvfmIplw~fAqSxuAz@vNxFpLtLhJnTtFrV@pToF`NyKpz@g|AvHeNfAuGeGi]_@aDTaCpCkQ|Ikk@GsEq@uCeB{CwBiBsCqAyDqAyf@gE,,,,,,,43,#1464a5cc,#1464a5cc,,,,,,,<div><strong>OAKFIELD CRESCENT</strong><br><span>Surface: sealed</span><br><span>Length: 0.90 km</span><br><span>Length rank: 196</span></div>
road_3234590,path,Road centreline,hamilton_road_path,ROSTREVOR STREET,,,,sealed,0.8991409989487982,197,@EAA}ovhmIhueagAoLeH{]eQkq@c\sdAmf@yDwBwa@yRy[}No@s@cBw@{Au@if@iUscA}f@uUwKgByAwAq@gSwJmv@a^}BeAwBeAmb@eS{C_BsB{@{AYw@Eg@EyA?QB{AT,,,,,,,43,#1464a5cc,#1464a5cc,,,,,,,<div><strong>ROSTREVOR STREET</strong><br><span>Surface: sealed</span><br><span>Length: 0.90 km</span><br><span>Length rank: 197</span></div>
road_8325549,path,Road centreline,hamilton_road_path,COBHAM DRIVE,,,,sealed,0.8957521931808722,198,@EAAuyjkmI|zhbgArNpFjKnBbKx@hKVvP@lJGlLm@fIgApH{AbNqErQ{GjJqClFsApHqAlIoA`IwBbRmHhKcEzHmCdFsAvDs@`F]lG@vF\~Ep@JBjIjB|GdA|D^zCB~C[|B{@`ByAzB}CpEsHfD}DzCcCvDuBdEaBfEkAvF{@jEa@|IOzM[hHGjHHxRjAb`@xDfm@zG~RpC`N~BbK|BxKdE,,,,,,,43,#1464a5cc,#1464a5cc,,,,,,,<div><strong>COBHAM DRIVE</strong><br><span>Surface: sealed</span><br><span>Length: 0.90 km</span><br><span>Length rank: 198</span></div>
road_3258172,path,Road centreline,hamilton_road_path,KAREWA PLACE,,,,sealed,0.8919771717089102,199,@EAAovhfmI|~s~fAqB|@_FlC}DtCiQhPwOjO}w@dw@_l@rj@iHfFiCF_Cr@qDlBgAt@}B~Aw@`A}A`BkE`GiKlMwLpOcLtNePlSqDvE}ElGsDlDgD`CuU~KuP|HsK`FiPzHwP|HeQdIqP`IiC|AuF|CwCrBsMvK,,,,,,,42,#1464a5cc,#1464a5cc,,,,,,,<div><strong>KAREWA PLACE</strong><br><span>Surface: sealed</span><br><span>Length: 0.89 km</span><br><span>Length rank: 199</span></div>
road_3234552,path,Road centreline,hamilton_road_path,BREMWORTH AVENUE,,,,sealed,0.8900716271576157,200,@EAAk_nfmInc_bgAeCxBwGdC_J`B{f@x@}uCdMm`AvC{MXyWr@iDH_EAkHUw[qBodA{GcIW}FEgEDi]jCsNbAeRrAoDRsHQgUmBow@oF,,,,,,,42,#1464a5cc,#1464a5cc,,,,,,,<div><strong>BREMWORTH AVENUE</strong><br><span>Surface: sealed</span><br><span>Length: 0.89 km</span><br><span>Length rank: 200</span></div>
road_3234595,path,Road centreline,hamilton_road_path,KNIGHTON ROAD,,,,sealed,0.8790880386642623,201,@EAA}_bkmI|hoagAiAbBm@tBSfEJ~ENhJx@xPfCrj@xEthABp@NrDWnCaApDkAxC{[bp@yUze@kYvl@iCbDcEvNyHrw@{I~kA,,,,,,,42,#1464a5cc,#1464a5cc,,,,,,,<div><strong>KNIGHTON ROAD</strong><br><span>Surface: sealed</span><br><span>Length: 0.88 km</span><br><span>Length rank: 201</span></div>
road_8325548,path,Road centreline,hamilton_road_path,COBHAM DRIVE,,,,unmetalled,0.8787414563423971,202,@EAAirxjmIncgbgAu|@qMcpA_PcWyCiU}AuWJ{Sn@{EXqHb@sP~AgAJ{PhDcLdDmCx@kQfGqOrGai@|S_y@dYwZjKwWnEgUhA{VO}Ls@g\yF,,,,,,,42,#734a12cc,#734a12cc,,,,,,,<div><strong>COBHAM DRIVE</strong><br><span>Surface: unmetalled</span><br><span>Length: 0.88 km</span><br><span>Length rank: 202</span></div>
road_3234642,path,Road centreline,hamilton_road_path,SNELL DRIVE,,,,sealed,0.8769939668188147,203,@EAAcuvimIbky_gAiMqL_k@wh@iF}EuOiOaPsNsFgEeCoAeJqE}G}BqG}Akl@gL}l@oKqCi@eHyA}MyBoL}BeGqAkHaCeEsAmAkAqGeEoJ{IwKgM{k@un@mEeFkNyNyDgCcEyBeFuAuv@{N,,,,,,,42,#1464a5cc,#1464a5cc,,,,,,,<div><strong>SNELL DRIVE</strong><br><span>Surface: sealed</span><br><span>Length: 0.88 km</span><br><span>Length rank: 203</span></div>
road_3234654,path,Road centreline,hamilton_road_path,CALLUM BRAE DRIVE,,,,sealed,0.8744898486257016,204,@EAAwamhmInsb~fAcM~IyElEyBdEuGdQcEtKmC|FcC~EaDdDgDzCeKdJwMnKcMfIwIbJqDzDcFzE}ClCiE|BsSpG{CnA}C|AcJdFoDrBqHvFgGjIkD~GuFrQaBvDABkGpJaOnTaHjIwEhCiE`CiLbF_[xLwEiAce@eHq_@aFam@}G,,,,,,,42,#1464a5cc,#1464a5cc,,,,,,,<div><strong>CALLUM BRAE DRIVE</strong><br><span>Surface: sealed</span><br><span>Length: 0.87 km</span><br><span>Length rank: 204</span></div>
road_3234662,path,Road centreline,hamilton_road_path,WILTSHIRE DRIVE,,,,sealed,0.8725713668608699,205,@EAAqvpimIpx_~fAsMbB_e@bEoGv@oFz@mErAeCdBsCdCaApBuAlCgB~HuA|HkB`JoApI{@lEyAvHmBbCmCzBgCzAsBxBgCpEkBpKkBpJmCxJkCxKmCjI}AnGYvCTrCn@vCxArDnBrBnDbDzAz@xGdA|JlAxHhA`Hv@~Ht@~IrAl]fFzV|C`Gf@hXvBnGv@tDf@dE`A|A|@zA|A|CtCpE|FnDpDbClCvH|FxEhD|D|CpI`G|FjE,,,,,,,42,#1464a5cc,#1464a5cc,,,,,,,<div><strong>WILTSHIRE DRIVE</strong><br><span>Surface: sealed</span><br><span>Length: 0.87 km</span><br><span>Length rank: 205</span></div>
road_3234596,path,Road centreline,hamilton_road_path,AURORA TERRACE,,,,sealed,0.8716089689173899,206,@EAAu_tkmIfg{agAz\kOz_Aqb@`CgAfCiAvBoAx@{@V{@F{@Gy@sQcWekAe}AgCoDy@gAm@sAg@}AmC}NiEeViGg`@gJsg@YeCoJgZkE_NsAyE_AmE{@eF}G{_@Qu@Uq@Uq@,,,,,,,42,#1464a5cc,#1464a5cc,,,,,,,<div><strong>AURORA TERRACE</strong><br><span>Surface: sealed</span><br><span>Length: 0.87 km</span><br><span>Length rank: 206</span></div>
road_7741585,path,Road centreline,hamilton_road_path,WAIREKA ROAD,,,,sealed,0.8706743502102579,207,@EAAecahmIbhs|fAaBhIg@zDq@pEMrBAnAAv@PzCRjAp@lErClLz@tDj@nCXdCB`CItCc@dDeAtD}AzCwBzCkCbCeClBaDlByAl@iAf@{_@zKmQhFsm@pQgGnBmEpAo@PE@wJjCoMhDcCn@wVvGmAZko@rY{BbAA?m^`O{HpDqHdDwt@xU}MhE}C`AeQtC_S`AkFGsMB,,,,,,,42,#1464a5cc,#1464a5cc,,,,,,,<div><strong>WAIREKA ROAD</strong><br><span>Surface: sealed</span><br><span>Length: 0.87 km</span><br><span>Length rank: 207</span></div>
road_3234646,path,Road centreline,hamilton_road_path,RADIATA STREET,,,,sealed,0.866622717581518,208,@EAAerljmIdhw_gAex@uOsSeDsKsB}TaG{NsFwHgFoGgEmHaHmG_HuCaDmF_KgFuGeIeKuSeO_PuHeKoCww@wQouAoYmiC{h@,,,,,,,42,#1464a5cc,#1464a5cc,,,,,,,<div><strong>RADIATA STREET</strong><br><span>Surface: sealed</span><br><span>Length: 0.87 km</span><br><span>Length rank: 208</span></div>
road_3234640,path,Road centreline,hamilton_road_path,CHEDWORTH AVENUE,,,,sealed,0.8651412072221014,209,@EAAmsiimItvf_gAwZsImT}GsPyEeCi@}GQoU_@gI?eKq@oEcAmFuBoIcDkHyB_Be@cLwAwII}N|@m\vD{Hz@_LZ_Xu@}NiAmKeBkgBwZgUeEoYuE_eBwYsRcE,,,,,,,42,#1464a5cc,#1464a5cc,,,,,,,<div><strong>CHEDWORTH AVENUE</strong><br><span>Surface: sealed</span><br><span>Length: 0.87 km</span><br><span>Length rank: 209</span></div>
road_3234631,path,Road centreline,hamilton_road_path,HOLLAND ROAD,,,,sealed,0.8609341430020402,210,@EAAs_kimIjyh`gA_eA{WiPyCwJuBe]gFg]oD_HmAwEmAqEyAmCiBuG_F}J_LwNmOuUgVwEkDaIiD{bAwOub@qGgFoAwFmBmGeEqC{C_EcGsBqFcFeQqCwHaE_FeG_FuHiDcNmCyd@yD,,,,,,,42,#1464a5cc,#1464a5cc,,,,,,,<div><strong>HOLLAND ROAD</strong><br><span>Surface: sealed</span><br><span>Length: 0.86 km</span><br><span>Length rank: 210</span></div>
road_6064042,path,Road centreline,hamilton_road_path,MATAROA CRESCENT,,,,sealed,0.8585967012722837,211,@EAAapcgmItjs}fAnFtI`MpIbQtI~FvCnS`K|@^jG|DzCpBhA`B|@bBv@vAnAbDRpA?~@UbEqA~Eo@tAqAjBaC|BaGnD{F~BeBz@iIxE}ExDeHnFcEhDyEvEIJo@t@qChDcE`EqTxPgEdDeQ~MwEjCsG|BkIj@eCD_COcCMoAU_BYgCeAgCuAaCgBsC{DyByFa@cEj@sJZgMi@uJsA}G}CqFuDwCcFkCgBk@sCc@{ES{FFiFGgHo@}FkAwKuI{GcKkCaD,,,,,,,42,#1464a5cc,#1464a5cc,,,,,,,<div><strong>MATAROA CRESCENT</strong><br><span>Surface: sealed</span><br><span>Length: 0.86 km</span><br><span>Length rank: 211</span></div>
road_3234556,path,Road centreline,hamilton_road_path,POAKA AVENUE,,,,sealed,0.8497508920598495,212,@EAAme`gmIdyzagAs_@thBcGv]TvSuA~VoWjkA}DdSShDZjCbAvCrAdCbFrEzYvQhM`IfEpCnDdEpDnI`@dGj@tH`AlFdBxEzBrDrFnF|FvDfRdK|I|EfF|D,,,,,,,42,#1464a5cc,#1464a5cc,,,,,,,<div><strong>POAKA AVENUE</strong><br><span>Surface: sealed</span><br><span>Length: 0.85 km</span><br><span>Length rank: 212</span></div>
road_3234573,path,Road centreline,hamilton_road_path,MOUNT VIEW ROAD,,,,sealed,0.8464043179713755,213,@EAAui}hmIp~ccgA_~@md@wTaQqOeTaOo_@aHwNw\yZmZ}SqnA_m@kKgDaUgHwm@{ZiL}FiRiHoaAyX,,,,,,,42,#1464a5cc,#1464a5cc,,,,,,,<div><strong>MOUNT VIEW ROAD</strong><br><span>Surface: sealed</span><br><span>Length: 0.85 km</span><br><span>Length rank: 213</span></div>
road_3238143,path,Road centreline,hamilton_road_path,WENTWORTH DRIVE,,,,sealed,0.8416095606765758,214,@EAAqf}gmIdot}fAgIxVcBrH}@nGK|GRlHh@fFt@dEvDbNv@bGJvFQzIyAxIqDpI}ElIwFrFqGbEgJlEyG`CeEbAyH|AoHl@kKTeHGiHYeI_AuJqBoe@gKiLiBoMgC{KwAmMgBya@kFoHeBoIuC_FaCqFsDcAgAqCsCkB{B_CwCmBcBw@w@qB}AkA{@qFuC}KkE}NiB}OV,,,,,,,42,#1464a5cc,#1464a5cc,,,,,,,<div><strong>WENTWORTH DRIVE</strong><br><span>Surface: sealed</span><br><span>Length: 0.84 km</span><br><span>Length rank: 214</span></div>
road_3234624,path,Road centreline,hamilton_road_path,RESOLUTION DRIVE,,,,sealed,0.8386651627859327,215,@EAAwv~gmIno~}fA{DdNwNbf@{^znAaf@zbBiOfi@g@fBGVSl@oAnEe@pB{Kv_@cTtt@yD~Nu@pFK`EPrHZ`GnAzJv@nFj@bG,,,,,,,41,#1464a5cc,#1464a5cc,,,,,,,<div><strong>RESOLUTION DRIVE</strong><br><span>Surface: sealed</span><br><span>Length: 0.84 km</span><br><span>Length rank: 215</span></div>
road_8325554,path,Road centreline,hamilton_road_path,WEBB DRIVE,,,,sealed,0.8327185869814524,216,@EAAmsmjmIrr{~fAcSzr@wOjj@oAhEuGnUgv@nmCaWb}@eIdViJzRiHzLiLdPiMjNgJpIiHjE,,,,,,,41,#1464a5cc,#1464a5cc,,,,,,,<div><strong>WEBB DRIVE</strong><br><span>Surface: sealed</span><br><span>Length: 0.83 km</span><br><span>Length rank: 216</span></div>
road_3258135,path,Road centreline,hamilton_road_path,GARNETT AVENUE,,,,sealed,0.8325743495662391,217,@EAAm~wgmIdih`gAfh@y_@~g@s^|[_UbTaPx@e@vMyHjWqQxLwJjSwM~e@c]l_@eWzJyEpI}AaNiJkL}G_p@if@{YgTwSeQ,,,,,,,41,#1464a5cc,#1464a5cc,,,,,,,<div><strong>GARNETT AVENUE</strong><br><span>Surface: sealed</span><br><span>Length: 0.83 km</span><br><span>Length rank: 217</span></div>
road_3234634,path,Road centreline,hamilton_road_path,FIFTH AVENUE,,,,sealed,0.8318511092745297,218,@EAAqcajmIxum`gAoVsKqH{Cec@iQ}_A{_@{]sNoDwAw^uNo`Ao`@_f@gRek@qU_qAsg@iHkDwCcA_A[kFgBeHqAiHy@iRcAaIu@,,,,,,,41,#1464a5cc,#1464a5cc,,,,,,,<div><strong>FIFTH AVENUE</strong><br><span>Surface: sealed</span><br><span>Length: 0.83 km</span><br><span>Length rank: 218</span></div>
road_3234614,path,Road centreline,hamilton_road_path,BRECKONS AVENUE,,,,sealed,0.8303141984355842,219,@EAAwsrfmIbkt`gA`b@uc@p\c^vIkJdHuItNqSzAuErAiGRoECsFw@wG}A_FgC}FsC}CcKmHck@aZc}Ayx@gc@aUiXsNkWcNeOcHsAo@yCoC{DeE,,,,,,,41,#1464a5cc,#1464a5cc,,,,,,,<div><strong>BRECKONS AVENUE</strong><br><span>Surface: sealed</span><br><span>Length: 0.83 km</span><br><span>Length rank: 219</span></div>
road_3258242,path,Road centreline,hamilton_road_path,KESWICK CRESCENT,,,,sealed,0.8251785109557241,220,@EAAcvfimIfcp~fAjLgFvGgBbOMbMBfI[jE{@zEiB~EyDbJiJ~CaBrEkBnHkAtLsAtGuBtDqBnCgDd@mDvAaQj@yBbA{BnFeHdDuDn@yDeAgE}AuDuFyCoF{@wPPsJa@cDOcE\iCdAaJxBeHnA{NhAsGMwGw@kDc@mHwBaGgB{CSkFRyL|CuVrCmEp@oD|A{CnBiCbCoCnEi@jD_@bFf@~CnKbZV~H]lHq@hG,,,,,,,41,#1464a5cc,#1464a5cc,,,,,,,<div><strong>KESWICK CRESCENT</strong><br><span>Surface: sealed</span><br><span>Length: 0.83 km</span><br><span>Length rank: 220</span></div>
road_3234610,path,Road centreline,hamilton_road_path,VARDON ROAD,,,,sealed,0.8219243086653748,221,@EAAenrgmIpf~_gAyg@s^wEiDuh@}`@y|@wo@gCaB_Aq@yEgDoEaDoQmNoXcSuOiLeNcK}TmP}MwJiVqQyKeI_g@i^qt@uh@,,,,,,,41,#1464a5cc,#1464a5cc,,,,,,,<div><strong>VARDON ROAD</strong><br><span>Surface: sealed</span><br><span>Length: 0.82 km</span><br><span>Length rank: 221</span></div>
road_3234549,path,Road centreline,hamilton_road_path,BARTHOLOMEW DRIVE,,,,sealed,0.8217150270113893,222,@EAAoxhfmIfhw`gARzQj@dLl@rF|@fD|AvDjB~DzC~EdEnDdGlEhKdFl_@nMlFvBzErBfJtE~LzJnDfDvDlEnEdG~BlErC|GfEvObBzTGzJeB~NiB`J}E`M_JtNyFnG}NjOgNpOme@tg@uG~GeLlKmK~H,,,,,,,41,#1464a5cc,#1464a5cc,,,,,,,<div><strong>BARTHOLOMEW DRIVE</strong><br><span>Surface: sealed</span><br><span>Length: 0.82 km</span><br><span>Length rank: 222</span></div>
road_3258049,path,Road centreline,hamilton_road_path,MONTGOMERY CRESCENT,,,,sealed,0.8206272373694503,223,@EAAgkzimIbfsbgAiM}o@OeB?wCm@sUuDiK{HgH_DmByEqAsEkAyE]mGSaH\_hCp`@e|B`NcGjBgChCuA~EHfFp@lVbAlu@,,,,,,,41,#1464a5cc,#1464a5cc,,,,,,,<div><strong>MONTGOMERY CRESCENT</strong><br><span>Surface: sealed</span><br><span>Length: 0.82 km</span><br><span>Length rank: 223</span></div>
road_3238126,path,Road centreline,hamilton_road_path,BRYCE STREET,,,,sealed,0.8132723751548466,224,@EAAssjimIjrdagAfe@fUxZ~Ndi@|WrMbGdNzG`}@fb@rGnDbq@x[jlAtk@`IzCvOxH|O`HpEzAlEx@`F|@nUvBvTpBrVdCtFjAzFnA,,,,,,,41,#1464a5cc,#1464a5cc,,,,,,,<div><strong>BRYCE STREET</strong><br><span>Surface: sealed</span><br><span>Length: 0.81 km</span><br><span>Length rank: 224</span></div>
road_3234616,path,Road centreline,hamilton_road_path,ASHURST AVENUE,,,,sealed,0.8123426257234505,225,@EAAw~pfmI`wi~fA|AtAl@zBHbBkEnYgExWeN|z@sZzkBgEtWoCpPm@nDiErWgb@rpC,,,,,,,41,#1464a5cc,#1464a5cc,,,,,,,<div><strong>ASHURST AVENUE</strong><br><span>Surface: sealed</span><br><span>Length: 0.81 km</span><br><span>Length rank: 225</span></div>
road_3234633,path,Road centreline,hamilton_road_path,MARDON ROAD,,,,sealed,0.8106348087945816,226,@EAAm~kjmItz~_gAb\jGv{A~Xb`@fH~xCzi@vc@fIjg@fJnpA~UpiA|S,,,,,,,41,#1464a5cc,#1464a5cc,,,,,,,<div><strong>MARDON ROAD</strong><br><span>Surface: sealed</span><br><span>Length: 0.81 km</span><br><span>Length rank: 226</span></div>
road_3238198,path,Road centreline,hamilton_road_path,MEADOW VIEW LANE,,,,sealed,0.8049359437047027,227,@EAAyioemIvvc}fA{mAhfBwp@|_AeOhTuBtDkEpJ{AlJk@~Ln@nO~Dze@|Dhc@~Dlc@fJzs@`@~B,,,,,,,41,#1464a5cc,#1464a5cc,,,,,,,<div><strong>MEADOW VIEW LANE</strong><br><span>Surface: sealed</span><br><span>Length: 0.80 km</span><br><span>Length rank: 227</span></div>
road_3234637,path,Road centreline,hamilton_road_path,ASCOT ROAD,,,,sealed,0.8036913934793813,228,@EAA}_timItcn_gArzAld@zEnDjC|CvLvq@XlIi@nDkBpDwLzJa_@`TwFpFmAjB}A~CwIxXyAnCmFbFuG~Dsq@za@{c@tVqHrBgQ|AiIzAuFrAsHlDuWrN,,,,,,,41,#1464a5cc,#1464a5cc,,,,,,,<div><strong>ASCOT ROAD</strong><br><span>Surface: sealed</span><br><span>Length: 0.80 km</span><br><span>Length rank: 228</span></div>
road_7741578,path,Road centreline,hamilton_road_path,DEY STREET,,,,sealed,0.8028659344641373,229,@EAAajxjmIphpagAkHbYNtBj@lApCfBuGr@wBhB}@fCwChLuJt^kJr^iEpPs@hD{@`EgAvEeFfP{B|HiIr[eJv]mGrVo@lD[lCkAdEsEfNiAtDwIv]}FxSyB`ImAlFqDlPmFnWiCxJ,,,,,,,41,#1464a5cc,#1464a5cc,,,,,,,<div><strong>DEY STREET</strong><br><span>Surface: sealed</span><br><span>Length: 0.80 km</span><br><span>Length rank: 229</span></div>
road_3234598,path,Road centreline,hamilton_road_path,CARRINGTON AVENUE,,,,sealed,0.7987721302936385,230,@EAAapvkmIpkyagAzGys@bFeh@\{HMsEi@kDs@wC}@iCqAaCyAyBkBwBeCqByBaBymAi|@qu@mi@_X}RoD{CmB_C_BgCaCcEcA_BcAwA{AaBcByAcCqB{CqB__Aqi@aIwE,,,,,,,41,#1464a5cc,#1464a5cc,,,,,,,<div><strong>CARRINGTON AVENUE</strong><br><span>Surface: sealed</span><br><span>Length: 0.80 km</span><br><span>Length rank: 230</span></div>
road_3234578,path,Road centreline,hamilton_road_path,HUDSON STREET,,,,sealed,0.7977023057706101,231,@EAAsovkmI`rkbgAcThj@eCvFcBxDwB~C_CzCew@r{@cFnFcFjFeEtEoCfCwDhC_CjAkC|@kCh@G@iD`@wMdAyo@bFgLdA_DZ{Fh@{ThCscA|LqrA|Ny[nDqHx@,,,,,,,41,#1464a5cc,#1464a5cc,,,,,,,<div><strong>HUDSON STREET</strong><br><span>Surface: sealed</span><br><span>Length: 0.80 km</span><br><span>Length rank: 231</span></div>
road_3258247,path,Road centreline,hamilton_road_path,COLERAINE DRIVE,,,,sealed,0.7923101204426694,232,@EAAqsbimIrr`~fAdCdDr@nDDPOpKiBfJ}DzGeDdEyBnDoIlNyG`KeD|EuA|Cc@~ECtCEnCf@dCf@bCz@hBdAvAnBrBhBfAnCt@rDp@vEZdEWtDaArCgAhD_C~E{ChGqCtGeBlE{@bHiAxE]|FQzGE~CBjFPzGd@fJ|@U|HHjDv@hEdCnEjBdDnDrCtEhCbEtArF`AzFf@|FVxGR~G\~Gj@~Gp@hD^pP|ApG`A~]nIpKnBpHt@nOfB,,,,,,,41,#1464a5cc,#1464a5cc,,,,,,,<div><strong>COLERAINE DRIVE</strong><br><span>Surface: sealed</span><br><span>Length: 0.79 km</span><br><span>Length rank: 232</span></div>
road_3258201,path,Road centreline,hamilton_road_path,SHAKESPEARE AVENUE,,,,sealed,0.7867826135240659,233,@EAAyj}imIt}b`gAlByD|DyKhImXb@yHYaGgD}MuNsc@iJ}McHoDuGaCuUsAgn@u@wcBqBcJ_Aq_AoJ_OT_JtAuHlCeG|E_DpEmRlh@,,,,,,,40,#1464a5cc,#1464a5cc,,,,,,,<div><strong>SHAKESPEARE AVENUE</strong><br><span>Surface: sealed</span><br><span>Length: 0.79 km</span><br><span>Length rank: 233</span></div>
road_3258179,path,Road centreline,hamilton_road_path,POHUTUKAWA DRIVE,,,,sealed,0.7848804304912081,234,@EAAgjdgmInin~fAtEpEhr@zp@rQdPbC|CzBzDd}@p`ChHxFfIlBtXjClcBdN|tAvLzCV,,,,,,,40,#1464a5cc,#1464a5cc,,,,,,,<div><strong>POHUTUKAWA DRIVE</strong><br><span>Surface: sealed</span><br><span>Length: 0.78 km</span><br><span>Length rank: 234</span></div>
road_3234611,path,Road centreline,hamilton_road_path,ST ANDREWS TERRACE,,,,sealed,0.7840109834691095,235,@EAAkzwgmIfbg_gAoHwBkGiAiI}Aqa@{EcOaC_GgAyD[mEKgIuAgGc@wCGwCHqDb@cGvAyG~Bc}@rXiPjFePjFwLzDyeBhx@aMhFyF`EwDrCuAjDw@fCWnBW`CMhAO|AaEG{BHeCfAgl@lg@,,,,,,,40,#1464a5cc,#1464a5cc,,,,,,,<div><strong>ST ANDREWS TERRACE</strong><br><span>Surface: sealed</span><br><span>Length: 0.78 km</span><br><span>Length rank: 235</span></div>
road_3234582,path,Road centreline,hamilton_road_path,QUEENS AVENUE,,,,sealed,0.7838391292154091,236,@EAAwdnhmIdl{agAEoJa@caAs@kaACiDg@gLcCmGmZci@{JsPwGcLuPmY{McUyCcEyCsBcu@a_@i|@ub@eC}C,,,,,,,40,#1464a5cc,#1464a5cc,,,,,,,<div><strong>QUEENS AVENUE</strong><br><span>Surface: sealed</span><br><span>Length: 0.78 km</span><br><span>Length rank: 236</span></div>
road_3257972,path,Road centreline,hamilton_road_path,FARNBOROUGH DRIVE,,,,sealed,0.7828147386434269,237,@EAA{{qemIdr|`gAaIwGwEqEcEmGeCgImBkHcBcDa@s@}BiE_DaFuFmGiHaFeIiF}IoDaIaCmFw@{GgAqTcDmJuEmCaB_B_AoBwAqBmCcB{BaB}BiD_DqFkDqDcBiFaBcCk@wGqAiHo@mMF{RZ}a@t@yl@bA_EFeUaCyPcHwGiDkCmAoCoAsu@u_@,,,,,,,40,#1464a5cc,#1464a5cc,,,,,,,<div><strong>FARNBOROUGH DRIVE</strong><br><span>Surface: sealed</span><br><span>Length: 0.78 km</span><br><span>Length rank: 237</span></div>
road_3258154,path,Road centreline,hamilton_road_path,WAIWHEROWHERO DRIVE,,,,sealed,0.7807781582817681,238,@EAAe~ugmIfqc_gAh`@xF|BB`CM~Bk@vKgEz^}Lle@mP`a@_M`Em@~EBfD\~CfArd@fYlE`FnBfDhMbe@RjFUxFwBfGuB~CsFpFaJ`E{YbIqF|@{Fd@ki@\gIv@_JfDsJxGkTvX,,,,,,,40,#1464a5cc,#1464a5cc,,,,,,,<div><strong>WAIWHEROWHERO DRIVE</strong><br><span>Surface: sealed</span><br><span>Length: 0.78 km</span><br><span>Length rank: 238</span></div>
road_3234601,path,Road centreline,hamilton_road_path,NEVADA ROAD,,,,sealed,0.7802560061219624,239,@EAAiaalmIvjpagAsWkNs\kQ}@i@ga@_TisAis@_gAok@cE}BiBmAoDaDgDoF}JyVwC}H_DaIaBwDcAsB{AeCkDcFoCaDiCmCyBmBaE}CwFwDk_Aae@,,,,,,,40,#1464a5cc,#1464a5cc,,,,,,,<div><strong>NEVADA ROAD</strong><br><span>Surface: sealed</span><br><span>Length: 0.78 km</span><br><span>Length rank: 239</span></div>
road_6063753,path,Road centreline,hamilton_road_path,WAIRERE DRIVE,,,,sealed,0.7776529045399333,240,@EAAkfcfmI`zk_gA_a@yK{MqDwSoGg\oMwZyMeY_NgVcP_CmAcxAieAyL}IgG}E_NcKkByAw}@cn@sq@eb@,,,,,,,40,#1464a5cc,#1464a5cc,,,,,,,<div><strong>WAIRERE DRIVE</strong><br><span>Surface: sealed</span><br><span>Length: 0.78 km</span><br><span>Length rank: 240</span></div>
road_3258239,path,Road centreline,hamilton_road_path,PALLISER DRIVE,,,,sealed,0.7734699082194547,241,@EAAcnqimIzju~fAxGp@hIl@|DN|C@pF[`Ku@dJwA|GqBpGyA|GyBnGcAjJe@`JFxM^hJPhN?~Hw@fIgA|NEvEHbOvB|DvAfGdCzIxFjEvGxC|G`BbJbAtJZtDZxCd@bBdAtA|AnAxAb@pCXnDIlEMbFa@pGq@rHiA|FkB|F{BtEoCrDqC`DuCpDgC|IgHvI{G|EaDzFsChCgA~Bq@zEgAbLsCjRsEvJwB,,,,,,,40,#1464a5cc,#1464a5cc,,,,,,,<div><strong>PALLISER DRIVE</strong><br><span>Surface: sealed</span><br><span>Length: 0.77 km</span><br><span>Length rank: 241</span></div>
road_6063768,path,Road centreline,hamilton_road_path,Road centreline,,,,sealed,0.7715889529966714,242,@EAA_~`fmIda{~fAavA|oAaz@`r@yuB`kBoyA`yA,,,,,,,40,#1464a5cc,#1464a5cc,,,,,,,<div><strong>Road 6063768</strong><br><span>Surface: sealed</span><br><span>Length: 0.77 km</span><br><span>Length rank: 242</span></div>
road_3234589,path,Road centreline,hamilton_road_path,COLLINGWOOD STREET,,,,sealed,0.7705080250385097,243,@EAAcx`imIfitagA}`@cSiWsMwGgDyEqBuWwM{FyCsAq@aJmEsEoBwFiBeEoA}FcBuMuGeKoGqOmLku@a`@uGeDmf@mXmXeM}f@mVsjAwl@,,,,,,,40,#1464a5cc,#1464a5cc,,,,,,,<div><strong>COLLINGWOOD STREET</strong><br><span>Surface: sealed</span><br><span>Length: 0.77 km</span><br><span>Length rank: 243</span></div>
road_3234554,path,Road centreline,hamilton_road_path,HYDE AVENUE,,,,sealed,0.7704091614316139,244,@EAAwhqfmI`x}`gAij@pl@q]`_@qI~IaHnIy\la@uFxKaCjNYbB^|l@L~W^xm@LjYG~Fm@tGmClIwZdz@,,,,,,,40,#1464a5cc,#1464a5cc,,,,,,,<div><strong>HYDE AVENUE</strong><br><span>Surface: sealed</span><br><span>Length: 0.77 km</span><br><span>Length rank: 244</span></div>
road_3234627,path,Road centreline,hamilton_road_path,ALFRED STREET,,,,sealed,0.767151424009804,245,@EAAe~}imIpyi`gAfdE~m@t^dBlKbA|HvAzfC`^~fCh^,,,,,,,40,#1464a5cc,#1464a5cc,,,,,,,<div><strong>ALFRED STREET</strong><br><span>Surface: sealed</span><br><span>Length: 0.77 km</span><br><span>Length rank: 245</span></div>
road_3234632,path,Road centreline,hamilton_road_path,CLAUDE STREET,,,,sealed,0.7662855970794359,246,@EAAw__jmIpuk`gAbbAbOxeMfgB,,,,,,,40,#1464a5cc,#1464a5cc,,,,,,,<div><strong>CLAUDE STREET</strong><br><span>Surface: sealed</span><br><span>Length: 0.77 km</span><br><span>Length rank: 246</span></div>
road_3234641,path,Road centreline,hamilton_road_path,INSOLL AVENUE,,,,sealed,0.7594345182542983,247,@EAAqeyimItu|_gA_XyEuKqBskAaTka@wH}JeBce@}Ik~AiY{`@sHefA_Skk@kKab@_Im\iG,,,,,,,40,#1464a5cc,#1464a5cc,,,,,,,<div><strong>INSOLL AVENUE</strong><br><span>Surface: sealed</span><br><span>Length: 0.76 km</span><br><span>Length rank: 247</span></div>
road_3234612,path,Road centreline,hamilton_road_path,MEARS ROAD,,,,sealed,0.7580905369667583,248,@EAA{uqgmIz}~~fAxHrHlErEtChCdIrFhOjJzvBfoAdvDrvBzB~@`Cj@tFZvEc@vBu@lBs@pZyX,,,,,,,40,#1464a5cc,#1464a5cc,,,,,,,<div><strong>MEARS ROAD</strong><br><span>Surface: sealed</span><br><span>Length: 0.76 km</span><br><span>Length rank: 248</span></div>
road_3258008,path,Road centreline,hamilton_road_path,LIVINGSTONE AVENUE,,,,sealed,0.7459722491819488,249,@EAA{uggmItwy`gAhEvC~hBroAfNhIzaAuUvNaD|j@pS~MpE|F|@pJi@x~@iKzDo@xDC?AtBLzBLnDfAtShK~CxAt@\fb@~R~A\tBA,,,,,,,40,#1464a5cc,#1464a5cc,,,,,,,<div><strong>LIVINGSTONE AVENUE</strong><br><span>Surface: sealed</span><br><span>Length: 0.75 km</span><br><span>Length rank: 249</span></div>
road_3258046,path,Road centreline,hamilton_road_path,HAGUE ROAD,,,,sealed,0.7447269662743693,250,@EAAsogimItxobgAoIl@cPxB}h@tFcH|A{HVg[QqJU_J?kJ}@kNqDuGoC}EaDmGqGuLaMgPmNsKmJgG{DqDiBiC}Bs@eB]qDe@qGCq^]oSaGwFmBgBgAeDAoBd@{BjAwBlGiGjLoI~GgFtE_CzEiChFaBrJaBzTO,,,,,,,40,#1464a5cc,#1464a5cc,,,,,,,<div><strong>HAGUE ROAD</strong><br><span>Surface: sealed</span><br><span>Length: 0.74 km</span><br><span>Length rank: 250</span></div>
road_3234597,path,Road centreline,hamilton_road_path,BERKLEY AVENUE,,,,sealed,0.7385773490150296,251,@EAA_hhlmIbembgAtBn@vB\zBN|B@pY{AlCc@x@_@v@m@b@s@dAoCfPmo@nAgF|Nwk@hAyEp@uBt@gBz@sA|@w@`Ao@lAo@|As@vAc@dBc@tA_@tBu@xAo@dAo@hAy@`BuAfAqBfA}CnAwErBiIhBaIfA}HGmEQoBa@{Bq@qCcAuCu@wBu@kCg@}BWaD@iDVwE`@gChR}u@~AqG~Mch@,,,,,,,39,#1464a5cc,#1464a5cc,,,,,,,<div><strong>BERKLEY AVENUE</strong><br><span>Surface: sealed</span><br><span>Length: 0.74 km</span><br><span>Length rank: 251</span></div>
road_3234622,path,Road centreline,hamilton_road_path,MAGELLAN RISE,,,,sealed,0.7257448849455491,252,@EAAmwogmIbau}fAfYhBvUnDvQhEbMhEfQ~G~JtBvItAhMj@~EClFEhCQlHi@dKuBrE{ArC}@nGoCfGiEd[_\rLmLjK}FhLwE|HaCdN{CtR_CjBItPEjLp@|IPzR]fGw@vEsBnGsDrDqCtDgEfB}Et@eDd@qBjAwH,,,,,,,39,#1464a5cc,#1464a5cc,,,,,,,<div><strong>MAGELLAN RISE</strong><br><span>Surface: sealed</span><br><span>Length: 0.73 km</span><br><span>Length rank: 252</span></div>
road_3234638,path,Road centreline,hamilton_road_path,WINSTONE AVENUE,,,,sealed,0.7250551873700151,253,@EAAcxrimI~cl_gAyf@t~@sQf[yF~LwC~DcMtKwi@h_@iY~Q}KbCuK|@qDVwVfBuKv@eEXkEb@gEp@cDv@mGvBwDjBaDtBeC|BqBpCeCnEaHtRiP`f@}E|N,,,,,,,39,#1464a5cc,#1464a5cc,,,,,,,<div><strong>WINSTONE AVENUE</strong><br><span>Surface: sealed</span><br><span>Length: 0.73 km</span><br><span>Length rank: 253</span></div>
road_3234581,path,Road centreline,hamilton_road_path,ALISON STREET,,,,sealed,0.7249882148937878,254,@EAAqqwhmIpmfbgArD~E~AnBzClCfUfSvApAx@pAVbANxCn@xu@j@jn@~@nbBDnGDtBVbRNdLrAz`ArLxb@,,,,,,,39,#1464a5cc,#1464a5cc,,,,,,,<div><strong>ALISON STREET</strong><br><span>Surface: sealed</span><br><span>Length: 0.72 km</span><br><span>Length rank: 254</span></div>
road_3234619,path,Road centreline,hamilton_road_path,CULLIMORE STREET,,,,sealed,0.7248663998818559,255,@EAAm|ggmI~gu~fA`lAxg@luAvl@lNxFxNtCdh@`Fv{BjRdbAlIxj@xE,,,,,,,39,#1464a5cc,#1464a5cc,,,,,,,<div><strong>CULLIMORE STREET</strong><br><span>Surface: sealed</span><br><span>Length: 0.72 km</span><br><span>Length rank: 255</span></div>
road_3257980,path,Road centreline,hamilton_road_path,CAMPBELL STREET,,,,sealed,0.722009347669671,256,@EAAaaqgmIdatagAs@jI{@tIkTfhCOjEO`Gj@fAzAl@vW``A~x@pwC,,,,,,,39,#1464a5cc,#1464a5cc,,,,,,,<div><strong>CAMPBELL STREET</strong><br><span>Surface: sealed</span><br><span>Length: 0.72 km</span><br><span>Length rank: 256</span></div>
road_8418454,path,Road centreline,hamilton_road_path,KORIKORI GREEN,,,,sealed,0.7190004595698142,257,@EAAuxghmIzr`}fAjZdz@zQfg@`BhDzB`CfDtBfF|A~c@dIzKdAdSvFbGrCdCbBvCbD~StZ~Xz_@d^rf@l\jd@tAbAXHxb@pM,,,,,,,39,#1464a5cc,#1464a5cc,,,,,,,<div><strong>KORIKORI GREEN</strong><br><span>Surface: sealed</span><br><span>Length: 0.72 km</span><br><span>Length rank: 257</span></div>
road_3258237,path,Road centreline,hamilton_road_path,Road centreline,,,,sealed,0.7188532072930589,258,@EAA_dbkmIbqo`gAsTMuOIoMl@gHdA_Cn@sJtD_CPwHMiZe@kYoAiFAgERuIxA}FdAwCnAuGrEcCnDqBxDoCrL}BnWs@lFp@tJxAbGrAvD`BnBfLbH`HlCpDl@nHn@dg@fCj|@rE`Ml@`Md@nJf@fJX,,,,,,,39,#1464a5cc,#1464a5cc,,,,,,,<div><strong>Road 3258237</strong><br><span>Surface: sealed</span><br><span>Length: 0.72 km</span><br><span>Length rank: 258</span></div>
road_3234635,path,Road centreline,hamilton_road_path,ENDERLEY AVENUE,,,,sealed,0.7123712894810442,259,@EAA}ccjmIdso`gAgfBes@yLcFgfB{r@cd@_Ry~CkoAeHsC,,,,,,,39,#1464a5cc,#1464a5cc,,,,,,,<div><strong>ENDERLEY AVENUE</strong><br><span>Surface: sealed</span><br><span>Length: 0.71 km</span><br><span>Length rank: 259</span></div>
road_3265105,path,Road centreline,hamilton_road_path,COLOMBO STREET,,,,sealed,0.7112057861192909,260,@EAAiwbhmI~tlagArAbEZxDc]v{Dq\ncE,,,,,,,39,#1464a5cc,#1464a5cc,,,,,,,<div><strong>COLOMBO STREET</strong><br><span>Surface: sealed</span><br><span>Length: 0.71 km</span><br><span>Length rank: 260</span></div>
road_3238131,path,Road centreline,hamilton_road_path,LEE ROAD,,,,sealed,0.7075549754868472,261,@EAAepkemIbgp_gAzKj`@hIr[j\jpAtArDzBlErD`GhD~Exs@ht@|ZfZhTpSbG|G~FvIvE~HfCbGbIfSvAdEfAxEvArH,,,,,,,39,#1464a5cc,#1464a5cc,,,,,,,<div><strong>LEE ROAD</strong><br><span>Surface: sealed</span><br><span>Length: 0.71 km</span><br><span>Length rank: 261</span></div>
road_3234569,path,Road centreline,hamilton_road_path,MACDONALD ROAD,,,,sealed,0.7074624748034537,262,@EAA{ykimIbkncgA_JVyDLcHj@yEDoFSmGwAoDeByFqBmEo@wDOqDCuC`@{b@vI_nA|WwSzFeHdC}P`EaYzFq\xFiD|@{Dz@gd@xNelBjm@,,,,,,,39,#1464a5cc,#1464a5cc,,,,,,,<div><strong>MACDONALD ROAD</strong><br><span>Surface: sealed</span><br><span>Length: 0.71 km</span><br><span>Length rank: 262</span></div>
road_3234599,path,Road centreline,hamilton_road_path,CAMERON ROAD,,,,sealed,0.7067488220865473,263,@EAAe{|jmIb_cagAcSnr@_G|W}Jf^wHhZ{WpdA}b@h_ByYvhA}B`F,,,,,,,39,#1464a5cc,#1464a5cc,,,,,,,<div><strong>CAMERON ROAD</strong><br><span>Surface: sealed</span><br><span>Length: 0.71 km</span><br><span>Length rank: 263</span></div>
road_3258240,path,Road centreline,hamilton_road_path,SOMERTON DRIVE,,,,sealed,0.7051964984928044,264,@EAAc{jimI`c}}fAwBcM}H{^uAqG}CqLyDmK{BqF_DeFsCkD{CcDoGoEcEaDyFoC{GcDcp@}ZuFeB{NqH_XqM{KiLmPiTmGwJ_DkEwFkI}EoGsDgDsGeFqQiGiLgD_LcCcPoB,,,,,,,39,#1464a5cc,#1464a5cc,,,,,,,<div><strong>SOMERTON DRIVE</strong><br><span>Surface: sealed</span><br><span>Length: 0.71 km</span><br><span>Length rank: 264</span></div>
road_3234559,path,Road centreline,hamilton_road_path,IRVINE STREET,,,,sealed,0.6987943243952145,265,@EAA_vzgmIfmyagAn]fhApYpx@laAfwBn|@tpB,,,,,,,39,#1464a5cc,#1464a5cc,,,,,,,<div><strong>IRVINE STREET</strong><br><span>Surface: sealed</span><br><span>Length: 0.70 km</span><br><span>Length rank: 265</span></div>
road_3234562,path,Road centreline,hamilton_road_path,BANDON STREET,,,,sealed,0.6976009459693807,266,@EAAqxwgmIlatagAyaAcE_iAeFcf@{Bg^cB}g@aCqIa@uqBiI{pB_K,,,,,,,39,#1464a5cc,#1464a5cc,,,,,,,<div><strong>BANDON STREET</strong><br><span>Surface: sealed</span><br><span>Length: 0.70 km</span><br><span>Length rank: 266</span></div>
road_7741576,path,Road centreline,hamilton_road_path,Road centreline,,,,sealed,0.6974851340026857,267,@EAAun|emI|`bdgAS{S}@wo@{A_`@{Gm`@cUetAy`@mdCkFe_@,,,,,,,39,#1464a5cc,#1464a5cc,,,,,,,<div><strong>Road 7741576</strong><br><span>Surface: sealed</span><br><span>Length: 0.70 km</span><br><span>Length rank: 267</span></div>
road_3257998,path,Road centreline,hamilton_road_path,KAREN CRESCENT,,,,sealed,0.6899923890025296,268,@EAAsqegmIlrkbgA{A}BsB}CkqA_oB{Ps]wOwXy_@_a@eP}MkKiHmScLqEeAeFAiFZqz@dM}M~B{InB,,,,,,,38,#1464a5cc,#1464a5cc,,,,,,,<div><strong>KAREN CRESCENT</strong><br><span>Surface: sealed</span><br><span>Length: 0.69 km</span><br><span>Length rank: 268</span></div>
road_3234647,path,Road centreline,hamilton_road_path,RAYMOND STREET,,,,sealed,0.6885142438606103,269,@EAAsd{jmI|t}_gAbIiSdLu\bLe[f]_bA`Xqw@`V}r@`r@{mB,,,,,,,38,#1464a5cc,#1464a5cc,,,,,,,<div><strong>RAYMOND STREET</strong><br><span>Surface: sealed</span><br><span>Length: 0.69 km</span><br><span>Length rank: 269</span></div>
road_3258039,path,Road centreline,hamilton_road_path,PELORUS STREET,,,,sealed,0.6874593177537729,270,@EAAoehjmIxyqcgAzN_Ene@mMpTuExMk@bUjChI~@`r@xHxAFhCHtTv@rSwAxWmHnXePvLmCzNy@nZnBpNMlUgEhN{GdHmH`Wik@,,,,,,,38,#1464a5cc,#1464a5cc,,,,,,,<div><strong>PELORUS STREET</strong><br><span>Surface: sealed</span><br><span>Length: 0.69 km</span><br><span>Length rank: 270</span></div>
road_3258027,path,Road centreline,hamilton_road_path,ACACIA CRESCENT,,,,sealed,0.6866185956882759,271,@EAAmi`jmI~fwcgAwFrAqa@zb@iFxNu@~SdG|TreA|`BdKtp@`C`Q~AhDdCzBhCjAlD@jGwA~`@uXfNsJhFgCnCqA,,,,,,,38,#1464a5cc,#1464a5cc,,,,,,,<div><strong>ACACIA CRESCENT</strong><br><span>Surface: sealed</span><br><span>Length: 0.69 km</span><br><span>Length rank: 271</span></div>
road_3234553,path,Road centreline,hamilton_road_path,RODNEY STREET,,,,sealed,0.6825819034988962,272,@EAAatrfmIre_agAzzHx{DxNnHjF~DtO`RvO|Q,,,,,,,38,#1464a5cc,#1464a5cc,,,,,,,<div><strong>RODNEY STREET</strong><br><span>Surface: sealed</span><br><span>Length: 0.68 km</span><br><span>Length rank: 272</span></div>
road_3258220,path,Road centreline,hamilton_road_path,QUEENWOOD AVENUE,,,,sealed,0.6813809914278981,273,@EAAgxthmIfjf_gAfl@nJzCHbDQdD{@dDyApReJ`h@cXwIpDzGqD_AqECcCrZocAb_@knAnCyBpDq@fGg@rEXlm@|JbPjCnHlA,,,,,,,38,#1464a5cc,#1464a5cc,,,,,,,<div><strong>QUEENWOOD AVENUE</strong><br><span>Surface: sealed</span><br><span>Length: 0.68 km</span><br><span>Length rank: 273</span></div>
road_3258025,path,Road centreline,hamilton_road_path,WATERFORD ROAD,,,,sealed,0.6803990134932573,274,@EAAagsjmIh|ecgA`TiMlVmQjFyDfGqF|EaGzDsFl@y@n@_A`BmDxCqGTu@vBcH`BqIpAwNh@ag@h@uKx@iGrBkGzE{JvAsCdIiRdBsK~@_GJuKu@wK{BuIgB}GgGgKcHkIcLcIqM_I{DmBu@e@,,,,,,,38,#1464a5cc,#1464a5cc,,,,,,,<div><strong>WATERFORD ROAD</strong><br><span>Surface: sealed</span><br><span>Length: 0.68 km</span><br><span>Length rank: 274</span></div>
road_3234592,path,Road centreline,hamilton_road_path,KING STREET,,,,sealed,0.6797349591344782,275,@EAAs}jhmIleoagAca@g]ei@cb@}l@gf@qdCmmBwp@gk@g[cO,,,,,,,38,#1464a5cc,#1464a5cc,,,,,,,<div><strong>KING STREET</strong><br><span>Surface: sealed</span><br><span>Length: 0.68 km</span><br><span>Length rank: 275</span></div>
road_3258064,path,Road centreline,hamilton_road_path,LIVERPOOL STREET,,,,sealed,0.6792087360460103,276,@EAAypbimInmy`gAfVfMbG|CrR~Hpz@la@l}Ahu@bg@vUrP|KfIxB`o@hZrG|Clr@l\vG~C,,,,,,,38,#1464a5cc,#1464a5cc,,,,,,,<div><strong>LIVERPOOL STREET</strong><br><span>Surface: sealed</span><br><span>Length: 0.68 km</span><br><span>Length rank: 276</span></div>
road_3283227,path,Road centreline,hamilton_road_path,GARLAND DRIVE,,,,sealed,0.6790242343001567,277,@EAAq_ngmI~mh_gA~KkHdPeNzPyVtIgH|JsH`YaKdJ?~FbBhRbN`a@lQ|CnDv@dFMhCw@hBkAvAsEnC}FtBsIfBqEt@uCbAwFfBoF~CgE~CwCpDeDbFmBbEyAlCwBtBaBl@qBh@qBVoBOcD_@sB}@{CyBuEcDsG_DmDmAgEcAaGw@wEa@gDWgBWeC}@eCaBqFcG,,,,,,,38,#1464a5cc,#1464a5cc,,,,,,,<div><strong>GARLAND DRIVE</strong><br><span>Surface: sealed</span><br><span>Length: 0.68 km</span><br><span>Length rank: 277</span></div>
road_3238125,path,Road centreline,hamilton_road_path,ANZAC PARADE,,,,sealed,0.6785910883464213,278,@EAAofrimIzxvagAw_CknAmNoHuXuNySwKeHuD_MqG}}@wd@}C}AyF}BuDgAaIoAei@oIct@sK,,,,,,,38,#1464a5cc,#1464a5cc,,,,,,,<div><strong>ANZAC PARADE</strong><br><span>Surface: sealed</span><br><span>Length: 0.68 km</span><br><span>Length rank: 278</span></div>
road_8114512,path,Road centreline,hamilton_road_path,Road centreline,,,,unmetalled,0.6779765875833004,279,@EAAgdnlmIn{w`gAqDmVk@mZ|Esg@bLcu@hR_dAjRku@tPkg@h[i{@,,,,,,,38,#734a12cc,#734a12cc,,,,,,,<div><strong>Road 8114512</strong><br><span>Surface: unmetalled</span><br><span>Length: 0.68 km</span><br><span>Length rank: 279</span></div>
road_3258062,path,Road centreline,hamilton_road_path,WARD STREET,,,,sealed,0.677880821565629,280,@EAAw}}hmI`mnagAiDY}EuAgaB_x@mfC{lAe`Awd@_n@eZi_@sQ,,,,,,,38,#1464a5cc,#1464a5cc,,,,,,,<div><strong>WARD STREET</strong><br><span>Surface: sealed</span><br><span>Length: 0.68 km</span><br><span>Length rank: 280</span></div>
road_3258188,path,Road centreline,hamilton_road_path,BRAMLEY DRIVE,,,,sealed,0.6763997431541965,281,@EAAy|mhmI`hn~fAf`@jF|t@{@jFC|Cg@rE{AxP{HdMoEfIoF~CaGbEyOxQgr@|L}r@rJ_MrG}HxEeKdBmFlZwaA,,,,,,,38,#1464a5cc,#1464a5cc,,,,,,,<div><strong>BRAMLEY DRIVE</strong><br><span>Surface: sealed</span><br><span>Length: 0.68 km</span><br><span>Length rank: 281</span></div>
road_3258042,path,Road centreline,hamilton_road_path,NORMANDY AVENUE,,,,sealed,0.6728855740470265,282,@EAAkxrimInrqbgAk@hQq@`HgF`j@sCbWi@vJdApIzBzJvGzL|FvGjL`IrYvLn~DljAbJpH,,,,,,,38,#1464a5cc,#1464a5cc,,,,,,,<div><strong>NORMANDY AVENUE</strong><br><span>Surface: sealed</span><br><span>Length: 0.67 km</span><br><span>Length rank: 282</span></div>
road_3258203,path,Road centreline,hamilton_road_path,HERBERT ROAD,,,,sealed,0.6727889005118228,283,@EAA{cqhmItm}~fAq|@|uC_H|Toi@rfBiB`G{]vjA,,,,,,,38,#1464a5cc,#1464a5cc,,,,,,,<div><strong>HERBERT ROAD</strong><br><span>Surface: sealed</span><br><span>Length: 0.67 km</span><br><span>Length rank: 283</span></div>
road_3283188,path,Road centreline,hamilton_road_path,NOTTINGHAM DRIVE,,,,sealed,0.666267592627026,284,@EAAmx~jmItj}`gAe@fGw@rNApWGzUbJ?vRAhVA|}@@pHGxVMtYRnPLoFd]{@xCcElFeEfCaHbEyBlDaBrFiFlYaDhKaFrIcLtR,,,,,,,38,#1464a5cc,#1464a5cc,,,,,,,<div><strong>NOTTINGHAM DRIVE</strong><br><span>Surface: sealed</span><br><span>Length: 0.67 km</span><br><span>Length rank: 284</span></div>
road_3258061,path,Road centreline,hamilton_road_path,WILLOUGHBY STREET,,,,sealed,0.665517068967041,285,@EAAajzhmIbg~`gAduBmi@lA[lk@eO|j@_OhbAoWhoC}r@tCcAbBsA,,,,,,,38,#1464a5cc,#1464a5cc,,,,,,,<div><strong>WILLOUGHBY STREET</strong><br><span>Surface: sealed</span><br><span>Length: 0.67 km</span><br><span>Length rank: 285</span></div>
road_3238140,path,Road centreline,hamilton_road_path,KAIMIRO STREET,,,,sealed,0.6606133419319753,286,@EAA}v~emIbxb~fAeN`c@mIpRif@jx@ep@zz@cHdOwAdMt@zMjDjLdFpIvHdH|JhFhuA|e@,,,,,,,38,#1464a5cc,#1464a5cc,,,,,,,<div><strong>KAIMIRO STREET</strong><br><span>Surface: sealed</span><br><span>Length: 0.66 km</span><br><span>Length rank: 286</span></div>
road_8326468,path,Road centreline,hamilton_road_path,Road centreline,,,,unmetalled,0.6599799251884317,287,@EAAiu~jmIhfecgA``EqqI,,,,,,,38,#734a12cc,#734a12cc,,,,,,,<div><strong>Road 8326468</strong><br><span>Surface: unmetalled</span><br><span>Length: 0.66 km</span><br><span>Length rank: 287</span></div>
road_3258065,path,Road centreline,hamilton_road_path,ABBOTSFORD STREET,,,,sealed,0.659466889020578,288,@EAAwxphmI`{|`gAL}CcAsBiZkn@me@qaAsa@_{@y{@kiB{Swb@iKcJ,,,,,,,38,#1464a5cc,#1464a5cc,,,,,,,<div><strong>ABBOTSFORD STREET</strong><br><span>Surface: sealed</span><br><span>Length: 0.66 km</span><br><span>Length rank: 288</span></div>
road_3257984,path,Road centreline,hamilton_road_path,GIBSON ROAD,,,,sealed,0.6586994944340614,289,@EAAad`gmIlzibgAxv@}p@xCeA|D@~Ef@tFvA|_Cbr@|D`A~BRrBA`C[dEkAbVcIfHyCpDkC|DwGjC{F|d@qaAhHiR,,,,,,,38,#1464a5cc,#1464a5cc,,,,,,,<div><strong>GIBSON ROAD</strong><br><span>Surface: sealed</span><br><span>Length: 0.66 km</span><br><span>Length rank: 289</span></div>
road_3234570,path,Road centreline,hamilton_road_path,GLENVIEW TERRACE,,,,sealed,0.6582778537649278,290,@EAAo_zimI|tncgAtKkXfC_FnDwDhF}DlFuCnIoDlk@sQ`kA{^vrBcp@n\wKnx@ik@,,,,,,,38,#1464a5cc,#1464a5cc,,,,,,,<div><strong>GLENVIEW TERRACE</strong><br><span>Surface: sealed</span><br><span>Length: 0.66 km</span><br><span>Length rank: 290</span></div>
road_3258243,path,Road centreline,hamilton_road_path,RHYS AVENUE,,,,sealed,0.6580188490098196,291,@EAAglsimIp_u~fAgAxGeAxIa@jFUjD`@hG`@pJNhIe@nIw@pL?|HAzEXfDf@xEb@dEBvGi@`HsCnGkE|FkF`EoHhDcIjBoFh@eEZ_FJyFY}Ee@{E}AkEkA_Cg@gEu@oF_A{LqAkLcAgM{@}Im@{Hw@wGyAuCwAmDeBsDqCiC_D_BgC{AiC_CaMqCqNe@iBq@wD,,,,,,,38,#1464a5cc,#1464a5cc,,,,,,,<div><strong>RHYS AVENUE</strong><br><span>Surface: sealed</span><br><span>Length: 0.66 km</span><br><span>Length rank: 291</span></div>
road_8326466,path,Road centreline,hamilton_road_path,CABOURNE DRIVE,,,,sealed,0.6573887712745065,292,@EAAqpgjmIj}rcgA_U~BkVhCeR`F{ItD}HdCiHbCiAMmD_@yKwA{COoKUm\eBcN]uJPeP|AqLvBgG\aHU_C@oAViDwM{@kDyDaRcRa}@kAoHu@mDSaAYoAmCuDoH{DaM_GsLmH,,,,,,,38,#1464a5cc,#1464a5cc,,,,,,,<div><strong>CABOURNE DRIVE</strong><br><span>Surface: sealed</span><br><span>Length: 0.66 km</span><br><span>Length rank: 292</span></div>
road_3265109,path,Road centreline,hamilton_road_path,GRANTHAM STREET,,,,sealed,0.6569729935345983,293,@EAAadrimIx`pagAuKdA_IbAgEx@_e@rLozBnp@aPbHyGbEkInH}DzE_ClEsBzDeCnHsArGs@tDSbHg@~KDpKt@jM\xIxD`Z`G`],,,,,,,38,#1464a5cc,#1464a5cc,,,,,,,<div><strong>GRANTHAM STREET</strong><br><span>Surface: sealed</span><br><span>Length: 0.66 km</span><br><span>Length rank: 293</span></div>
road_8326475,path,Road centreline,hamilton_road_path,SYLVESTER CRESCENT,,,,sealed,0.6567248534360052,294,@EAAe}dgmId}p}fAzP}RbKiNj@w@TqBF_E]{I{Fkc@_CmQaBiMkGg@sIw@iFu@{Es@kEaBmEk@uCKwGQoHUwFg@uEwAmMmKsBoAuCUyAQ}AOkBAqEp@kDrAmEvBeB|Am@`A[|@IbBd@vCpAtChAvA~AzBhB`BlEtGtA|Fl@dEv@zFf@jFZlBEjFYpBa@fB}@dC_@nBBfA@v@DbCe@|Cc@nAe@r@,,,,,,,38,#1464a5cc,#1464a5cc,,,,,,,<div><strong>SYLVESTER CRESCENT</strong><br><span>Surface: sealed</span><br><span>Length: 0.66 km</span><br><span>Length rank: 294</span></div>
road_3234558,path,Road centreline,hamilton_road_path,BLACKBURN STREET,,,,sealed,0.6478019438762427,295,@EAAskwgmIrpyagAvOnn@fVhy@lb@b}AXdAbJbTtR|b@~h@dkAhCvF,,,,,,,38,#1464a5cc,#1464a5cc,,,,,,,<div><strong>BLACKBURN STREET</strong><br><span>Surface: sealed</span><br><span>Length: 0.65 km</span><br><span>Length rank: 295</span></div>
road_3258109,path,Road centreline,hamilton_road_path,MORRIS ROAD,,,,sealed,0.6474491099222127,296,@EAA}x}kmIltwagAcHzRqFxRmA~DaA`Fs@fDk@fE]dCy@`HaCdP{A|F{@~BcA`CyArC}BxDwMrU}ClJmC|IkO~g@}@zC_AbDcAvDo@bD]zBQbCEfHAtHCtOIjCMtBY`C]~Aq@bCmBrF}V`p@,,,,,,,38,#1464a5cc,#1464a5cc,,,,,,,<div><strong>MORRIS ROAD</strong><br><span>Surface: sealed</span><br><span>Length: 0.65 km</span><br><span>Length rank: 296</span></div>
road_3234576,path,Road centreline,hamilton_road_path,GARDEN HEIGHTS AVENUE,,,,sealed,0.6470818403819388,297,@EAA}m~imIn`gcgAo[hUyEhI]`GdAzFjMtM~h@za@`LhMxFvXvGd[fFdWbMlSnLvLhRbHhc@pIfHbC`IbE~SpZ,,,,,,,38,#1464a5cc,#1464a5cc,,,,,,,<div><strong>GARDEN HEIGHTS AVENUE</strong><br><span>Surface: sealed</span><br><span>Length: 0.65 km</span><br><span>Length rank: 297</span></div>
road_3234625,path,Road centreline,hamilton_road_path,RESOLUTION DRIVE,,,,sealed,0.6459954897537196,298,@EAAijtgmIldm}fAcGlJqHjLec@rq@kf@zt@sTp]a]lk@uTta@cDxGsBpD??jBr@z@`At@rAVlBKfBi@zAiAjAoCtAiCVwD?uBa@}As@wA{Aw@eBEeCr@gCnBmBvBy@vDUrB@|Bj@,,,,,,,38,#1464a5cc,#1464a5cc,,,,,,,<div><strong>RESOLUTION DRIVE</strong><br><span>Surface: sealed</span><br><span>Length: 0.65 km</span><br><span>Length rank: 298</span></div>
road_3234639,path,Road centreline,hamilton_road_path,BELLMONT AVENUE,,,,sealed,0.6449813779742128,299,@EAAqzbimIlve_gAmPnm@ABkP|d@mBlFyTbu@me@j`BmRbr@wT`r@,,,,,,,38,#1464a5cc,#1464a5cc,,,,,,,<div><strong>BELLMONT AVENUE</strong><br><span>Surface: sealed</span><br><span>Length: 0.64 km</span><br><span>Length rank: 299</span></div>
road_3258022,path,Road centreline,hamilton_road_path,SPLITT AVENUE,,,,sealed,0.6408161870301506,300,@EAAq~_jmIfyecgAao@bd@cm@db@yEfD{RbNiE|CyAbA}WjRg`Abq@wd@`Iqc@`GaFtBid@|ZwFzD,,,,,,,37,#1464a5cc,#1464a5cc,,,,,,,<div><strong>SPLITT AVENUE</strong><br><span>Surface: sealed</span><br><span>Length: 0.64 km</span><br><span>Length rank: 300</span></div>
road_3314500,path,Road centreline,hamilton_road_path,MEADOWFIELD STREET,,,,sealed,0.6383433703024407,301,@EAAwxpfmIjqe}fAf@|Xd@|w@@fF{@lCqA~B_CbBiG`E_dAvj@yDlBeBl@wH`C_h@hQeJjDkEpBoDpCsDlEaGtHkClCgE|CoC|@yJlB{_@n@sFdAsGxAaE|AuFtB,,,,,,,37,#1464a5cc,#1464a5cc,,,,,,,<div><strong>MEADOWFIELD STREET</strong><br><span>Surface: sealed</span><br><span>Length: 0.64 km</span><br><span>Length rank: 301</span></div>
road_3234618,path,Road centreline,hamilton_road_path,MORROW AVENUE,,,,sealed,0.6377987158785695,302,@EAA}w|fmIli__gA_@aG_@}Fy@cLWcBq@iA{@y@eBeAaDu@ecBsSsHeAyFqAa|@_Uii@mRiI_BeIi@o|BeCsIK,,,,,,,37,#1464a5cc,#1464a5cc,,,,,,,<div><strong>MORROW AVENUE</strong><br><span>Surface: sealed</span><br><span>Length: 0.64 km</span><br><span>Length rank: 302</span></div>
road_3258200,path,Road centreline,hamilton_road_path,CASEY AVENUE,,,,sealed,0.6377690283748024,303,@EAAis}hmIxhk`gAsC|CgDpBqQhK{b@nU{wA`x@qXdNcBlBu@tAgj@vdBmWby@,,,,,,,37,#1464a5cc,#1464a5cc,,,,,,,<div><strong>CASEY AVENUE</strong><br><span>Surface: sealed</span><br><span>Length: 0.64 km</span><br><span>Length rank: 303</span></div>
road_8114883,path,Road centreline,hamilton_road_path,RYBURN ROAD,,,,sealed,0.6373095960755161,304,@EAAyo}kmIxnp`gAmD@uCc@aEaAiF}A{ImCkj@wQse@mQ}i@oTk_@eQ}\oP_S_KaQcJ{QcKgWkPuNoJoj@q^gDeC,,,,,,,37,#1464a5cc,#1464a5cc,,,,,,,<div><strong>RYBURN ROAD</strong><br><span>Surface: sealed</span><br><span>Length: 0.64 km</span><br><span>Length rank: 304</span></div>
road_3258193,path,Road centreline,hamilton_road_path,WENTWORTH DRIVE,,,,sealed,0.6372676020376434,305,@EAAqf}gmIdot}fArCuJ~AaFtDoJfCqFnC}CvDsCtE_F~E}HbBsDr@}Dn@kED}DW_F}A_GqIwNkFcDoz@uWud@uQcGkC}ZsPkk@w^qD{CmEoHkBaIa@uDOeGDeE,,,,,,,37,#1464a5cc,#1464a5cc,,,,,,,<div><strong>WENTWORTH DRIVE</strong><br><span>Surface: sealed</span><br><span>Length: 0.64 km</span><br><span>Length rank: 305</span></div>
road_3258189,path,Road centreline,hamilton_road_path,BOUVERIE CRESCENT,,,,sealed,0.6368538623296874,306,@EAAqjxgmIru~}fA_S_ZuDwA_GCwTdA_N]ue@oEuGe@yE\qElBgBjBiOnYaBfEcHlWYlEKnAg@hAuBzBmDvBg@~@InAFdEmH`Vs@vDq@|DZnEbAvBrG|ClV|D`VzC~Ml@bVh@fOK,,,,,,,37,#1464a5cc,#1464a5cc,,,,,,,<div><strong>BOUVERIE CRESCENT</strong><br><span>Surface: sealed</span><br><span>Length: 0.64 km</span><br><span>Length rank: 306</span></div>
road_3234567,path,Road centreline,hamilton_road_path,DEANWELL AVENUE,,,,sealed,0.636375357871689,307,@EAAgjaimInoqcgArQmkAfKar@lBeOvGwc@lBsMzBuI|EoLj@aAfCkE`E}EvNaOlM_N~@aA`AcApOsOfBoDhIw\rA{FtBoC,,,,,,,37,#1464a5cc,#1464a5cc,,,,,,,<div><strong>DEANWELL AVENUE</strong><br><span>Surface: sealed</span><br><span>Length: 0.64 km</span><br><span>Length rank: 307</span></div>
road_3265113,path,Road centreline,hamilton_road_path,SUNSHINE AVENUE,,,,sealed,0.6338721840367642,308,@EAAgscgmIheq_gAz|Aj{@tIxEvs@n`@vf@hXlnBdfA~AjAdArAn@`BzAtFnDhW,,,,,,,37,#1464a5cc,#1464a5cc,,,,,,,<div><strong>SUNSHINE AVENUE</strong><br><span>Surface: sealed</span><br><span>Length: 0.63 km</span><br><span>Length rank: 308</span></div>
road_3234658,path,Road centreline,hamilton_road_path,ALCONBURY DRIVE,,,,sealed,0.6327245376526227,309,@EAAakwhmInup}fA`KdSdO~XhFnJnCxFdEvItNtRlCpEfAtDfEn\jDfb@jAvk@]~UYxEm@xDeLdg@w@jGm@vHIvDN~Dt@fP,,,,,,,37,#1464a5cc,#1464a5cc,,,,,,,<div><strong>ALCONBURY DRIVE</strong><br><span>Surface: sealed</span><br><span>Length: 0.63 km</span><br><span>Length rank: 309</span></div>
road_3258145,path,Road centreline,hamilton_road_path,MAHANA ROAD,,,,sealed,0.6308324064142413,310,@EAA{~ugmIvgp_gAhMjHb`@~RvCvAjHzB~o@jQxQpEzD~Ar@X~HfCj_@fQpgAvg@~_Abc@`v@n^,,,,,,,37,#1464a5cc,#1464a5cc,,,,,,,<div><strong>MAHANA ROAD</strong><br><span>Surface: sealed</span><br><span>Length: 0.63 km</span><br><span>Length rank: 310</span></div>
road_3258202,path,Road centreline,hamilton_road_path,ALDERSON ROAD,,,,sealed,0.629769084137529,311,@EAAeyljmIzbz_gAe]eGgWsEqf@gJa[oFwK[eGFmFb@{GjAoGfB{FbCaHlFuErF_FdNqDvO_Otn@eFvTcDjM_ErK}Uhq@,,,,,,,37,#1464a5cc,#1464a5cc,,,,,,,<div><strong>ALDERSON ROAD</strong><br><span>Surface: sealed</span><br><span>Length: 0.63 km</span><br><span>Length rank: 311</span></div>
road_3234645,path,Road centreline,hamilton_road_path,TENNYSON ROAD,,,,sealed,0.6278164363719315,312,@EAAi|_jmItfb`gAqYp{@eCrHoWpt@y_@liA{@xF`@bFdAtExClFdDtDnEnC`MtDlRvDdc@fJ~l@fM,,,,,,,37,#1464a5cc,#1464a5cc,,,,,,,<div><strong>TENNYSON ROAD</strong><br><span>Surface: sealed</span><br><span>Length: 0.63 km</span><br><span>Length rank: 312</span></div>
road_3234657,path,Road centreline,hamilton_road_path,DARJON DRIVE,,,,sealed,0.6275230996042293,313,@EAAcnqimIzju~fAoLcAeGo@oH{@}SaC_Iw@eHs@qRc@yJTsFp@wEbA{D~AcGzDgDtDkC`F}B~HuAxJkDtJiFjGeHxDuGrBmGdAmHf@iIKaEKaDKsEYcF?_HZeHb@qGt@eGdAqLvBqJdAyIf@{MN{HQkFMiG[_Fe@eFg@yHqAmP_B,,,,,,,37,#1464a5cc,#1464a5cc,,,,,,,<div><strong>DARJON DRIVE</strong><br><span>Surface: sealed</span><br><span>Length: 0.63 km</span><br><span>Length rank: 313</span></div>
road_3234602,path,Road centreline,hamilton_road_path,FLYNN ROAD,,,,sealed,0.6262102902839631,314,@EAAeiikmIbqgbgAxtAij@xJgG`CoCbCwCtA_DrBoEhEuSn_@ewAxZmkAjMgh@,,,,,,,37,#1464a5cc,#1464a5cc,,,,,,,<div><strong>FLYNN ROAD</strong><br><span>Surface: sealed</span><br><span>Length: 0.63 km</span><br><span>Length rank: 314</span></div>
road_3258052,path,Road centreline,hamilton_road_path,LANSDOWNE CRESCENT,,,,sealed,0.6248384001833679,315,@EAAoydjmIjpicgAwd@og@mKiLaOaQ}QwHgP{AoW|Di]`Qak@fYoAn@kIpGkFhLc@pIt@`H`FvJzHvFpe@pTzQbU,,,,,,,37,#1464a5cc,#1464a5cc,,,,,,,<div><strong>LANSDOWNE CRESCENT</strong><br><span>Surface: sealed</span><br><span>Length: 0.62 km</span><br><span>Length rank: 315</span></div>
road_3258122,path,Road centreline,hamilton_road_path,LLOYD DRIVE,,,,sealed,0.624466550381849,316,@EAA{acfmItwl`gAgC`Ea@f@kDvEoExDkGvEsOzMyGvGmEhFsKdNgDlFwGtLmEpJ{DzJwC`JaDxL[jBqBnLgBfPu@jOMfLb@bOF`GjBfPbBrKlRr~@,,,,,,,37,#1464a5cc,#1464a5cc,,,,,,,<div><strong>LLOYD DRIVE</strong><br><span>Surface: sealed</span><br><span>Length: 0.62 km</span><br><span>Length rank: 316</span></div>
road_8114513,path,Road centreline,hamilton_road_path,Road centreline,,,,unmetalled,0.6228808221198268,317,@EAAmnklmIj|l`gAip@tjA{^`{@m{@rnBiYzc@mMxNcG|BsJv@,,,,,,,37,#734a12cc,#734a12cc,,,,,,,<div><strong>Road 8114513</strong><br><span>Surface: unmetalled</span><br><span>Length: 0.62 km</span><br><span>Length rank: 317</span></div>
road_3234560,path,Road centreline,hamilton_road_path,SAYER STREET,,,,sealed,0.621264218684815,318,@EAAgn{gmInc~agAfImA`fA_PhxAsTxnAmQztAiTrtAmS,,,,,,,37,#1464a5cc,#1464a5cc,,,,,,,<div><strong>SAYER STREET</strong><br><span>Surface: sealed</span><br><span>Length: 0.62 km</span><br><span>Length rank: 318</span></div>
road_3257969,path,Road centreline,hamilton_road_path,GREENFIELD DRIVE,,,,sealed,0.6170259537321229,319,@EAAi_nfmItquagArg@cBjMkCtH{FfG}K~BiC`JgEpE_AvIq@vI@f^hBtIS|OkCbIsArIc@jLEvk@zGlEpArC~AnFzHhAzJ]bH{CbG_FrD_JjBgWtAiF|AmEbB}DjCmOnL,,,,,,,37,#1464a5cc,#1464a5cc,,,,,,,<div><strong>GREENFIELD DRIVE</strong><br><span>Surface: sealed</span><br><span>Length: 0.62 km</span><br><span>Length rank: 319</span></div>
road_3257968,path,Road centreline,hamilton_road_path,MELVA STREET,,,,sealed,0.6112800807112587,320,@EAActifmIxhgbgAaI_c@yg@cnCsAeHcGo[{AsD}AkCcC}CiC}BoIgFgNgEgN_BmG{@cEqAyFuCwBsDcAsDi@qK_@qP,,,,,,,37,#1464a5cc,#1464a5cc,,,,,,,<div><strong>MELVA STREET</strong><br><span>Surface: sealed</span><br><span>Length: 0.61 km</span><br><span>Length rank: 320</span></div>
road_8325556,path,Road centreline,hamilton_road_path,PARDOA BOULEVARD,,,,sealed,0.6091712374788596,321,@EAAgsujmIbfr~fAgh@xnA_Vdi@aYhu@gJjWwGbUsHdYoI|^mGt\w@`FIpD,,,,,,,37,#1464a5cc,#1464a5cc,,,,,,,<div><strong>PARDOA BOULEVARD</strong><br><span>Surface: sealed</span><br><span>Length: 0.61 km</span><br><span>Length rank: 321</span></div>
road_3234613,path,Road centreline,hamilton_road_path,ENGLISH STREET,,,,sealed,0.6066257368299636,322,@EAAgddgmI~va_gAoEwGe]wg@{Bq@oCWsxDsEmgCmCmCLwBx@{I`J,,,,,,,37,#1464a5cc,#1464a5cc,,,,,,,<div><strong>ENGLISH STREET</strong><br><span>Surface: sealed</span><br><span>Length: 0.61 km</span><br><span>Length rank: 322</span></div>
road_3258121,path,Road centreline,hamilton_road_path,FENWICK CRESCENT,,,,sealed,0.6062277319413116,323,@EAAck{kmIx~abgA|q@w~B^iAv@{@lAw@hBW~AAfBLbt@pLrBh@lAl@z@~@VlAGpB}q@n~B,,,,,,,37,#1464a5cc,#1464a5cc,,,,,,,<div><strong>FENWICK CRESCENT</strong><br><span>Surface: sealed</span><br><span>Length: 0.61 km</span><br><span>Length rank: 323</span></div>
road_3265118,path,Road centreline,hamilton_road_path,EDENPARK DRIVE,,,,sealed,0.6049749111650501,324,@EAAy~hhmIzaw}fAs@sDcAuDqB_CgGgD{XeMmOaIq[{PsY{LcLaFuCu@kE]oGIusAlFoDN}sAdDo_AvE,,,,,,,37,#1464a5cc,#1464a5cc,,,,,,,<div><strong>EDENPARK DRIVE</strong><br><span>Surface: sealed</span><br><span>Length: 0.60 km</span><br><span>Length rank: 324</span></div>
road_3258153,path,Road centreline,hamilton_road_path,CECIL STREET,,,,sealed,0.6043726734522289,325,@EAAqgkgmIxg~~fAkBvs@w@|f@b@pCbCxC|_@xTfgDrnBz[pP,,,,,,,37,#1464a5cc,#1464a5cc,,,,,,,<div><strong>CECIL STREET</strong><br><span>Surface: sealed</span><br><span>Length: 0.60 km</span><br><span>Length rank: 325</span></div>
road_3238116,path,Road centreline,hamilton_road_path,GALLAGHER DRIVE,,,,sealed,0.6029583284376884,326,@EAAamohmIze|bgAyJksBgBc]{IkyB_Deb@gEaa@,,,,,,,37,#1464a5cc,#1464a5cc,,,,,,,<div><strong>GALLAGHER DRIVE</strong><br><span>Surface: sealed</span><br><span>Length: 0.60 km</span><br><span>Length rank: 326</span></div>
road_3234636,path,Road centreline,hamilton_road_path,TONGARIRO STREET,,,,sealed,0.6029314326210454,327,@EAAu{mimI~so_gAzm@iFdHW|HCjKj@rIlAj{Bn_@vNhC|SlDn}@lEdTtCrKpAd|@nMhDf@,,,,,,,37,#1464a5cc,#1464a5cc,,,,,,,<div><strong>TONGARIRO STREET</strong><br><span>Surface: sealed</span><br><span>Length: 0.60 km</span><br><span>Length rank: 327</span></div>
road_3258180,path,Road centreline,hamilton_road_path,CHALLINOR STREET,,,,sealed,0.6025462580679164,328,@EAAm{bgmIrkm~fArw@xt@nJnH`IhEzRbIfOlDzaAtJnmA`K|q@hGnaAtI,,,,,,,37,#1464a5cc,#1464a5cc,,,,,,,<div><strong>CHALLINOR STREET</strong><br><span>Surface: sealed</span><br><span>Length: 0.60 km</span><br><span>Length rank: 328</span></div>
road_3258192,path,Road centreline,hamilton_road_path,TUIRANGI STREET,,,,sealed,0.5988607698004463,329,@EAAecqgmIryw}fA`ByBrFiJjHiOhEkIxEwLtGeXz@wFnAsGb@gBjCeGxDqKnBgG`A}Ff@kDPsAv@{IBU`A{H^}CxAkGdBmEnEkK|C_FzE_GlRsVrC}AnCKbN`@pUlDvGtApIr@|^pA,,,,,,,37,#1464a5cc,#1464a5cc,,,,,,,<div><strong>TUIRANGI STREET</strong><br><span>Surface: sealed</span><br><span>Length: 0.60 km</span><br><span>Length rank: 329</span></div>
road_3257964,path,Road centreline,hamilton_road_path,Road centreline,,,,unmetalled,0.5970775296694211,330,@EAAwnofmIb|jbgAeHrKiB|DsBbDcDdDwOtKuSrMgHbGqAbBsAdGItGb@nGhDhLpE~PdBnHp@|HCjE{AfDmC|CsIrGeVhP_eA~r@s`@xY,,,,,,,36,#734a12cc,#734a12cc,,,,,,,<div><strong>Road 3257964</strong><br><span>Surface: unmetalled</span><br><span>Length: 0.60 km</span><br><span>Length rank: 330</span></div>
road_100122887,path,Road centreline,hamilton_road_path,POWELLS ROAD,,,,metalled,0.5913944392827669,331,@EAA}bekmI`yz_gA_wFggAqRsDg}Buc@,,,,,,,36,#bb7f22cc,#bb7f22cc,,,,,,,<div><strong>POWELLS ROAD</strong><br><span>Surface: metalled</span><br><span>Length: 0.59 km</span><br><span>Length rank: 331</span></div>
road_3257981,path,Road centreline,hamilton_road_path,WEKA STREET,,,,sealed,0.5908843909335578,332,@EAA_ylgmIrjmagAaOdBm]pEs{Bz\_KzAmaBdVcInA_mB|Y,,,,,,,36,#1464a5cc,#1464a5cc,,,,,,,<div><strong>WEKA STREET</strong><br><span>Surface: sealed</span><br><span>Length: 0.59 km</span><br><span>Length rank: 332</span></div>
road_7742044,path,Road centreline,hamilton_road_path,THE MEADOWS DRIVE,,,,sealed,0.5898822131413907,333,@EAAkdlfmItnc}fA_PoGsOcGoFwBaD}A_DmBiAoA_AaBo@cBWaCAgDEkSC_CMsA?Es@uAkAkAgBy@gCm@yBSwCBov@|BoKXcEJcCRqBj@yAx@uAxAs@bB[fFw@x]YvPGbBWxBc@lB}@pBkBrCq@r@uA|AqCdBaChAeAl@o@f@q@z@i@hAS`AQvA@|IZbZ,,,,,,,36,#1464a5cc,#1464a5cc,,,,,,,<div><strong>THE MEADOWS DRIVE</strong><br><span>Surface: sealed</span><br><span>Length: 0.59 km</span><br><span>Length rank: 333</span></div>
road_8326484,path,Road centreline,hamilton_road_path,GREENHILL ROAD,,,,sealed,0.5895142134918575,334,@EAAgsujmIbfr~fAgd@bm@}PdUwU~Yod@tm@c]zd@{QtV_OhRcO`PeNpLaKdIqM|E,,,,,,,36,#1464a5cc,#1464a5cc,,,,,,,<div><strong>GREENHILL ROAD</strong><br><span>Surface: sealed</span><br><span>Length: 0.59 km</span><br><span>Length rank: 334</span></div>
road_3258063,path,Road centreline,hamilton_road_path,LONDON STREET,,,,sealed,0.5894533887501344,335,@EAAgu|hmIhjgagA}hCwlA}l@_ZcWcLqfAci@sl@kYyIgE_Bu@,,,,,,,36,#1464a5cc,#1464a5cc,,,,,,,<div><strong>LONDON STREET</strong><br><span>Surface: sealed</span><br><span>Length: 0.59 km</span><br><span>Length rank: 335</span></div>
road_3258038,path,Road centreline,hamilton_road_path,URLICH AVENUE,,,,sealed,0.5880509687332209,336,@EAAkjkimIrkdcgA{E`@ka@fDcPtAma@hD{DDyCWkFs@aFsAwGoCwDiD_DiDwAgCePef@_@eB_@cDU_FQoGFsH^yBjJ{ZRcC@cCQgCu@}BsAcCwAuBo`Ast@,,,,,,,36,#1464a5cc,#1464a5cc,,,,,,,<div><strong>URLICH AVENUE</strong><br><span>Surface: sealed</span><br><span>Length: 0.59 km</span><br><span>Length rank: 336</span></div>
road_3258224,path,Road centreline,hamilton_road_path,HOOKER AVENUE,,,,sealed,0.5879341088355146,337,@EAAuplimIp`}~fAo[b`@qF~EuFrCgh@tS_KfDsCvC{c@bj@sB`UkAdEkCbEeGbGyK`F}HlD_C|BwAnCoAhHsA`O?jDdApF|CrOXdEEnDs@lS,,,,,,,36,#1464a5cc,#1464a5cc,,,,,,,<div><strong>HOOKER AVENUE</strong><br><span>Surface: sealed</span><br><span>Length: 0.59 km</span><br><span>Length rank: 337</span></div>
road_3258020,path,Road centreline,hamilton_road_path,YVONNE STREET,,,,sealed,0.5852145176761888,338,@EAA_a|hmIdvbcgApwA|s@h[bP~G|C~B~@bC^jDLdHw@|yBs]hcB_X,,,,,,,36,#1464a5cc,#1464a5cc,,,,,,,<div><strong>YVONNE STREET</strong><br><span>Surface: sealed</span><br><span>Length: 0.59 km</span><br><span>Length rank: 338</span></div>
road_3234575,path,Road centreline,hamilton_road_path,SUNNYHILLS AVENUE,,,,sealed,0.5850037983287228,339,@EAAk}`jmIlevcgAdnAi[HChPwEvI_BtEMvF^`Ex@pUnHbYnJbHxBrJvBpt@|HpInBnEfDfEjG`@xCVdUn@pHh@`DrIfRHpCEhCs@`GmA`F,,,,,,,36,#1464a5cc,#1464a5cc,,,,,,,<div><strong>SUNNYHILLS AVENUE</strong><br><span>Surface: sealed</span><br><span>Length: 0.59 km</span><br><span>Length rank: 339</span></div>
road_3258182,path,Road centreline,hamilton_road_path,WAIRERE DRIVE,,,,sealed,0.5846129049365443,340,@EAAytwgmIprq~fAiJuIgHwGyHiGi\yUoU{NwVwLoIuDaJ}DAAICi^{K}M_DeRcDsm@aIkh@uFcf@gEee@eD,,,,,,,36,#1464a5cc,#1464a5cc,,,,,,,<div><strong>WAIRERE DRIVE</strong><br><span>Surface: sealed</span><br><span>Length: 0.58 km</span><br><span>Length rank: 340</span></div>
road_7741582,path,Road centreline,hamilton_road_path,Road centreline,,,,sealed,0.5825017234760156,341,@EAAywzdmIh_o|fA|@iBx@cBp@wA`@aB\yD?qLMcf@UaF]{Ee@_FkHq^iLgi@uG_Zkg@g~B,,,,,,,36,#1464a5cc,#1464a5cc,,,,,,,<div><strong>Road 7741582</strong><br><span>Surface: sealed</span><br><span>Length: 0.58 km</span><br><span>Length rank: 341</span></div>
road_7742021,path,Road centreline,hamilton_road_path,TE KOWHAI ROAD,,,,sealed,0.5805020936663776,342,@EAAwubemIp`p~fAnDiCbIqEfHsCfF{@|KwAjY{@ha@SZ?~mFVl^aBnXuD,,,,,,,36,#1464a5cc,#1464a5cc,,,,,,,<div><strong>TE KOWHAI ROAD</strong><br><span>Surface: sealed</span><br><span>Length: 0.58 km</span><br><span>Length rank: 342</span></div>
road_3258104,path,Road centreline,hamilton_road_path,Road centreline,,,,unmetalled,0.5784456759256696,343,@EAAoxtkmInhaagA{BNkCFoBE_Cc@wCiAuz@wb@uyF_uC,,,,,,,36,#734a12cc,#734a12cc,,,,,,,<div><strong>Road 3258104</strong><br><span>Surface: unmetalled</span><br><span>Length: 0.58 km</span><br><span>Length rank: 343</span></div>
road_3258001,path,Road centreline,hamilton_road_path,RUSSLEIGH DRIVE,,,,sealed,0.5776996785336541,344,@EAAsgdgmIj{nagAfRxn@hF|Qb`@jtAzBxCxEpBzGr@dEa@lSgEzBiCRiDch@ukB,,,,,,,36,#1464a5cc,#1464a5cc,,,,,,,<div><strong>RUSSLEIGH DRIVE</strong><br><span>Surface: sealed</span><br><span>Length: 0.58 km</span><br><span>Length rank: 344</span></div>
road_3258023,path,Road centreline,hamilton_road_path,TAWA STREET,,,,sealed,0.5770350994877611,345,@EAAufxhmIdpybgAkFcDmT}MeVaOcTmMiEcB}Dy@wF]{x@JqHIoIwAcf@sJcKqCyCqAe`@yWmHcFqFiCmf@}QgB}Bc@uB`BcL`@eBj@iC,,,,,,,36,#1464a5cc,#1464a5cc,,,,,,,<div><strong>TAWA STREET</strong><br><span>Surface: sealed</span><br><span>Length: 0.58 km</span><br><span>Length rank: 345</span></div>
road_3258134,path,Road centreline,hamilton_road_path,MITCHAM AVENUE,,,,sealed,0.5763571454794989,346,@EAAqlngmIxxi`gAyGjCoHtAgY~BiGz@cFbBsl@fWa~@v`@]n@eAb@qBv@_WhKwG|CeFrEqD~Ey@nCy@xBsDxJwEfKcO~PqIrJ{^`b@,,,,,,,36,#1464a5cc,#1464a5cc,,,,,,,<div><strong>MITCHAM AVENUE</strong><br><span>Surface: sealed</span><br><span>Length: 0.58 km</span><br><span>Length rank: 346</span></div>
road_3234661,path,Road centreline,hamilton_road_path,CLEMENTS CRESCENT,,,,sealed,0.5760003858162543,347,@EAAmwhhmIhk|~fA_IiMkCiBcFeAw`A}Ps_@oGqCe@k_Cs`@aBYuTsDmEm@wGAyJ`@kK|AuF|A}FtCmFjD}EvFqDtHyAvF,,,,,,,36,#1464a5cc,#1464a5cc,,,,,,,<div><strong>CLEMENTS CRESCENT</strong><br><span>Surface: sealed</span><br><span>Length: 0.58 km</span><br><span>Length rank: 347</span></div>
road_3265108,path,Road centreline,hamilton_road_path,PALMERSTON STREET,,,,sealed,0.5755166655651412,348,@EAAietimIppyagArI|D`JdDbV~Gza@pLp@RrA^bJfClAZ|HzBhCt@f[zIpfAlZxDhA|n@vQfPvE`z@zUlGhBjCXlKx@,,,,,,,36,#1464a5cc,#1464a5cc,,,,,,,<div><strong>PALMERSTON STREET</strong><br><span>Surface: sealed</span><br><span>Length: 0.58 km</span><br><span>Length rank: 348</span></div>
road_3258231,path,Road centreline,hamilton_road_path,HENDON ROAD,,,,sealed,0.5740722384451462,349,@EAAku}jmInb_`gAlaBbZpuFfcArDd@tXhGtBjAt@lA,,,,,,,36,#1464a5cc,#1464a5cc,,,,,,,<div><strong>HENDON ROAD</strong><br><span>Surface: sealed</span><br><span>Length: 0.57 km</span><br><span>Length rank: 349</span></div>
road_3258108,path,Road centreline,hamilton_road_path,HELENA ROAD,,,,sealed,0.5738652357784435,350,@EAAgsbkmIpknagAcz@lVkMdIccCztAeOnIcIdHgC`FaAxBk@bDUzELfBd@fDbRhw@,,,,,,,36,#1464a5cc,#1464a5cc,,,,,,,<div><strong>HELENA ROAD</strong><br><span>Surface: sealed</span><br><span>Length: 0.57 km</span><br><span>Length rank: 350</span></div>
road_3258136,path,Road centreline,hamilton_road_path,ODLIN CRESCENT,,,,sealed,0.5738221470578001,351,@EAA_plfmIxze`gAzCrQ|@|Fn@fDdAfC|S`UfAfCRfCiAzBqEzCim@h\uQfL_T|RyGfJyJfP{H|NoFpIiChDsGnIsMxOe`@ba@,,,,,,,36,#1464a5cc,#1464a5cc,,,,,,,<div><strong>ODLIN CRESCENT</strong><br><span>Surface: sealed</span><br><span>Length: 0.57 km</span><br><span>Length rank: 351</span></div>
road_3257982,path,Road centreline,hamilton_road_path,RANUI STREET,,,,sealed,0.5717815474200691,352,@EAAepggmIfi`agAeb@hVuG|DeEtCaBlBaAtBk@tCFjBZnBx@bC|A|Bt[tZjp@`}@hKdKdk@th@lCpCnCtExObm@,,,,,,,36,#1464a5cc,#1464a5cc,,,,,,,<div><strong>RANUI STREET</strong><br><span>Surface: sealed</span><br><span>Length: 0.57 km</span><br><span>Length rank: 352</span></div>
road_3258185,path,Road centreline,hamilton_road_path,DIOMEDE GLADE,,,,sealed,0.5717072228454678,353,@EAAe|tgmI|ct}fA?`Br@jChClDrHjEtJdE|HbCzGbAfFBrDc@xFoBfJgFdK{CxGe@|G@JaArAyJrAyFv@}BtBiDdDeFrA}C^iC_@yDwBoEgEsFuLqJaHcFyEaCaCy@iEWgGfA_EtBgFfE{ClDaCtE}BpDkFhHqEpEqExEmH~EcIdIkAzCA`C,,,,,,,36,#1464a5cc,#1464a5cc,,,,,,,<div><strong>DIOMEDE GLADE</strong><br><span>Surface: sealed</span><br><span>Length: 0.57 km</span><br><span>Length rank: 353</span></div>
road_6064039,path,Road centreline,hamilton_road_path,ROGER KAUI PLACE,,,,sealed,0.5714822925141365,354,@EAAkjqemIjvv~fAbMtDtFtBdK`BlGDtGk@hWoDhp@cLnh@}JhLqChJeD|XoNnlBgkAvEyBpM{A,,,,,,,36,#1464a5cc,#1464a5cc,,,,,,,<div><strong>ROGER KAUI PLACE</strong><br><span>Surface: sealed</span><br><span>Length: 0.57 km</span><br><span>Length rank: 354</span></div>
road_3234649,path,Road centreline,hamilton_road_path,NORTHOLT ROAD,,,,sealed,0.5701447496017069,355,@EAAcmrjmIv|c`gAeAPyADeEm@crJaeB,,,,,,,36,#1464a5cc,#1464a5cc,,,,,,,<div><strong>NORTHOLT ROAD</strong><br><span>Surface: sealed</span><br><span>Length: 0.57 km</span><br><span>Length rank: 355</span></div>
road_3283118,path,Road centreline,hamilton_road_path,NORRIE STREET,,,,sealed,0.5670161182296296,356,@EAAclgjmIbg{bgAxFEvDi@fDsAjCeBhEyEtKeOlBaE?kIcDuGoDkCe{Ako@o\bd@}@hDWjCThCz@lCtArBbB~AfdAdj@tD|@`EZ,,,,,,,36,#1464a5cc,#1464a5cc,,,,,,,<div><strong>NORRIE STREET</strong><br><span>Surface: sealed</span><br><span>Length: 0.57 km</span><br><span>Length rank: 356</span></div>
road_3283437,path,Road centreline,hamilton_road_path,SIRIUS CRESCENT,,,,sealed,0.5664756684432781,357,@EAA_enhmIbkm}fA_Cl@aj@nFuRjBw_@fCkRt@gL^wNf@{CCqDi@gEsAcCcC{B_DgGwKuCuDeD{CwAyAqA_Ca@oBJoAn@_DrBwBbEcC~IgB`a@uGtEy@fRkEtFuBxD}CbFiJzCgGbJwQ,,,,,,,36,#1464a5cc,#1464a5cc,,,,,,,<div><strong>SIRIUS CRESCENT</strong><br><span>Surface: sealed</span><br><span>Length: 0.57 km</span><br><span>Length rank: 357</span></div>
road_3258132,path,Road centreline,hamilton_road_path,SUNNYSIDE ROAD,,,,sealed,0.5646829541759155,358,@EAAawzfmI`ml`gA|FvCj`B~x@be@`VjXlMjXpHjIfDhS`K~d@tU`|@lc@,,,,,,,36,#1464a5cc,#1464a5cc,,,,,,,<div><strong>SUNNYSIDE ROAD</strong><br><span>Surface: sealed</span><br><span>Length: 0.56 km</span><br><span>Length rank: 358</span></div>
road_3234593,path,Road centreline,hamilton_road_path,THACKERAY STREET,,,,sealed,0.5637430872935119,359,@EAAwnmimIznragAnEjHhClBpC`A|GdBdR`FlqAz^xExBhMxInIm@tBPlCh@dKhDvF~AxA`@rIbCr`AfX`TbG`SrFdOrEtPhE`EbArCh@,,,,,,,36,#1464a5cc,#1464a5cc,,,,,,,<div><strong>THACKERAY STREET</strong><br><span>Surface: sealed</span><br><span>Length: 0.56 km</span><br><span>Length rank: 359</span></div>
road_3258241,path,Road centreline,hamilton_road_path,PULHAM CRESCENT,,,,sealed,0.5635873167795701,360,@EAAwzshmIn|z~fAaOtd@[jBExAT~A|@rBbBzAvCdB`RjDliAfRplB`\nF\pGNzHe@xH}A|u@{YpD}A,,,,,,,36,#1464a5cc,#1464a5cc,,,,,,,<div><strong>PULHAM CRESCENT</strong><br><span>Surface: sealed</span><br><span>Length: 0.56 km</span><br><span>Length rank: 360</span></div>
road_3258037,path,Road centreline,hamilton_road_path,TOMIN ROAD,,,,sealed,0.5624199977278362,361,@EAAwhuimIdxccgAbAnBpAnBv_@nYtl@`d@pDlBtmBzq@tIrDtBhAlE~CxnAfaA,,,,,,,36,#1464a5cc,#1464a5cc,,,,,,,<div><strong>TOMIN ROAD</strong><br><span>Surface: sealed</span><br><span>Length: 0.56 km</span><br><span>Length rank: 361</span></div>
road_3252585,path,Road centreline,hamilton_road_path,EDINBURGH ROAD,,,,sealed,0.5620000304244364,362,@EAAynckmIn}wagAec@qLoSmFuHuBsHiDqI{Daf@}YsEiCiE_BcGuBoGyAgGs@{Ha@uQF_s@rJguB`[,,,,,,,36,#1464a5cc,#1464a5cc,,,,,,,<div><strong>EDINBURGH ROAD</strong><br><span>Surface: sealed</span><br><span>Length: 0.56 km</span><br><span>Length rank: 362</span></div>
road_3265111,path,Road centreline,hamilton_road_path,TE WETINI DRIVE,,,,sealed,0.5608946031256137,363,@EAAkfcfmI`zk_gA`b@pLbDfA|HjCx\xPv`@|XlYd\pRl_@`i@diAjLtOxH|GfRzJ,,,,,,,36,#1464a5cc,#1464a5cc,,,,,,,<div><strong>TE WETINI DRIVE</strong><br><span>Surface: sealed</span><br><span>Length: 0.56 km</span><br><span>Length rank: 363</span></div>
road_3258245,path,Road centreline,hamilton_road_path,STONELEIGH DRIVE,,,,sealed,0.5599607887839583,364,@EAAuw~imI|ez~fAlK|AfEj@zCRvCIrHk@pG}ArCQhEKlc@jEzBh@~AfB`@lBcGb_@yB~MsCjI{CtH[h@aCpEgGnNuGf[gI~ReCxEoCvE{MfOuA`Bu@jAo@`BIzADpCnG|ItBvCfF~Ep@l@,,,,,,,36,#1464a5cc,#1464a5cc,,,,,,,<div><strong>STONELEIGH DRIVE</strong><br><span>Surface: sealed</span><br><span>Length: 0.56 km</span><br><span>Length rank: 364</span></div>
road_3234587,path,Road centreline,hamilton_road_path,HILLSBOROUGH TERRACE,,,,sealed,0.5588169167470578,365,@EAA}myimIx~wagApApJxGrf@|@fH`ApElBbHhBrEdCdGtFzIxZbe@tPdVlNbSvG~HlAxAfJ~H~KtHhHdExIhEzRnIfK~EvHjDpJdC,,,,,,,36,#1464a5cc,#1464a5cc,,,,,,,<div><strong>HILLSBOROUGH TERRACE</strong><br><span>Surface: sealed</span><br><span>Length: 0.56 km</span><br><span>Length rank: 365</span></div>
road_7742043,path,Road centreline,hamilton_road_path,HELEN JUNE AVENUE,,,,sealed,0.558104475298248,366,@EAAw}lfmIp`f}fAjH{@xEmAfHwCfEuCnGsExOqKfQuMtCwDfC_CxNySbF_GzAi@vCKpCPfCn@`NdGdd@dSlDbBhBjA|@hAp@nBv@tIzEbd@CbBk@hAyAfAeBv@_~@lG,,,,,,,36,#1464a5cc,#1464a5cc,,,,,,,<div><strong>HELEN JUNE AVENUE</strong><br><span>Surface: sealed</span><br><span>Length: 0.56 km</span><br><span>Length rank: 366</span></div>
road_3258107,path,Road centreline,hamilton_road_path,KAKANUI AVENUE,,,,sealed,0.5574544805605697,367,@EAAm}dkmIvx{agAsMb@{Fh@kgApK_JF{Hs@eHgBuG}BgCwCcEwFkt@swD,,,,,,,36,#1464a5cc,#1464a5cc,,,,,,,<div><strong>KAKANUI AVENUE</strong><br><span>Surface: sealed</span><br><span>Length: 0.56 km</span><br><span>Length rank: 367</span></div>
road_3283086,path,Road centreline,hamilton_road_path,RESTHILL CRESCENT,,,,sealed,0.5563316134798726,368,@EAAcktimIj`pcgAlRxj@\jAWhBi@vAiBpA}_@nHoEpAoqBtp@yG~A_DMsC}@y\kj@e]gm@,,,,,,,36,#1464a5cc,#1464a5cc,,,,,,,<div><strong>RESTHILL CRESCENT</strong><br><span>Surface: sealed</span><br><span>Length: 0.56 km</span><br><span>Length rank: 368</span></div>
road_3265106,path,Road centreline,hamilton_road_path,HIGH STREET,,,,sealed,0.5560270810060245,369,@EAAklbhmIlbiagA^~AZrBQxBw@lAgj@jg@kKdJABsIrKwsB`wAe]xViUrLqPr@uJsB_GuD,,,,,,,36,#1464a5cc,#1464a5cc,,,,,,,<div><strong>HIGH STREET</strong><br><span>Surface: sealed</span><br><span>Length: 0.56 km</span><br><span>Length rank: 369</span></div>
road_3234555,path,Road centreline,hamilton_road_path,DERBY STREET,,,,sealed,0.5549567488687783,370,@EAAqwgfmIvg~`gAau@i_@k_CykA{UuLalBg`A,,,,,,,36,#1464a5cc,#1464a5cc,,,,,,,<div><strong>DERBY STREET</strong><br><span>Surface: sealed</span><br><span>Length: 0.55 km</span><br><span>Length rank: 370</span></div>
road_3258115,path,Road centreline,hamilton_road_path,RUAKURA LANE,,,,sealed,0.5527815079259696,371,@EAAayckmIl~|`gAJgAb[ucDlBiUbDyXfAwTbDit@v@yQ,,,,,,,35,#1464a5cc,#1464a5cc,,,,,,,<div><strong>RUAKURA LANE</strong><br><span>Surface: sealed</span><br><span>Length: 0.55 km</span><br><span>Length rank: 371</span></div>
road_3258007,path,Road centreline,hamilton_road_path,WAIMARIE STREET,,,,sealed,0.5515724703537717,372,@EAAwldgmIzfcagA`uCchBpeCe~AbGwD,,,,,,,35,#1464a5cc,#1464a5cc,,,,,,,<div><strong>WAIMARIE STREET</strong><br><span>Surface: sealed</span><br><span>Length: 0.55 km</span><br><span>Length rank: 372</span></div>
road_3265110,path,Road centreline,hamilton_road_path,SEDDON ROAD,,,,sealed,0.5495832777274465,373,@EAAw}}hmI`mnagAfD_@lD_A|DqBx\w^lSwV`CkCvB_C|AaBn@u@pmAkuAdjAisA,,,,,,,35,#1464a5cc,#1464a5cc,,,,,,,<div><strong>SEDDON ROAD</strong><br><span>Surface: sealed</span><br><span>Length: 0.55 km</span><br><span>Length rank: 373</span></div>
road_3258183,path,Road centreline,hamilton_road_path,ADMIRAL CRESCENT,,,,sealed,0.5488539485686911,374,@EAAsyvgmIxf~}fAmC^mJ`AsTnFmJfCcIbHkExE}CpEcD`Gg@zA_CfHcBxCgQfReErFqCbE}AxBgAzAmB`DiApCWzCKbENxHMtBC~JUjF}AjK}@tCaCxHcFxJeDjHX|Eb@nDlApC`EfFbGpDhVvL,,,,,,,35,#1464a5cc,#1464a5cc,,,,,,,<div><strong>ADMIRAL CRESCENT</strong><br><span>Surface: sealed</span><br><span>Length: 0.55 km</span><br><span>Length rank: 374</span></div>
road_3258071,path,Road centreline,hamilton_road_path,PLUNKET TERRACE,,,,sealed,0.5485255025220508,375,@EAAeo~imIr`ibgA`Bs@zBu@pAi@tl@au@nFcGpQy[nd@_lA`k@wzAfD}I,,,,,,,35,#1464a5cc,#1464a5cc,,,,,,,<div><strong>PLUNKET TERRACE</strong><br><span>Surface: sealed</span><br><span>Length: 0.55 km</span><br><span>Length rank: 375</span></div>
road_6082139,path,Road centreline,hamilton_road_path,KAWARIKI DRIVE,,,,sealed,0.5480696222282682,376,@EAAsivemInrf`gAmw@cTqKiGwJmJcEsJ_CcNGud@AgRcCuN}C}PqAsJsI}QyGeIaRqTwJkKgIuG_FiFkAuB,,,,,,,35,#1464a5cc,#1464a5cc,,,,,,,<div><strong>KAWARIKI DRIVE</strong><br><span>Surface: sealed</span><br><span>Length: 0.55 km</span><br><span>Length rank: 376</span></div>
road_3258219,path,Road centreline,hamilton_road_path,CARRS ROAD,,,,sealed,0.5472998674061417,377,@EAAc~hjmI|xl_gAgAaBsC{BeBeAoDeAaIwAaFs@uFy@iEgAmEW}AIyDq@ex@}McRgBwAMmP}A}sA{Uai@aOwEsAq~@u\,,,,,,,35,#1464a5cc,#1464a5cc,,,,,,,<div><strong>CARRS ROAD</strong><br><span>Surface: sealed</span><br><span>Length: 0.55 km</span><br><span>Length rank: 377</span></div>
road_3258094,path,Road centreline,hamilton_road_path,GILLIES AVENUE,,,,sealed,0.5443291757652853,378,@EAAmmgjmI~wu`gAdAjaAfqBbd@~NrAz`DbL,,,,,,,35,#1464a5cc,#1464a5cc,,,,,,,<div><strong>GILLIES AVENUE</strong><br><span>Surface: sealed</span><br><span>Length: 0.54 km</span><br><span>Length rank: 378</span></div>
road_3258117,path,Road centreline,hamilton_road_path,SHERIDAN STREET,,,,sealed,0.5441840028476803,379,@EAAqwblmI~hoagAlb@yb@d@{@XiAAoAUcAe@{@iAs@weEquBkDsAsDu@sE]aDC_CN{BXo[zG,,,,,,,35,#1464a5cc,#1464a5cc,,,,,,,<div><strong>SHERIDAN STREET</strong><br><span>Surface: sealed</span><br><span>Length: 0.54 km</span><br><span>Length rank: 379</span></div>
road_3258053,path,Road centreline,hamilton_road_path,RAWLINGS STREET,,,,sealed,0.5441450231503,380,@EAAywuimIv_ubgAejBd@eL|AwGpCkMnKm@|As@nCbBhJhH~Flb@n\vt@nk@bl@ne@,,,,,,,35,#1464a5cc,#1464a5cc,,,,,,,<div><strong>RAWLINGS STREET</strong><br><span>Surface: sealed</span><br><span>Length: 0.54 km</span><br><span>Length rank: 380</span></div>
road_3258079,path,Road centreline,hamilton_road_path,MEMORIAL DRIVE,,,,sealed,0.5438102101672049,381,@EAAalvimIlphagAu`D~tG,,,,,,,35,#1464a5cc,#1464a5cc,,,,,,,<div><strong>MEMORIAL DRIVE</strong><br><span>Surface: sealed</span><br><span>Length: 0.54 km</span><br><span>Length rank: 381</span></div>
road_3283268,path,Road centreline,hamilton_road_path,TUPELO STREET,,,,sealed,0.5424172590111721,382,@EAAmcofmIbob~fA|YnGlXfG`B`Aj@z@l@fBDvB]|AeJzUSfAQfBVjBlAvBxC~CjWpT|GjFxR`QhNrHnJrCzJzBhHp@jGTjc@BpMhAlMhCrK~DpKvEnJzD,,,,,,,35,#1464a5cc,#1464a5cc,,,,,,,<div><strong>TUPELO STREET</strong><br><span>Surface: sealed</span><br><span>Length: 0.54 km</span><br><span>Length rank: 382</span></div>
road_6063767,path,Road centreline,hamilton_road_path,TUI AVENUE,,,,sealed,0.5405883741988105,383,@EAAaulgmInlz`gAjB}AhOaLhV_YlK}Pvu@g}Ap_A}qB,,,,,,,35,#1464a5cc,#1464a5cc,,,,,,,<div><strong>TUI AVENUE</strong><br><span>Surface: sealed</span><br><span>Length: 0.54 km</span><br><span>Length rank: 383</span></div>
road_7742406,path,Road centreline,hamilton_road_path,PROBERT CRESCENT,,,,sealed,0.5395917038769223,384,@EAAcmjjmIh}j_gAnc@pGlEL~Dg@fBqBdBaGhXecAdWc|@XaF]_DaDyAcd@aHwj@sIqIsAeC_@_VqD,,,,,,,35,#1464a5cc,#1464a5cc,,,,,,,<div><strong>PROBERT CRESCENT</strong><br><span>Surface: sealed</span><br><span>Length: 0.54 km</span><br><span>Length rank: 384</span></div>
road_3258102,path,Road centreline,hamilton_road_path,SOUTHSEA CRESCENT,,,,sealed,0.5376931802585779,385,@EAAw_nlmIb_lagA`B|CtGdNhCpDtBlB|CvBbErBjDrAzPpIvc@hSdC|A~B|BdDhE`HnJdHdJhFvEzEhDdI~ExHjDnKzDdZzKpD~@tDj@fE\fDLvDE~DWrFWvFIdEVjCj@jEvAjZ`P,,,,,,,35,#1464a5cc,#1464a5cc,,,,,,,<div><strong>SOUTHSEA CRESCENT</strong><br><span>Surface: sealed</span><br><span>Length: 0.54 km</span><br><span>Length rank: 385</span></div>
road_3258170,path,Road centreline,hamilton_road_path,CAVERSHAM DRIVE,,,,sealed,0.5372755912800042,386,@EAAylghmInxe~fAjHaVnDiLdFmMhF{JjHqMnCyGhBmG`BuFrAoIj@wG@kG]uGcAeF_BeGsAcGo@wG?yFx@sHtAgG\cA`C_HzCoKnCmKrG_Wn@gDl@wDdBwU,,,,,,,35,#1464a5cc,#1464a5cc,,,,,,,<div><strong>CAVERSHAM DRIVE</strong><br><span>Surface: sealed</span><br><span>Length: 0.54 km</span><br><span>Length rank: 386</span></div>
road_3283373,path,Road centreline,hamilton_road_path,PAUL CRESCENT,,,,sealed,0.5372437226653473,387,@EAAg~qimIx{e`gAf^_RrCiCzCmD~A}Chd@{`Ah@gDK}Cw@oCiB_Bqa@_RkEc@gDVsEl@{C|AaDnCut@x|A,,,,,,,35,#1464a5cc,#1464a5cc,,,,,,,<div><strong>PAUL CRESCENT</strong><br><span>Surface: sealed</span><br><span>Length: 0.54 km</span><br><span>Length rank: 387</span></div>
road_3258222,path,Road centreline,hamilton_road_path,RUTHERFORD STREET,,,,sealed,0.5372424990478064,388,@EAAgvkimIh|e_gAn[qk@lk@afApe@oz@lKyPxbAuv@jFaE,,,,,,,35,#1464a5cc,#1464a5cc,,,,,,,<div><strong>RUTHERFORD STREET</strong><br><span>Surface: sealed</span><br><span>Length: 0.54 km</span><br><span>Length rank: 388</span></div>
road_3258012,path,Road centreline,hamilton_road_path,CHURCHILL AVENUE,,,,sealed,0.5366461695568074,389,@EAAk~}gmIjsw`gAqKx@wRdBiIb@kAFuGHqG_@iIeAwH{BwEoBiSmI{G}BaE_AyF{@aO_@qRpA_LpBmIrBqK~EwD|C{BnC_CfE_A|Ci@pCMnClDt`@_@lFO^{BpFa@~@uO`\g@pD`ArC,,,,,,,35,#1464a5cc,#1464a5cc,,,,,,,<div><strong>CHURCHILL AVENUE</strong><br><span>Surface: sealed</span><br><span>Length: 0.54 km</span><br><span>Length rank: 389</span></div>
road_3258021,path,Road centreline,hamilton_road_path,PRISK STREET,,,,sealed,0.5366048865542725,390,@EAAu~yhmIn_~bgAyP~p@yQvs@s@jCyDtNcB|EiAfB{NtO]^ib@fc@kDbCqEtGse@bh@iAnB}AfCqClHkBvG,,,,,,,35,#1464a5cc,#1464a5cc,,,,,,,<div><strong>PRISK STREET</strong><br><span>Surface: sealed</span><br><span>Length: 0.54 km</span><br><span>Length rank: 390</span></div>
road_8326481,path,Road centreline,hamilton_road_path,GREENHILL ROAD,,,,sealed,0.5364942830750514,391,@EAAmx}jmIpe{~fAw@jAAdAfBlNF`PeAjLyEvRsIpV_FtNiXxt@_y@~yB,,,,,,,35,#1464a5cc,#1464a5cc,,,,,,,<div><strong>GREENHILL ROAD</strong><br><span>Surface: sealed</span><br><span>Length: 0.54 km</span><br><span>Length rank: 391</span></div>
road_7742017,path,Road centreline,hamilton_road_path,LADEIRA PLACE,,,,sealed,0.5320915850562105,392,@EAA_anjmIxplcgAKyE{@wCiBgCyQoN_Ew@cFCcG^oIhAyA^gEnBg`@`YqJvGs@r@q@fBk@pDm@zC_A~As@zAwBtByF`DcB~@}DbBw@f@eR`KuJjFgN|Ieh@r\qN`J_LdI{E~D,,,,,,,35,#1464a5cc,#1464a5cc,,,,,,,<div><strong>LADEIRA PLACE</strong><br><span>Surface: sealed</span><br><span>Length: 0.53 km</span><br><span>Length rank: 392</span></div>
road_3257973,path,Road centreline,hamilton_road_path,TWICKENHAM PLACE,,,,sealed,0.5320493841485424,393,@EAA_w_fmInev`gA}CnPg@tFOnFZ`Fp@dHxC|FxCfKm@rEiDtFiE`FcGnFqBrCaAzEb@pDvA`D`EnCrQjHhIxD|DbCrRtNfKhFjLbF~JjEt[`P|NpIv@d@~IhF~MrE,,,,,,,35,#1464a5cc,#1464a5cc,,,,,,,<div><strong>TWICKENHAM PLACE</strong><br><span>Surface: sealed</span><br><span>Length: 0.53 km</span><br><span>Length rank: 393</span></div>
road_6064274,path,Road centreline,hamilton_road_path,ROY HILTON DRIVE,,,,sealed,0.5316034822150566,394,@EAAqzhfmI`ai}fAmAxE_BnHeBfE}CtEoDvFoBtDaB~Ck@nBmApEi@xCsAdDqAtC_HpJwE~BeDnAqEd@iF^oEGaIu@}GqAmBo@cDoB_HyFmBuAiNqIk\yQ_MaEuc@wQcYgL}HuDeBwAgGyE,,,,,,,35,#1464a5cc,#1464a5cc,,,,,,,<div><strong>ROY HILTON DRIVE</strong><br><span>Surface: sealed</span><br><span>Length: 0.53 km</span><br><span>Length rank: 394</span></div>
road_3258131,path,Road centreline,hamilton_road_path,WALL STREET,,,,sealed,0.5310544258197951,395,@EAAkp~fmIrzu`gAbr@is@dq@ku@l`AscAzz@o~@,,,,,,,35,#1464a5cc,#1464a5cc,,,,,,,<div><strong>WALL STREET</strong><br><span>Surface: sealed</span><br><span>Length: 0.53 km</span><br><span>Length rank: 395</span></div>
road_3258152,path,Road centreline,hamilton_road_path,BRAID ROAD,,,,sealed,0.529908973850106,396,@EAAugdhmI|~j_gA[tDCd@KjCwAjRcAnL[nGEfCx@fC|A~BfDzBdL~FxlApj@~f@xUhWdLtkA~j@,,,,,,,35,#1464a5cc,#1464a5cc,,,,,,,<div><strong>BRAID ROAD</strong><br><span>Surface: sealed</span><br><span>Length: 0.53 km</span><br><span>Length rank: 396</span></div>
road_3258103,path,Road centreline,hamilton_road_path,MAY STREET,,,,sealed,0.5284460848650314,397,@EAAc~fkmI|ydagAlUab@pAyFbA{N|AkCbCmBhBiAtDk@tCWlCLtl@dI~^vFhFbA~I|BjNfEbjC~_@,,,,,,,35,#1464a5cc,#1464a5cc,,,,,,,<div><strong>MAY STREET</strong><br><span>Surface: sealed</span><br><span>Length: 0.53 km</span><br><span>Length rank: 397</span></div>
road_3258032,path,Road centreline,hamilton_road_path,HIBISCUS AVENUE,,,,sealed,0.5273604293715474,398,@EAA}bvhmI~nnbgAqI?es@?iA?cKLih@r@iEFeFFgj@KoEsAsd@kZyn@g`@_f@{ZyPkL,,,,,,,35,#1464a5cc,#1464a5cc,,,,,,,<div><strong>HIBISCUS AVENUE</strong><br><span>Surface: sealed</span><br><span>Length: 0.53 km</span><br><span>Length rank: 398</span></div>
road_3258024,path,Road centreline,hamilton_road_path,LORNE STREET,,,,sealed,0.5263845211819042,399,@EAAgkgimIz~rbgA_VwDeYwCw_@}EuFs@}tBwWuH_AyK_AqK_AmJUuMLmo@rAa]|@{Pb@,,,,,,,35,#1464a5cc,#1464a5cc,,,,,,,<div><strong>LORNE STREET</strong><br><span>Surface: sealed</span><br><span>Length: 0.53 km</span><br><span>Length rank: 399</span></div>
road_7742408,path,Road centreline,hamilton_road_path,LULU AVENUE,,,,sealed,0.5253015354963142,400,@EAAqgnjmInf}~fAnFwA`ACt@FjATbKlBpV|DnAXh@RZPRRLVDT?\uHhVW`DtC`ClKrBtFz@tVtDbC^z[nFZDbYpEbr@vKx\lFvSbDza@rGtBXhBTdALdACbAMNE,,,,,,,35,#1464a5cc,#1464a5cc,,,,,,,<div><strong>LULU AVENUE</strong><br><span>Surface: sealed</span><br><span>Length: 0.53 km</span><br><span>Length rank: 400</span></div>
road_3257983,path,Road centreline,hamilton_road_path,RATA STREET,,,,sealed,0.5240752330073012,401,@EAAu~ogmInfx`gA_sEl}AowApf@uLdGiFjD,,,,,,,35,#1464a5cc,#1464a5cc,,,,,,,<div><strong>RATA STREET</strong><br><span>Surface: sealed</span><br><span>Length: 0.52 km</span><br><span>Length rank: 401</span></div>
road_3258199,path,Road centreline,hamilton_road_path,DONNY AVENUE,,,,sealed,0.5233476658553063,402,@EAAocxhmIdwp_gA~XrEx]pEtHfBhIrBrFjCn\pPl_Bty@dDrAhFl@lRfApi@pFhf@~E`DR,,,,,,,35,#1464a5cc,#1464a5cc,,,,,,,<div><strong>DONNY AVENUE</strong><br><span>Surface: sealed</span><br><span>Length: 0.52 km</span><br><span>Length rank: 402</span></div>
road_3258311,path,Road centreline,hamilton_road_path,HECTOR DRIVE,,,,sealed,0.5229767099822739,403,@EAAezlhmIpak}fAzAuE`BwH~CkQVwEPaHgA_Iy@kDw@mCqFsPgAeDaJuXca@wnAyOwb@y@yByIwUoEqIiEyE,,,,,,,35,#1464a5cc,#1464a5cc,,,,,,,<div><strong>HECTOR DRIVE</strong><br><span>Surface: sealed</span><br><span>Length: 0.52 km</span><br><span>Length rank: 403</span></div>
road_3258014,path,Road centreline,hamilton_road_path,VERNALL STREET,,,,sealed,0.5200942372234452,404,@EAAiu`gmIzqt`gA_hAtlAmSn^}\`c@}ElG[vCThBx@hBpo@|YrADtAO|OoGb]aN,,,,,,,35,#1464a5cc,#1464a5cc,,,,,,,<div><strong>VERNALL STREET</strong><br><span>Surface: sealed</span><br><span>Length: 0.52 km</span><br><span>Length rank: 404</span></div>
road_3258009,path,Road centreline,hamilton_road_path,MATAI STREET,,,,sealed,0.5186932730504051,405,@EAA{l}gmIj|y`gAdx@_X|tA}e@vpD_nA,,,,,,,35,#1464a5cc,#1464a5cc,,,,,,,<div><strong>MATAI STREET</strong><br><span>Surface: sealed</span><br><span>Length: 0.52 km</span><br><span>Length rank: 405</span></div>
road_3234644,path,Road centreline,hamilton_road_path,KENNEY CRESCENT,,,,sealed,0.5172373158380532,406,@EAAmdrimIjs{_gAo^x|AuBla@gAtSmBhJcChIil@rlA{Ip\,,,,,,,35,#1464a5cc,#1464a5cc,,,,,,,<div><strong>KENNEY CRESCENT</strong><br><span>Surface: sealed</span><br><span>Length: 0.52 km</span><br><span>Length rank: 406</span></div>
road_3258304,path,Road centreline,hamilton_road_path,Road centreline,,,,sealed,0.516418972112465,407,@EAAszvdmItfo|fAo@lAi@dAcAxAs@zAaBvFiEbNoAbEgA|EeAhGu@bGgBpQ}Ebp@{@zO}AxTuHnv@aOl{@,,,,,,,35,#1464a5cc,#1464a5cc,,,,,,,<div><strong>Road 3258304</strong><br><span>Surface: sealed</span><br><span>Length: 0.52 km</span><br><span>Length rank: 407</span></div>
road_3257956,path,Road centreline,hamilton_road_path,COWLEY DRIVE,,,,sealed,0.5163736952428184,408,@EAAu`temIvbkcgAqUZsRbAyxA|K_Uj@uMeCsH{EyXid@mHsJgLwHoNgFoRgE{HcB_Dm@eQgD}CYuEa@wE],,,,,,,35,#1464a5cc,#1464a5cc,,,,,,,<div><strong>COWLEY DRIVE</strong><br><span>Surface: sealed</span><br><span>Length: 0.52 km</span><br><span>Length rank: 408</span></div>
road_3258161,path,Road centreline,hamilton_road_path,BALMERINO CRESCENT,,,,sealed,0.5156640134108142,409,@EAAm{jfmI|nk~fAxJuCfCmA~ByAbD{Cp}@m|@|g@un@jl@au@|F_I`B}Dh@qCIoC[aB]yAs@yAmAyAgBgBmOeM,,,,,,,35,#1464a5cc,#1464a5cc,,,,,,,<div><strong>BALMERINO CRESCENT</strong><br><span>Surface: sealed</span><br><span>Length: 0.52 km</span><br><span>Length rank: 409</span></div>
road_3258019,path,Road centreline,hamilton_road_path,RHONDA AVENUE,,,,sealed,0.5156336277880436,410,@EAAuovhmIvnjcgAyX~g@kZnj@iKlRmI`IaJlEo^dNkM|JcE`FuAfCiH`]iMlq@iAfG,,,,,,,35,#1464a5cc,#1464a5cc,,,,,,,<div><strong>RHONDA AVENUE</strong><br><span>Surface: sealed</span><br><span>Length: 0.52 km</span><br><span>Length rank: 410</span></div>
road_3258070,path,Road centreline,hamilton_road_path,HORNE STREET,,,,sealed,0.5151506146747353,411,@EAAorjimI|sibgAHoGzBwdBaCiEs^oc@qAkCu@kEsCuc@kAkEmG{GqEyBmFw@gEIkh@dB{EKyFm@,,,,,,,35,#1464a5cc,#1464a5cc,,,,,,,<div><strong>HORNE STREET</strong><br><span>Surface: sealed</span><br><span>Length: 0.52 km</span><br><span>Length rank: 411</span></div>
road_3283351,path,Road centreline,hamilton_road_path,WORDSWORTH CRESCENT,,,,sealed,0.5141916377802296,412,@EAAmcgjmIhf``gAqTnp@{AxEi@zKC~HtArKvDnL`JxOhNrKvPjIxmAzUpg@pJx\pG,,,,,,,35,#1464a5cc,#1464a5cc,,,,,,,<div><strong>WORDSWORTH CRESCENT</strong><br><span>Surface: sealed</span><br><span>Length: 0.51 km</span><br><span>Length rank: 412</span></div>
road_3257974,path,Road centreline,hamilton_road_path,WESTERN HEIGHTS DRIVE,,,,sealed,0.5141144877558513,413,@EAAyxofmInrmagAvd@eEzLgDvUqNhi@o_@~PmJpY}KlSuEhQsB~Tu@lS\hS`Bbf@|JzRrE,,,,,,,35,#1464a5cc,#1464a5cc,,,,,,,<div><strong>WESTERN HEIGHTS DRIVE</strong><br><span>Surface: sealed</span><br><span>Length: 0.51 km</span><br><span>Length rank: 413</span></div>
road_3282993,path,Road centreline,hamilton_road_path,Road centreline,,,,unmetalled,0.5136340599314966,414,@EAA{aeemIpxacgAaBaDaDeDuC_C_EkBwKyCgHq@wFi@iGAmFh@csAhWmHdAwIjBkD~AkAbD{AxSiItoAo@hDgBtBiElC}IhE,,,,,,,35,#734a12cc,#734a12cc,,,,,,,<div><strong>Road 3282993</strong><br><span>Surface: unmetalled</span><br><span>Length: 0.51 km</span><br><span>Length rank: 414</span></div>
road_3258218,path,Road centreline,hamilton_road_path,HALBERG CRESCENT,,,,sealed,0.5132554390095371,415,@EAAytbjmIhoq_gAkd@lUeExC_ErE{\zaAD`Bz@fAzB|@lu@vMjQrDh^zGjDTfCg@xCaBnIsI|Za^`BkB,,,,,,,35,#1464a5cc,#1464a5cc,,,,,,,<div><strong>HALBERG CRESCENT</strong><br><span>Surface: sealed</span><br><span>Length: 0.51 km</span><br><span>Length rank: 415</span></div>
road_7742385,path,Road centreline,hamilton_road_path,STAN HEATHER DRIVE,,,,sealed,0.5126143033613967,416,@EAA__fimIljncgA|DoBvGwAfFcB`DeAxC}AxAkA~@qAn@gCFkIWmAs@y@mAg@qBYsGg@{CE}Fh@qFd@iDRcHLyA?kD@{LUyQBoJPiHQcFLwBj@kEjCyB`CcBlEUpB?dBz@bCxAnAhCx@xBr@lMtFbDnBlElEbEtF~BlCb@rAxEKfE[pG}AhHeD|D_C~C_D`GwG,,,,,,,35,#1464a5cc,#1464a5cc,,,,,,,<div><strong>STAN HEATHER DRIVE</strong><br><span>Surface: sealed</span><br><span>Length: 0.51 km</span><br><span>Length rank: 416</span></div>
road_8326480,path,Road centreline,hamilton_road_path,PARDOA BOULEVARD,,,,sealed,0.5121606369260344,417,@EAAudakmIxcd_gA|xA{mBvEiGb{@{aA~e@{f@vC{B~EgBhAa@,,,,,,,35,#1464a5cc,#1464a5cc,,,,,,,<div><strong>PARDOA BOULEVARD</strong><br><span>Surface: sealed</span><br><span>Length: 0.51 km</span><br><span>Length rank: 417</span></div>
road_7741584,path,Road centreline,hamilton_road_path,KESTON CRESCENT,,,,sealed,0.5112105211997563,418,@EAAe~{fmInwo}fA{BiWmCs[_A{Ge@qD`AiOPqCN{Bc@aD}@oBgA}ByHmFiE_CkEaCyBkA{QgTa@i@wJaMiAuBwB_HcCqHeE}KuDiHsMoOsCkH]qCa@gDP{Ih@sI,,,,,,,35,#1464a5cc,#1464a5cc,,,,,,,<div><strong>KESTON CRESCENT</strong><br><span>Surface: sealed</span><br><span>Length: 0.51 km</span><br><span>Length rank: 418</span></div>
road_3265117,path,Road centreline,hamilton_road_path,MCKEE STREET,,,,sealed,0.5096608705501016,419,@EAAwgoemInfu}fAsTkCgu@eKqk@gIoCWqDLw@BsCf@oCz@_DbBaE`EmCpDgq@zy@_e@hj@{FpLqClJ,,,,,,,35,#1464a5cc,#1464a5cc,,,,,,,<div><strong>MCKEE STREET</strong><br><span>Surface: sealed</span><br><span>Length: 0.51 km</span><br><span>Length rank: 419</span></div>
road_7742032,path,Road centreline,hamilton_road_path,MEACHEM ROAD,,,,sealed,0.5089871404651933,420,@EAAsxbjmIjs~~fAm_@yFoq@uKgg@cIyIuAce@mHsKeBiV_E{AUkVuDua@yG{XqEeK`]m@bBmC`D,,,,,,,34,#1464a5cc,#1464a5cc,,,,,,,<div><strong>MEACHEM ROAD</strong><br><span>Surface: sealed</span><br><span>Length: 0.51 km</span><br><span>Length rank: 420</span></div>
road_3258206,path,Road centreline,hamilton_road_path,WYMER TERRACE,,,,sealed,0.5075552146276439,421,@EAAk}shmInci_gAq@bToAde@y@tWXlCXz@j@~@~@`AjDnB~ErBpHzC|Cj@hBLzB?~AOlBg@zC{@lZaKtK{DbFmBbEsBhEaCjDyBtCwBbNuLdF}CbFsBrFiArHkAxWeCnGYJArIo@,,,,,,,34,#1464a5cc,#1464a5cc,,,,,,,<div><strong>WYMER TERRACE</strong><br><span>Surface: sealed</span><br><span>Length: 0.51 km</span><br><span>Length rank: 421</span></div>
road_3257993,path,Road centreline,hamilton_road_path,BLOMFIELD STREET,,,,sealed,0.5068458638267386,422,@EAAa|lfmIt}iagAyb@ei@gb@{f@eg@q_@sLgIyFiCyC}@aJwCiGkAkPwCi[cG}Gy@sGe@kHWeI@mb@^,,,,,,,34,#1464a5cc,#1464a5cc,,,,,,,<div><strong>BLOMFIELD STREET</strong><br><span>Surface: sealed</span><br><span>Length: 0.51 km</span><br><span>Length rank: 422</span></div>
road_3265112,path,Road centreline,hamilton_road_path,NORTHWAY STREET,,,,sealed,0.5067718307679919,423,@EAAaq~fmIpwj_gAlyBvmA~{CtcB,,,,,,,34,#1464a5cc,#1464a5cc,,,,,,,<div><strong>NORTHWAY STREET</strong><br><span>Surface: sealed</span><br><span>Length: 0.51 km</span><br><span>Length rank: 423</span></div>
road_6063784,path,Road centreline,hamilton_road_path,MINOGUE DRIVE,,,,sealed,0.5055920682969287,424,@EAAqsfgmIdli`gAiSgEyDkA{j@_VeAqBiCIsBIkYwLkSuJuB{@cOkc@}@mCOmDJcBd@mDv@eKzBu`@B_D]aFOcCb@iVCuDe@iCs@mC_AsB,,,,,,,34,#1464a5cc,#1464a5cc,,,,,,,<div><strong>MINOGUE DRIVE</strong><br><span>Surface: sealed</span><br><span>Length: 0.51 km</span><br><span>Length rank: 424</span></div>
road_3258041,path,Road centreline,hamilton_road_path,BEATTY STREET,,,,sealed,0.5034600230154785,425,@EAAegsimI`qtbgAxi@xB|HDhPy@dK{ApJC|Gb@zF~@fr@zRnInArLXb_@oB|HFjIZ|JbB`wAla@,,,,,,,34,#1464a5cc,#1464a5cc,,,,,,,<div><strong>BEATTY STREET</strong><br><span>Surface: sealed</span><br><span>Length: 0.50 km</span><br><span>Length rank: 425</span></div>
road_7742407,path,Road centreline,hamilton_road_path,TREWERN AVENUE,,,,sealed,0.5033187908296786,426,@EAAugljmIfbe_gA~\mmA`FoQa@uCqD{C{`@mG}b@_HqAG[Gs@Bw@P_@Vg@p@Yr@{U|w@}Ntg@,,,,,,,34,#1464a5cc,#1464a5cc,,,,,,,<div><strong>TREWERN AVENUE</strong><br><span>Surface: sealed</span><br><span>Length: 0.50 km</span><br><span>Length rank: 426</span></div>
road_3234565,path,Road centreline,hamilton_road_path,COMMERCE STREET,,,,sealed,0.5027977353734516,427,@EAAwxhhmIt{kagAgj@wb@_m@oe@gsCy|BkCmF,,,,,,,34,#1464a5cc,#1464a5cc,,,,,,,<div><strong>COMMERCE STREET</strong><br><span>Surface: sealed</span><br><span>Length: 0.50 km</span><br><span>Length rank: 427</span></div>
road_3283496,path,Road centreline,hamilton_road_path,Road centreline,,,,sealed,0.5008953627971497,428,@EAAktzdmIdxo|fAnFjAlEz@dC`AhCnAbBxApA~Az@vBf@tBj@lEzB`ShC`UfDxYbBzNrB`XvA|ZT`Q@nLBrdA,,,,,,,34,#1464a5cc,#1464a5cc,,,,,,,<div><strong>Road 3283496</strong><br><span>Surface: sealed</span><br><span>Length: 0.50 km</span><br><span>Length rank: 428</span></div>
road_3283387,path,Road centreline,hamilton_road_path,SEFTON CRESCENT,,,,sealed,0.500676012079403,429,@EAA}obimIzxo_gAmZiDcEw@uEsAaD_BkDyDcBiDa@gDB}Db@cEnSkv@|@kBbBiBjDyAzCg@jDOpCZzXhEpBf@dC`B`BzA~@rCHpCs@zDo\hmA,,,,,,,34,#1464a5cc,#1464a5cc,,,,,,,<div><strong>SEFTON CRESCENT</strong><br><span>Surface: sealed</span><br><span>Length: 0.50 km</span><br><span>Length rank: 429</span></div>
road_3258169,path,Road centreline,hamilton_road_path,RESOLUTION DRIVE,,,,sealed,0.4971662199516388,430,@EAAghzgmIlvu}fAwf@reAs\lu@ib@vdAa[h_A,,,,,,,34,#1464a5cc,#1464a5cc,,,,,,,<div><strong>RESOLUTION DRIVE</strong><br><span>Surface: sealed</span><br><span>Length: 0.50 km</span><br><span>Length rank: 430</span></div>
road_3258146,path,Road centreline,hamilton_road_path,FORSYTH STREET,,,,sealed,0.4971014946529141,431,@EAAiprgmIb~q_gA}DxEaCdCe_@x\iCzCuDfEcQ~VsChEsLdRcBnBwAtAwZ~TiyAt{A,,,,,,,34,#1464a5cc,#1464a5cc,,,,,,,<div><strong>FORSYTH STREET</strong><br><span>Surface: sealed</span><br><span>Length: 0.50 km</span><br><span>Length rank: 431</span></div>
road_3258126,path,Road centreline,hamilton_road_path,CRAWSHAW DRIVE,,,,sealed,0.4954821364735361,432,@EAA}lffmIfiq`gAsc@_FmImBiBs@gFqBgImFmE{DaGyIeD{EkCyDmJ_IsLcIwPgHmNqEgZuEIAsESsPq@gCDuKToJRiWhDoWbH{Q`J,,,,,,,34,#1464a5cc,#1464a5cc,,,,,,,<div><strong>CRAWSHAW DRIVE</strong><br><span>Surface: sealed</span><br><span>Length: 0.50 km</span><br><span>Length rank: 432</span></div>
road_3258138,path,Road centreline,hamilton_road_path,Road centreline,,,,sealed,0.4942248861422806,433,@EAAgiwfmIjt``gAwBgN}BiM{F}[M{Gxj@quBdAwDhEiRtDaNOcD}C_DqE_Bs^oH,,,,,,,34,#1464a5cc,#1464a5cc,,,,,,,<div><strong>Road 3258138</strong><br><span>Surface: sealed</span><br><span>Length: 0.49 km</span><br><span>Length rank: 433</span></div>
road_3258252,path,Road centreline,hamilton_road_path,NORTH RIDGE DRIVE,,,,sealed,0.4941523231311635,434,@EAA_d~hmIj`n}fA~n@eQ|GaBlScFtUwDxTaBlPoBfH}BrEsCrFwENMjC{DjDoHd@wGgAqOCUoEyNoDaJqOw^uLgY,,,,,,,34,#1464a5cc,#1464a5cc,,,,,,,<div><strong>NORTH RIDGE DRIVE</strong><br><span>Surface: sealed</span><br><span>Length: 0.49 km</span><br><span>Length rank: 434</span></div>
road_3258301,path,Road centreline,hamilton_road_path,HUTCHINSON ROAD,,,,sealed,0.4924907360814599,435,@EAAydgemIf_s|fAj}@nc@zrBncA|OvGtIdChDbAjHrA~JbAxJl@jJZhGJtPVlPP,,,,,,,34,#1464a5cc,#1464a5cc,,,,,,,<div><strong>HUTCHINSON ROAD</strong><br><span>Surface: sealed</span><br><span>Length: 0.49 km</span><br><span>Length rank: 435</span></div>
road_3258031,path,Road centreline,hamilton_road_path,CORRIN STREET,,,,sealed,0.4915126368707673,436,@EAA{x~hmIliwbgAk]xf@yBtDq@tCHtBjAtCbAnAxB~AdWbJfJpBpIlA|iAnNrs@nC`Hk@bEm@tC_AfDeB|YiWhCgB,,,,,,,34,#1464a5cc,#1464a5cc,,,,,,,<div><strong>CORRIN STREET</strong><br><span>Surface: sealed</span><br><span>Length: 0.49 km</span><br><span>Length rank: 436</span></div>
road_3258141,path,Road centreline,hamilton_road_path,PUKETE ROAD,,,,sealed,0.490500973480301,437,@EAAesyfmIxc}~fAgCpLaLbp@wIxhAiB`\DtDv@vC~F|LhNlVzDrGbEzHbErIjGtU,,,,,,,34,#1464a5cc,#1464a5cc,,,,,,,<div><strong>PUKETE ROAD</strong><br><span>Surface: sealed</span><br><span>Length: 0.49 km</span><br><span>Length rank: 437</span></div>
road_3283004,path,Road centreline,hamilton_road_path,GILBASS AVENUE,,,,sealed,0.4889735065768377,438,@EAAivphmIrzfbgA}\s@mJKiJRuH~@iIhBsGdCiVtMhRlY`HrQ`AxAvAr@h}@bApCa@|BkA`AqBm@mbA,,,,,,,34,#1464a5cc,#1464a5cc,,,,,,,<div><strong>GILBASS AVENUE</strong><br><span>Surface: sealed</span><br><span>Length: 0.49 km</span><br><span>Length rank: 438</span></div>
road_3258112,path,Road centreline,hamilton_road_path,YORK STREET,,,,sealed,0.4873513776911129,439,@EAAa~}jmIrbpagAjd@giBlA{ElZwlA`YkhA,,,,,,,34,#1464a5cc,#1464a5cc,,,,,,,<div><strong>YORK STREET</strong><br><span>Surface: sealed</span><br><span>Length: 0.49 km</span><br><span>Length rank: 439</span></div>
road_3258150,path,Road centreline,hamilton_road_path,CUNNINGHAM ROAD,,,,sealed,0.4868447204407435,440,@EAAoiwgmIzkz_gAmd@z\{ElDi\jVii@v`@y`@tYuIfDg_AlQwH~AmK|BsS|H}Br@,,,,,,,34,#1464a5cc,#1464a5cc,,,,,,,<div><strong>CUNNINGHAM ROAD</strong><br><span>Surface: sealed</span><br><span>Length: 0.49 km</span><br><span>Length rank: 440</span></div>
road_3257994,path,Road centreline,hamilton_road_path,ENFIELD STREET,,,,sealed,0.4867124607136336,441,@EAA{ajfmIxt~`gAqCCiBUuD_AyFcCgTcLcvA_s@osCqwA,,,,,,,34,#1464a5cc,#1464a5cc,,,,,,,<div><strong>ENFIELD STREET</strong><br><span>Surface: sealed</span><br><span>Length: 0.49 km</span><br><span>Length rank: 441</span></div>
road_8326477,path,Road centreline,hamilton_road_path,MUSSELWHITE TERRACE,,,,sealed,0.4861412752552947,442,@EAAg|ojmI|lr_gAtg@`L~k@w{AdQmd@pVoo@wg@{JqDdK,,,,,,,34,#1464a5cc,#1464a5cc,,,,,,,<div><strong>MUSSELWHITE TERRACE</strong><br><span>Surface: sealed</span><br><span>Length: 0.49 km</span><br><span>Length rank: 442</span></div>
road_3258081,path,Road centreline,hamilton_road_path,HARWOOD STREET,,,,sealed,0.4859610003844528,443,@EAAyc|hmIlc}`gAsn@hr@at@vz@scB`nB,,,,,,,34,#1464a5cc,#1464a5cc,,,,,,,<div><strong>HARWOOD STREET</strong><br><span>Surface: sealed</span><br><span>Length: 0.49 km</span><br><span>Length rank: 443</span></div>
road_8114881,path,Road centreline,hamilton_road_path,Road centreline,,,,unmetalled,0.4851219254540079,444,@EAAy}nlmI~ix`gA}J`O}i@zoB}[vw@qb@zdA,,,,,,,34,#734a12cc,#734a12cc,,,,,,,<div><strong>Road 8114881</strong><br><span>Surface: unmetalled</span><br><span>Length: 0.49 km</span><br><span>Length rank: 444</span></div>
road_3258066,path,Road centreline,hamilton_road_path,MARAMA STREET,,,,sealed,0.4836698240303797,445,@EAA{{thmIlkragAyq@w}@am@cx@cL{NoBaB}A_AaBc@cCo@eU}BouAiNcJ_A,,,,,,,34,#1464a5cc,#1464a5cc,,,,,,,<div><strong>MARAMA STREET</strong><br><span>Surface: sealed</span><br><span>Length: 0.48 km</span><br><span>Length rank: 445</span></div>
road_6064045,path,Road centreline,hamilton_road_path,BOURN BROOK AVENUE,,,,sealed,0.4826433911329989,446,@EAAat~gmIf}~|fAcBdIa@nBy@tD]fBIjAKnA@dCF`C`@`Cz@vCbAxCbQx`@~Qld@jAjDt@xCb@lDJlBDzB@|CI|IH|FZnDj@lCx@xCbApCzAhCdB|BfBhCrG`KvN|TpMvR,,,,,,,34,#1464a5cc,#1464a5cc,,,,,,,<div><strong>BOURN BROOK AVENUE</strong><br><span>Surface: sealed</span><br><span>Length: 0.48 km</span><br><span>Length rank: 446</span></div>
road_7742812,path,Road centreline,hamilton_road_path,HOUNSELL ROAD,,,,sealed,0.4822245863849339,447,@EAAu_remI|qa_gAgFzEyb@jUs\|QoR|DkQuCyxC{lB,,,,,,,34,#1464a5cc,#1464a5cc,,,,,,,<div><strong>HOUNSELL ROAD</strong><br><span>Surface: sealed</span><br><span>Length: 0.48 km</span><br><span>Length rank: 447</span></div>
road_3258177,path,Road centreline,hamilton_road_path,MORELAND AVENUE,,,,sealed,0.4818141611821412,448,@EAAaotfmIhbi~fAzHtC|FxBjHjBxM`B~{@xDhH?hCsAbCwBdDeF~MoRfOwT`[gc@`VmPxg@w],,,,,,,34,#1464a5cc,#1464a5cc,,,,,,,<div><strong>MORELAND AVENUE</strong><br><span>Surface: sealed</span><br><span>Length: 0.48 km</span><br><span>Length rank: 448</span></div>
road_3257965,path,Road centreline,hamilton_road_path,CATALINA DRIVE,,,,sealed,0.4799203125117101,449,@EAAyzohmIp{dcgAjGtTnCvJnAdJCxHkAfHyBhEuCxD{DjDkFbCyKtCwN`CcPrDeJtE{RzMgKvKal@ny@qFbHiErF,,,,,,,34,#1464a5cc,#1464a5cc,,,,,,,<div><strong>CATALINA DRIVE</strong><br><span>Surface: sealed</span><br><span>Length: 0.48 km</span><br><span>Length rank: 449</span></div>
road_3258048,path,Road centreline,hamilton_road_path,SLIM STREET,,,,sealed,0.4797793095791451,450,@EAAeiejmI`vrbgAljCkDbxDab@pIK,,,,,,,34,#1464a5cc,#1464a5cc,,,,,,,<div><strong>SLIM STREET</strong><br><span>Surface: sealed</span><br><span>Length: 0.48 km</span><br><span>Length rank: 450</span></div>
road_3258075,path,Road centreline,hamilton_road_path,CLARENCE STREET,,,,sealed,0.4795059605504562,451,@EAAu_mimIbjwagAfF|GxGbEjTfIto@`RvVhHhp@fRtz@nVbcApYrIdC,,,,,,,34,#1464a5cc,#1464a5cc,,,,,,,<div><strong>CLARENCE STREET</strong><br><span>Surface: sealed</span><br><span>Length: 0.48 km</span><br><span>Length rank: 451</span></div>
road_3234615,path,Road centreline,hamilton_road_path,MANGAHARAKEKE DRIVE,,,,sealed,0.4790648171718226,452,@EAAmp_emIv|}}fAlu@sl@fGqGhGwIdFmH`E{GvHiOxDmJpJuVzQ}a@~HwRjKyU|BoF|F{K,,,,,,,34,#1464a5cc,#1464a5cc,,,,,,,<div><strong>MANGAHARAKEKE DRIVE</strong><br><span>Surface: sealed</span><br><span>Length: 0.48 km</span><br><span>Length rank: 452</span></div>
road_3258033,path,Road centreline,hamilton_road_path,KOWHAI STREET,,,,sealed,0.4774835899539973,453,@EAAcn~hmI|qlbgAxa@y[hDmB|FaB~jAePfOe@pPrAxJ`DfK~EbJhJpCdHvA~Hp@b|@DlG,,,,,,,34,#1464a5cc,#1464a5cc,,,,,,,<div><strong>KOWHAI STREET</strong><br><span>Surface: sealed</span><br><span>Length: 0.48 km</span><br><span>Length rank: 453</span></div>
road_8326476,path,Road centreline,hamilton_road_path,CHEQUERS AVENUE,,,,sealed,0.4770777123786039,454,@EAAecyhmIr}g_gAwJ~c@eChDyBzB_DbB_DdAeGlCqAnAwBbBaBrCo@zBmAfEF~Bt@vA`AhAfBv@rDr@hFz@va@xE|NUvMaB|Fe@`EKva@j@td@|@|g@v@,,,,,,,34,#1464a5cc,#1464a5cc,,,,,,,<div><strong>CHEQUERS AVENUE</strong><br><span>Surface: sealed</span><br><span>Length: 0.48 km</span><br><span>Length rank: 454</span></div>
road_3258077,path,Road centreline,hamilton_road_path,GRAHAM STREET,,,,sealed,0.4757301578450107,455,@EAAeehjmIvqjbgAhB}Fh@aB~Is^d]ctAbZ_iA~Rwv@,,,,,,,34,#1464a5cc,#1464a5cc,,,,,,,<div><strong>GRAHAM STREET</strong><br><span>Surface: sealed</span><br><span>Length: 0.48 km</span><br><span>Length rank: 455</span></div>
road_3258089,path,Road centreline,hamilton_road_path,WILSON STREET,,,,sealed,0.4757189381973377,456,@EAA{dkjmI`tkagAyDQaNgBgzCyb@ivBoZsLqA_CFgDb@cEbA,,,,,,,34,#1464a5cc,#1464a5cc,,,,,,,<div><strong>WILSON STREET</strong><br><span>Surface: sealed</span><br><span>Length: 0.48 km</span><br><span>Length rank: 456</span></div>
road_3283411,path,Road centreline,hamilton_road_path,THE ESPLANADE,,,,sealed,0.4752771632747036,457,@EAA}{jimIbmp~fAsDmGsD_HwEqHoD}CuC{AgEyAwEk@}ECmFLmEz@{GrCqEvCyE|C}EnCiEzBwCjAgHrBmEjA_JvByIhB{JpBgG`BeI|BcJrDcJfFcL`HkClC{ApE@\?FBbC|ArC`C`CdWhPxFjD,,,,,,,34,#1464a5cc,#1464a5cc,,,,,,,<div><strong>THE ESPLANADE</strong><br><span>Surface: sealed</span><br><span>Length: 0.48 km</span><br><span>Length rank: 457</span></div>
road_7742023,path,Road centreline,hamilton_road_path,CLEM NEWBY ROAD,,,,sealed,0.4750292009794738,458,@EAAsfxemIty}~fAwD_A{KeDaKyDiVyJuQmH}FqBiGiAmHUyCBkFf@mDv@qExA_EbCeJ`IsWhU_XrUi`Abz@,,,,,,,34,#1464a5cc,#1464a5cc,,,,,,,<div><strong>CLEM NEWBY ROAD</strong><br><span>Surface: sealed</span><br><span>Length: 0.48 km</span><br><span>Length rank: 458</span></div>
road_3258004,path,Road centreline,hamilton_road_path,PRIMROSE STREET,,,,sealed,0.4731492162342504,459,@EAAqrxgmIjoyagA~X}lDrMoyA,,,,,,,34,#1464a5cc,#1464a5cc,,,,,,,<div><strong>PRIMROSE STREET</strong><br><span>Surface: sealed</span><br><span>Length: 0.47 km</span><br><span>Length rank: 459</span></div>
road_7742026,path,Road centreline,hamilton_road_path,MANGAHARAKEKE DRIVE,,,,sealed,0.4722367271705212,460,@EAAih{dmIr_y}fAcFpl@_BtNw@lLMrCg@nEs@pNUdIHfKGpK`@pITtChCzUzA|Ov@xK?jHe@jHe@nD_BpFsC~I[xAgApC{DfF,,,,,,,34,#1464a5cc,#1464a5cc,,,,,,,<div><strong>MANGAHARAKEKE DRIVE</strong><br><span>Surface: sealed</span><br><span>Length: 0.47 km</span><br><span>Length rank: 460</span></div>
road_3283128,path,Road centreline,hamilton_road_path,Road centreline,,,,sealed,0.4717737486736632,461,@EAA_{ujmIraobgAy^wJiJkByDgAsBmBI}EKqHvA}GhCsFx@cFd@oCLsGBiBcAoE}AaGy@sCcAiDq@sE_@oF{@cIo@oEaCgF}E_H}FaF{LoDgK{BgKeD}HoDcJoEiEsBwAwA[mAL}CXs@`AiA,,,,,,,34,#1464a5cc,#1464a5cc,,,,,,,<div><strong>Road 3283128</strong><br><span>Surface: sealed</span><br><span>Length: 0.47 km</span><br><span>Length rank: 461</span></div>
road_3258059,path,Road centreline,hamilton_road_path,CHESTERMAN ROAD,,,,sealed,0.4704868155266932,462,@EAAoc|kmI~yjbgAkBvPkD|W_A|BwArCwAzBkAzA{AbBmCrBuCtB{ChBaPbMeP`NaeAhy@sC|BcBlBqAlCk@|BOfBDrDbIjc@,,,,,,,34,#1464a5cc,#1464a5cc,,,,,,,<div><strong>CHESTERMAN ROAD</strong><br><span>Surface: sealed</span><br><span>Length: 0.47 km</span><br><span>Length rank: 462</span></div>
road_3257988,path,Road centreline,hamilton_road_path,LACHLAN DRIVE,,,,sealed,0.4699504850952665,463,@EAAaiwfmIzmnagAy@xNy@jWOxB[hDm@tBuAvE_DzF}DdFmMnLiX~UsFfLBvFb@~CtDnPxJr^bNth@fBxFzAzBlB|A,,,,,,,34,#1464a5cc,#1464a5cc,,,,,,,<div><strong>LACHLAN DRIVE</strong><br><span>Surface: sealed</span><br><span>Length: 0.47 km</span><br><span>Length rank: 463</span></div>
road_3283379,path,Road centreline,hamilton_road_path,MASEFIELD DRIVE,,,,sealed,0.4696316719834518,464,@EAAg_fjmIh~}_gAtNcgAg@cEsCeD{GeC_i@eKcDY{EHyE|A}CbDmLl\y@bJGzBf@nEvB~Ere@bi@,,,,,,,34,#1464a5cc,#1464a5cc,,,,,,,<div><strong>MASEFIELD DRIVE</strong><br><span>Surface: sealed</span><br><span>Length: 0.47 km</span><br><span>Length rank: 464</span></div>
road_3283149,path,Road centreline,hamilton_road_path,Road centreline,,,,sealed,0.4606380272917937,465,@EAAsl|imIn|t`gApO`Dj]bKpKtBxVzApSs@p]oCtS}BlFW|IGvGXhI|@hIrBnHfCtDdCjD`CzJhHxDnCzI`Djd@zLrHrB,,,,,,,33,#1464a5cc,#1464a5cc,,,,,,,<div><strong>Road 3283149</strong><br><span>Surface: sealed</span><br><span>Length: 0.46 km</span><br><span>Length rank: 465</span></div>
road_3258114,path,Road centreline,hamilton_road_path,MELODY LANE,,,,sealed,0.4584036457206089,466,@EAAcybkmIdaw`gAfE|C|F|CbNnDfNdD`QdCjRbBbVtAtb@pBzsAdHvEj@hFbAdGhBx_AxF,,,,,,,33,#1464a5cc,#1464a5cc,,,,,,,<div><strong>MELODY LANE</strong><br><span>Surface: sealed</span><br><span>Length: 0.46 km</span><br><span>Length rank: 466</span></div>
road_3258050,path,Road centreline,hamilton_road_path,SILLARY STREET,,,,sealed,0.4573520419876042,467,@EAAoxljmIhoibgAvp@xKjp@|InL~Ata@tFd{Cxc@bDH@?fAi@,,,,,,,33,#1464a5cc,#1464a5cc,,,,,,,<div><strong>SILLARY STREET</strong><br><span>Surface: sealed</span><br><span>Length: 0.46 km</span><br><span>Length rank: 467</span></div>
road_3258191,path,Road centreline,hamilton_road_path,PETERSBURG DRIVE,,,,sealed,0.4565278198149569,468,@EAA_`vfmI`vw}fAaO{JsBuDg@gYq@oWWmJI_BU}@e@qAaC_CuNwJoTsMgDqBaAm@iAq@qGcCMEcBm@mBiAaAqAUwDFiGCqCMaDJaBb@cCp@uB`BiCpBeCbGmHlBwDz@mDtBaDrCkEjGaE,,,,,,,33,#1464a5cc,#1464a5cc,,,,,,,<div><strong>PETERSBURG DRIVE</strong><br><span>Surface: sealed</span><br><span>Length: 0.46 km</span><br><span>Length rank: 468</span></div>
road_3257986,path,Road centreline,hamilton_road_path,GLAMIS AVENUE,,,,sealed,0.4561563026916091,469,@EAAowufmIvs{agAtGcA~By@xB{AlC}BbG_Fx_@kSlDqAhEu@fDYlDNfGx@l_@fP~RpJ|EjBpDvAbLzC~VxGvDn@pDVnn@zA~JHpEUjMiA,,,,,,,33,#1464a5cc,#1464a5cc,,,,,,,<div><strong>GLAMIS AVENUE</strong><br><span>Surface: sealed</span><br><span>Length: 0.46 km</span><br><span>Length rank: 469</span></div>
road_3234566,path,Road centreline,hamilton_road_path,HINAU STREET,,,,sealed,0.4557123078484197,470,@EAAwuqgmIhyv`gAyVhJcjD`kAkuA`f@,,,,,,,33,#1464a5cc,#1464a5cc,,,,,,,<div><strong>HINAU STREET</strong><br><span>Surface: sealed</span><br><span>Length: 0.46 km</span><br><span>Length rank: 470</span></div>
road_3283297,path,Road centreline,hamilton_road_path,BRYWOOD RISE,,,,sealed,0.4534956031302279,471,@EAA}pdgmI~kd~fA{AaBqCmDgD{EwBiE{B}GgGqSaAeDuJa[yLu[zBu\?MIyMmEcQiSk]L{a@,,,,,,,33,#1464a5cc,#1464a5cc,,,,,,,<div><strong>BRYWOOD RISE</strong><br><span>Surface: sealed</span><br><span>Length: 0.45 km</span><br><span>Length rank: 471</span></div>
road_3258144,path,Road centreline,hamilton_road_path,VERCOE ROAD,,,,sealed,0.4531444239132872,472,@EAAoi}gmIvvb`gAsj@oy@_DmEy]sg@uOaUkGeIeDiDuJcEmO{Fci@cRgXqI,,,,,,,33,#1464a5cc,#1464a5cc,,,,,,,<div><strong>VERCOE ROAD</strong><br><span>Surface: sealed</span><br><span>Length: 0.45 km</span><br><span>Length rank: 472</span></div>
road_3258055,path,Road centreline,hamilton_road_path,HUNGERFORD CRESCENT,,,,sealed,0.453097022803319,473,@EAAykakmIpghbgAh_Dld@lEPpFi@xOwCbb@cMjEgCbEsAlSyDvOqBbEcCxC{EnBaG,,,,,,,33,#1464a5cc,#1464a5cc,,,,,,,<div><strong>HUNGERFORD CRESCENT</strong><br><span>Surface: sealed</span><br><span>Length: 0.45 km</span><br><span>Length rank: 473</span></div>
road_3258110,path,Road centreline,hamilton_road_path,REGENT STREET,,,,sealed,0.4526580388325082,474,@EAAidhlmIno~agA~@_A|@wA|@cB`AyBzFgNt\k~@h_@gcAlNk^pI}Uh@sAfAuAhBu@dBQ`BFxA\vIvC,,,,,,,33,#1464a5cc,#1464a5cc,,,,,,,<div><strong>REGENT STREET</strong><br><span>Surface: sealed</span><br><span>Length: 0.45 km</span><br><span>Length rank: 474</span></div>
road_3283349,path,Road centreline,hamilton_road_path,SARE CRESCENT,,,,sealed,0.4512745444232113,475,@EAAyqiimIrr}_gAk@vB_Lrb@oAdJcAhFyBrFsBzDiDrHyA`DeAzGu@dHe@fFiA|CsKdWc@dBKnC?~Bh@pBpAxBhCvCpClBvDhA|p@rJvGdAlGbB`KjCnCx@,,,,,,,33,#1464a5cc,#1464a5cc,,,,,,,<div><strong>SARE CRESCENT</strong><br><span>Surface: sealed</span><br><span>Length: 0.45 km</span><br><span>Length rank: 475</span></div>
road_8114882,path,Road centreline,hamilton_road_path,Road centreline,,,,unmetalled,0.4512345286041335,476,@EAAsgrlmI~bw`gAzIxk@fFrq@I~l@yAra@kEnf@}Drc@,,,,,,,33,#734a12cc,#734a12cc,,,,,,,<div><strong>Road 8114882</strong><br><span>Surface: unmetalled</span><br><span>Length: 0.45 km</span><br><span>Length rank: 476</span></div>
road_8326472,path,Road centreline,hamilton_road_path,KIRIWAI KAUI DRIVE,,,,sealed,0.4512110662169092,477,@EAAuyafmIr`h_gAs_@iMeDaBkEcDaXck@s^wv@CE_Y{l@aIuLqJeKoP{MOM,,,,,,,33,#1464a5cc,#1464a5cc,,,,,,,<div><strong>KIRIWAI KAUI DRIVE</strong><br><span>Surface: sealed</span><br><span>Length: 0.45 km</span><br><span>Length rank: 477</span></div>
road_3258034,path,Road centreline,hamilton_road_path,FORTH CRESCENT,,,,sealed,0.4510213576700167,478,@EAAchqimItzqcgAvyAqWrn@eLpHuAfHTnD~@nCpAv[n[tXxWbQzWpFvM,,,,,,,33,#1464a5cc,#1464a5cc,,,,,,,<div><strong>FORTH CRESCENT</strong><br><span>Surface: sealed</span><br><span>Length: 0.45 km</span><br><span>Length rank: 478</span></div>
road_3283372,path,Road centreline,hamilton_road_path,ROSS CRESCENT,,,,sealed,0.4495888010037522,479,@EAA{`oimIvpg`gAfZqnApBqGbCqCrFuB`FSjFNzDx@d_@tOdC~CfA|DBzCw@hCsg@rhA,,,,,,,33,#1464a5cc,#1464a5cc,,,,,,,<div><strong>ROSS CRESCENT</strong><br><span>Surface: sealed</span><br><span>Length: 0.45 km</span><br><span>Length rank: 479</span></div>
road_3283345,path,Road centreline,hamilton_road_path,BANBURY CRESCENT,,,,sealed,0.4493291853579509,480,@EAAmbuhmIvxi`gAxHqg@`B_Gzb@s_Azc@wx@pBuAhCg@rEUhEf@lv@tV,,,,,,,33,#1464a5cc,#1464a5cc,,,,,,,<div><strong>BANBURY CRESCENT</strong><br><span>Surface: sealed</span><br><span>Length: 0.45 km</span><br><span>Length rank: 480</span></div>
road_3258198,path,Road centreline,hamilton_road_path,MCNICOL STREET,,,,sealed,0.4487114767632695,481,@EAA_~thmInjz_gA}A|GsKbe@}AlEwClCwo@`m@_B`D{U~y@sPvTuBvEmBbE_CrJoChJ,,,,,,,33,#1464a5cc,#1464a5cc,,,,,,,<div><strong>MCNICOL STREET</strong><br><span>Surface: sealed</span><br><span>Length: 0.45 km</span><br><span>Length rank: 481</span></div>
road_3283410,path,Road centreline,hamilton_road_path,MONTROSE CRESCENT,,,,sealed,0.448136007122457,482,@EAAo~dimIdlr~fA`Cu@rDeAfCYzHErG]fJ{BnEkAjE{CnEaDnFwCbHiA`HIlG`AjE`C~C|BjFvBnD`AhHlBnD`CxBbEx@xE]bCeBlEyBlDw@nCU~DB~Cy@tDqBbEcCvB{FpAgPpAgDVuGhBkMnEaJtCuH|A,,,,,,,33,#1464a5cc,#1464a5cc,,,,,,,<div><strong>MONTROSE CRESCENT</strong><br><span>Surface: sealed</span><br><span>Length: 0.45 km</span><br><span>Length rank: 482</span></div>
road_3257990,path,Road centreline,hamilton_road_path,THOMSON AVENUE,,,,sealed,0.4447666289456157,483,@EAAcz~fmIffnagADb_AXdh@pCxe@nh@zcB,,,,,,,33,#1464a5cc,#1464a5cc,,,,,,,<div><strong>THOMSON AVENUE</strong><br><span>Surface: sealed</span><br><span>Length: 0.44 km</span><br><span>Length rank: 483</span></div>
road_3257987,path,Road centreline,hamilton_road_path,CAERNARVON STREET,,,,sealed,0.443971037542029,484,@EAAcnxfmI`kvagAhu@vj@dGhHpBrE`AzBvC~]|B~f@fB`LpE`TtBvd@TjIYzCeA~D,,,,,,,33,#1464a5cc,#1464a5cc,,,,,,,<div><strong>CAERNARVON STREET</strong><br><span>Surface: sealed</span><br><span>Length: 0.44 km</span><br><span>Length rank: 484</span></div>
road_3258230,path,Road centreline,hamilton_road_path,ELLERSLIE AVENUE,,,,sealed,0.4432011636755036,485,@EAAkszimIpva_gAuIbGsRbSuFxJwLlM}IjMqH`MqA~EEpDJjE~A`EdAzBvCxDpIxEnjB|s@,,,,,,,33,#1464a5cc,#1464a5cc,,,,,,,<div><strong>ELLERSLIE AVENUE</strong><br><span>Surface: sealed</span><br><span>Length: 0.44 km</span><br><span>Length rank: 485</span></div>
road_3258148,path,Road centreline,hamilton_road_path,NORRIS AVENUE,,,,sealed,0.4419189274497856,486,@EAA_ijgmI~{l_gAo_Cv~B{m@hm@gItJ_HfH,,,,,,,33,#1464a5cc,#1464a5cc,,,,,,,<div><strong>NORRIS AVENUE</strong><br><span>Surface: sealed</span><br><span>Length: 0.44 km</span><br><span>Length rank: 486</span></div>
road_8326470,path,Road centreline,hamilton_road_path,KOURATAKI ROAD,,,,sealed,0.4409685462149414,487,@EAAim`fmIjsa`gAk@k@efB{hBy@{@atAgvA,,,,,,,33,#1464a5cc,#1464a5cc,,,,,,,<div><strong>KOURATAKI ROAD</strong><br><span>Surface: sealed</span><br><span>Length: 0.44 km</span><br><span>Length rank: 487</span></div>
road_3258015,path,Road centreline,hamilton_road_path,CAREY STREET,,,,sealed,0.4409600721055751,488,@EAAosugmIxur`gAmtAvg@{CtBwDhCeJ~C{bA|_@mmA~a@mGr@gFe@,,,,,,,33,#1464a5cc,#1464a5cc,,,,,,,<div><strong>CAREY STREET</strong><br><span>Surface: sealed</span><br><span>Length: 0.44 km</span><br><span>Length rank: 488</span></div>
road_3258139,path,Road centreline,hamilton_road_path,Road centreline,,,,sealed,0.4402141242254478,489,@EAAwwzfmI|`g_gAnpAnt@joAbq@t`@zSzl@l_@,,,,,,,33,#1464a5cc,#1464a5cc,,,,,,,<div><strong>Road 3258139</strong><br><span>Surface: sealed</span><br><span>Length: 0.44 km</span><br><span>Length rank: 489</span></div>
road_6064567,path,Road centreline,hamilton_road_path,EDGEVIEW CRESCENT,,,,sealed,0.4401732477077232,490,@EAAizvjmIdxhcgAuAyAeFgDmFgFwBwCmDaFuDoDcCsB[q@UoATaCvA_FrL{OtHcJrAiBnAu@dKoH~DcClAgAz@iAd@q@p@wAvA{C|@oCxB_FlCiBjVyKpDY`C^pEzBxE|DxOrS|EfEnE|ClEtD,,,,,,,33,#1464a5cc,#1464a5cc,,,,,,,<div><strong>EDGEVIEW CRESCENT</strong><br><span>Surface: sealed</span><br><span>Length: 0.44 km</span><br><span>Length rank: 490</span></div>
road_3258244,path,Road centreline,hamilton_road_path,TALLENTIRE CRESCENT,,,,sealed,0.4395891639398389,491,@EAAqdnimIjuj~fA{Jk@iPgAuFi@wCGuBCwE?eFViGGaF]iDSeDg@_EgAsCw@yCq@}Do@mEs@aEU{DOyZ_@sFEwDBiLh@sJrAmKjC}JtDsGhFqFnF{CnEiB~DsBrJc@jDa@vR,,,,,,,33,#1464a5cc,#1464a5cc,,,,,,,<div><strong>TALLENTIRE CRESCENT</strong><br><span>Surface: sealed</span><br><span>Length: 0.44 km</span><br><span>Length rank: 491</span></div>
road_3258072,path,Road centreline,hamilton_road_path,HAMMOND STREET,,,,sealed,0.4393428629163685,492,@EAAyqmimIzd|agAgyAnqCqAdCYtBHlCjAdBrBrBpOxMtW`UdDnBz@d@tBjAbBf@,,,,,,,33,#1464a5cc,#1464a5cc,,,,,,,<div><strong>HAMMOND STREET</strong><br><span>Surface: sealed</span><br><span>Length: 0.44 km</span><br><span>Length rank: 492</span></div>
road_3258067,path,Road centreline,hamilton_road_path,SOMERSET STREET,,,,sealed,0.4371436806552862,493,@EAAa`yhmInkiagAn}@lb@bo@dVz{Abh@v|@fZ,,,,,,,33,#1464a5cc,#1464a5cc,,,,,,,<div><strong>SOMERSET STREET</strong><br><span>Surface: sealed</span><br><span>Length: 0.44 km</span><br><span>Length rank: 493</span></div>
road_7742019,path,Road centreline,hamilton_road_path,TAIATEA DRIVE,,,,sealed,0.4370037842565833,494,@EAAccyemIr}|_gAfD{ErQib@nAyVh@{PcAqf@L{PxAkFbEsNtTk\vb@o^,,,,,,,33,#1464a5cc,#1464a5cc,,,,,,,<div><strong>TAIATEA DRIVE</strong><br><span>Surface: sealed</span><br><span>Length: 0.44 km</span><br><span>Length rank: 494</span></div>
road_3258056,path,Road centreline,hamilton_road_path,MALCOLM STREET,,,,sealed,0.4367628301469072,495,@EAAykpkmIh`pbgAjOsb@XwABmAW{Ag@aAcAy@qAe@gA_@idAi_@qD{@kDi@iEi@uFUuILy}@XaE@wEG{BS_Dk@cCg@w^oH,,,,,,,33,#1464a5cc,#1464a5cc,,,,,,,<div><strong>MALCOLM STREET</strong><br><span>Surface: sealed</span><br><span>Length: 0.44 km</span><br><span>Length rank: 495</span></div>
road_6064024,path,Road centreline,hamilton_road_path,COBHAM DRIVE,,,,sealed,0.4359546644373709,496,@EAAytwjmIxmgbgApRrCbc@bEhR|Ava@jD|m@tG`~AlT`d@jG|IjA,,,,,,,33,#1464a5cc,#1464a5cc,,,,,,,<div><strong>COBHAM DRIVE</strong><br><span>Surface: sealed</span><br><span>Length: 0.44 km</span><br><span>Length rank: 496</span></div>
road_3258225,path,Road centreline,hamilton_road_path,BERNARD STREET,,,,sealed,0.4355108280926065,497,@EAAoluimIxbc_gAlg@u~ArKcOlHuEvLcGpkAgTdDNdChArWnT,,,,,,,33,#1464a5cc,#1464a5cc,,,,,,,<div><strong>BERNARD STREET</strong><br><span>Surface: sealed</span><br><span>Length: 0.44 km</span><br><span>Length rank: 497</span></div>
road_3258128,path,Road centreline,hamilton_road_path,AKORANGA ROAD,,,,sealed,0.4339012917019187,498,@EAAer{emIhgs_gAeGbJ{JrO_H`MuEzHiAbBoBhC}AzAmCxB}CjByDrBsFpByEbAyDp@yIz@}U|BkTzBoWlCeRhBu`@~D}Fn@m]~C,,,,,,,33,#1464a5cc,#1464a5cc,,,,,,,<div><strong>AKORANGA ROAD</strong><br><span>Surface: sealed</span><br><span>Length: 0.43 km</span><br><span>Length rank: 498</span></div>
road_3258216,path,Road centreline,hamilton_road_path,CARLYLE AVENUE,,,,sealed,0.4338385031488983,499,@EAA_mqimI`tl_gAl_@sq@vGwMzzAuoCxBqG,,,,,,,33,#1464a5cc,#1464a5cc,,,,,,,<div><strong>CARLYLE AVENUE</strong><br><span>Surface: sealed</span><br><span>Length: 0.43 km</span><br><span>Length rank: 499</span></div>
road_3258035,path,Road centreline,hamilton_road_path,MACMURDO AVENUE,,,,sealed,0.4336556922567136,500,@EAAk|mimIhqucgAgHsQsFwNmDsFeMuRmA{BgBLwCHsC[YGiASuKiDaIyCiFmBoEsDiBaBuAeDoIsWyLs\c@}Dd@qHb@oGk@kDoAgEqGaR,,,,,,,33,#1464a5cc,#1464a5cc,,,,,,,<div><strong>MACMURDO AVENUE</strong><br><span>Surface: sealed</span><br><span>Length: 0.43 km</span><br><span>Length rank: 500</span></div>
road_3258010,path,Road centreline,hamilton_road_path,HALL STREET,,,,sealed,0.4331581004080632,501,@EAAugmhmIn{dagA~HdG|I`G`NrIpGnDpKvElE|AtH`ClMpDtIlCvNpFfK`FnEbDjGbGzf@d_@np@zh@,,,,,,,33,#1464a5cc,#1464a5cc,,,,,,,<div><strong>HALL STREET</strong><br><span>Surface: sealed</span><br><span>Length: 0.43 km</span><br><span>Length rank: 501</span></div>
road_7742028,path,Road centreline,hamilton_road_path,BATTEN DRIVE,,,,sealed,0.4326214785740946,502,@EAAqs`gmIpvu}fAvZDxKNdJ^~Gv@zEL~Dg@rDaAvGuCpDiCnCkC~A_DrAeEr@iFiAqFwAeEeDaDqEuCuEwC}G}EwHeFyOwGoN_FqLoEqIqFs@c@aGoEuNiN,,,,,,,33,#1464a5cc,#1464a5cc,,,,,,,<div><strong>BATTEN DRIVE</strong><br><span>Surface: sealed</span><br><span>Length: 0.43 km</span><br><span>Length rank: 502</span></div>
road_7742040,path,Road centreline,hamilton_road_path,TE RAPA ACCESS ROAD,,,,sealed,0.431914835833571,503,@EAA{|demIrhg}fAKpCaAzEoCtEkEhDyCnBeDdAyDp@iEL_FIkEQqHwAuk@}TkBs@maBgo@yB}@mCaAuDuAeCiA{AkAqAaBu@wAo@qAc@aCEoB?}B,,,,,,,33,#1464a5cc,#1464a5cc,,,,,,,<div><strong>TE RAPA ACCESS ROAD</strong><br><span>Surface: sealed</span><br><span>Length: 0.43 km</span><br><span>Length rank: 503</span></div>
road_3258178,path,Road centreline,hamilton_road_path,MADILL ROAD,,,,sealed,0.4316973457373345,504,@EAAewugmIhzw~fA``@hg@z_@`g@zNtR~PnTfa@~h@pRrVvH~JzBjC,,,,,,,33,#1464a5cc,#1464a5cc,,,,,,,<div><strong>MADILL ROAD</strong><br><span>Surface: sealed</span><br><span>Length: 0.43 km</span><br><span>Length rank: 504</span></div>
road_8328202,path,Road centreline,hamilton_road_path,PRAGMA RISE,,,,sealed,0.4307078474288485,505,@EAAmcaimIthk}fAsDvFoClJcDpIoAtBsF`DsHjAmHKkDm@mHiB}HqBcH_EiD{EgCkEgJyS@aFdDqBl]mLzN_F`IW|GpApE~DpOdYlD|C,,,,,,,33,#1464a5cc,#1464a5cc,,,,,,,<div><strong>PRAGMA RISE</strong><br><span>Surface: sealed</span><br><span>Length: 0.43 km</span><br><span>Length rank: 505</span></div>
road_3283186,path,Road centreline,hamilton_road_path,BEECH CRESCENT,,,,sealed,0.4303238190751282,506,@EAAit_lmIdd|agAv_AtOxn@xJzCbAfB~AbAhBZjBClCmQnn@w@pCk@~Am@vAcAhBsAlBqBjBiStPeAdAe@l@]p@]t@m@hB{FfR,,,,,,,33,#1464a5cc,#1464a5cc,,,,,,,<div><strong>BEECH CRESCENT</strong><br><span>Surface: sealed</span><br><span>Length: 0.43 km</span><br><span>Length rank: 506</span></div>
road_3258221,path,Road centreline,hamilton_road_path,LYNDEN COURT,,,,sealed,0.4296221236482574,507,@EAAkybimI`u~~fA~BpClTbRdB~A~AnCj@|DIhB[|E{@vDgA~BIbF]|FKnGy@lGyBbGwGbOyC~FyBtCgH|E_HxD_DnBwBxAaFhFkDhDqDnF}BvEwCrKaHfZ,,,,,,,33,#1464a5cc,#1464a5cc,,,,,,,<div><strong>LYNDEN COURT</strong><br><span>Surface: sealed</span><br><span>Length: 0.43 km</span><br><span>Length rank: 507</span></div>
road_3258312,path,Road centreline,hamilton_road_path,Road centreline,,,,unmetalled,0.4293486585135051,508,@EAAkttimI|md}fAmF`IeG~IgDlI{AzCEpDArBZrC|BhElMlPdCdDn@fBL`AT~C]fHWlNk@vEiBtHsDhHmGpF{F|EuEnEyD`FiDjG}A`G[nDFnBt@lE~BhS,,,,,,,33,#734a12cc,#734a12cc,,,,,,,<div><strong>Road 3258312</strong><br><span>Surface: unmetalled</span><br><span>Length: 0.43 km</span><br><span>Length rank: 508</span></div>
road_3257967,path,Road centreline,hamilton_road_path,QUENTIN DRIVE,,,,sealed,0.4282141690847983,509,@EAAecnhmIfxjbgA`B~Bl@lGyAnGqBhGkC~FmDdG{EfH_FdGgAhA}C~CaFxDo@f@oFnEmAfA{HrIoExGgCvEwEjLwBtJwBdKqAdMHhFTxMV~CzFv[,,,,,,,33,#1464a5cc,#1464a5cc,,,,,,,<div><strong>QUENTIN DRIVE</strong><br><span>Surface: sealed</span><br><span>Length: 0.43 km</span><br><span>Length rank: 509</span></div>
road_3258147,path,Road centreline,hamilton_road_path,SHEFFIELD STREET,,,,sealed,0.4279001305184683,510,@EAAku`gmItas_gA~bAsaAnw@iv@faAm`A,,,,,,,33,#1464a5cc,#1464a5cc,,,,,,,<div><strong>SHEFFIELD STREET</strong><br><span>Surface: sealed</span><br><span>Length: 0.43 km</span><br><span>Length rank: 510</span></div>
road_3258175,path,Road centreline,hamilton_road_path,ELMWOOD CRESCENT,,,,sealed,0.4273249553938871,511,@EAAwwrfmIpuq~fAoIk@a\}BaHHoMbDwGjGok@nmD,,,,,,,33,#1464a5cc,#1464a5cc,,,,,,,<div><strong>ELMWOOD CRESCENT</strong><br><span>Surface: sealed</span><br><span>Length: 0.43 km</span><br><span>Length rank: 511</span></div>
road_3258058,path,Road centreline,hamilton_road_path,MCCRACKEN AVENUE,,,,sealed,0.4270897324218671,512,@EAA_dskmIxdjbgAaGwA{AWgBWqIe@u]qAqGY_Gk@}FaAkEeAuDqAaiBos@ceAwa@,,,,,,,33,#1464a5cc,#1464a5cc,,,,,,,<div><strong>MCCRACKEN AVENUE</strong><br><span>Surface: sealed</span><br><span>Length: 0.43 km</span><br><span>Length rank: 512</span></div>
road_3257979,path,Road centreline,hamilton_road_path,PATERSON STREET,,,,sealed,0.4269180749209407,513,@EAAe{ngmIvkyagAzQnq@n[|hAt\zmAhGpT~@fD,,,,,,,33,#1464a5cc,#1464a5cc,,,,,,,<div><strong>PATERSON STREET</strong><br><span>Surface: sealed</span><br><span>Length: 0.43 km</span><br><span>Length rank: 513</span></div>
road_3258047,path,Road centreline,hamilton_road_path,NORMANDY AVENUE,,,,sealed,0.4266415481088112,514,@EAAkxrimInrqbgAaEcWgHuLy_B}bCiOuRaJ_K_EqF,,,,,,,33,#1464a5cc,#1464a5cc,,,,,,,<div><strong>NORMANDY AVENUE</strong><br><span>Surface: sealed</span><br><span>Length: 0.43 km</span><br><span>Length rank: 514</span></div>
road_3283251,path,Road centreline,hamilton_road_path,CROALL CRESCENT,,,,sealed,0.4253355649299489,515,@EAA}mtgmIjun_gAhUdJr}@h^nF~@~FYzCmArZsZn@}AI{ASsA}AsA{v@oc@gOwF{YiF,,,,,,,32,#1464a5cc,#1464a5cc,,,,,,,<div><strong>CROALL CRESCENT</strong><br><span>Surface: sealed</span><br><span>Length: 0.43 km</span><br><span>Length rank: 515</span></div>
road_3258209,path,Road centreline,hamilton_road_path,RIVERVIEW TERRACE,,,,sealed,0.4237662077448501,516,@EAAm|xhmIf~m`gA_DcDqFkDid@_OgGu@mJYiGZsHjAaFlBoExB}aCrpAmFbEgEtB,,,,,,,32,#1464a5cc,#1464a5cc,,,,,,,<div><strong>RIVERVIEW TERRACE</strong><br><span>Surface: sealed</span><br><span>Length: 0.42 km</span><br><span>Length rank: 516</span></div>
road_3258036,path,Road centreline,hamilton_road_path,ANDERSON ROAD,,,,sealed,0.4233349904295961,517,@EAAc`cimI`qecgAcJt^aH|b@wDnXi@tDoCzQsAdJaIli@XtCdB~BxKzCpr@|J,,,,,,,32,#1464a5cc,#1464a5cc,,,,,,,<div><strong>ANDERSON ROAD</strong><br><span>Surface: sealed</span><br><span>Length: 0.42 km</span><br><span>Length rank: 517</span></div>
road_3258305,path,Road centreline,hamilton_road_path,TE RAPA ROAD,,,,sealed,0.4181437179316506,518,@EAAqa{dmIrso|fAmB`C{J~LsBbDiBbD{B~FwA|FeA|Ha@hIItJUv[WjIa@xGq@bGuA|G_C~KwG~W_Ij]eAbF}AhH,,,,,,,32,#1464a5cc,#1464a5cc,,,,,,,<div><strong>TE RAPA ROAD</strong><br><span>Surface: sealed</span><br><span>Length: 0.42 km</span><br><span>Length rank: 518</span></div>
road_6096667,path,Road centreline,hamilton_road_path,STUBBS ROAD,,,,metalled,0.4177653573354053,519,@EAAm|rkmIbxxcgA}Ms@mi@gEgz@wFgkAaHqm@{Dit@yE,,,,,,,32,#bb7f22cc,#bb7f22cc,,,,,,,<div><strong>STUBBS ROAD</strong><br><span>Surface: metalled</span><br><span>Length: 0.42 km</span><br><span>Length rank: 519</span></div>
road_3258195,path,Road centreline,hamilton_road_path,FUCHSIA AVENUE,,,,sealed,0.4168072445341448,520,@EAA{wyfmI~ak~fA[nDk@`FwZrhBsCzHqBVoy@gIuL|r@,,,,,,,32,#1464a5cc,#1464a5cc,,,,,,,<div><strong>FUCHSIA AVENUE</strong><br><span>Surface: sealed</span><br><span>Length: 0.42 km</span><br><span>Length rank: 520</span></div>
road_3258151,path,Road centreline,hamilton_road_path,TAYLOR TERRACE,,,,sealed,0.4163906005798439,521,@EAAyzzgmIv|m_gAuA|Ao@lBWnCx@zD`B`BT~A_ArBee@vi@e@z@D|BDhDuBr@cUxWcF`GqRhTu[t_@yNhQaFdG,,,,,,,32,#1464a5cc,#1464a5cc,,,,,,,<div><strong>TAYLOR TERRACE</strong><br><span>Surface: sealed</span><br><span>Length: 0.42 km</span><br><span>Length rank: 521</span></div>
road_3258086,path,Road centreline,hamilton_road_path,Road centreline,,,,sealed,0.4159549643824476,522,@EAAuxjjmI~phagAnc@o@~Qd@jN[bFo@rFs@fEyBfBaAxEw@r\yFtW_IdIwCtJoFlG_ElMyOpIiKrDoJhHsRdAqC,,,,,,,32,#1464a5cc,#1464a5cc,,,,,,,<div><strong>Road 3258086</strong><br><span>Surface: sealed</span><br><span>Length: 0.42 km</span><br><span>Length rank: 522</span></div>
road_8328185,path,Road centreline,hamilton_road_path,Road centreline,,,,sealed,0.415837339127502,523,@EAAw{hgmI~hh`gAhJwAvNi@pB[xBgAhBuArAk@lB]fDFjCb@tD`AhIpCnAZ~FtArMdCpEv@dHr@fLz@nCTB?pMLhJCnICpBLbB`@hAr@p@jAtAtCt@bCXdB@pBEbBUjAYn@gAr@iCt@gBHwCWcNsBsFcAmDy@yAm@eAu@k@_A_@{AS}BG}CJuE,,,,,,,32,#1464a5cc,#1464a5cc,,,,,,,<div><strong>Road 8328185</strong><br><span>Surface: sealed</span><br><span>Length: 0.42 km</span><br><span>Length rank: 523</span></div>
road_8326473,path,Road centreline,hamilton_road_path,Road centreline,,,,sealed,0.4154306119893676,524,@EAAoadfmIjgt_gAgkDn\kDnAcAvBsChm@}CzCiDz@cDnAqCnBaElHIr@RjBf@|@,,,,,,,32,#1464a5cc,#1464a5cc,,,,,,,<div><strong>Road 8326473</strong><br><span>Surface: sealed</span><br><span>Length: 0.42 km</span><br><span>Length rank: 524</span></div>
road_3258257,path,Road centreline,hamilton_road_path,GORDON DAVIES LANE,,,,sealed,0.4151804792646123,525,@EAAahcimIjb|}fAUkHa@{Ia@}E{@aD{@sBaBkBuDeEcCwBwG{BkE{AuHmAeJkAmAQcAMgC]}A[gBo@gBaAwAgA}@cA_CkDoJuPwN}WoDsGKy@V_BJaAp@uAr@eAvBoA|BmAnAc@lLsCvSmFtL}B,,,,,,,32,#1464a5cc,#1464a5cc,,,,,,,<div><strong>GORDON DAVIES LANE</strong><br><span>Surface: sealed</span><br><span>Length: 0.42 km</span><br><span>Length rank: 525</span></div>
road_3258006,path,Road centreline,hamilton_road_path,PUKEKO STREET,,,,sealed,0.4130499776209892,526,@EAAccngmI~|iagAeHfAskD|h@kaB~V,,,,,,,32,#1464a5cc,#1464a5cc,,,,,,,<div><strong>PUKEKO STREET</strong><br><span>Surface: sealed</span><br><span>Length: 0.41 km</span><br><span>Length rank: 526</span></div>
road_3258130,path,Road centreline,hamilton_road_path,MANGAHARAKEKE DRIVE,,,,sealed,0.4079285135510284,527,@EAAughfmIplq_gAfr@ws@dQ{OhG{DxG{ElMwGpb@iRfYgOxEeChDoCrCaEbJaNtDmG,,,,,,,32,#1464a5cc,#1464a5cc,,,,,,,<div><strong>MANGAHARAKEKE DRIVE</strong><br><span>Surface: sealed</span><br><span>Length: 0.41 km</span><br><span>Length rank: 527</span></div>
road_3258106,path,Road centreline,hamilton_road_path,GARTHWOOD ROAD,,,,sealed,0.4073317543154378,528,@EAAgzmkmIliebgA`IjExPpGzL|C~JTvdAeC|Fs@bG_Bp`Aud@xDoA`FJnl@vE,,,,,,,32,#1464a5cc,#1464a5cc,,,,,,,<div><strong>GARTHWOOD ROAD</strong><br><span>Surface: sealed</span><br><span>Length: 0.41 km</span><br><span>Length rank: 528</span></div>
road_3283030,path,Road centreline,hamilton_road_path,ROY STREET,,,,sealed,0.4071514214222405,529,@EAAwk~fmIl}u`gAqt@zx@{f@dh@wDlEqBxCYnBPtDt@`DhYtY`BnCp@tC@zCaAhEqDfF_IhJ,,,,,,,32,#1464a5cc,#1464a5cc,,,,,,,<div><strong>ROY STREET</strong><br><span>Surface: sealed</span><br><span>Length: 0.41 km</span><br><span>Length rank: 529</span></div>
road_7742879,path,Road centreline,hamilton_road_path,TOKERAU DRIVE,,,,sealed,0.4061462740236631,530,@EAAkvhhmIdxy|fAaDyCmDyEwYap@yCaHiC}D_DmCcEiBqEeAeEa@_FAqDVcF|@kGzA{HjCsZhLwk@jOc[fI,,,,,,,32,#1464a5cc,#1464a5cc,,,,,,,<div><strong>TOKERAU DRIVE</strong><br><span>Surface: sealed</span><br><span>Length: 0.41 km</span><br><span>Length rank: 530</span></div>
road_3283377,path,Road centreline,hamilton_road_path,COLERIDGE DRIVE,,,,sealed,0.4047113823312838,531,@EAA_ygjmIxwa`gAmeA{O_FFyDTcDx@sCxCeQjh@oH~S_@bGRzCxA~DrJ~Jni@`a@,,,,,,,32,#1464a5cc,#1464a5cc,,,,,,,<div><strong>COLERIDGE DRIVE</strong><br><span>Surface: sealed</span><br><span>Length: 0.40 km</span><br><span>Length rank: 531</span></div>
road_3258210,path,Road centreline,hamilton_road_path,OXFORD STREET,,,,sealed,0.4047000416111047,532,@EAA_iuimIx{i`gAl`C|\fqCn`@,,,,,,,32,#1464a5cc,#1464a5cc,,,,,,,<div><strong>OXFORD STREET</strong><br><span>Surface: sealed</span><br><span>Length: 0.40 km</span><br><span>Length rank: 532</span></div>
road_3258251,path,Road centreline,hamilton_road_path,HEATHFIELD AVENUE,,,,sealed,0.4039802433254643,533,@EAAcbqimItzz}fAim@eVqE{CsAaBi@eBNiDdF{]v@cFd@cH\yHFgC}@sDcDoFq_@mf@}IgEmKmCcWoB,,,,,,,32,#1464a5cc,#1464a5cc,,,,,,,<div><strong>HEATHFIELD AVENUE</strong><br><span>Surface: sealed</span><br><span>Length: 0.40 km</span><br><span>Length rank: 533</span></div>
road_3283358,path,Road centreline,hamilton_road_path,BETLEY CRESCENT,,,,sealed,0.4032568175572187,534,@EAAewojmIxhy_gAqgA~_DA|@b@~@dAv@zAj@fv@hO,,,,,,,32,#1464a5cc,#1464a5cc,,,,,,,<div><strong>BETLEY CRESCENT</strong><br><span>Surface: sealed</span><br><span>Length: 0.40 km</span><br><span>Length rank: 534</span></div>
road_3265103,path,Road centreline,hamilton_road_path,WOOD ROAD,,,,metalled,0.402914353516851,535,@EAAiraemItd`dgA|ByaF,,,,,,,32,#bb7f22cc,#bb7f22cc,,,,,,,<div><strong>WOOD ROAD</strong><br><span>Surface: metalled</span><br><span>Length: 0.40 km</span><br><span>Length rank: 535</span></div>
road_6082181,path,Road centreline,hamilton_road_path,LONGBOW TERRACE,,,,sealed,0.4022675564577485,536,@EAAui|fmIbtm}fA{`@uBgD_@kCs@uA_@[YcIyG{RuP{DeCoCsA}CaAcDg@_DQgE?eEd@kKfCqPtF}IrCwGfAeGl@sXpDqH^gGl@_J~AmDn@kVdC,,,,,,,32,#1464a5cc,#1464a5cc,,,,,,,<div><strong>LONGBOW TERRACE</strong><br><span>Surface: sealed</span><br><span>Length: 0.40 km</span><br><span>Length rank: 536</span></div>
road_8326471,path,Road centreline,hamilton_road_path,GILCHRIST STREET,,,,sealed,0.4022520394138678,537,@EAA_mcfmIhuv_gAgDgSkBkKiBwK}AyJ_CuNs@aDGWm@kBmAcD_AwBkAuEec@uyB,,,,,,,32,#1464a5cc,#1464a5cc,,,,,,,<div><strong>GILCHRIST STREET</strong><br><span>Surface: sealed</span><br><span>Length: 0.40 km</span><br><span>Length rank: 537</span></div>
road_3258246,path,Road centreline,hamilton_road_path,SOVEREIGN ISLE LANE,,,,sealed,0.4016847323314235,538,@EAAw|yhmIhyh~fAw~@aO_dCo`@gEQsCJuGhAsBL{BMsJ{A_MsBwUoD,,,,,,,32,#1464a5cc,#1464a5cc,,,,,,,<div><strong>SOVEREIGN ISLE LANE</strong><br><span>Surface: sealed</span><br><span>Length: 0.40 km</span><br><span>Length rank: 538</span></div>
road_3258140,path,Road centreline,hamilton_road_path,MANCHESTER PLACE,,,,sealed,0.401281088977388,539,@EAAy~xfmI~le_gAlHhHfS~Pv_Atv@reBxnA,,,,,,,32,#1464a5cc,#1464a5cc,,,,,,,<div><strong>MANCHESTER PLACE</strong><br><span>Surface: sealed</span><br><span>Length: 0.40 km</span><br><span>Length rank: 539</span></div>
road_3258026,path,Road centreline,hamilton_road_path,JOHN WEBB DRIVE,,,,sealed,0.4007537845522609,540,@EAA}|}imIpk{cgAb{@iLlOsBx^gFlKB~PrAneCtRhCT,,,,,,,32,#1464a5cc,#1464a5cc,,,,,,,<div><strong>JOHN WEBB DRIVE</strong><br><span>Surface: sealed</span><br><span>Length: 0.40 km</span><br><span>Length rank: 540</span></div>
road_3258082,path,Road centreline,hamilton_road_path,O'NEILL STREET,,,,sealed,0.400581691467317,541,@EAA_poimI~laagAeHiCwp@iV_yDyuA,,,,,,,32,#1464a5cc,#1464a5cc,,,,,,,<div><strong>O&#x27;NEILL STREET</strong><br><span>Surface: sealed</span><br><span>Length: 0.40 km</span><br><span>Length rank: 541</span></div>
road_3258083,path,Road centreline,hamilton_road_path,THAMES STREET,,,,sealed,0.3980135880454952,542,@EAAgirimIfwu`gAbrAt`@xeAx[~xAvc@zErB,,,,,,,32,#1464a5cc,#1464a5cc,,,,,,,<div><strong>THAMES STREET</strong><br><span>Surface: sealed</span><br><span>Length: 0.40 km</span><br><span>Length rank: 542</span></div>
road_3283147,path,Road centreline,hamilton_road_path,PIAKO ROAD,,,,sealed,0.3975921789123523,543,@EAAgvtimItwy`gAnmAr^xeAl[fl@`Rpw@xU,,,,,,,32,#1464a5cc,#1464a5cc,,,,,,,<div><strong>PIAKO ROAD</strong><br><span>Surface: sealed</span><br><span>Length: 0.40 km</span><br><span>Length rank: 543</span></div>
road_3258044,path,Road centreline,hamilton_road_path,OHAUPO ROAD,,,,sealed,0.3973431848043476,544,@EAAgkgimIz~rbgA~Lmc@pC_M`BcLh@sDpI{s@~Dyh@^sEfAqNEiHa@oD{@wDcEmK,,,,,,,32,#1464a5cc,#1464a5cc,,,,,,,<div><strong>OHAUPO ROAD</strong><br><span>Surface: sealed</span><br><span>Length: 0.40 km</span><br><span>Length rank: 544</span></div>
road_3283497,path,Road centreline,hamilton_road_path,TE RAPA ACCESS ROAD,,,,sealed,0.3970169128739231,545,@EAAszdemI`}b}fA{^r^sQbSsWvYuRfUoCdCsDrBsDvAkD|@cFl@oEZmFAgH_@sKgBeIqAae@mL,,,,,,,32,#1464a5cc,#1464a5cc,,,,,,,<div><strong>TE RAPA ACCESS ROAD</strong><br><span>Surface: sealed</span><br><span>Length: 0.40 km</span><br><span>Length rank: 545</span></div>
road_3258073,path,Road centreline,hamilton_road_path,GALWAY AVENUE,,,,sealed,0.3945902729345731,546,@EAAmi{imIrn}agAaFxEMLqI`K_FzKk@dFMvK~Fpm@w@vRiFhXY~J~@|G`C~G`IpJfJfEjQzD,,,,,,,32,#1464a5cc,#1464a5cc,,,,,,,<div><strong>GALWAY AVENUE</strong><br><span>Surface: sealed</span><br><span>Length: 0.39 km</span><br><span>Length rank: 546</span></div>
road_3258204,path,Road centreline,hamilton_road_path,EDGECUMBE STREET,,,,sealed,0.3934323731905216,547,@EAAg{ohmIxtu`gAmf@qcA}Syd@kCoFaQ{]kFeJgSaZkBcDqCmC}EgC,,,,,,,32,#1464a5cc,#1464a5cc,,,,,,,<div><strong>EDGECUMBE STREET</strong><br><span>Surface: sealed</span><br><span>Length: 0.39 km</span><br><span>Length rank: 547</span></div>
road_3258212,path,Road centreline,hamilton_road_path,TRANMERE ROAD,,,,sealed,0.393347245166493,548,@EAAqq~hmItmc`gA{~B_\ckCu_@,,,,,,,32,#1464a5cc,#1464a5cc,,,,,,,<div><strong>TRANMERE ROAD</strong><br><span>Surface: sealed</span><br><span>Length: 0.39 km</span><br><span>Length rank: 548</span></div>
road_3283361,path,Road centreline,hamilton_road_path,DE VERE CRESCENT,,,,sealed,0.3929567023745316,549,@EAAkxaimIdz__gA`Da@xDODA|AWnAc@`CeBdBcBdz@ip@nI{C~Ha@~OpBnL~ClKnEjObKpM|OvElI`BzGhAlGHzBCzB,,,,,,,32,#1464a5cc,#1464a5cc,,,,,,,<div><strong>DE VERE CRESCENT</strong><br><span>Surface: sealed</span><br><span>Length: 0.39 km</span><br><span>Length rank: 549</span></div>
road_3258113,path,Road centreline,hamilton_road_path,GREENSBORO STREET,,,,sealed,0.3926974405458401,550,@EAAmzakmIrqcagAgG~WBjE^`J|AlMKjGw@vFoEhK[t@oAtC_IfJw@|@g_Ar[ey@|V,,,,,,,32,#1464a5cc,#1464a5cc,,,,,,,<div><strong>GREENSBORO STREET</strong><br><span>Surface: sealed</span><br><span>Length: 0.39 km</span><br><span>Length rank: 550</span></div>
road_3283036,path,Road centreline,hamilton_road_path,DALTON CRESCENT,,,,sealed,0.3923255955447355,551,@EAAupyfmIva`bgAbA}Gn@}JsBk\OoBw@cAkAe@ovAeV}DUsCPyAX}@p@kA`CyPzh@M~DJbDpBtN,,,,,,,32,#1464a5cc,#1464a5cc,,,,,,,<div><strong>DALTON CRESCENT</strong><br><span>Surface: sealed</span><br><span>Length: 0.39 km</span><br><span>Length rank: 551</span></div>
road_3257995,path,Road centreline,hamilton_road_path,GRANGE AVENUE,,,,sealed,0.3921073335803447,552,@EAAwwtfmI|u{`gA|q@is@tKmLde@og@p`@ob@j_@ka@,,,,,,,32,#1464a5cc,#1464a5cc,,,,,,,<div><strong>GRANGE AVENUE</strong><br><span>Surface: sealed</span><br><span>Length: 0.39 km</span><br><span>Length rank: 552</span></div>
road_3283354,path,Road centreline,hamilton_road_path,DOUGLAS CRESCENT,,,,sealed,0.3918292423890011,553,@EAAacuimI~iz_gAik@js@}@dB_AxBkKfd@@tC|@~B`CdCbDpA`o@|Hn_AdL,,,,,,,32,#1464a5cc,#1464a5cc,,,,,,,<div><strong>DOUGLAS CRESCENT</strong><br><span>Surface: sealed</span><br><span>Length: 0.39 km</span><br><span>Length rank: 553</span></div>
road_3258234,path,Road centreline,hamilton_road_path,ALDONA PLACE,,,,sealed,0.3907261411968143,554,@EAA{d`kmIp|t_gAoD~HmSjj@obAvoCuB|F,,,,,,,32,#1464a5cc,#1464a5cc,,,,,,,<div><strong>ALDONA PLACE</strong><br><span>Surface: sealed</span><br><span>Length: 0.39 km</span><br><span>Length rank: 554</span></div>
road_6064040,path,Road centreline,hamilton_road_path,Road centreline,,,,metalled,0.3904291713262687,555,@EAA}_cfmIdkq}fAvAP~OhBfa@tElVtE|NlDxHfEdFfFxBrFRzFq@rF}BzEqJ`NgGlKwKlUcBpEu@xFz@pFnF`J,,,,,,,32,#bb7f22cc,#bb7f22cc,,,,,,,<div><strong>Road 6064040</strong><br><span>Surface: metalled</span><br><span>Length: 0.39 km</span><br><span>Length rank: 555</span></div>
road_3258097,path,Road centreline,hamilton_road_path,BAILEY AVENUE,,,,sealed,0.390218353433318,556,@EAA_qjjmIxbt`gA}vEwz@wNkAaW?aG?,,,,,,,32,#1464a5cc,#1464a5cc,,,,,,,<div><strong>BAILEY AVENUE</strong><br><span>Surface: sealed</span><br><span>Length: 0.39 km</span><br><span>Length rank: 556</span></div>
road_3291511,path,Road centreline,hamilton_road_path,MASSEY HALL OVERBRIDGE,,,,sealed,0.3896195811721999,557,@EAAaafhmIpyiagAjQrMlDtB|InF|KbG|KjFlK`FlGzCtQxIdEpBrAn@rNjHjUtKzW`Kb[|KnHhC~I`DtBr@,,,,,,,32,#1464a5cc,#1464a5cc,,,,,,,<div><strong>MASSEY HALL OVERBRIDGE</strong><br><span>Surface: sealed</span><br><span>Length: 0.39 km</span><br><span>Length rank: 557</span></div>
road_3283191,path,Road centreline,hamilton_road_path,LISTON CRESCENT,,,,sealed,0.3886477395057853,558,@EAA{`ikmI`cragAtP~OxIhIdAr@nBbAnC~@fC\dDJ|BQ|Cs@dEkBnmAkr@|BqAbBaBlA_Cz@gB\eCD}B?eDS{DYyC[kBc@yA_A_BiB{BiLkL,,,,,,,32,#1464a5cc,#1464a5cc,,,,,,,<div><strong>LISTON CRESCENT</strong><br><span>Surface: sealed</span><br><span>Length: 0.39 km</span><br><span>Length rank: 558</span></div>
road_7742396,path,Road centreline,hamilton_road_path,MANGAHARAKEKE DRIVE,,,,sealed,0.3872485531262858,559,@EAAkhdfmIfmk_gAyFnIwEbHuKrMog@nk@cHhKiFjIaG|JsFdKuD~IwTvu@,,,,,,,32,#1464a5cc,#1464a5cc,,,,,,,<div><strong>MANGAHARAKEKE DRIVE</strong><br><span>Surface: sealed</span><br><span>Length: 0.39 km</span><br><span>Length rank: 559</span></div>
road_6097015,path,Road centreline,hamilton_road_path,Road centreline,,,,unmetalled,0.3867420625226881,560,@EAAeeulmI~qoagAiC_@gBo@aA_@yA{@oAq@gBq@eB}@gBw@wAc@iBa@iBQkACqADyA\qAv@kCzBqBbBcl@ff@}|@|t@{@lAUhAEhBLtA^nAhAnAnBrAzExCbAv@Zv@NnAD|AAbC,,,,,,,32,#734a12cc,#734a12cc,,,,,,,<div><strong>Road 6097015</strong><br><span>Surface: unmetalled</span><br><span>Length: 0.39 km</span><br><span>Length rank: 560</span></div>
road_3258091,path,Road centreline,hamilton_road_path,BOND STREET,,,,sealed,0.3863460327939031,561,@EAA}hcjmIda~`gAqMxe@kU|~@iA~C{WjaAyJxa@,,,,,,,32,#1464a5cc,#1464a5cc,,,,,,,<div><strong>BOND STREET</strong><br><span>Surface: sealed</span><br><span>Length: 0.39 km</span><br><span>Length rank: 561</span></div>
road_3283356,path,Road centreline,hamilton_road_path,SPRINGFIELD CRESCENT,,,,sealed,0.3856392037281563,562,@EAAwiximIdqz_gAuSiQyCqC{BwA_KsBy~AgYiBCaBTy@h@aPpd@aMjj@,,,,,,,31,#1464a5cc,#1464a5cc,,,,,,,<div><strong>SPRINGFIELD CRESCENT</strong><br><span>Surface: sealed</span><br><span>Length: 0.39 km</span><br><span>Length rank: 562</span></div>
road_3258090,path,Road centreline,hamilton_road_path,ARGYLE STREET,,,,sealed,0.3855750139823873,563,@EAA_tcjmId`eagAjKg`@lYwgAnc@ueB,,,,,,,31,#1464a5cc,#1464a5cc,,,,,,,<div><strong>ARGYLE STREET</strong><br><span>Surface: sealed</span><br><span>Length: 0.39 km</span><br><span>Length rank: 563</span></div>
road_3283350,path,Road centreline,hamilton_road_path,YEATS CRESCENT,,,,sealed,0.3843386433933586,564,@EAAqpuimIt_h`gA|Nyj@^kC_@gCwCuCgFqAau@cKiJ_@gFImJj@eYdFoPzHoJrIkGdK{DlL,,,,,,,31,#1464a5cc,#1464a5cc,,,,,,,<div><strong>YEATS CRESCENT</strong><br><span>Surface: sealed</span><br><span>Length: 0.38 km</span><br><span>Length rank: 564</span></div>
road_3258095,path,Road centreline,hamilton_road_path,PEARSONS AVENUE,,,,sealed,0.3838586993439865,565,@EAAyt_jmIzls`gAwD@_T^it@d@w|AhBeMf@sqAdK,,,,,,,31,#1464a5cc,#1464a5cc,,,,,,,<div><strong>PEARSONS AVENUE</strong><br><span>Surface: sealed</span><br><span>Length: 0.38 km</span><br><span>Length rank: 565</span></div>
road_3258236,path,Road centreline,hamilton_road_path,RALEIGH AVENUE,,,,sealed,0.3838044958595059,566,@EAA}v}jmIhrq_gAda@bJl\xItJpGvLhNxLjXxNzWzEfGpIrEpQnHlWvF~PvC,,,,,,,31,#1464a5cc,#1464a5cc,,,,,,,<div><strong>RALEIGH AVENUE</strong><br><span>Surface: sealed</span><br><span>Length: 0.38 km</span><br><span>Length rank: 566</span></div>
road_3258181,path,Road centreline,hamilton_road_path,RIVER ROAD,,,,sealed,0.3831217368711384,567,@EAAytwgmIprq~fAzAgB~KsPxCqEnKgRxDiHnEwLtFePnFiQ`F{NxD_KjCcHhCeFfF_IhHsItNoM~EmE,,,,,,,31,#1464a5cc,#1464a5cc,,,,,,,<div><strong>RIVER ROAD</strong><br><span>Surface: sealed</span><br><span>Length: 0.38 km</span><br><span>Length rank: 567</span></div>
road_3283223,path,Road centreline,hamilton_road_path,MOONEY STREET,,,,sealed,0.3820514258999742,568,@EAAeclfmIrxe`gAgGqZ_FcVeB}AyCi@cnCvVyFRgGu@c\aK,,,,,,,31,#1464a5cc,#1464a5cc,,,,,,,<div><strong>MOONEY STREET</strong><br><span>Surface: sealed</span><br><span>Length: 0.38 km</span><br><span>Length rank: 568</span></div>
road_3258214,path,Road centreline,hamilton_road_path,DRYDEN ROAD,,,,sealed,0.3818870524978098,569,@EAA_aajmIp_j`gAjq@sdBzJii@OuHcDeF_IkEug@oJ,,,,,,,31,#1464a5cc,#1464a5cc,,,,,,,<div><strong>DRYDEN ROAD</strong><br><span>Surface: sealed</span><br><span>Length: 0.38 km</span><br><span>Length rank: 569</span></div>
road_3258215,path,Road centreline,hamilton_road_path,BYRON ROAD,,,,sealed,0.3810324402232028,570,@EAAaljjmIdaf`gA`f@|RxItBtGRvFWrZyJ|Im@~Gt@ns@`R|H^|Eo@rCqAnAsAvRek@,,,,,,,31,#1464a5cc,#1464a5cc,,,,,,,<div><strong>BYRON ROAD</strong><br><span>Surface: sealed</span><br><span>Length: 0.38 km</span><br><span>Length rank: 570</span></div>
road_8328189,path,Road centreline,hamilton_road_path,Road centreline,,,,sealed,0.3810087874436485,571,@EAAmazfmIfma~fAgA^um@vR{e@nO|d@tw@Nv@dlAs_@,,,,,,,31,#1464a5cc,#1464a5cc,,,,,,,<div><strong>Road 8328189</strong><br><span>Surface: sealed</span><br><span>Length: 0.38 km</span><br><span>Length rank: 571</span></div>
road_3258162,path,Road centreline,hamilton_road_path,OLD RUFFELL ROAD,,,,sealed,0.3805664408131418,572,@EAAoelemIdg{}fA`AaB`BiDj@wGIyDy@aD}mAgkCcHeJyEyEkFkF,,,,,,,31,#1464a5cc,#1464a5cc,,,,,,,<div><strong>OLD RUFFELL ROAD</strong><br><span>Surface: sealed</span><br><span>Length: 0.38 km</span><br><span>Length rank: 572</span></div>
road_8326478,path,Road centreline,hamilton_road_path,EARP CRESCENT,,,,sealed,0.3803998543206064,573,@EAA{unjmItyl_gAvi@|L_c@jhAe\nz@}Nl_@,,,,,,,31,#1464a5cc,#1464a5cc,,,,,,,<div><strong>EARP CRESCENT</strong><br><span>Surface: sealed</span><br><span>Length: 0.38 km</span><br><span>Length rank: 573</span></div>
road_3257989,path,Road centreline,hamilton_road_path,HAZELWOOD AVENUE,,,,sealed,0.3802891810128699,574,@EAA_r|fmIpjnagAe@pH]`IH|Mb@zE`@lHrBfO|Mnm@rRzs@zGvPzBjE`AdGt@zG,,,,,,,31,#1464a5cc,#1464a5cc,,,,,,,<div><strong>HAZELWOOD AVENUE</strong><br><span>Surface: sealed</span><br><span>Length: 0.38 km</span><br><span>Length rank: 574</span></div>
road_7742046,path,Road centreline,hamilton_road_path,RIDGEDALE CRESCENT,,,,sealed,0.3802315749511593,575,@EAAucmgmIf~b}fAxGj@bXpIlBzBU|Cy@pJqL`~@sAfEqBfEaH~L{Xp^gCpAuC\mESgTwG,,,,,,,31,#1464a5cc,#1464a5cc,,,,,,,<div><strong>RIDGEDALE CRESCENT</strong><br><span>Surface: sealed</span><br><span>Length: 0.38 km</span><br><span>Length rank: 575</span></div>
road_3258129,path,Road centreline,hamilton_road_path,Road centreline,,,,sealed,0.3800936283800866,576,@EAAirjfmIpvw_gA^L|An@px@~VbGtA|DPhDQfnAsKxI{@tCoAzE{EdM{SzEwGzB_BfCe@~E_ArIeA,,,,,,,31,#1464a5cc,#1464a5cc,,,,,,,<div><strong>Road 3258129</strong><br><span>Surface: sealed</span><br><span>Length: 0.38 km</span><br><span>Length rank: 576</span></div>
road_3258003,path,Road centreline,hamilton_road_path,LYON STREET,,,,sealed,0.3798284517844946,577,@EAA_ltgmIzsyagA|JyjAdSogC,,,,,,,31,#1464a5cc,#1464a5cc,,,,,,,<div><strong>LYON STREET</strong><br><span>Surface: sealed</span><br><span>Length: 0.38 km</span><br><span>Length rank: 577</span></div>
road_7742045,path,Road centreline,hamilton_road_path,TENNILLE STREET,,,,sealed,0.3794267222424574,578,@EAAg{lgmIbbb}fAmGb[mDnT_BbSIdAwEzb@eBhEeFfM{B|CsDnFmB~BqEtFaJdVoFdNmGbI,,,,,,,31,#1464a5cc,#1464a5cc,,,,,,,<div><strong>TENNILLE STREET</strong><br><span>Surface: sealed</span><br><span>Length: 0.38 km</span><br><span>Length rank: 578</span></div>
road_7742404,path,Road centreline,hamilton_road_path,WAIKAI CLOSE,,,,sealed,0.379422656588199,579,@EAAkgrjmId{l`gAa]mGsDsEnEgUrl@umBpFmCfGBn_@xF,,,,,,,31,#1464a5cc,#1464a5cc,,,,,,,<div><strong>WAIKAI CLOSE</strong><br><span>Surface: sealed</span><br><span>Length: 0.38 km</span><br><span>Length rank: 579</span></div>
road_8328182,path,Road centreline,hamilton_road_path,CHALMERS ROAD,,,,sealed,0.3789703670689395,580,@EAAqt}emIvjb_gArgB|jABBbOvKbGdFrE~EhBdC`EnGfCrFzQhe@,,,,,,,31,#1464a5cc,#1464a5cc,,,,,,,<div><strong>CHALMERS ROAD</strong><br><span>Surface: sealed</span><br><span>Length: 0.38 km</span><br><span>Length rank: 580</span></div>
road_3258111,path,Road centreline,hamilton_road_path,BARRIE CRESCENT,,,,sealed,0.3781347821541167,581,@EAAgudlmIj`tagAmv@ob@uBaAmBg@uBUcCIgC@gUjA{s@rDiJd@sF@qF[uFy@sFmBal@a[,,,,,,,31,#1464a5cc,#1464a5cc,,,,,,,<div><strong>BARRIE CRESCENT</strong><br><span>Surface: sealed</span><br><span>Length: 0.38 km</span><br><span>Length rank: 581</span></div>
road_3314739,path,Road centreline,hamilton_road_path,SOVEREIGN ISLE LANE,,,,sealed,0.3780688240727856,582,@EAA}lbimIz}f~fAqEiAuDs@oNoBqAGkBRm@h@aAxAySrr@{DpNPhAf@z@bAv@zAh@nOhClAHfBKjA_@x@q@t@_BrKs]xEePpHkU,,,,,,,31,#1464a5cc,#1464a5cc,,,,,,,<div><strong>SOVEREIGN ISLE LANE</strong><br><span>Surface: sealed</span><br><span>Length: 0.38 km</span><br><span>Length rank: 582</span></div>
road_3257997,path,Road centreline,hamilton_road_path,WOODWARD STREET,,,,sealed,0.3772898052005842,583,@EAAeovgmIfggbgAqgFtv@wLrBcG`D,,,,,,,31,#1464a5cc,#1464a5cc,,,,,,,<div><strong>WOODWARD STREET</strong><br><span>Surface: sealed</span><br><span>Length: 0.38 km</span><br><span>Length rank: 583</span></div>
road_3258078,path,Road centreline,hamilton_road_path,BEALE STREET,,,,sealed,0.3772806219065274,584,@EAAqd{imIpkoagAmOcCcWuDkMmB{g@wH{Eu@y`AoNsQmCoXgGwi@oI,,,,,,,31,#1464a5cc,#1464a5cc,,,,,,,<div><strong>BEALE STREET</strong><br><span>Surface: sealed</span><br><span>Length: 0.38 km</span><br><span>Length rank: 584</span></div>
road_6064038,path,Road centreline,hamilton_road_path,Road centreline,,,,unmetalled,0.3772636363682947,585,@EAAsrbdmIdwi~fA}CzAsAr@s@d@cB~AaD`EcJtLsLjOoW`\wVx[_A`BcBtDcA|COv@k@hGKnDCxBIhBOjAYnBy@bDkCxHsC|GoFrO,,,,,,,31,#734a12cc,#734a12cc,,,,,,,<div><strong>Road 6064038</strong><br><span>Surface: unmetalled</span><br><span>Length: 0.38 km</span><br><span>Length rank: 585</span></div>
road_3283284,path,Road centreline,hamilton_road_path,ASHLEY STREET,,,,sealed,0.3761333732445738,586,@EAAcoogmI`pz~fAfA{DbBeDxJ_QvJ_Q@eB{@gAov@{Uql@oQyh@sQ_IeC_E_AuBOgCEwDK,,,,,,,31,#1464a5cc,#1464a5cc,,,,,,,<div><strong>ASHLEY STREET</strong><br><span>Surface: sealed</span><br><span>Length: 0.38 km</span><br><span>Length rank: 586</span></div>
road_3258142,path,Road centreline,hamilton_road_path,HINTON AVENUE,,,,sealed,0.3757565010441105,587,@EAAmiugmIbfm`gAidAoj@eIoCmEc@q_@hAoHg@_GoAar@o`@{X}OaFsC,,,,,,,31,#1464a5cc,#1464a5cc,,,,,,,<div><strong>HINTON AVENUE</strong><br><span>Surface: sealed</span><br><span>Length: 0.38 km</span><br><span>Length rank: 587</span></div>
road_3283079,path,Road centreline,hamilton_road_path,WALSH STREET,,,,sealed,0.3754717676804413,588,@EAAotkgmIxgr`gAoZdT{uA|aAykAbz@,,,,,,,31,#1464a5cc,#1464a5cc,,,,,,,<div><strong>WALSH STREET</strong><br><span>Surface: sealed</span><br><span>Length: 0.38 km</span><br><span>Length rank: 588</span></div>
road_6064025,path,Road centreline,hamilton_road_path,Road centreline,,,,sealed,0.3726960123033391,589,@EAAeecjmIvbg_gA}LjTyD`G}HlM}GdMaHtMoAbBeBxCyX~_@uGfIwB|CyG~IyGlKoAdCeFnM{@~BiD~G,,,,,,,31,#1464a5cc,#1464a5cc,,,,,,,<div><strong>Road 6064025</strong><br><span>Surface: sealed</span><br><span>Length: 0.37 km</span><br><span>Length rank: 589</span></div>
road_3258250,path,Road centreline,hamilton_road_path,THE FORD,,,,sealed,0.3719879659793265,590,@EAAaljimInur}fAa\_Bo|AmH}K_A{H{AmH_CaHqCaMyFmEeBqGkAkIUi_@PwD^uJvB,,,,,,,31,#1464a5cc,#1464a5cc,,,,,,,<div><strong>THE FORD</strong><br><span>Surface: sealed</span><br><span>Length: 0.37 km</span><br><span>Length rank: 590</span></div>
road_6064542,path,Road centreline,hamilton_road_path,BRAD AVENUE,,,,sealed,0.3706400490035572,591,@EAAqukfmIdle}fAfCnBzAhAzBpB`C`ChBfCz@pB^dBXbBf@`FvAjL`@rHb@dI@bJJ`MFtI]nEu@hEaAbC}BhFiD|HoCxHsDjJcCdFsBhDoG|HmJvI,,,,,,,31,#1464a5cc,#1464a5cc,,,,,,,<div><strong>BRAD AVENUE</strong><br><span>Surface: sealed</span><br><span>Length: 0.37 km</span><br><span>Length rank: 591</span></div>
road_3258043,path,Road centreline,hamilton_road_path,ODETTE STREET,,,,sealed,0.3703601464678381,592,@EAAwiqimItawbgA_HdHcFjCqv@~b@ky@nd@yJlFqTdM{e@~V,,,,,,,31,#1464a5cc,#1464a5cc,,,,,,,<div><strong>ODETTE STREET</strong><br><span>Surface: sealed</span><br><span>Length: 0.37 km</span><br><span>Length rank: 592</span></div>
road_3258223,path,Road centreline,hamilton_road_path,WAKE STREET,,,,sealed,0.3697336068085797,593,@EAAsxyhmIpl`_gAcaAyB{tA_CiKHcELwENiGd@ur@xD{FZcCLS@cEGcD@,,,,,,,31,#1464a5cc,#1464a5cc,,,,,,,<div><strong>WAKE STREET</strong><br><span>Surface: sealed</span><br><span>Length: 0.37 km</span><br><span>Length rank: 593</span></div>
road_3283264,path,Road centreline,hamilton_road_path,NORMAN HAYWARD PLACE,,,,sealed,0.3691804431921253,594,@EAAulvemIb_m~fApk@rZlAtAt@hBJhCUjAMv@_@p@sLdMwZb[mXfYkAhAqUsLm`@uS,,,,,,,31,#1464a5cc,#1464a5cc,,,,,,,<div><strong>NORMAN HAYWARD PLACE</strong><br><span>Surface: sealed</span><br><span>Length: 0.37 km</span><br><span>Length rank: 594</span></div>
road_3283355,path,Road centreline,hamilton_road_path,CLAREMONT AVENUE,,,,sealed,0.3682702529562282,595,@EAAm~fimIbkf_gAuAJcBPiAd@{@l@aAxA}Tjb@iI`NmT~a@s[vl@_AbCoAxCmHlV_@zDZ`Dj@bB,,,,,,,31,#1464a5cc,#1464a5cc,,,,,,,<div><strong>CLAREMONT AVENUE</strong><br><span>Surface: sealed</span><br><span>Length: 0.37 km</span><br><span>Length rank: 595</span></div>
road_8328193,path,Road centreline,hamilton_road_path,ATHIER AVENUE,,,,sealed,0.3675081921351377,596,@EAAo|mjmI~lk_gAbWsb@nB{DlEcHfD_HzCsH|DoK~Pmk@hWmaA,,,,,,,31,#1464a5cc,#1464a5cc,,,,,,,<div><strong>ATHIER AVENUE</strong><br><span>Surface: sealed</span><br><span>Length: 0.37 km</span><br><span>Length rank: 596</span></div>
road_3258057,path,Road centreline,hamilton_road_path,JOHNSVIEW TERRACE,,,,sealed,0.3672187021675975,597,@EAAoopkmIdefbgAyOhUyBxCqAbDm@|C[|CWtCy@fDeBnEaB~CwBnDaCtDy^zh@s@z@s@z@y@p@qAdA}AnBmB~Di@vAs@tAs@`Aa\fg@,,,,,,,31,#1464a5cc,#1464a5cc,,,,,,,<div><strong>JOHNSVIEW TERRACE</strong><br><span>Surface: sealed</span><br><span>Length: 0.37 km</span><br><span>Length rank: 597</span></div>
road_3257985,path,Road centreline,hamilton_road_path,LANCASTER STREET,,,,sealed,0.3670161225851222,598,@EAAcvtfmIp~_bgApLdiA`DlYfAjGfC`EpC~HjA|FG`Cg@~DaCpHcK`SoArCiAvFyA~M,,,,,,,31,#1464a5cc,#1464a5cc,,,,,,,<div><strong>LANCASTER STREET</strong><br><span>Surface: sealed</span><br><span>Length: 0.37 km</span><br><span>Length rank: 598</span></div>
road_3283206,path,Road centreline,hamilton_road_path,Road centreline,,,,sealed,0.3663756240709716,599,@EAAigbkmIbep`gAwB\gEVwC@iIOoHm@}F{@oE]gCCoD\_Cz@{Az@cB`C{BvIi@pF\nCdAhBbBp@d\lAta@h@dCp@`Az@f@nDqBlg@uB|L,,,,,,,31,#1464a5cc,#1464a5cc,,,,,,,<div><strong>Road 3283206</strong><br><span>Surface: sealed</span><br><span>Length: 0.37 km</span><br><span>Length rank: 599</span></div>
road_6064253,path,Road centreline,hamilton_road_path,BRIANNAROSE DRIVE,,,,sealed,0.3656455434643927,600,@EAAoarjmIdtocgAfMkO|CoElAyA~BuCzGcGvHsKPUzEyGh@s@lE_ExOoJ`HcCpKeD`LcDhH{BfGi@`HAdJ[bLmAbAY`HqBfI}CbHsDxBaA,,,,,,,31,#1464a5cc,#1464a5cc,,,,,,,<div><strong>BRIANNAROSE DRIVE</strong><br><span>Surface: sealed</span><br><span>Length: 0.37 km</span><br><span>Length rank: 600</span></div>
road_3283145,path,Road centreline,hamilton_road_path,ALEXANDRA STREET,,,,sealed,0.3654348993123759,601,@EAAqkjimIf}kagAcAJe@l@u^~]mPtRydBpfBkDnD,,,,,,,31,#1464a5cc,#1464a5cc,,,,,,,<div><strong>ALEXANDRA STREET</strong><br><span>Surface: sealed</span><br><span>Length: 0.37 km</span><br><span>Length rank: 601</span></div>
road_3283228,path,Road centreline,hamilton_road_path,JAMIESON CRESCENT,,,,sealed,0.3652638441892054,602,@EAA{wrgmIzpk_gAbl@|JdGhBdInDzw@ld@fAh@zA^dBF~AIxBo@lBiAhz@_z@,,,,,,,31,#1464a5cc,#1464a5cc,,,,,,,<div><strong>JAMIESON CRESCENT</strong><br><span>Surface: sealed</span><br><span>Length: 0.37 km</span><br><span>Length rank: 602</span></div>
road_8326479,path,Road centreline,hamilton_road_path,GUILLAUME STREET,,,,sealed,0.3649164209843991,603,@EAA{smjmI~vd_gAABqMpb@wYb_AoYfr@uX`g@,,,,,,,31,#1464a5cc,#1464a5cc,,,,,,,<div><strong>GUILLAUME STREET</strong><br><span>Surface: sealed</span><br><span>Length: 0.36 km</span><br><span>Length rank: 603</span></div>
road_3283177,path,Road centreline,hamilton_road_path,YOUNG STREET,,,,sealed,0.3639887901795113,604,@EAA}}djmIxuu`gAnAlo@rDnCdI^tqDqE,,,,,,,31,#1464a5cc,#1464a5cc,,,,,,,<div><strong>YOUNG STREET</strong><br><span>Surface: sealed</span><br><span>Length: 0.36 km</span><br><span>Length rank: 604</span></div>
road_3283224,path,Road centreline,hamilton_road_path,RIDOUT STREET,,,,sealed,0.3631982719592487,605,@EAAqzvgmIjfq`gAot@rXqDdAiEv@mRhBug@hFmHh@qCf@uEvAmCdAul@pf@qEnDkDnAsCXkDC,,,,,,,31,#1464a5cc,#1464a5cc,,,,,,,<div><strong>RIDOUT STREET</strong><br><span>Surface: sealed</span><br><span>Length: 0.36 km</span><br><span>Length rank: 605</span></div>
road_3291510,path,Road centreline,hamilton_road_path,LINCOLN STREET,,,,sealed,0.3626252723034822,606,@EAAs|jgmIfa}`gAci@x`@_m@za@ag@lWu`@bRm_@zS,,,,,,,31,#1464a5cc,#1464a5cc,,,,,,,<div><strong>LINCOLN STREET</strong><br><span>Surface: sealed</span><br><span>Length: 0.36 km</span><br><span>Length rank: 606</span></div>
road_3283037,path,Road centreline,hamilton_road_path,GLENDALE DRIVE,,,,sealed,0.3626177129487245,607,@EAAsurfmIztragAjJ_AlEIbHHrQdAdB[z@m@z@gA^mA^oNYqIsUcy@{AeKeJFo^dEwEdAaErBcItG,,,,,,,31,#1464a5cc,#1464a5cc,,,,,,,<div><strong>GLENDALE DRIVE</strong><br><span>Surface: sealed</span><br><span>Length: 0.36 km</span><br><span>Length rank: 607</span></div>
road_7742405,path,Road centreline,hamilton_road_path,MEDWAY PLACE,,,,sealed,0.3625260399835289,608,@EAAizijmIpue_gAo_@|uA{AhFqCtJ{HrSyKfU_MfUy@jAo@`A}IpM,,,,,,,31,#1464a5cc,#1464a5cc,,,,,,,<div><strong>MEDWAY PLACE</strong><br><span>Surface: sealed</span><br><span>Length: 0.36 km</span><br><span>Length rank: 608</span></div>
road_7742029,path,Road centreline,hamilton_road_path,VOIGHT AVENUE,,,,sealed,0.3620622491753193,609,@EAA_|jjmIpbl_gAt@gChDgLzFwRdXe~@vFaTr\{gA,,,,,,,31,#1464a5cc,#1464a5cc,,,,,,,<div><strong>VOIGHT AVENUE</strong><br><span>Surface: sealed</span><br><span>Length: 0.36 km</span><br><span>Length rank: 609</span></div>
road_3283143,path,Road centreline,hamilton_road_path,VIALOU STREET,,,,sealed,0.3616959374922942,610,@EAAuf}hmI|jdagAjq@qt@pcBcnB,,,,,,,31,#1464a5cc,#1464a5cc,,,,,,,<div><strong>VIALOU STREET</strong><br><span>Surface: sealed</span><br><span>Length: 0.36 km</span><br><span>Length rank: 610</span></div>
road_6064273,path,Road centreline,hamilton_road_path,KAHU CRESCENT,,,,sealed,0.3616228939647927,611,@EAAae|emIfhr~fAx^jUfSfMjBpBd@xBcAvCaCxBov@po@{CnBuCZmEe@yDoBa]mUsJ_F,,,,,,,31,#1464a5cc,#1464a5cc,,,,,,,<div><strong>KAHU CRESCENT</strong><br><span>Surface: sealed</span><br><span>Length: 0.36 km</span><br><span>Length rank: 611</span></div>
road_7742846,path,Road centreline,hamilton_road_path,CAPPER CRESCENT,,,,sealed,0.3614004931295554,612,@EAAavijmI`eb_gAzZfFrSjDrb@rGlDdB|@hD}Kt`@{AdEcCzAqFJia@uG}p@yK,,,,,,,31,#1464a5cc,#1464a5cc,,,,,,,<div><strong>CAPPER CRESCENT</strong><br><span>Surface: sealed</span><br><span>Length: 0.36 km</span><br><span>Length rank: 612</span></div>
road_3258158,path,Road centreline,hamilton_road_path,PORTAL CRESCENT,,,,sealed,0.3611782376349301,613,@EAAew`hmIrg~_gArAy@zLmNjBcCdA{DdMwkBa@qCoAeB_CgCoDqBal@}T,,,,,,,31,#1464a5cc,#1464a5cc,,,,,,,<div><strong>PORTAL CRESCENT</strong><br><span>Surface: sealed</span><br><span>Length: 0.36 km</span><br><span>Length rank: 613</span></div>
road_6082272,path,Road centreline,hamilton_road_path,GLAISDALE CRESCENT,,,,sealed,0.3611488774232955,614,@EAAybdgmI~cc}fAfBg@vEuAjBk@hBq@rB{@nAs@|FeDvFkCdEyAfHuAdFo@hEWlGWn`@}@vAGlR{@nDGbBFbBRjAh@fAjBl@nCjA~HbBnRhDxg@,,,,,,,31,#1464a5cc,#1464a5cc,,,,,,,<div><strong>GLAISDALE CRESCENT</strong><br><span>Surface: sealed</span><br><span>Length: 0.36 km</span><br><span>Length rank: 614</span></div>
road_6064246,path,Road centreline,hamilton_road_path,Road centreline,,,,unmetalled,0.3598401398947066,615,@EAAscnkmIdandgAvDmTh@{CfAwAzAaAdDgB|F_DfG_FjDkEG}Cc@iByCqBmG_EeCeH[eDL_Dx@qDtJaZnMuZfK{S|C}F,,,,,,,31,#734a12cc,#734a12cc,,,,,,,<div><strong>Road 6064246</strong><br><span>Surface: unmetalled</span><br><span>Length: 0.36 km</span><br><span>Length rank: 615</span></div>
road_3258000,path,Road centreline,hamilton_road_path,RHODE STREET,,,,sealed,0.3590464745106901,616,@EAAcnlgmI`w_bgAwjAxPaIjAixAzP}BXk~@zT,,,,,,,31,#1464a5cc,#1464a5cc,,,,,,,<div><strong>RHODE STREET</strong><br><span>Surface: sealed</span><br><span>Length: 0.36 km</span><br><span>Length rank: 616</span></div>
road_3258249,path,Road centreline,hamilton_road_path,PARKSIDE DRIVE,,,,sealed,0.3583930106956485,617,@EAA}z~hmIzvz}fAwUdBq_@v@}CYgCiAcIsJ{Tma@{FaJgZwj@cJmR}@_FOsE,,,,,,,31,#1464a5cc,#1464a5cc,,,,,,,<div><strong>PARKSIDE DRIVE</strong><br><span>Surface: sealed</span><br><span>Length: 0.36 km</span><br><span>Length rank: 617</span></div>
road_3314479,path,Road centreline,hamilton_road_path,THE LINK,,,,sealed,0.3581427342064651,618,@EAAy_ggmIpz|}fA_e@wJcWiIiNcKi@uBsDeOcEwPaFeHu@Q}Cs@aE_A_GP}E~@qFfDiE|DcGxFwDtBkZnL,,,,,,,31,#1464a5cc,#1464a5cc,,,,,,,<div><strong>THE LINK</strong><br><span>Surface: sealed</span><br><span>Length: 0.36 km</span><br><span>Length rank: 618</span></div>
road_3258137,path,Road centreline,hamilton_road_path,CRAWFORD STREET,,,,sealed,0.3576313390213121,619,@EAAgiwfmIjt``gAbQxdADbAA|Fg@bCaDnGaCnDiThVqRtT}C|D{@`CG~Gb@jFnBlO,,,,,,,31,#1464a5cc,#1464a5cc,,,,,,,<div><strong>CRAWFORD STREET</strong><br><span>Surface: sealed</span><br><span>Length: 0.36 km</span><br><span>Length rank: 619</span></div>
road_3258084,path,Road centreline,hamilton_road_path,STANLEY STREET,,,,sealed,0.3574533007660591,620,@EAAcajimIrmv`gA{DFqB?cEw@crEquA,,,,,,,31,#1464a5cc,#1464a5cc,,,,,,,<div><strong>STANLEY STREET</strong><br><span>Surface: sealed</span><br><span>Length: 0.36 km</span><br><span>Length rank: 620</span></div>
road_3258196,path,Road centreline,hamilton_road_path,CHERRYWOOD STREET,,,,sealed,0.3569349693754344,621,@EAAcupgmIpqs~fAps@js@nD|AbE|@nh@bHzGf@rGKpJcAfF}AvGcDfMqKrEmCrG_BrN{ChF_A,,,,,,,31,#1464a5cc,#1464a5cc,,,,,,,<div><strong>CHERRYWOOD STREET</strong><br><span>Surface: sealed</span><br><span>Length: 0.36 km</span><br><span>Length rank: 621</span></div>
road_3258029,path,Road centreline,hamilton_road_path,LILAC STREET,,,,sealed,0.3568915058538235,622,@EAAkmqhmIl~ecgAaJFgLjBiLtBaL~EgJvHo[j`@kb@hi@oc@pk@,,,,,,,31,#1464a5cc,#1464a5cc,,,,,,,<div><strong>LILAC STREET</strong><br><span>Surface: sealed</span><br><span>Length: 0.36 km</span><br><span>Length rank: 622</span></div>
road_3283412,path,Road centreline,hamilton_road_path,HASWELL PLACE,,,,sealed,0.3551177568506997,623,@EAAi`kimI~``~fAlCcHj@{Cv@kDpAoFp@qE[kB]gAi@w@{A{@sBq@kHAgMlA_MxAeK|AmL~AeGr@mCXyGl@qCTyNdAuBZoR~CsUvDm`@hE,,,,,,,31,#1464a5cc,#1464a5cc,,,,,,,<div><strong>HASWELL PLACE</strong><br><span>Surface: sealed</span><br><span>Length: 0.36 km</span><br><span>Length rank: 623</span></div>
road_3258186,path,Road centreline,hamilton_road_path,ROTOTUNA ROAD,,,,sealed,0.3548054731081376,624,@EAAwszgmIbvh~fA}HrAiGr@aFHuEa@yDu@sB]wkCoc@ed@oHoSeD,,,,,,,31,#1464a5cc,#1464a5cc,,,,,,,<div><strong>ROTOTUNA ROAD</strong><br><span>Surface: sealed</span><br><span>Length: 0.35 km</span><br><span>Length rank: 624</span></div>
road_6064250,path,Road centreline,hamilton_road_path,Road centreline,,,,unmetalled,0.3546350200966099,625,@EAA_ccdmIvdj_gAvCgEd@_ALcAC{@Q{@_@y@m@i@gCwBuIcIqHkIaHyGsEcE}HoHsFiFcGaH}EmG}CmEu@eBw@kDUaBaAsHg@{I[iBg@kAy@_AiAy@mAo@aBi@aB_@uBYmD_@gCMuAAwBBoHZeDH,,,,,,,31,#734a12cc,#734a12cc,,,,,,,<div><strong>Road 6064250</strong><br><span>Surface: unmetalled</span><br><span>Length: 0.35 km</span><br><span>Length rank: 625</span></div>
road_3258101,path,Road centreline,hamilton_road_path,KITCHENER STREET,,,,sealed,0.3545203136697122,626,@EAAcvoimI|xv`gAspAj}Bq_@nr@,,,,,,,31,#1464a5cc,#1464a5cc,,,,,,,<div><strong>KITCHENER STREET</strong><br><span>Surface: sealed</span><br><span>Length: 0.35 km</span><br><span>Length rank: 626</span></div>
road_3283048,path,Road centreline,hamilton_road_path,TATTERSFIELD PLACE,,,,sealed,0.3524373021792904,627,@EAAg|bgmIvz}agA_c@~nB{Jpe@c@pAkAx@qBf@uBRqf@wC,,,,,,,31,#1464a5cc,#1464a5cc,,,,,,,<div><strong>TATTERSFIELD PLACE</strong><br><span>Surface: sealed</span><br><span>Length: 0.35 km</span><br><span>Length rank: 627</span></div>
road_3258176,path,Road centreline,hamilton_road_path,CLEMATIS AVENUE,,,,sealed,0.3522000356017016,628,@EAA}swfmIl~j~fAc@rF{@xG{l@~pD,,,,,,,31,#1464a5cc,#1464a5cc,,,,,,,<div><strong>CLEMATIS AVENUE</strong><br><span>Surface: sealed</span><br><span>Length: 0.35 km</span><br><span>Length rank: 628</span></div>
road_3283360,path,Road centreline,hamilton_road_path,HERITAGE AVENUE,,,,sealed,0.3521974848720275,629,@EAAat`jmIljd_gAmStTiBlCi@rCIlEPjFlFnTtDvRrCnMt@zAbBnBhDhC|Bt@hCj@rBJvBMtGaAnEiAxMmDvM}BvPuClK}A,,,,,,,31,#1464a5cc,#1464a5cc,,,,,,,<div><strong>HERITAGE AVENUE</strong><br><span>Surface: sealed</span><br><span>Length: 0.35 km</span><br><span>Length rank: 629</span></div>
road_3258125,path,Road centreline,hamilton_road_path,ALDERSHOT PLACE,,,,sealed,0.3521661678253455,630,@EAAsqafmIt`r`gAmOqGeCq@sBEwBHuAv@sVpZgX~VgDpEw@lBYpDXpGjAtGlA`FjBlF~BdHTnIRvb@,,,,,,,31,#1464a5cc,#1464a5cc,,,,,,,<div><strong>ALDERSHOT PLACE</strong><br><span>Surface: sealed</span><br><span>Length: 0.35 km</span><br><span>Length rank: 630</span></div>
road_3283172,path,Road centreline,hamilton_road_path,SCOTT AVENUE,,,,sealed,0.3509466541861407,631,@EAAc`rjmI~ieagA`b@`HxDfB|[|EbDH|E]vFSnDDfaAnNrg@tKfSvC|Ht@hDD,,,,,,,31,#1464a5cc,#1464a5cc,,,,,,,<div><strong>SCOTT AVENUE</strong><br><span>Surface: sealed</span><br><span>Length: 0.35 km</span><br><span>Length rank: 631</span></div>
road_3265091,path,Road centreline,hamilton_road_path,GAINSFORD ROAD,,,,sealed,0.3507974703939382,632,@EAAysrkmIneedgAoDDeBA{AOuCg@wC}@kJeDyKyDmHsCiDsAgBw@aB_AuByAcDmCqHgGgFeEgFsDiFeEkGcFqIoHuGeFgKuIcPiMmTqQ,,,,,,,31,#1464a5cc,#1464a5cc,,,,,,,<div><strong>GAINSFORD ROAD</strong><br><span>Surface: sealed</span><br><span>Length: 0.35 km</span><br><span>Length rank: 632</span></div>
road_3258159,path,Road centreline,hamilton_road_path,ANN STREET,,,,sealed,0.350328153031064,633,@EAAawehmIhty_gA}AhAgFzD}\fWwB~AeFjC_[|O}AjAkCpCmM`QiAzAyLhPmKnQ}@lCFvAH`@RnAd@f@j@l@zCfAjDl@jO`C,,,,,,,31,#1464a5cc,#1464a5cc,,,,,,,<div><strong>ANN STREET</strong><br><span>Surface: sealed</span><br><span>Length: 0.35 km</span><br><span>Length rank: 633</span></div>
road_8326496,path,Road centreline,hamilton_road_path,KEERANGI PLACE,,,,sealed,0.3497691031161201,634,@EAA}arhmIzxg}fA|Nk@li@sJjL}BtDuCnDwFt@_G}@{FuC_JoCcI{F_QkDeRfAwDzBkCdBcBnIeDhGqB~LeC,,,,,,,31,#1464a5cc,#1464a5cc,,,,,,,<div><strong>KEERANGI PLACE</strong><br><span>Surface: sealed</span><br><span>Length: 0.35 km</span><br><span>Length rank: 634</span></div>
road_3283027,path,Road centreline,hamilton_road_path,EDGAR STREET,,,,sealed,0.3497317839925021,635,@EAAavygmIlxfagAjVd}@|]tmApFjTHJtA|BhBvA~Ct@~CJnEW`E{@,,,,,,,31,#1464a5cc,#1464a5cc,,,,,,,<div><strong>EDGAR STREET</strong><br><span>Surface: sealed</span><br><span>Length: 0.35 km</span><br><span>Length rank: 635</span></div>
road_3258005,path,Road centreline,hamilton_road_path,MICHAEL AVENUE,,,,sealed,0.3496048292484133,636,@EAAswcgmItlhagAj\xnA|@dGGtDkCfKuBnF}@bEDfIl@rHxQnq@,,,,,,,31,#1464a5cc,#1464a5cc,,,,,,,<div><strong>MICHAEL AVENUE</strong><br><span>Surface: sealed</span><br><span>Length: 0.35 km</span><br><span>Length rank: 636</span></div>
road_3283398,path,Road centreline,hamilton_road_path,TUDOR CRESCENT,,,,sealed,0.3491123281651923,637,@EAAimiimIthb_gAwcAcR}CYqEXaH~BkI`F{DdFyBzG{@lFn@~OpBhInCnClDpAxr@fT,,,,,,,31,#1464a5cc,#1464a5cc,,,,,,,<div><strong>TUDOR CRESCENT</strong><br><span>Surface: sealed</span><br><span>Length: 0.35 km</span><br><span>Length rank: 637</span></div>
road_6064251,path,Road centreline,hamilton_road_path,TUI AVENUE,,,,metalled,0.3485286412493599,638,@EAAifggmIj_r`gAjnAalC`Sqe@,,,,,,,31,#bb7f22cc,#bb7f22cc,,,,,,,<div><strong>TUI AVENUE</strong><br><span>Surface: metalled</span><br><span>Length: 0.35 km</span><br><span>Length rank: 638</span></div>
road_3283418,path,Road centreline,hamilton_road_path,GRACE AVENUE,,,,sealed,0.3484355466983368,639,@EAAudqhmIzav}fAcA|JDfChAhD|@hBrBrAdCdAtCt@|j@~J~NjB`iAgzA,,,,,,,31,#1464a5cc,#1464a5cc,,,,,,,<div><strong>GRACE AVENUE</strong><br><span>Surface: sealed</span><br><span>Length: 0.35 km</span><br><span>Length rank: 639</span></div>
road_3258030,path,Road centreline,hamilton_road_path,PRISCILLA CRESCENT,,,,sealed,0.3479842235973508,640,@EAAspthmIvmbcgAcZrKeCj@eCp@em@lJiHNyFKoE{@oDkAobAmp@qGgBmXiD,,,,,,,31,#1464a5cc,#1464a5cc,,,,,,,<div><strong>PRISCILLA CRESCENT</strong><br><span>Surface: sealed</span><br><span>Length: 0.35 km</span><br><span>Length rank: 640</span></div>
road_3283040,path,Road centreline,hamilton_road_path,LINDSAY CRESCENT,,,,sealed,0.3474649032663627,641,@EAAe}sfmItp`agAbs@`_@fuAbr@bn@f[~BlDlAhC,,,,,,,31,#1464a5cc,#1464a5cc,,,,,,,<div><strong>LINDSAY CRESCENT</strong><br><span>Surface: sealed</span><br><span>Length: 0.35 km</span><br><span>Length rank: 641</span></div>
road_3258157,path,Road centreline,hamilton_road_path,COTTON STREET,,,,sealed,0.347189279625389,642,@EAAc`tgmInzw_gAkiAwy@acBgnA,,,,,,,30,#1464a5cc,#1464a5cc,,,,,,,<div><strong>COTTON STREET</strong><br><span>Surface: sealed</span><br><span>Length: 0.35 km</span><br><span>Length rank: 642</span></div>
road_7742386,path,Road centreline,hamilton_road_path,TE TIIREKE DRIVE,,,,sealed,0.3466977350876092,643,@EAAurojmInuncgAdFiEdRmHp`@sNHC|IqCxIT`Ht@rH`DdPf^|AjCjBzD|InOtA|KJ~Iq@jM,,,,,,,30,#1464a5cc,#1464a5cc,,,,,,,<div><strong>TE TIIREKE DRIVE</strong><br><span>Surface: sealed</span><br><span>Length: 0.35 km</span><br><span>Length rank: 643</span></div>
road_3258011,path,Road centreline,hamilton_road_path,EMPIRE STREET,,,,sealed,0.3459187031615263,644,@EAA}cehmIbucagAvFt^rF~]Nz@~I~k@jAtKfA|D`ClC`EvCpDfAbEpAp^rZtAnB,,,,,,,30,#1464a5cc,#1464a5cc,,,,,,,<div><strong>EMPIRE STREET</strong><br><span>Surface: sealed</span><br><span>Length: 0.35 km</span><br><span>Length rank: 644</span></div>
road_7742022,path,Road centreline,hamilton_road_path,TE KOWHAI ROAD,,,,sealed,0.3458750661403637,645,@EAAmodemIlzu~fAsEoMKqDl@gEr@iClA}Ebb@gzAjLcc@`FsNrBiD,,,,,,,30,#1464a5cc,#1464a5cc,,,,,,,<div><strong>TE KOWHAI ROAD</strong><br><span>Surface: sealed</span><br><span>Length: 0.35 km</span><br><span>Length rank: 645</span></div>
road_3258211,path,Road centreline,hamilton_road_path,HAULTAIN STREET,,,,sealed,0.345601914956354,646,@EAAsm}hmIlk``gA}b@faB[pVmB`JgBnEgDfGgFfFsZ~U,,,,,,,30,#1464a5cc,#1464a5cc,,,,,,,<div><strong>HAULTAIN STREET</strong><br><span>Surface: sealed</span><br><span>Length: 0.35 km</span><br><span>Length rank: 646</span></div>
road_3283409,path,Road centreline,hamilton_road_path,GLEN CREE AVENUE,,,,sealed,0.3454633466146674,647,@EAA{pvhmIjzk~fAIxCWrEeAlDcDnScEzWcGfTsKn\[tBNvCtBvCfz@nVbFp@lEN,,,,,,,30,#1464a5cc,#1464a5cc,,,,,,,<div><strong>GLEN CREE AVENUE</strong><br><span>Surface: sealed</span><br><span>Length: 0.35 km</span><br><span>Length rank: 647</span></div>
road_3283187,path,Road centreline,hamilton_road_path,HOGAN STREET,,,,sealed,0.3454223510454443,648,@EAAsvdkmIbwgagAz\fl@fb@dt@dPdY~JpIfLzDf`@xF,,,,,,,30,#1464a5cc,#1464a5cc,,,,,,,<div><strong>HOGAN STREET</strong><br><span>Surface: sealed</span><br><span>Length: 0.35 km</span><br><span>Length rank: 648</span></div>
road_3258217,path,Road centreline,hamilton_road_path,MCMEEKAN AVENUE,,,,sealed,0.3453818535587341,649,@EAAgewimIdfd_gAkBnGmEdMeP|[w\bm@s[he@{BvDa@bEWnIWzHS~G,,,,,,,30,#1464a5cc,#1464a5cc,,,,,,,<div><strong>MCMEEKAN AVENUE</strong><br><span>Surface: sealed</span><br><span>Length: 0.35 km</span><br><span>Length rank: 649</span></div>
road_3258080,path,Road centreline,hamilton_road_path,VON TEMPSKY STREET,,,,sealed,0.3436308931758348,650,@EAA_b}imIlypagA`BcGxPqn@v^_tAxOyk@,,,,,,,30,#1464a5cc,#1464a5cc,,,,,,,<div><strong>VON TEMPSKY STREET</strong><br><span>Surface: sealed</span><br><span>Length: 0.34 km</span><br><span>Length rank: 650</span></div>
road_3258187,path,Road centreline,hamilton_road_path,NIELSEN GARDENS,,,,sealed,0.3435492475372847,651,@EAAo~bhmIpcf~fAnDmG~FyPpIcZdDyOpGuUpMg_@`Lq[dCoLhA_P,,,,,,,30,#1464a5cc,#1464a5cc,,,,,,,<div><strong>NIELSEN GARDENS</strong><br><span>Surface: sealed</span><br><span>Length: 0.34 km</span><br><span>Length rank: 651</span></div>
road_3258208,path,Road centreline,hamilton_road_path,LAURENCE STREET,,,,sealed,0.343434846583069,652,@EAAcd|hmIhre_gAzG`Azk@tIng@zGzKv@pIH`JKpI[~Gi@vFu@nOqCjBa@~DQtB@nDb@rg@dHbCH,,,,,,,30,#1464a5cc,#1464a5cc,,,,,,,<div><strong>LAURENCE STREET</strong><br><span>Surface: sealed</span><br><span>Length: 0.34 km</span><br><span>Length rank: 652</span></div>
road_3283115,path,Road centreline,hamilton_road_path,OHAUPO ROAD,,,,sealed,0.3424789838620848,653,@EAAgjkimIbmybgAqX`T{MlJaCrCk@dDAxCHzSDdMIvPInNZvOTrM`Fd^,,,,,,,30,#1464a5cc,#1464a5cc,,,,,,,<div><strong>OHAUPO ROAD</strong><br><span>Surface: sealed</span><br><span>Length: 0.34 km</span><br><span>Length rank: 653</span></div>
road_7742387,path,Road centreline,hamilton_road_path,Road centreline,,,,sealed,0.3423131554973881,654,@EAAq{tjmIrikcgAbK|HjLzI|H`GdDtBzB`AnBj@pBJlB?|AO`BY|As@tYkSrUgPnAqA`@_ARiAE{AWiAYiAEaAJ_BDqAE_@Ei@c@gAy@mA{AiAoN{HqIcFiDqCiCkC,,,,,,,30,#1464a5cc,#1464a5cc,,,,,,,<div><strong>Road 7742387</strong><br><span>Surface: sealed</span><br><span>Length: 0.34 km</span><br><span>Length rank: 654</span></div>
road_8328175,path,Road centreline,hamilton_road_path,AKAKURA TERRACE,,,,sealed,0.3421794428409313,655,@EAAsvljmIxqzcgAlq@iEj[{AdTy@pAb@hAtAx@~ML|GyJnh@_EdSiDfR,,,,,,,30,#1464a5cc,#1464a5cc,,,,,,,<div><strong>AKAKURA TERRACE</strong><br><span>Surface: sealed</span><br><span>Length: 0.34 km</span><br><span>Length rank: 655</span></div>
road_3283092,path,Road centreline,hamilton_road_path,WILLIS STREET,,,,sealed,0.3411359383016448,656,@EAAwruimIzmsbgAkE~Vg@tLpAdKnLh{@[pK_HzKqo@dc@,,,,,,,30,#1464a5cc,#1464a5cc,,,,,,,<div><strong>WILLIS STREET</strong><br><span>Surface: sealed</span><br><span>Length: 0.34 km</span><br><span>Length rank: 656</span></div>
road_8328197,path,Road centreline,hamilton_road_path,GOSSET AVENUE,,,,sealed,0.34047024880198,657,@EAAwwojmI`ni_gA}e@kLyAoA_@gA|@iD`U{c@nJkU|Ooj@pj@xI,,,,,,,30,#1464a5cc,#1464a5cc,,,,,,,<div><strong>GOSSET AVENUE</strong><br><span>Surface: sealed</span><br><span>Length: 0.34 km</span><br><span>Length rank: 657</span></div>
road_3283273,path,Road centreline,hamilton_road_path,AMOKURA CRESCENT,,,,sealed,0.3400759128529406,658,@EAA_nofmIpdv}fAns@co@r@aAh@_Ca@}BcQkLeEiAcE]ai@IkC\aQlC}Jl@sFp@iJpDqFjE,,,,,,,30,#1464a5cc,#1464a5cc,,,,,,,<div><strong>AMOKURA CRESCENT</strong><br><span>Surface: sealed</span><br><span>Length: 0.34 km</span><br><span>Length rank: 658</span></div>
road_8326482,path,Road centreline,hamilton_road_path,MAANIHI DRIVE,,,,sealed,0.3399078182250157,659,@EAA_y|hmIjep}fARGpxDojAt[}I,,,,,,,30,#1464a5cc,#1464a5cc,,,,,,,<div><strong>MAANIHI DRIVE</strong><br><span>Surface: sealed</span><br><span>Length: 0.34 km</span><br><span>Length rank: 659</span></div>
road_3283105,path,Road centreline,hamilton_road_path,JOANNA PLACE,,,,sealed,0.3395150964224133,660,@EAAoj`imIxrhcgA{BnE_BtC_C`Dia@bc@yCtD{AnFyGn`@i@~G@fEv@fC`BtCbBvBvDnC|BbAvEdAjW`BvObA,,,,,,,30,#1464a5cc,#1464a5cc,,,,,,,<div><strong>JOANNA PLACE</strong><br><span>Surface: sealed</span><br><span>Length: 0.34 km</span><br><span>Length rank: 660</span></div>
road_3258164,path,Road centreline,hamilton_road_path,THE BASE PARADE,,,,sealed,0.3385902941554216,661,@EAAcpefmIde__gAc[yTiIsHmCaC}@kBc@cCyAwBeDuBuC}AcM_JgBoBsBuBcK_F{MaJgVkN}\iSuHoF,,,,,,,30,#1464a5cc,#1464a5cc,,,,,,,<div><strong>THE BASE PARADE</strong><br><span>Surface: sealed</span><br><span>Length: 0.34 km</span><br><span>Length rank: 661</span></div>
road_7742428,path,Road centreline,hamilton_road_path,KAPUA CRESCENT,,,,sealed,0.3373589313845414,662,@EAAqiahmI~dt|fAePy@_Fc@yEm@iDa@kCW_CQmBEiEDG?aEV{Dl@yG`BiJ|ByDhA}CdBs@j@{AlA{AvBmAvCa@|CCvC\tFp@vFxA~GlCdIfHfN|O|TtBvC,,,,,,,30,#1464a5cc,#1464a5cc,,,,,,,<div><strong>KAPUA CRESCENT</strong><br><span>Surface: sealed</span><br><span>Length: 0.34 km</span><br><span>Length rank: 662</span></div>
road_3258156,path,Road centreline,hamilton_road_path,EUCLID AVENUE,,,,sealed,0.3367399174289913,663,@EAAoingmIv{p_gA|gEneB,,,,,,,30,#1464a5cc,#1464a5cc,,,,,,,<div><strong>EUCLID AVENUE</strong><br><span>Surface: sealed</span><br><span>Length: 0.34 km</span><br><span>Length rank: 663</span></div>
road_3258226,path,Road centreline,hamilton_road_path,BETTINA ROAD,,,,sealed,0.3366170309287051,664,@EAA{mfimIldo`gAokB}X_|AeTsZiE,,,,,,,30,#1464a5cc,#1464a5cc,,,,,,,<div><strong>BETTINA ROAD</strong><br><span>Surface: sealed</span><br><span>Length: 0.34 km</span><br><span>Length rank: 664</span></div>
road_3283438,path,Road centreline,hamilton_road_path,CHRISTOBEL CIRCLE,,,,sealed,0.3365262561458679,665,@EAAkz_imIpir}fA@On@yF^oEf@eJ~CcJdBaCvB{BvAw@`Cy@lEm@vGM|A`@tBjAnC~A`CxDrCjKb@vCSzFu@jJs@tF{AnBoBlByCdAcEf@sBA{_@yA]iL,,,,,,,30,#1464a5cc,#1464a5cc,,,,,,,<div><strong>CHRISTOBEL CIRCLE</strong><br><span>Surface: sealed</span><br><span>Length: 0.34 km</span><br><span>Length rank: 665</span></div>
road_3258160,path,Road centreline,hamilton_road_path,LARNACH STREET,,,,sealed,0.3351194261169403,666,@EAAeicgmI~fa_gAgRnKyFnB{JPuABw~@cAomAyAuOAaCt@}D~CwIhI,,,,,,,30,#1464a5cc,#1464a5cc,,,,,,,<div><strong>LARNACH STREET</strong><br><span>Surface: sealed</span><br><span>Length: 0.34 km</span><br><span>Length rank: 666</span></div>
road_6064562,path,Road centreline,hamilton_road_path,CHALMERS ROAD,,,,sealed,0.3339434713064602,667,@EAAo~bfmIzg~~fAxFbEhOpL`~@|n@~@p@rc@`[`RdN`XlQ,,,,,,,30,#1464a5cc,#1464a5cc,,,,,,,<div><strong>CHALMERS ROAD</strong><br><span>Surface: sealed</span><br><span>Length: 0.33 km</span><br><span>Length rank: 667</span></div>
road_3283144,path,Road centreline,hamilton_road_path,ANGLESEA STREET,,,,sealed,0.3337712908197531,668,@EAAkbrimIpjwagAaVbWcUdVoOfPgDlDsLbMc}@z`A,,,,,,,30,#1464a5cc,#1464a5cc,,,,,,,<div><strong>ANGLESEA STREET</strong><br><span>Surface: sealed</span><br><span>Length: 0.33 km</span><br><span>Length rank: 668</span></div>
road_3258197,path,Road centreline,hamilton_road_path,WHITNEY PLACE,,,,sealed,0.333075987145672,669,@EAAwtvgmI~_n}fAs\tk@uNnSkE~CaFnA_FFos@qDiNTkBVmOxCsMtGcG|D,,,,,,,30,#1464a5cc,#1464a5cc,,,,,,,<div><strong>WHITNEY PLACE</strong><br><span>Surface: sealed</span><br><span>Length: 0.33 km</span><br><span>Length rank: 669</span></div>
road_3283116,path,Road centreline,hamilton_road_path,JONES CRESCENT,,,,sealed,0.33118357826647,670,@EAAamlimI`gubgA@{CSeF{AwPgAcD}AgC}EqDwGcC{gA}S{CGeEJqD^oCl@iH~CuD|C_DlG}@tEZpGnB|I,,,,,,,30,#1464a5cc,#1464a5cc,,,,,,,<div><strong>JONES CRESCENT</strong><br><span>Surface: sealed</span><br><span>Length: 0.33 km</span><br><span>Length rank: 670</span></div>
road_7742792,path,Road centreline,hamilton_road_path,INUWAI STREET,,,,sealed,0.330874432503887,671,@EAAutpjmIj`ncgAjRpLrMpFzKfG~EhDhCbFpAzG`AdEh@vCzA|Jv@jBdBxB|AfAnBp@lCRfDSz{@}JfVx@,,,,,,,30,#1464a5cc,#1464a5cc,,,,,,,<div><strong>INUWAI STREET</strong><br><span>Surface: sealed</span><br><span>Length: 0.33 km</span><br><span>Length rank: 671</span></div>
road_3283210,path,Road centreline,hamilton_road_path,FARNBOROUGH DRIVE,,,,sealed,0.3307665474047362,672,@EAAq~~emIbsp`gAcRtTuG~JcDjLW~JvBvOf@~]u@`R?tL|Dxe@,,,,,,,30,#1464a5cc,#1464a5cc,,,,,,,<div><strong>FARNBOROUGH DRIVE</strong><br><span>Surface: sealed</span><br><span>Length: 0.33 km</span><br><span>Length rank: 672</span></div>
road_3258118,path,Road centreline,hamilton_road_path,SUBSTATION ROAD,,,,sealed,0.3306058998430821,673,@EAAa{yjmIt|}`gAbVgiCpBiVxC{U,,,,,,,30,#1464a5cc,#1464a5cc,,,,,,,<div><strong>SUBSTATION ROAD</strong><br><span>Surface: sealed</span><br><span>Length: 0.33 km</span><br><span>Length rank: 673</span></div>
road_8329694,path,Road centreline,hamilton_road_path,HALO GREEN,,,,sealed,0.3303110443442327,674,@EAAedkjmInkzcgAcJq}@`@uBpCmI|AgAxBGdd@rEtAh@dAdAzH|x@FxBi@vB,,,,,,,30,#1464a5cc,#1464a5cc,,,,,,,<div><strong>HALO GREEN</strong><br><span>Surface: sealed</span><br><span>Length: 0.33 km</span><br><span>Length rank: 674</span></div>
road_3283363,path,Road centreline,hamilton_road_path,WOODSTOCK ROAD,,,,sealed,0.3301552119602128,675,@EAAuguhmI`ui`gAJeB~CgVz@yOp@cGd@_FNcCCwAe@wB{@cBqBaBkEcBmGiAmBUqe@iHabAaNeCIoAL,,,,,,,30,#1464a5cc,#1464a5cc,,,,,,,<div><strong>WOODSTOCK ROAD</strong><br><span>Surface: sealed</span><br><span>Length: 0.33 km</span><br><span>Length rank: 675</span></div>
road_3283226,path,Road centreline,hamilton_road_path,CHARLES CRESCENT,,,,sealed,0.330098825538856,676,@EAAcz~gmIxu``gAsCfAmS|H{N|EgG|AwGx@cEX}RIgYwHaVsG}nAa\,,,,,,,30,#1464a5cc,#1464a5cc,,,,,,,<div><strong>CHARLES CRESCENT</strong><br><span>Surface: sealed</span><br><span>Length: 0.33 km</span><br><span>Length rank: 676</span></div>
road_3283330,path,Road centreline,hamilton_road_path,BENTLEY RISE,,,,sealed,0.3298327417514467,677,@EAAs~yfmIhvy}fAfAuDf@yFiBsHyh@_a@u@q@iB_@sALiHxB{FxCcBnD`BjMT`Ch@|A~DnErHpDbHrIzBjAhEb@pJw@|EGxDPxA?lA_@,,,,,,,30,#1464a5cc,#1464a5cc,,,,,,,<div><strong>BENTLEY RISE</strong><br><span>Surface: sealed</span><br><span>Length: 0.33 km</span><br><span>Length rank: 677</span></div>
road_3258085,path,Road centreline,hamilton_road_path,DAWSON STREET,,,,sealed,0.3293492426354144,678,@EAAimyimIbvkagAoKwIyDgBaI{B{QiCwu@qKihBaWgIkA,,,,,,,30,#1464a5cc,#1464a5cc,,,,,,,<div><strong>DAWSON STREET</strong><br><span>Surface: sealed</span><br><span>Length: 0.33 km</span><br><span>Length rank: 678</span></div>
road_3258100,path,Road centreline,hamilton_road_path,BLEDISLOE TERRACE,,,,sealed,0.3293263545702508,679,@EAA_u_jmI`obbgAfMxGnYbOfFxEdCtEp@bGiFjp@~AnQrDhIhGdHtK|G|O~F,,,,,,,30,#1464a5cc,#1464a5cc,,,,,,,<div><strong>BLEDISLOE TERRACE</strong><br><span>Surface: sealed</span><br><span>Length: 0.33 km</span><br><span>Length rank: 679</span></div>
road_3283260,path,Road centreline,hamilton_road_path,DORIEMUS DRIVE,,,,sealed,0.3292003536755243,680,@EAAghigmIbma`gARr@rBjCnDnFlBjFt@~FL|Du@xFg@zCmA|D_BvDwAnCuAnDwCtEmDrDoH`@_EWaBi@qFkB]_D_@mBGuBn@eIJqGk@iF}BeIaDyFcEsEyBiBkB_B,,,,,,,30,#1464a5cc,#1464a5cc,,,,,,,<div><strong>DORIEMUS DRIVE</strong><br><span>Surface: sealed</span><br><span>Length: 0.33 km</span><br><span>Length rank: 680</span></div>
road_3283277,path,Road centreline,hamilton_road_path,CATE ROAD,,,,sealed,0.3285024839450061,681,@EAAwtohmIdw`~fAnEyI`LoTz@}AlNeW|GkNjEiKrC}IhA_DbCsLfAoG`BiOn@wE`AwDfDgMt@qC,,,,,,,30,#1464a5cc,#1464a5cc,,,,,,,<div><strong>CATE ROAD</strong><br><span>Surface: sealed</span><br><span>Length: 0.33 km</span><br><span>Length rank: 681</span></div>
road_3258002,path,Road centreline,hamilton_road_path,MAITLAND STREET,,,,sealed,0.3284948913050099,682,@EAA_ltgmIzsyagAiAbFNjE~XreA`c@h|A,,,,,,,30,#1464a5cc,#1464a5cc,,,,,,,<div><strong>MAITLAND STREET</strong><br><span>Surface: sealed</span><br><span>Length: 0.33 km</span><br><span>Length rank: 682</span></div>
road_3283185,path,Road centreline,hamilton_road_path,BROCAS AVENUE,,,,sealed,0.3280947808232931,683,@EAAk}akmIveragAuFtBwIdEcxB~nAoB~AyBpAe[nX,,,,,,,30,#1464a5cc,#1464a5cc,,,,,,,<div><strong>BROCAS AVENUE</strong><br><span>Surface: sealed</span><br><span>Length: 0.33 km</span><br><span>Length rank: 683</span></div>
road_3283088,path,Road centreline,hamilton_road_path,POLLEN CRESCENT,,,,sealed,0.3280437136287804,684,@EAAsltimI~{}bgAmC~BoCfCgCnC{UxY_ArASvBy@ha@m@|B}A|CgChCuDbCcFxAuG|@kGCmD]cDm@{HqDcWeSwBcAaCm@,,,,,,,30,#1464a5cc,#1464a5cc,,,,,,,<div><strong>POLLEN CRESCENT</strong><br><span>Surface: sealed</span><br><span>Length: 0.33 km</span><br><span>Length rank: 684</span></div>
road_3257958,path,Road centreline,hamilton_road_path,DESERET ROAD,,,,sealed,0.3278271179241895,685,@EAAmalemI|qecgA~JxLpGvIlEhGvA`DT`FiCjNoGpZcIz`@uNhs@,,,,,,,30,#1464a5cc,#1464a5cc,,,,,,,<div><strong>DESERET ROAD</strong><br><span>Surface: sealed</span><br><span>Length: 0.33 km</span><br><span>Length rank: 685</span></div>
road_3314810,path,Road centreline,hamilton_road_path,CHALGROVE ROAD,,,,sealed,0.3275093176684245,686,@EAAgyeimIbmm}fAuHB{I@gMNiCDuFHcHf@sYlDm\jFo^pK{NfFiSlIq`@dP,,,,,,,30,#1464a5cc,#1464a5cc,,,,,,,<div><strong>CHALGROVE ROAD</strong><br><span>Surface: sealed</span><br><span>Length: 0.33 km</span><br><span>Length rank: 686</span></div>
road_3283054,path,Road centreline,hamilton_road_path,SMITH STREET,,,,sealed,0.3271401369469343,687,@EAAke|gmIbtsagAoX~cDaBxP,,,,,,,30,#1464a5cc,#1464a5cc,,,,,,,<div><strong>SMITH STREET</strong><br><span>Surface: sealed</span><br><span>Length: 0.33 km</span><br><span>Length rank: 687</span></div>
road_7742426,path,Road centreline,hamilton_road_path,MCCORQUINDALE DRIVE,,,,sealed,0.3269454347767647,688,@EAAse|fmIb|c}fAwBjDiAlBqAzAwBbBaB~@kC~@_Dl@}DN{FCqLGeI@sADkDH{H^oFTgDZuF~@kDhAsCfB{CjC}B|C[|@kA|CoC|GaYpr@,,,,,,,30,#1464a5cc,#1464a5cc,,,,,,,<div><strong>MCCORQUINDALE DRIVE</strong><br><span>Surface: sealed</span><br><span>Length: 0.33 km</span><br><span>Length rank: 688</span></div>
road_8328187,path,Road centreline,hamilton_road_path,KOURA DRIVE,,,,sealed,0.3263240356303308,689,@EAAmp_emIv|}}fAux@su@aOqMeZgSeq@y[sMkG,,,,,,,30,#1464a5cc,#1464a5cc,,,,,,,<div><strong>KOURA DRIVE</strong><br><span>Surface: sealed</span><br><span>Length: 0.33 km</span><br><span>Length rank: 689</span></div>
road_3283089,path,Road centreline,hamilton_road_path,EXETER STREET,,,,sealed,0.3254341743113923,690,@EAAgnajmIpgucgAua@pJeFbBmEdBiDpByBdC_CjC{BtFc`@npB,,,,,,,30,#1464a5cc,#1464a5cc,,,,,,,<div><strong>EXETER STREET</strong><br><span>Surface: sealed</span><br><span>Length: 0.33 km</span><br><span>Length rank: 690</span></div>
road_3257978,path,Road centreline,hamilton_road_path,LOCHINVER DRIVE,,,,sealed,0.3237781608306062,691,@EAA}ddfmIfi~`gAnYpCnIh@`HSpEgAnCoApC}BbD}D`DuE~GsHpEsD~EuChf@}OlC}@dDYvCGdEhApBjB~AhEJlDqAvG?hH,,,,,,,30,#1464a5cc,#1464a5cc,,,,,,,<div><strong>LOCHINVER DRIVE</strong><br><span>Surface: sealed</span><br><span>Length: 0.32 km</span><br><span>Length rank: 691</span></div>
road_3283376,path,Road centreline,hamilton_road_path,SPENSER ROAD,,,,sealed,0.322329017368097,692,@EAAyigjmIl`d`gAinAnl@}QfRou@paA,,,,,,,30,#1464a5cc,#1464a5cc,,,,,,,<div><strong>SPENSER ROAD</strong><br><span>Surface: sealed</span><br><span>Length: 0.32 km</span><br><span>Length rank: 692</span></div>
road_3258149,path,Road centreline,hamilton_road_path,DOVER ROAD,,,,sealed,0.3222914354323892,693,@EAAm~zgmIf{p_gAleA_pAzXe[xCq@nEX|g@dT,,,,,,,30,#1464a5cc,#1464a5cc,,,,,,,<div><strong>DOVER ROAD</strong><br><span>Surface: sealed</span><br><span>Length: 0.32 km</span><br><span>Length rank: 693</span></div>
road_3258093,path,Road centreline,hamilton_road_path,BAINS AVENUE,,,,sealed,0.3222421844863539,694,@EAAowcjmI~g_agAg{Emo@,,,,,,,30,#1464a5cc,#1464a5cc,,,,,,,<div><strong>BAINS AVENUE</strong><br><span>Surface: sealed</span><br><span>Length: 0.32 km</span><br><span>Length rank: 694</span></div>
road_3258205,path,Road centreline,hamilton_road_path,ANSON AVENUE,,,,sealed,0.320575749569154,695,@EAAkd{hmIfxk`gAWsCPgDvf@qkBfQyp@p@uAnAy@,,,,,,,30,#1464a5cc,#1464a5cc,,,,,,,<div><strong>ANSON AVENUE</strong><br><span>Surface: sealed</span><br><span>Length: 0.32 km</span><br><span>Length rank: 695</span></div>
road_8328198,path,Road centreline,hamilton_road_path,COULDSACK AVENUE,,,,sealed,0.319834087817874,696,@EAAobqjmI|{h_gAoGK_^sMe@{@SeAJcA`@{@tKqPlJ{PfJkTpMib@tAo@`BMrc@`H,,,,,,,30,#1464a5cc,#1464a5cc,,,,,,,<div><strong>COULDSACK AVENUE</strong><br><span>Surface: sealed</span><br><span>Length: 0.32 km</span><br><span>Length rank: 696</span></div>
road_7742030,path,Road centreline,hamilton_road_path,MAGGIE PLACE,,,,sealed,0.3191473992146446,697,@EAAkvejmItng_gAuN~o@sNrc@kEfIuGdIuDbHYbLaBlLoIrJiC`N,,,,,,,30,#1464a5cc,#1464a5cc,,,,,,,<div><strong>MAGGIE PLACE</strong><br><span>Surface: sealed</span><br><span>Length: 0.32 km</span><br><span>Length rank: 697</span></div>
road_3258120,path,Road centreline,hamilton_road_path,BRETTON TERRACE,,,,sealed,0.3189872244685473,698,@EAAmvckmIno_bgAcoCpWqj@xFeCbAoAlAsCnEkFdJ,,,,,,,30,#1464a5cc,#1464a5cc,,,,,,,<div><strong>BRETTON TERRACE</strong><br><span>Surface: sealed</span><br><span>Length: 0.32 km</span><br><span>Length rank: 698</span></div>
road_3283053,path,Road centreline,hamilton_road_path,ALLEN STREET,,,,sealed,0.3183552518189409,699,@EAAk{ygmIh{sagAkEdf@gRhzB_@lN,,,,,,,30,#1464a5cc,#1464a5cc,,,,,,,<div><strong>ALLEN STREET</strong><br><span>Surface: sealed</span><br><span>Length: 0.32 km</span><br><span>Length rank: 699</span></div>
road_3283406,path,Road centreline,hamilton_road_path,ERNEST ROAD,,,,sealed,0.3183180480026394,700,@EAAsg~jmIl`{_gAcCu~@e@}V_@aE{@sFmDoFwDuE}FeEaGkCyr@mO,,,,,,,30,#1464a5cc,#1464a5cc,,,,,,,<div><strong>ERNEST ROAD</strong><br><span>Surface: sealed</span><br><span>Length: 0.32 km</span><br><span>Length rank: 700</span></div>
road_3257992,path,Road centreline,hamilton_road_path,VELMA CRESCENT,,,,sealed,0.318310002274381,701,@EAAuqofmI~fiagAugA{x@wIeEoHoBss@aNeFe@eEYq\H,,,,,,,30,#1464a5cc,#1464a5cc,,,,,,,<div><strong>VELMA CRESCENT</strong><br><span>Surface: sealed</span><br><span>Length: 0.32 km</span><br><span>Length rank: 701</span></div>
road_3283348,path,Road centreline,hamilton_road_path,VEREL STREET,,,,sealed,0.3182975693119887,702,@EAAswjimIfih`gAvwE`q@,,,,,,,30,#1464a5cc,#1464a5cc,,,,,,,<div><strong>VEREL STREET</strong><br><span>Surface: sealed</span><br><span>Length: 0.32 km</span><br><span>Length rank: 702</span></div>
road_3283140,path,Road centreline,hamilton_road_path,ECHOBANK PLACE,,,,metalled,0.3182701654685013,703,@EAAkkdkmIblmbgAb@pD_CrM_JbNxA~TiEvRwCtIyL|Po@vDc@lEZ|EjLtl@,,,,,,,30,#bb7f22cc,#bb7f22cc,,,,,,,<div><strong>ECHOBANK PLACE</strong><br><span>Surface: metalled</span><br><span>Length: 0.32 km</span><br><span>Length rank: 703</span></div>
road_8328179,path,Road centreline,hamilton_road_path,Road centreline,,,,unmetalled,0.318239597770257,704,@EAAa_}dmIlaa`gAgWhRgDlA{s@fMmjA|QeE|@cCrAgCbCaRxRED,,,,,,,30,#734a12cc,#734a12cc,,,,,,,<div><strong>Road 8328179</strong><br><span>Surface: unmetalled</span><br><span>Length: 0.32 km</span><br><span>Length rank: 704</span></div>
road_3257959,path,Road centreline,hamilton_road_path,GOODWIN TERRACE,,,,sealed,0.3181192554939599,705,@EAAkp|emIt}hcgAgLnYa@nEDlD\zDhHrMho@ljAzL|RlDxF,,,,,,,30,#1464a5cc,#1464a5cc,,,,,,,<div><strong>GOODWIN TERRACE</strong><br><span>Surface: sealed</span><br><span>Length: 0.32 km</span><br><span>Length rank: 705</span></div>
road_3283404,path,Road centreline,hamilton_road_path,NEWFIELD DRIVE,,,,sealed,0.3179976603348157,706,@EAAqw`kmIhkz_gAlP~FvPxErNzCtJdAlFJ~Hc@fr@oD|TaB|RdAhi@tK,,,,,,,30,#1464a5cc,#1464a5cc,,,,,,,<div><strong>NEWFIELD DRIVE</strong><br><span>Surface: sealed</span><br><span>Length: 0.32 km</span><br><span>Length rank: 706</span></div>
road_3283423,path,Road centreline,hamilton_road_path,LANGDALE COURT,,,,sealed,0.3165472235238261,707,@EAA}yjimInow~fAeMdEsPlDcMpBoMdBgMhAaMvA}Cf@_K~AiSpEwN`DkCR{DYkCkAmBeBu@oGDcD_@uDq@qE{@uDgA_CkAeD,,,,,,,30,#1464a5cc,#1464a5cc,,,,,,,<div><strong>LANGDALE COURT</strong><br><span>Surface: sealed</span><br><span>Length: 0.32 km</span><br><span>Length rank: 707</span></div>
road_3283013,path,Road centreline,hamilton_road_path,WEST RIDGE DRIVE,,,,sealed,0.3160419078294271,708,@EAAokkfmItiqagAlT@hE}@bCcBn@gBNaC}BuMWqGv@cGhC_G|NiTvGmH~G{C|MyBpb@z@lTm@,,,,,,,30,#1464a5cc,#1464a5cc,,,,,,,<div><strong>WEST RIDGE DRIVE</strong><br><span>Surface: sealed</span><br><span>Length: 0.32 km</span><br><span>Length rank: 708</span></div>
road_3258068,path,Road centreline,hamilton_road_path,DEVON ROAD,,,,sealed,0.3155893983256969,709,@EAAg|vhmIf_magAxi@cx@fe@yr@hCwC|EsDna@qX,,,,,,,30,#1464a5cc,#1464a5cc,,,,,,,<div><strong>DEVON ROAD</strong><br><span>Surface: sealed</span><br><span>Length: 0.32 km</span><br><span>Length rank: 709</span></div>
road_3257911,path,Road centreline,hamilton_road_path,FAIPING ROAD,,,,sealed,0.3151541096369836,710,@EAAcqqkmIn~edgAaChDeBfC_DnEmA`BsA`BgEjDmFpD_E|BeAx@_AjAe@tAwBlJyA~H{@`Jy@jIs@`Is@zIe@jE{@lIaA~HaArHa@rDy@rH_@jC,,,,,,,30,#1464a5cc,#1464a5cc,,,,,,,<div><strong>FAIPING ROAD</strong><br><span>Surface: sealed</span><br><span>Length: 0.32 km</span><br><span>Length rank: 710</span></div>
road_6082176,path,Road centreline,hamilton_road_path,PATATEE TERRACE,,,,sealed,0.3150085480800804,711,@EAAmytemIlb``gAeoAaa@aNeEcOyCoJiAqPSeQjAuKfCqMjEkNdI,,,,,,,30,#1464a5cc,#1464a5cc,,,,,,,<div><strong>PATATEE TERRACE</strong><br><span>Surface: sealed</span><br><span>Length: 0.32 km</span><br><span>Length rank: 711</span></div>
road_3283029,path,Road centreline,hamilton_road_path,FREDERICK DRIVE,,,,sealed,0.3142487827709601,712,@EAAycmgmInt`agAy^h[qA~BMjBMtC^~BdS`e@LdABz@QbAq@dA}@x@mAl@gCj@}`A`O_JtA,,,,,,,30,#1464a5cc,#1464a5cc,,,,,,,<div><strong>FREDERICK DRIVE</strong><br><span>Surface: sealed</span><br><span>Length: 0.31 km</span><br><span>Length rank: 712</span></div>
road_3283225,path,Road centreline,hamilton_road_path,WINDSOR ROAD,,,,sealed,0.3141514594460202,713,@EAAmx`hmIv`m`gAfqAfq@jc@fTvy@pb@,,,,,,,30,#1464a5cc,#1464a5cc,,,,,,,<div><strong>WINDSOR ROAD</strong><br><span>Surface: sealed</span><br><span>Length: 0.31 km</span><br><span>Length rank: 713</span></div>
road_3283007,path,Road centreline,hamilton_road_path,HAMBLYN CRESCENT,,,,sealed,0.3138739460064607,714,@EAAexhfmIlbeagAgg@dj@gBvA_ClAewBt_A,,,,,,,30,#1464a5cc,#1464a5cc,,,,,,,<div><strong>HAMBLYN CRESCENT</strong><br><span>Surface: sealed</span><br><span>Length: 0.31 km</span><br><span>Length rank: 714</span></div>
road_3283173,path,Road centreline,hamilton_road_path,PATRICIA AVENUE,,,,sealed,0.3131832492548589,715,@EAAgwpjmIhveagAwC`@oApAoLle@{DtOqErQbApE~ClCxb@|PrAdA`AjBI~B{Jfa@,,,,,,,30,#1464a5cc,#1464a5cc,,,,,,,<div><strong>PATRICIA AVENUE</strong><br><span>Surface: sealed</span><br><span>Length: 0.31 km</span><br><span>Length rank: 715</span></div>
road_3283392,path,Road centreline,hamilton_road_path,Road centreline,,,,sealed,0.3123320823065278,716,@EAAmz{imInxm_gA`l@eBjGq@rF_ApGmE~EgHrAyBdAaDf@}HFaJHwFv@{GhBeE|]gm@,,,,,,,30,#1464a5cc,#1464a5cc,,,,,,,<div><strong>Road 3283392</strong><br><span>Surface: sealed</span><br><span>Length: 0.31 km</span><br><span>Length rank: 716</span></div>
road_3258229,path,Road centreline,hamilton_road_path,ASPIRING CRESCENT,,,,sealed,0.3117750160904327,717,@EAAqpfimI`}n_gAu|Bc`@sCa@wFL_Gr@uFvB{DfC}BhCsBhH}@fX,,,,,,,30,#1464a5cc,#1464a5cc,,,,,,,<div><strong>ASPIRING CRESCENT</strong><br><span>Surface: sealed</span><br><span>Length: 0.31 km</span><br><span>Length rank: 717</span></div>
road_3258051,path,Road centreline,hamilton_road_path,ROSALIND STREET,,,,sealed,0.3110803938139587,718,@EAAe_`imI`{kcgAjT`BlKbBhIpCfmBzx@rKvFhFlDtInH,,,,,,,30,#1464a5cc,#1464a5cc,,,,,,,<div><strong>ROSALIND STREET</strong><br><span>Surface: sealed</span><br><span>Length: 0.31 km</span><br><span>Length rank: 718</span></div>
road_6064577,path,Road centreline,hamilton_road_path,TRAMWAY ROAD,,,,sealed,0.3110363509840416,719,@EAAwbfjmIftl_gAbMyKvF}HjEiHhEmIrJyQnBqC~AqAlBo@bCEhCf@tA\vA|@l@jA|AzGx@{JHcDy@uD_BeDuBcDeAuCKsD`AcHtBoK,,,,,,,30,#1464a5cc,#1464a5cc,,,,,,,<div><strong>TRAMWAY ROAD</strong><br><span>Surface: sealed</span><br><span>Length: 0.31 km</span><br><span>Length rank: 719</span></div>
road_3258256,path,Road centreline,hamilton_road_path,RAVENSCOURT PLACE,,,,sealed,0.3109873468567448,720,@EAAwepimI~`a~fA_JjCmOhFyIpC}C`BsBxAyB~C{@xCe@xDUbEg@~EcAnEwBvHiBnIgC`KkCnNwAbOaAlBmBrAgCXqCA{Ds@wImC,,,,,,,30,#1464a5cc,#1464a5cc,,,,,,,<div><strong>RAVENSCOURT PLACE</strong><br><span>Surface: sealed</span><br><span>Length: 0.31 km</span><br><span>Length rank: 720</span></div>
road_3258013,path,Road centreline,hamilton_road_path,PURIRI STREET,,,,sealed,0.3103988492195495,721,@EAAg}|fmIhft`gArnDlhB,,,,,,,30,#1464a5cc,#1464a5cc,,,,,,,<div><strong>PURIRI STREET</strong><br><span>Surface: sealed</span><br><span>Length: 0.31 km</span><br><span>Length rank: 721</span></div>
road_3258076,path,Road centreline,hamilton_road_path,HILL STREET,,,,sealed,0.3095365470737704,722,@EAAm_`imIxnsagAkC}EqAaBgAoBoQq\g}@obBaDeCSIyGwC,,,,,,,29,#1464a5cc,#1464a5cc,,,,,,,<div><strong>HILL STREET</strong><br><span>Surface: sealed</span><br><span>Length: 0.31 km</span><br><span>Length rank: 722</span></div>
road_3283347,path,Road centreline,hamilton_road_path,WINTER STREET,,,,sealed,0.3093814095844077,723,@EAAqskimIz}i`gAx`Cb]xcAzNrBFhBo@dBeB,,,,,,,29,#1464a5cc,#1464a5cc,,,,,,,<div><strong>WINTER STREET</strong><br><span>Surface: sealed</span><br><span>Length: 0.31 km</span><br><span>Length rank: 723</span></div>
road_3283244,path,Road centreline,hamilton_road_path,STEELE ROAD,,,,sealed,0.3093356623670767,724,@EAAsf`hmIj|i`gAvGuDhHsDrl@e_@nuAuqA,,,,,,,29,#1464a5cc,#1464a5cc,,,,,,,<div><strong>STEELE ROAD</strong><br><span>Surface: sealed</span><br><span>Length: 0.31 km</span><br><span>Length rank: 724</span></div>
road_3258227,path,Road centreline,hamilton_road_path,HOWDEN ROAD,,,,sealed,0.3090514702976072,725,@EAAyrlimI|vk`gAhIhBvJfBfvAtSdSpBvDK~CoAtAqCbQiq@,,,,,,,29,#1464a5cc,#1464a5cc,,,,,,,<div><strong>HOWDEN ROAD</strong><br><span>Surface: sealed</span><br><span>Length: 0.31 km</span><br><span>Length rank: 725</span></div>
road_8328183,path,Road centreline,hamilton_road_path,WINDERS ROAD,,,,sealed,0.3082177334797734,726,@EAAig`fmInk`_gAUTsiBnbBeFdE}F~CmHfCoR|E,,,,,,,29,#1464a5cc,#1464a5cc,,,,,,,<div><strong>WINDERS ROAD</strong><br><span>Surface: sealed</span><br><span>Length: 0.31 km</span><br><span>Length rank: 726</span></div>
road_3314890,path,Road centreline,hamilton_road_path,TE RAPA ACCESS ROAD,,,,sealed,0.3079605663754837,727,@EAAoujemIxpj}fApF_N~BcFbJ}OnDsF~CwErAkCvAoEp@yCLoD_@{E_@}FgBwGuCkFc@cAy@eAoA{AcAs@uKoIs]sV,,,,,,,29,#1464a5cc,#1464a5cc,,,,,,,<div><strong>TE RAPA ACCESS ROAD</strong><br><span>Surface: sealed</span><br><span>Length: 0.31 km</span><br><span>Length rank: 727</span></div>
road_3257996,path,Road centreline,hamilton_road_path,DURHAM STREET,,,,sealed,0.3078430505277826,728,@EAAsrsfmIte`agA}o@k[i~B_iA,,,,,,,29,#1464a5cc,#1464a5cc,,,,,,,<div><strong>DURHAM STREET</strong><br><span>Surface: sealed</span><br><span>Length: 0.31 km</span><br><span>Length rank: 728</span></div>
road_6082175,path,Road centreline,hamilton_road_path,CARLINGFORD RISE,,,,sealed,0.3077320559380156,729,@EAAq}pfmIrmibgAR_I^iHn@}H]yA}@eAqBoAcDw@sBGuiAyDmDSyB_@sBm@kBgA{@aAq@qAWqACmAdEui@,,,,,,,29,#1464a5cc,#1464a5cc,,,,,,,<div><strong>CARLINGFORD RISE</strong><br><span>Surface: sealed</span><br><span>Length: 0.31 km</span><br><span>Length rank: 729</span></div>
road_3283240,path,Road centreline,hamilton_road_path,HOBSON STREET,,,,sealed,0.3075249088123665,730,@EAA{sbhmIlfh`gA{CzC_CjEwv@pxC,,,,,,,29,#1464a5cc,#1464a5cc,,,,,,,<div><strong>HOBSON STREET</strong><br><span>Surface: sealed</span><br><span>Length: 0.31 km</span><br><span>Length rank: 730</span></div>
road_3283075,path,Road centreline,hamilton_road_path,WHA STREET,,,,sealed,0.3056616517303235,731,@EAAoq}gmIrobagA_AiGgJcn@wB{Ni@mAsAw@mDYeZlCiEl@uEbBiv@z[yBjA,,,,,,,29,#1464a5cc,#1464a5cc,,,,,,,<div><strong>WHA STREET</strong><br><span>Surface: sealed</span><br><span>Length: 0.31 km</span><br><span>Length rank: 731</span></div>
road_3283367,path,Road centreline,hamilton_road_path,TAMIHANA AVENUE,,,,sealed,0.3055653676739935,732,@EAAolbimIdmn`gAvu@`u@rB|B`@lBNpBaAtEqTlp@[tBKhDXdEzA`Ed@nAxAtE,,,,,,,29,#1464a5cc,#1464a5cc,,,,,,,<div><strong>TAMIHANA AVENUE</strong><br><span>Surface: sealed</span><br><span>Length: 0.31 km</span><br><span>Length rank: 732</span></div>
road_7742384,path,Road centreline,hamilton_road_path,Road centreline,,,,sealed,0.3052803787872185,733,@EAA}y~fmIlw`agA`@zA@v@]p@iBpBiXnUo[jXwDpDw@x@e@rBsA|Vc@tBs@fAaKlFaAh@{]rRiF|C,,,,,,,29,#1464a5cc,#1464a5cc,,,,,,,<div><strong>Road 7742384</strong><br><span>Surface: sealed</span><br><span>Length: 0.31 km</span><br><span>Length rank: 733</span></div>
road_3258155,path,Road centreline,hamilton_road_path,DALGLIESH AVENUE,,,,sealed,0.3051985948084513,734,@EAAejxgmIbfa`gAtBlE|G|OvF~LfCzDHLjDjCpQbKjvAby@xFfD,,,,,,,29,#1464a5cc,#1464a5cc,,,,,,,<div><strong>DALGLIESH AVENUE</strong><br><span>Surface: sealed</span><br><span>Length: 0.31 km</span><br><span>Length rank: 734</span></div>
road_3258045,path,Road centreline,hamilton_road_path,SANDLEIGH ROAD,,,,sealed,0.3048621310982282,735,@EAAwcfimI~zmbgAfI`@ty@bEfA@tHFvJSjDUxx@aFrUwA`FiAlE_ChK}K,,,,,,,29,#1464a5cc,#1464a5cc,,,,,,,<div><strong>SANDLEIGH ROAD</strong><br><span>Surface: sealed</span><br><span>Length: 0.30 km</span><br><span>Length rank: 735</span></div>
road_3258174,path,Road centreline,hamilton_road_path,SHERWOOD DRIVE,,,,sealed,0.3046276183579915,736,@EAA}oxfmIbaw~fAxbAlJzcAhIfjAhJ,,,,,,,29,#1464a5cc,#1464a5cc,,,,,,,<div><strong>SHERWOOD DRIVE</strong><br><span>Surface: sealed</span><br><span>Length: 0.30 km</span><br><span>Length rank: 736</span></div>
road_3258096,path,Road centreline,hamilton_road_path,OAKLEY AVENUE,,,,sealed,0.3046022061213544,737,@EAAuzhimIjjs`gAkc@p~AaAtB`Kfm@|B`N~@vC,,,,,,,29,#1464a5cc,#1464a5cc,,,,,,,<div><strong>OAKLEY AVENUE</strong><br><span>Surface: sealed</span><br><span>Length: 0.30 km</span><br><span>Length rank: 737</span></div>
road_3283371,path,Road centreline,hamilton_road_path,WALTER STREET,,,,sealed,0.3040015385391225,738,@EAA_{qimItol`gAlR}t@vRqt@tS}w@,,,,,,,29,#1464a5cc,#1464a5cc,,,,,,,<div><strong>WALTER STREET</strong><br><span>Surface: sealed</span><br><span>Length: 0.30 km</span><br><span>Length rank: 738</span></div>
road_3314333,path,Road centreline,hamilton_road_path,EMPIRE ROSE DRIVE,,,,sealed,0.303909012915674,739,@EAAyaigmIfz``gAd@cANaA[gBsA_CmE_D}F}C}CwAcE}@qB[yDs@oIq@_GFaIDsFh@uEj@sGtAkFbBmEvBoC|BoB`B}AlBe@lAGnBRvB~@fDfB|@rCx@|Cb@nCXnC^dInB`FdCjFpC,,,,,,,29,#1464a5cc,#1464a5cc,,,,,,,<div><strong>EMPIRE ROSE DRIVE</strong><br><span>Surface: sealed</span><br><span>Length: 0.30 km</span><br><span>Length rank: 739</span></div>
road_8326465,path,Road centreline,hamilton_road_path,TAAHUNUI RISE,,,,sealed,0.3028799391467011,740,@EAAgmljmIzfvcgAuDpU}Izc@fFnnAh@fSGrH,,,,,,,29,#1464a5cc,#1464a5cc,,,,,,,<div><strong>TAAHUNUI RISE</strong><br><span>Surface: sealed</span><br><span>Length: 0.30 km</span><br><span>Length rank: 740</span></div>
road_3283025,path,Road centreline,hamilton_road_path,ABERFOYLE STREET,,,,sealed,0.3027439289618721,741,@EAA}b`gmIfqfagAwTp[oCpCuBjAyC`BsIdCifAtO}IfAer@pKgBX,,,,,,,29,#1464a5cc,#1464a5cc,,,,,,,<div><strong>ABERFOYLE STREET</strong><br><span>Surface: sealed</span><br><span>Length: 0.30 km</span><br><span>Length rank: 741</span></div>
road_3283136,path,Road centreline,hamilton_road_path,SILVA CRESCENT,,,,sealed,0.3023173116925501,742,@EAAekukmIhjmbgAFvRC|BGtB[pBq@nByJlU{@tBeA`ByB`BgD|@edAxT}Bl@{BVeBk@iB{AeBeBiFiFiFwE,,,,,,,29,#1464a5cc,#1464a5cc,,,,,,,<div><strong>SILVA CRESCENT</strong><br><span>Surface: sealed</span><br><span>Length: 0.30 km</span><br><span>Length rank: 742</span></div>
road_3283259,path,Road centreline,hamilton_road_path,MARNANE TERRACE,,,,sealed,0.3017347463490662,743,@EAAkfugmI~ra_gAm{@mMsDCoE\wDh@cDlAeFlCsBbB{AfBcCfFwQxg@i@`CoBtCoStP,,,,,,,29,#1464a5cc,#1464a5cc,,,,,,,<div><strong>MARNANE TERRACE</strong><br><span>Surface: sealed</span><br><span>Length: 0.30 km</span><br><span>Length rank: 743</span></div>
road_3283420,path,Road centreline,hamilton_road_path,CRANBROOK PLACE,,,,sealed,0.3016112986064105,744,@EAAsxvhmI|hu}fAeQc@_EN_Ef@aAReAz@kA`Cp@rSXpMbAdHfBxJjAxBxBtCdDzAtCF`JShPq@vVk@nSWpCM,,,,,,,29,#1464a5cc,#1464a5cc,,,,,,,<div><strong>CRANBROOK PLACE</strong><br><span>Surface: sealed</span><br><span>Length: 0.30 km</span><br><span>Length rank: 744</span></div>
road_3258165,path,Road centreline,hamilton_road_path,TAWN PLACE,,,,sealed,0.301233380299453,745,@EAAioafmI|ho~fAqk@s_@i`@oRaJiG}u@_e@oHuC_KcA,,,,,,,29,#1464a5cc,#1464a5cc,,,,,,,<div><strong>TAWN PLACE</strong><br><span>Surface: sealed</span><br><span>Length: 0.30 km</span><br><span>Length rank: 745</span></div>
road_3258119,path,Road centreline,hamilton_road_path,MULLANE STREET,,,,sealed,0.3004545433627374,746,@EAAcx~kmIbmcbgAmLpe@aDnMkM~g@c@rB[pB[fBWvCyCvf@RtD^nBx@fBfAvA,,,,,,,29,#1464a5cc,#1464a5cc,,,,,,,<div><strong>MULLANE STREET</strong><br><span>Surface: sealed</span><br><span>Length: 0.30 km</span><br><span>Length rank: 746</span></div>
road_3283294,path,Road centreline,hamilton_road_path,MICKELSON AVENUE,,,,sealed,0.3001847379976849,747,@EAAurghmIddn~fAnm@eXnB}AbBaBt@cB`AyB~@mCd@wCn@_Dn@kEnA}Bd@wBUoAc@q@qGs@{AGiBMcC]qB]wA[aAUeDcAaF_BiDkAyIwBmTsCuJyA,,,,,,,29,#1464a5cc,#1464a5cc,,,,,,,<div><strong>MICKELSON AVENUE</strong><br><span>Surface: sealed</span><br><span>Length: 0.30 km</span><br><span>Length rank: 747</span></div>
road_3283436,path,Road centreline,hamilton_road_path,ARISTA WAY,,,,sealed,0.3001793527428306,748,@EAAyvmhmI`{n}fA[kBiEaTsA_HkCoMcAsYgAmE{AyBs@c@yC}@wOuDaKkCqHoAu_@sHeOiG,,,,,,,29,#1464a5cc,#1464a5cc,,,,,,,<div><strong>ARISTA WAY</strong><br><span>Surface: sealed</span><br><span>Length: 0.30 km</span><br><span>Length rank: 748</span></div>
road_3283229,path,Road centreline,hamilton_road_path,POLLOCK DRIVE,,,,sealed,0.2995318461135566,749,@EAAowjhmIr|t_gAoVx~@qF~WwKxh@gEzUB~H,,,,,,,29,#1464a5cc,#1464a5cc,,,,,,,<div><strong>POLLOCK DRIVE</strong><br><span>Surface: sealed</span><br><span>Length: 0.30 km</span><br><span>Length rank: 749</span></div>
road_3258190,path,Road centreline,hamilton_road_path,CATE ROAD,,,,sealed,0.2992047079674912,750,@EAAivkhmInu{}fAxZejAbFkQdD_KxAgCtBgDnRcUnHuElDuAlEa@,,,,,,,29,#1464a5cc,#1464a5cc,,,,,,,<div><strong>CATE ROAD</strong><br><span>Surface: sealed</span><br><span>Length: 0.30 km</span><br><span>Length rank: 750</span></div>
road_3283272,path,Road centreline,hamilton_road_path,MANUKA STREET,,,,sealed,0.2987606114891465,751,@EAAwwzfmIpxp~fAiGx]c@`QnBbOdD|Ql@fPuMp_A,,,,,,,29,#1464a5cc,#1464a5cc,,,,,,,<div><strong>MANUKA STREET</strong><br><span>Surface: sealed</span><br><span>Length: 0.30 km</span><br><span>Length rank: 751</span></div>
road_3283090,path,Road centreline,hamilton_road_path,DERMONT STREET,,,,sealed,0.2986097645066697,752,@EAAas|imIrc~bgA`Ez@hEf@nMLnIw@xK}Crc@uWdJ}KfDkItAeCbAgAjCoBpm@e_@,,,,,,,29,#1464a5cc,#1464a5cc,,,,,,,<div><strong>DERMONT STREET</strong><br><span>Surface: sealed</span><br><span>Length: 0.30 km</span><br><span>Length rank: 752</span></div>
road_3258235,path,Road centreline,hamilton_road_path,SARINDAH PLACE,,,,sealed,0.2983414889902568,753,@EAA{hxjmIdkw_gAi`BcZic@qHoZwH{YaFcJ_B,,,,,,,29,#1464a5cc,#1464a5cc,,,,,,,<div><strong>SARINDAH PLACE</strong><br><span>Surface: sealed</span><br><span>Length: 0.30 km</span><br><span>Length rank: 753</span></div>
road_3283184,path,Road centreline,hamilton_road_path,ETON DRIVE,,,,sealed,0.2980312135116973,754,@EAAgzilmInddbgAzDhBzBl@~CDpCSvyAqTrFk@rDYxDK|DFdGNv|@nD,,,,,,,29,#1464a5cc,#1464a5cc,,,,,,,<div><strong>ETON DRIVE</strong><br><span>Surface: sealed</span><br><span>Length: 0.30 km</span><br><span>Length rank: 754</span></div>
road_3283298,path,Road centreline,hamilton_road_path,ECLIPSE RISE,,,,sealed,0.2972240884423617,755,@EAA}yggmInfa~fAc@hAErAp@nKV`Gi@xDcBdGsBpC_EvDuGxDiClBeAlBmA|CYhDDnDd@~CRrBi@tBqBhCaCrByF`CoGf@wFMqQqBwXsG,,,,,,,29,#1464a5cc,#1464a5cc,,,,,,,<div><strong>ECLIPSE RISE</strong><br><span>Surface: sealed</span><br><span>Length: 0.30 km</span><br><span>Length rank: 755</span></div>
road_3258232,path,Road centreline,hamilton_road_path,SADLER STREET,,,,sealed,0.2961278049073777,756,@EAAimzjmI|b|_gAb{@nOthCpf@,,,,,,,29,#1464a5cc,#1464a5cc,,,,,,,<div><strong>SADLER STREET</strong><br><span>Surface: sealed</span><br><span>Length: 0.30 km</span><br><span>Length rank: 756</span></div>
road_3283135,path,Road centreline,hamilton_road_path,WESTBROOK PLACE,,,,sealed,0.2960519724209307,757,@EAAwwckmIprzbgA`BfBrAl@pCNlET~DPvIJrCHzCb@dDjA|D`C`P|Ita@nRnbAdi@,,,,,,,29,#1464a5cc,#1464a5cc,,,,,,,<div><strong>WESTBROOK PLACE</strong><br><span>Surface: sealed</span><br><span>Length: 0.30 km</span><br><span>Length rank: 757</span></div>
road_3257991,path,Road centreline,hamilton_road_path,MAPLE AVENUE,,,,sealed,0.2960433380936775,758,@EAAgoxfmInpiagA_p@~iBuFbTo@x],,,,,,,29,#1464a5cc,#1464a5cc,,,,,,,<div><strong>MAPLE AVENUE</strong><br><span>Surface: sealed</span><br><span>Length: 0.30 km</span><br><span>Length rank: 758</span></div>
road_3283286,path,Road centreline,hamilton_road_path,ARCUS STREET,,,,sealed,0.2957867371017956,759,@EAAgnxgmIbpz~fAkr@n@uDLcDp@uEdBo|@|b@aAhBd@rBbRhTzBfB~CpBtEzB,,,,,,,29,#1464a5cc,#1464a5cc,,,,,,,<div><strong>ARCUS STREET</strong><br><span>Surface: sealed</span><br><span>Length: 0.30 km</span><br><span>Length rank: 759</span></div>
road_3283214,path,Road centreline,hamilton_road_path,KYLNA LANE,,,,sealed,0.2942972223579309,760,@EAAkiwdmIzde`gAit@vHeq@hHwFz@yFx@mV`H_M`DoIxBuE|A}BrAiC|BuCrC}B~B,,,,,,,29,#1464a5cc,#1464a5cc,,,,,,,<div><strong>KYLNA LANE</strong><br><span>Surface: sealed</span><br><span>Length: 0.29 km</span><br><span>Length rank: 760</span></div>
road_3258248,path,Road centreline,hamilton_road_path,SEXTON ROAD,,,,sealed,0.294012368328728,761,@EAAuvgimI~o|}fAx@tDFjBOvC_AbDsCjMcEvQiLzg@[rAgB`Ie@lE}@pDgApBmBtBq@bBe@lCCtC@|D`@nCxAjDtCxD,,,,,,,29,#1464a5cc,#1464a5cc,,,,,,,<div><strong>SEXTON ROAD</strong><br><span>Surface: sealed</span><br><span>Length: 0.29 km</span><br><span>Length rank: 761</span></div>
road_3257977,path,Road centreline,hamilton_road_path,FRIESIAN PLACE,,,,sealed,0.2939110328140668,762,@EAAof{emIt~fagAgB|BeFnDuw@`Z}EbA{Gb@mSNePe@y`@qAyFo@aEeAwS_H,,,,,,,29,#1464a5cc,#1464a5cc,,,,,,,<div><strong>FRIESIAN PLACE</strong><br><span>Surface: sealed</span><br><span>Length: 0.29 km</span><br><span>Length rank: 762</span></div>
road_3258088,path,Road centreline,hamilton_road_path,PINFOLD AVENUE,,,,sealed,0.2938346696039116,763,@EAA_upjmIlljagAeLtm@`BzLvMnUnLxTlCfMzA`f@,,,,,,,29,#1464a5cc,#1464a5cc,,,,,,,<div><strong>PINFOLD AVENUE</strong><br><span>Surface: sealed</span><br><span>Length: 0.29 km</span><br><span>Length rank: 763</span></div>
road_8326474,path,Road centreline,hamilton_road_path,BRENT GREIG LANE,,,,sealed,0.2924760174091065,764,@EAA{vhfmIfbc_gAvk@b\xElDfM`Lvq@vo@tDnApCZfDUzRiF,,,,,,,29,#1464a5cc,#1464a5cc,,,,,,,<div><strong>BRENT GREIG LANE</strong><br><span>Surface: sealed</span><br><span>Length: 0.29 km</span><br><span>Length rank: 764</span></div>
road_7742041,path,Road centreline,hamilton_road_path,ROY HILTON DRIVE,,,,sealed,0.2923266572285947,765,@EAAqzhfmI`ai}fAr@gGb@qLm@oQ}Ci]k@iE]cCgDu[eAgHq@kCu@eB}A_CyBqB}CkBuFmC_FsBgGiC,,,,,,,29,#1464a5cc,#1464a5cc,,,,,,,<div><strong>ROY HILTON DRIVE</strong><br><span>Surface: sealed</span><br><span>Length: 0.29 km</span><br><span>Length rank: 765</span></div>
road_3258254,path,Road centreline,hamilton_road_path,TE PUROA PLACE,,,,sealed,0.2921520105742591,766,@EAAosgimIh`y~fAfCIlDCzm@eFbf@wEhRiAjCQlF^dFjBdXhKpRhEtF|@|Il@,,,,,,,29,#1464a5cc,#1464a5cc,,,,,,,<div><strong>TE PUROA PLACE</strong><br><span>Surface: sealed</span><br><span>Length: 0.29 km</span><br><span>Length rank: 766</span></div>
road_3283166,path,Road centreline,hamilton_road_path,MYRTLE STREET,,,,sealed,0.2920631877267287,767,@EAAwpqimI`dcagAklBq~@cBa@oBF_A\m@j@}B`E}BvF}Ph\,,,,,,,29,#1464a5cc,#1464a5cc,,,,,,,<div><strong>MYRTLE STREET</strong><br><span>Surface: sealed</span><br><span>Length: 0.29 km</span><br><span>Length rank: 767</span></div>
road_3283312,path,Road centreline,hamilton_road_path,WAIPUNA PLACE,,,,sealed,0.291981027860749,768,@EAA_~jhmIleb~fAxQjBnODzLaAnJmDpKoHxFcIlAkEl@mEd@eGtC_HpD_D`EgClGkBfF_@tEBz^pB,,,,,,,29,#1464a5cc,#1464a5cc,,,,,,,<div><strong>WAIPUNA PLACE</strong><br><span>Surface: sealed</span><br><span>Length: 0.29 km</span><br><span>Length rank: 768</span></div>
road_3283093,path,Road centreline,hamilton_road_path,Road centreline,,,,sealed,0.2906681702164689,769,@EAAayojmI~~hbgAyDpMs@lDHtEl@fBxGtLlAtEr@zDRvDc@tGuAzGcCxEyHlQmEtOc@nEi@nFVvDPhDdCxH,,,,,,,29,#1464a5cc,#1464a5cc,,,,,,,<div><strong>Road 3283093</strong><br><span>Surface: sealed</span><br><span>Length: 0.29 km</span><br><span>Length rank: 769</span></div>
road_7742391,path,Road centreline,hamilton_road_path,IWI ROAD,,,,sealed,0.2897331556726581,770,@EAAoqyemIz~|_gAcFcE_RyOsIiNaFiImEaJgJmRyKqM{KgGuOwIyTuK,,,,,,,29,#1464a5cc,#1464a5cc,,,,,,,<div><strong>IWI ROAD</strong><br><span>Surface: sealed</span><br><span>Length: 0.29 km</span><br><span>Length rank: 770</span></div>
road_3313959,path,Road centreline,hamilton_road_path,DUNVEGAN PLACE,,,,sealed,0.2891468628380962,771,@EAA}xmfmI`jwagAsIVeNb@ev@pB}Dh@aB`B_AnBsOf_@a@dBZtAlAh@bCJxCGz[mD|Eq@xEuA,,,,,,,29,#1464a5cc,#1464a5cc,,,,,,,<div><strong>DUNVEGAN PLACE</strong><br><span>Surface: sealed</span><br><span>Length: 0.29 km</span><br><span>Length rank: 771</span></div>
road_3283026,path,Road centreline,hamilton_road_path,ABERFOYLE STREET,,,,sealed,0.2889743899381243,772,@EAA_tggmIjjiagAaxDbl@}ItA,,,,,,,29,#1464a5cc,#1464a5cc,,,,,,,<div><strong>ABERFOYLE STREET</strong><br><span>Surface: sealed</span><br><span>Length: 0.29 km</span><br><span>Length rank: 772</span></div>
road_3283022,path,Road centreline,hamilton_road_path,CULVERDON STREET,,,,sealed,0.2889236852462468,773,@EAAavsfmIpcdbgAbKtC|S~Hp\~InJvAjMl@zKXlL]vm@gGf_@uF,,,,,,,29,#1464a5cc,#1464a5cc,,,,,,,<div><strong>CULVERDON STREET</strong><br><span>Surface: sealed</span><br><span>Length: 0.29 km</span><br><span>Length rank: 773</span></div>
road_3282997,path,Road centreline,hamilton_road_path,COVENTRY ROAD,,,,sealed,0.2881777251316417,774,@EAAedohmI~b_cgASpBeCpUmBrQw@hH{Dx^kMtYwItVjFnS,,,,,,,29,#1464a5cc,#1464a5cc,,,,,,,<div><strong>COVENTRY ROAD</strong><br><span>Surface: sealed</span><br><span>Length: 0.29 km</span><br><span>Length rank: 774</span></div>
road_3283113,path,Road centreline,hamilton_road_path,CROMWELL DRIVE,,,,sealed,0.2881135894131134,775,@EAAesqjmIvudcgAp\hW`wAlgA|ElDfGdDfKpE,,,,,,,29,#1464a5cc,#1464a5cc,,,,,,,<div><strong>CROMWELL DRIVE</strong><br><span>Surface: sealed</span><br><span>Length: 0.29 km</span><br><span>Length rank: 775</span></div>
road_3258143,path,Road centreline,hamilton_road_path,MACDIARMID ROAD,,,,sealed,0.2870188226728677,776,@EAAowdhmIffd`gAejAf{@eErEeEdICjCl@fCr[xi@,,,,,,,29,#1464a5cc,#1464a5cc,,,,,,,<div><strong>MACDIARMID ROAD</strong><br><span>Surface: sealed</span><br><span>Length: 0.29 km</span><br><span>Length rank: 776</span></div>
road_3283386,path,Road centreline,hamilton_road_path,RYAN AVENUE,,,,sealed,0.2865737518931091,777,@EAAmztimI~zu_gAa{AwvAuOqNyA{AgAyAm@cB]oB{AsK,,,,,,,29,#1464a5cc,#1464a5cc,,,,,,,<div><strong>RYAN AVENUE</strong><br><span>Surface: sealed</span><br><span>Length: 0.29 km</span><br><span>Length rank: 777</span></div>
road_8329730,path,Road centreline,hamilton_road_path,COGAR TERRACE,,,,sealed,0.2860019877782437,778,@EAAqfmjmIf}o_gAqg@gKsd@kJi[~y@vc@zJ,,,,,,,29,#1464a5cc,#1464a5cc,,,,,,,<div><strong>COGAR TERRACE</strong><br><span>Surface: sealed</span><br><span>Length: 0.29 km</span><br><span>Length rank: 778</span></div>
road_3283153,path,Road centreline,hamilton_road_path,HUNTER STREET,,,,sealed,0.2853671584438813,779,@EAAydfimIpjzagA~c@}{@JoAQoAe@m@cAs@wAq@uAi@qcAeYcFoAyCWwCPqDK,,,,,,,29,#1464a5cc,#1464a5cc,,,,,,,<div><strong>HUNTER STREET</strong><br><span>Surface: sealed</span><br><span>Length: 0.29 km</span><br><span>Length rank: 779</span></div>
road_3283325,path,Road centreline,hamilton_road_path,CHESHAM STREET,,,,sealed,0.2837576785959754,780,@EAAaudhmIx_l}fA\_GlEih@l@yJC}CoA}F{AwCaDqDsHoDeYqGch@sMuDwA,,,,,,,29,#1464a5cc,#1464a5cc,,,,,,,<div><strong>CHESHAM STREET</strong><br><span>Surface: sealed</span><br><span>Length: 0.28 km</span><br><span>Length rank: 780</span></div>
road_3283403,path,Road centreline,hamilton_road_path,THORPE STREET,,,,sealed,0.2833897009663091,781,@EAA}ayjmIvcy_gAv{Dxu@,,,,,,,29,#1464a5cc,#1464a5cc,,,,,,,<div><strong>THORPE STREET</strong><br><span>Surface: sealed</span><br><span>Length: 0.28 km</span><br><span>Length rank: 781</span></div>
road_3283428,path,Road centreline,hamilton_road_path,MALBEC PLACE,,,,sealed,0.282509210752608,782,@EAAur|hmI|we~fAmA|EiBnHmBhPiAfDk@n@}Ax@yA^aC\mBQsC[uIcBkb@eJwj@aKmFeBcCeBsBaM,,,,,,,29,#1464a5cc,#1464a5cc,,,,,,,<div><strong>MALBEC PLACE</strong><br><span>Surface: sealed</span><br><span>Length: 0.28 km</span><br><span>Length rank: 782</span></div>
road_7742395,path,Road centreline,hamilton_road_path,WAIRUA AVENUE,,,,sealed,0.2811691252960015,783,@EAAqt_fmIbqz_gAb{@wc@fHyIfp@mjA,,,,,,,29,#1464a5cc,#1464a5cc,,,,,,,<div><strong>WAIRUA AVENUE</strong><br><span>Surface: sealed</span><br><span>Length: 0.28 km</span><br><span>Length rank: 783</span></div>
road_3283047,path,Road centreline,hamilton_road_path,LETHBORG STREET,,,,sealed,0.2806951601700042,784,@EAAyplgmI~zhbgAaCyFiPk`@aFyJk\}i@w^}k@,,,,,,,29,#1464a5cc,#1464a5cc,,,,,,,<div><strong>LETHBORG STREET</strong><br><span>Surface: sealed</span><br><span>Length: 0.28 km</span><br><span>Length rank: 784</span></div>
road_3283071,path,Road centreline,hamilton_road_path,WYE STREET,,,,sealed,0.2805429142025024,785,@EAA}pnhmIticagAbcAkIh~BmR,,,,,,,29,#1464a5cc,#1464a5cc,,,,,,,<div><strong>WYE STREET</strong><br><span>Surface: sealed</span><br><span>Length: 0.28 km</span><br><span>Length rank: 785</span></div>
road_3258018,path,Road centreline,hamilton_road_path,LAFFERTY STREET,,,,sealed,0.2804661198232339,786,@EAAw}xgmIl|w`gA`d@fs@~d@fs@fNbUj@~Bz@bG,,,,,,,29,#1464a5cc,#1464a5cc,,,,,,,<div><strong>LAFFERTY STREET</strong><br><span>Surface: sealed</span><br><span>Length: 0.28 km</span><br><span>Length rank: 786</span></div>
road_3283111,path,Road centreline,hamilton_road_path,JEANETTE STREET,,,,sealed,0.2798082664637589,787,@EAA}rajmIjmdcgAfoAc|@|}@_o@,,,,,,,29,#1464a5cc,#1464a5cc,,,,,,,<div><strong>JEANETTE STREET</strong><br><span>Surface: sealed</span><br><span>Length: 0.28 km</span><br><span>Length rank: 787</span></div>
road_3283344,path,Road centreline,hamilton_road_path,INGLETON TERRACE,,,,sealed,0.2794540488615216,788,@EAAkd{hmIfxk`gA|ApCrCtAzBt@tEv@`Hl@zGKnFe@rKuApCs@zBw@hUkIxDmAfCs@bm@}MvRiDhEMdCHxFd@,,,,,,,29,#1464a5cc,#1464a5cc,,,,,,,<div><strong>INGLETON TERRACE</strong><br><span>Surface: sealed</span><br><span>Length: 0.28 km</span><br><span>Length rank: 788</span></div>
road_3283378,path,Road centreline,hamilton_road_path,KEATS CRESCENT,,,,sealed,0.2792457332182201,789,@EAAq__jmI`q~_gAdAwUc@yI_C_H{GqGcGsCcoBg`@,,,,,,,29,#1464a5cc,#1464a5cc,,,,,,,<div><strong>KEATS CRESCENT</strong><br><span>Surface: sealed</span><br><span>Length: 0.28 km</span><br><span>Length rank: 789</span></div>
road_8328200,path,Road centreline,hamilton_road_path,BENJAMIN AVENUE,,,,sealed,0.2789840742206583,790,@EAAak|hmIbkm}fAoS{`@AcCbB}A~b@_NbFiAjxAsP,,,,,,,29,#1464a5cc,#1464a5cc,,,,,,,<div><strong>BENJAMIN AVENUE</strong><br><span>Surface: sealed</span><br><span>Length: 0.28 km</span><br><span>Length rank: 790</span></div>
road_8326467,path,Road centreline,hamilton_road_path,JACKS LANDING DRIVE,,,,sealed,0.2787746917235697,791,@EAAecnhmIfxjbgAEE{@gAy@]}A_@eASsy@w@us@q@uKMy@LiBv@uSrLkAjAYvADrP,,,,,,,29,#1464a5cc,#1464a5cc,,,,,,,<div><strong>JACKS LANDING DRIVE</strong><br><span>Surface: sealed</span><br><span>Length: 0.28 km</span><br><span>Length rank: 791</span></div>
road_8328229,path,Road centreline,hamilton_road_path,KAURI POINT DRIVE,,,,sealed,0.2784160234492179,792,@EAAkdnhmIxz{|fA?oXa@uIcAaDqFeQ}Vak@_FuKcPk^,,,,,,,29,#1464a5cc,#1464a5cc,,,,,,,<div><strong>KAURI POINT DRIVE</strong><br><span>Surface: sealed</span><br><span>Length: 0.28 km</span><br><span>Length rank: 792</span></div>
road_3283066,path,Road centreline,hamilton_road_path,HUIA AVENUE,,,,sealed,0.2782968100075961,793,@EAAs}jgmIppx`gAyFmEm`CeiB,,,,,,,29,#1464a5cc,#1464a5cc,,,,,,,<div><strong>HUIA AVENUE</strong><br><span>Surface: sealed</span><br><span>Length: 0.28 km</span><br><span>Length rank: 793</span></div>
road_7742424,path,Road centreline,hamilton_road_path,Road centreline,,,,metalled,0.2782456948513748,794,@EAAcbcemItyq|fAbDyCjBoZrBsHbOsTlAgJcDwJoIiGaFsDk[oQ{@kEdB}F,,,,,,,29,#bb7f22cc,#bb7f22cc,,,,,,,<div><strong>Road 7742424</strong><br><span>Surface: metalled</span><br><span>Length: 0.28 km</span><br><span>Length rank: 794</span></div>
road_3283256,path,Road centreline,hamilton_road_path,PERINDALE DRIVE,,,,sealed,0.2780399209050487,795,@EAAubphmIxpp_gAoD}DqBaCwK}Wy@kGp@kGnBaE~EsDzc@wRnZyMzDsAtI]`Ge@rC?,,,,,,,29,#1464a5cc,#1464a5cc,,,,,,,<div><strong>PERINDALE DRIVE</strong><br><span>Surface: sealed</span><br><span>Length: 0.28 km</span><br><span>Length rank: 795</span></div>
road_3283091,path,Road centreline,hamilton_road_path,ANTHONY CRESCENT,,,,sealed,0.2779567859000041,796,@EAAob}imIruvbgAyy@fm@mAfAeBvDm@bCInBJ`Dz@lFn@zDCzB[zB}AdFyTvb@,,,,,,,29,#1464a5cc,#1464a5cc,,,,,,,<div><strong>ANTHONY CRESCENT</strong><br><span>Surface: sealed</span><br><span>Length: 0.28 km</span><br><span>Length rank: 796</span></div>
road_3282991,path,Road centreline,hamilton_road_path,Road centreline,,,,sealed,0.277675251390779,797,@EAAcs}emItc{cgAvn@aIr|@yMbNmEzEmB`DuDd@yJwCmKkGqK,,,,,,,29,#1464a5cc,#1464a5cc,,,,,,,<div><strong>Road 3282991</strong><br><span>Surface: sealed</span><br><span>Length: 0.28 km</span><br><span>Length rank: 797</span></div>
road_8328194,path,Road centreline,hamilton_road_path,OGILVIE AVENUE,,,,sealed,0.2775392006298328,798,@EAAobnjmItze_gAdf@vHd@RT\Lh@@t@Kp@sHfXqVps@aQn^,,,,,,,29,#1464a5cc,#1464a5cc,,,,,,,<div><strong>OGILVIE AVENUE</strong><br><span>Surface: sealed</span><br><span>Length: 0.28 km</span><br><span>Length rank: 798</span></div>
road_3283141,path,Road centreline,hamilton_road_path,COUNTY CRESCENT,,,,metalled,0.2774928308716509,799,@EAA_cdlmIdipbgAgBu@mAk@i@u@BmAp@uA|AyB|@gBj@cBZmB@wALcBHmBVeCVqCRoAT{AJ_BKeB]qAy@mAcBmAiBw@yA]qBSeBG_BFsf@tHqj@`KsBh@aBtA,,,,,,,29,#bb7f22cc,#bb7f22cc,,,,,,,<div><strong>COUNTY CRESCENT</strong><br><span>Surface: metalled</span><br><span>Length: 0.28 km</span><br><span>Length rank: 799</span></div>
road_3283311,path,Road centreline,hamilton_road_path,FENDALTON DRIVE,,,,sealed,0.2772015317104001,800,@EAAe}ehmIr~`~fAjFaArK{AfJi@jFHxFv@lEv@xEnBjEtAhCvBnB`Em@|EmCtIcHfMmFzLqE|TAnCz@zDdA`E,,,,,,,29,#1464a5cc,#1464a5cc,,,,,,,<div><strong>FENDALTON DRIVE</strong><br><span>Surface: sealed</span><br><span>Length: 0.28 km</span><br><span>Length rank: 800</span></div>
road_7742410,path,Road centreline,hamilton_road_path,POPHAM ROAD,,,,sealed,0.2763329442013427,801,@EAAa`kjmIjle_gAwQyC{SiDgk@cJyj@aJ_z@{M,,,,,,,29,#1464a5cc,#1464a5cc,,,,,,,<div><strong>POPHAM ROAD</strong><br><span>Surface: sealed</span><br><span>Length: 0.28 km</span><br><span>Length rank: 801</span></div>
road_3283012,path,Road centreline,hamilton_road_path,THE DALES,,,,sealed,0.2762788192252807,802,@EAAuigfmIfvyagAmb@r@aHv@oGvB_K~FkFtDoFxBcF~A{\xFgI|@{MtBg[bDoJzA,,,,,,,29,#1464a5cc,#1464a5cc,,,,,,,<div><strong>THE DALES</strong><br><span>Surface: sealed</span><br><span>Length: 0.28 km</span><br><span>Length rank: 802</span></div>
road_7742403,path,Road centreline,hamilton_road_path,DROWER GLEN,,,,sealed,0.2762545199756826,803,@EAAerggmIh_l}fAxFoRh@iBrAoFBSb@aEnAuIrCiFvEsEhGmD|VkShP`JtClBbBrA~BX~BGxJKpLs@,,,,,,,29,#1464a5cc,#1464a5cc,,,,,,,<div><strong>DROWER GLEN</strong><br><span>Surface: sealed</span><br><span>Length: 0.28 km</span><br><span>Length rank: 803</span></div>
road_3283146,path,Road centreline,hamilton_road_path,GEORGE STREET,,,,sealed,0.275523661292217,804,@EAAusnimIxf|`gAu|@hhBqXf`@,,,,,,,29,#1464a5cc,#1464a5cc,,,,,,,<div><strong>GEORGE STREET</strong><br><span>Surface: sealed</span><br><span>Length: 0.28 km</span><br><span>Length rank: 804</span></div>
road_3258087,path,Road centreline,hamilton_road_path,JAMES STREET,,,,sealed,0.2754362794417022,805,@EAAykjjmIvb`agA~CI|OzAtdDrf@,,,,,,,29,#1464a5cc,#1464a5cc,,,,,,,<div><strong>JAMES STREET</strong><br><span>Surface: sealed</span><br><span>Length: 0.28 km</span><br><span>Length rank: 805</span></div>
road_6064582,path,Road centreline,hamilton_road_path,Road centreline,,,,sealed,0.2743431224781131,806,@EAA_f~emIflw~fAeAlDkCrEiHzIi@hASlAFvAnAfAxKfGf@jA?x@s@bBktAtcA,,,,,,,29,#1464a5cc,#1464a5cc,,,,,,,<div><strong>Road 6064582</strong><br><span>Surface: sealed</span><br><span>Length: 0.27 km</span><br><span>Length rank: 806</span></div>
road_3283276,path,Road centreline,hamilton_road_path,NIELSEN GARDENS,,,,sealed,0.2741457857519726,807,@EAAmnehmI~o~}fA~H|@xHtAzD^`F@~b@o@rFBjFZhV`BfD`@|Bn@dOlG~FxDlBdCjEbLv@nBTpBY|H,,,,,,,29,#1464a5cc,#1464a5cc,,,,,,,<div><strong>NIELSEN GARDENS</strong><br><span>Surface: sealed</span><br><span>Length: 0.27 km</span><br><span>Length rank: 807</span></div>
road_6064254,path,Road centreline,hamilton_road_path,Road centreline,,,,sealed,0.2740493602347079,808,@EAAqhiimIblu_gAo{BcZaSwCcQqDgF_C{B_BsF{D,,,,,,,29,#1464a5cc,#1464a5cc,,,,,,,<div><strong>Road 6064254</strong><br><span>Surface: sealed</span><br><span>Length: 0.27 km</span><br><span>Length rank: 808</span></div>
road_3314143,path,Road centreline,hamilton_road_path,UNITY LANE,,,,metalled,0.273507269114342,809,@EAAajlimIbp`cgAs|@lD}@Vg@l@NnAlAdNz@pGlDtQf@~@jAf@bBT|z@aI,,,,,,,29,#bb7f22cc,#bb7f22cc,,,,,,,<div><strong>UNITY LANE</strong><br><span>Surface: metalled</span><br><span>Length: 0.27 km</span><br><span>Length rank: 809</span></div>
road_3283275,path,Road centreline,hamilton_road_path,COMMODORE AVENUE,,,,sealed,0.2732915336254123,810,@EAAmrlgmIfmf~fAwRiFoOyDkJkBeJmAyG}@wPi@uEWwFHmDTwHF{I[}r@cHcDQ{Bd@,,,,,,,29,#1464a5cc,#1464a5cc,,,,,,,<div><strong>COMMODORE AVENUE</strong><br><span>Surface: sealed</span><br><span>Length: 0.27 km</span><br><span>Length rank: 810</span></div>
road_3257999,path,Road centreline,hamilton_road_path,JASMINE AVENUE,,,,sealed,0.2730328851127518,811,@EAAycggmI|c}agAhfAbKf_AtIdu@bG,,,,,,,29,#1464a5cc,#1464a5cc,,,,,,,<div><strong>JASMINE AVENUE</strong><br><span>Surface: sealed</span><br><span>Length: 0.27 km</span><br><span>Length rank: 811</span></div>
road_3283288,path,Road centreline,hamilton_road_path,HIGHLAND DRIVE,,,,sealed,0.2727866463314729,812,@EAAa{`gmIp{y~fApImh@pZ{cBn@aAhD{B,,,,,,,28,#1464a5cc,#1464a5cc,,,,,,,<div><strong>HIGHLAND DRIVE</strong><br><span>Surface: sealed</span><br><span>Length: 0.27 km</span><br><span>Length rank: 812</span></div>
road_3283364,path,Road centreline,hamilton_road_path,DALETHORPE AVENUE,,,,sealed,0.2726527694103655,813,@EAAgpthmIlmb`gA}e@leAqd@peA,,,,,,,28,#1464a5cc,#1464a5cc,,,,,,,<div><strong>DALETHORPE AVENUE</strong><br><span>Surface: sealed</span><br><span>Length: 0.27 km</span><br><span>Length rank: 813</span></div>
road_7742797,path,Road centreline,hamilton_road_path,YANICKS CRESCENT,,,,sealed,0.2720724477973429,814,@EAAmiwjmIzgmcgAdGJnD@`HeAlIuFxKaGrJ}Hgi@ib@uCk@o@HmDNkQhMeO`L,,,,,,,28,#1464a5cc,#1464a5cc,,,,,,,<div><strong>YANICKS CRESCENT</strong><br><span>Surface: sealed</span><br><span>Length: 0.27 km</span><br><span>Length rank: 814</span></div>
road_3258074,path,Road centreline,hamilton_road_path,MANNING STREET,,,,sealed,0.2720508358233237,815,@EAAkyoimIli{agAmoAdbC_CpE,,,,,,,28,#1464a5cc,#1464a5cc,,,,,,,<div><strong>MANNING STREET</strong><br><span>Surface: sealed</span><br><span>Length: 0.27 km</span><br><span>Length rank: 815</span></div>
road_6064320,path,Road centreline,hamilton_road_path,HANCOCK DRIVE,,,,sealed,0.2718856197553277,816,@EAAqmdgmI~ib}fAt@tEt@nBjFxNDx@T~@~H~JlJjJhIrG~FtFdD|ExAvCz@hC|@hE\jCF~D_@bFkAdHcCjHyBdH,,,,,,,28,#1464a5cc,#1464a5cc,,,,,,,<div><strong>HANCOCK DRIVE</strong><br><span>Surface: sealed</span><br><span>Length: 0.27 km</span><br><span>Length rank: 816</span></div>
road_7742392,path,Road centreline,hamilton_road_path,HAPORI AVENUE,,,,sealed,0.271639866696852,817,@EAAg`|emI~j~_gAi\}_@oV_Wi^__@e_@}_@,,,,,,,28,#1464a5cc,#1464a5cc,,,,,,,<div><strong>HAPORI AVENUE</strong><br><span>Surface: sealed</span><br><span>Length: 0.27 km</span><br><span>Length rank: 817</span></div>
road_8328184,path,Road centreline,hamilton_road_path,CHAFER PLACE,,,,sealed,0.2713387184253654,818,@EAAk__fmIzxg_gAjrC}`BDC,,,,,,,28,#1464a5cc,#1464a5cc,,,,,,,<div><strong>CHAFER PLACE</strong><br><span>Surface: sealed</span><br><span>Length: 0.27 km</span><br><span>Length rank: 818</span></div>
road_3258098,path,Road centreline,hamilton_road_path,TAINUI STREET,,,,sealed,0.2710962180191723,819,@EAAw}}hmI`mnagABfDFfCdApDhlAzyB,,,,,,,28,#1464a5cc,#1464a5cc,,,,,,,<div><strong>TAINUI STREET</strong><br><span>Surface: sealed</span><br><span>Length: 0.27 km</span><br><span>Length rank: 819</span></div>
road_3283353,path,Road centreline,hamilton_road_path,FEND STREET,,,,sealed,0.2710094619013387,820,@EAAwlcimIzxs_gA{Hh[}El^mTzg@mP|k@,,,,,,,28,#1464a5cc,#1464a5cc,,,,,,,<div><strong>FEND STREET</strong><br><span>Surface: sealed</span><br><span>Length: 0.27 km</span><br><span>Length rank: 820</span></div>
road_3283435,path,Road centreline,hamilton_road_path,HAWKRIDGE RISE,,,,sealed,0.2705536420717839,821,@EAAsfnimI`ir}fAa@rEsApQk@zHw@xCaBnAiFxCi`@jOoDjBeCjCkVzXcIjJeDpCaChAyA|@,,,,,,,28,#1464a5cc,#1464a5cc,,,,,,,<div><strong>HAWKRIDGE RISE</strong><br><span>Surface: sealed</span><br><span>Length: 0.27 km</span><br><span>Length rank: 821</span></div>
road_3283242,path,Road centreline,hamilton_road_path,CHARLEMONT STREET,,,,sealed,0.2704559853706104,822,@EAAubqhmIfps`gAfmDu~@,,,,,,,28,#1464a5cc,#1464a5cc,,,,,,,<div><strong>CHARLEMONT STREET</strong><br><span>Surface: sealed</span><br><span>Length: 0.27 km</span><br><span>Length rank: 822</span></div>
road_8328190,path,Road centreline,hamilton_road_path,KELLY MAREE CRESCENT,,,,sealed,0.2704404821971462,823,@EAA_usfmIvmj}fA|LnSvG~K}ApGwGrEax@d[aIc@{EyBeCoAgL_FmJ_E,,,,,,,28,#1464a5cc,#1464a5cc,,,,,,,<div><strong>KELLY MAREE CRESCENT</strong><br><span>Surface: sealed</span><br><span>Length: 0.27 km</span><br><span>Length rank: 823</span></div>
road_3283108,path,Road centreline,hamilton_road_path,TE ANAU PLACE,,,,sealed,0.2702901782877727,824,@EAAisbjmIvylcgAfG|A|F`A`EJnBW`k@iOx_AqX|h@yH,,,,,,,28,#1464a5cc,#1464a5cc,,,,,,,<div><strong>TE ANAU PLACE</strong><br><span>Surface: sealed</span><br><span>Length: 0.27 km</span><br><span>Length rank: 824</span></div>
road_7742421,path,Road centreline,hamilton_road_path,TE RAPA ACCESS ROAD,,,,sealed,0.2701137920875369,825,@EAA{|demIrhg}fAmAqFcCoEyE}EoDgBiDiAoEu@qEYqFAqE\qEt@sEhAgFnBiD`BqH~EsKdKwB~BwA~AcGvGmRdU,,,,,,,28,#1464a5cc,#1464a5cc,,,,,,,<div><strong>TE RAPA ACCESS ROAD</strong><br><span>Surface: sealed</span><br><span>Length: 0.27 km</span><br><span>Length rank: 825</span></div>
road_3283234,path,Road centreline,hamilton_road_path,BRISTOL PLACE,,,,sealed,0.2694195677711281,826,@EAAodxfmIhgr_gAksCq~A,,,,,,,28,#1464a5cc,#1464a5cc,,,,,,,<div><strong>BRISTOL PLACE</strong><br><span>Surface: sealed</span><br><span>Length: 0.27 km</span><br><span>Length rank: 826</span></div>
road_3283315,path,Road centreline,hamilton_road_path,SAXON WOODS DRIVE,,,,sealed,0.2692086731126117,827,@EAAij_hmIrv{}fAsDcB_Cs@ko@eKsSqCuFe@mFn@kIxB_O`KsE~FgAhBcB|F}DdW,,,,,,,28,#1464a5cc,#1464a5cc,,,,,,,<div><strong>SAXON WOODS DRIVE</strong><br><span>Surface: sealed</span><br><span>Length: 0.27 km</span><br><span>Length rank: 827</span></div>
road_7742031,path,Road centreline,hamilton_road_path,MEDLAND PLACE,,,,sealed,0.2692024772704315,828,@EAAa`kjmIjle_gAvT}r@jIsXzHwX|Kw`@xAmF,,,,,,,28,#1464a5cc,#1464a5cc,,,,,,,<div><strong>MEDLAND PLACE</strong><br><span>Surface: sealed</span><br><span>Length: 0.27 km</span><br><span>Length rank: 828</span></div>
road_3283430,path,Road centreline,hamilton_road_path,STRATHMORE DRIVE,,,,sealed,0.269158846261028,829,@EAAcn`imIhg_~fAdTDvKIfNU|aAkMhQiCJAtIeAzFO|FJpXjB,,,,,,,28,#1464a5cc,#1464a5cc,,,,,,,<div><strong>STRATHMORE DRIVE</strong><br><span>Surface: sealed</span><br><span>Length: 0.27 km</span><br><span>Length rank: 829</span></div>
road_3283000,path,Road centreline,hamilton_road_path,GREEN STREET,,,,sealed,0.2677641188207343,830,@EAAkpugmIf`ibgAitDbl@,,,,,,,28,#1464a5cc,#1464a5cc,,,,,,,<div><strong>GREEN STREET</strong><br><span>Surface: sealed</span><br><span>Length: 0.27 km</span><br><span>Length rank: 830</span></div>
road_7742380,path,Road centreline,hamilton_road_path,Road centreline,,,,metalled,0.2670116113189101,831,@EAAg_zemI`zedgAiLeGwIcEqG_DiH{DyEaBwFoBqCoAaCqAqA{@oAuAw@qAu@{Ai@{AUaBQeBEuBOaEc@_KQiEOiHMsS@eF,,,,,,,28,#bb7f22cc,#bb7f22cc,,,,,,,<div><strong>Road 7742380</strong><br><span>Surface: metalled</span><br><span>Length: 0.27 km</span><br><span>Length rank: 831</span></div>
road_3283291,path,Road centreline,hamilton_road_path,WOODLAND DRIVE,,,,sealed,0.2666785313987959,832,@EAAqewgmIlpj~fAwChM_ArD{AfDoQb_@yA|B}@|@yAbAeCv@c@DiE^wLq@yFm@oj@iD_KBiGf@,,,,,,,28,#1464a5cc,#1464a5cc,,,,,,,<div><strong>WOODLAND DRIVE</strong><br><span>Surface: sealed</span><br><span>Length: 0.27 km</span><br><span>Length rank: 832</span></div>
road_3258069,path,Road centreline,hamilton_road_path,NORTON ROAD,,,,sealed,0.2664437866379142,833,@EAAgu|hmIhjgagAhxCeXzPmClLiA,,,,,,,28,#1464a5cc,#1464a5cc,,,,,,,<div><strong>NORTON ROAD</strong><br><span>Surface: sealed</span><br><span>Length: 0.27 km</span><br><span>Length rank: 833</span></div>
road_3283221,path,Road centreline,hamilton_road_path,ANTRIM PLACE,,,,sealed,0.265803880828779,834,@EAAwsffmI~gr`gAl\`BxGH|Eq@xDmAtCeB|B{B`BwE~Lmd@rNuWzOkS,,,,,,,28,#1464a5cc,#1464a5cc,,,,,,,<div><strong>ANTRIM PLACE</strong><br><span>Surface: sealed</span><br><span>Length: 0.27 km</span><br><span>Length rank: 834</span></div>
road_3283233,path,Road centreline,hamilton_road_path,METRO AVENUE,,,,sealed,0.2658033178343875,835,@EAAkbnfmI``a`gA`BdDvB~Ev@dEHlFWbDmBhGkAjBiD|C{D|CuClAeIlBqGp@}MdAiI`AcDVmDB{CBkNjAcY~BcEP,,,,,,,28,#1464a5cc,#1464a5cc,,,,,,,<div><strong>METRO AVENUE</strong><br><span>Surface: sealed</span><br><span>Length: 0.27 km</span><br><span>Length rank: 835</span></div>
road_6082278,path,Road centreline,hamilton_road_path,BLACKWOOD CRESCENT,,,,sealed,0.265138228926349,836,@EAAgojjmIvzscgAEvIg@nIq@dE_CpBgIrC}F`BeDRuCG}CUaMsAcD_@wk@oGuE{@oAu@aA{A]iAcBgIe@cGoCk@,,,,,,,28,#1464a5cc,#1464a5cc,,,,,,,<div><strong>BLACKWOOD CRESCENT</strong><br><span>Surface: sealed</span><br><span>Length: 0.27 km</span><br><span>Length rank: 836</span></div>
road_3314643,path,Road centreline,hamilton_road_path,CHAMBERLAIN PLACE,,,,sealed,0.2646009117239184,837,@EAAmx_jmIjmr_gArBuAlAcAp@kAfKe\Pu@U{@gBs@sg@gIuAOoAD_Bj@wAdBc@jA[zAh@bCn@hAfa@zb@,,,,,,,28,#1464a5cc,#1464a5cc,,,,,,,<div><strong>CHAMBERLAIN PLACE</strong><br><span>Surface: sealed</span><br><span>Length: 0.26 km</span><br><span>Length rank: 837</span></div>
road_3283304,path,Road centreline,hamilton_road_path,CASHMERE PLACE,,,,sealed,0.2644454418822983,838,@EAAghpgmInw|}fA_@~GoDdOq@|EA`E`@~CnAtCjBnBrGjDzEfB~L`F|KdFvJ|FdOnKxB~B|AbDj@rD@fCYvB,,,,,,,28,#1464a5cc,#1464a5cc,,,,,,,<div><strong>CASHMERE PLACE</strong><br><span>Surface: sealed</span><br><span>Length: 0.26 km</span><br><span>Length rank: 838</span></div>
road_3283197,path,Road centreline,hamilton_road_path,DALESFORD STREET,,,,sealed,0.2640423823674962,839,@EAAulflmIz|ragAbUqUhXmXhWiXlj@{j@,,,,,,,28,#1464a5cc,#1464a5cc,,,,,,,<div><strong>DALESFORD STREET</strong><br><span>Surface: sealed</span><br><span>Length: 0.26 km</span><br><span>Length rank: 839</span></div>
road_3283087,path,Road centreline,hamilton_road_path,GRETA STREET,,,,sealed,0.2639361481302008,840,@EAAiwtimIdlkcgAcyB}bBcG{E,,,,,,,28,#1464a5cc,#1464a5cc,,,,,,,<div><strong>GRETA STREET</strong><br><span>Surface: sealed</span><br><span>Length: 0.26 km</span><br><span>Length rank: 840</span></div>
road_3258105,path,Road centreline,hamilton_road_path,CASSIDY STREET,,,,sealed,0.2633174042676128,841,@EAA}owjmIfgmagAlL|ArAPdnAhPrsAfR,,,,,,,28,#1464a5cc,#1464a5cc,,,,,,,<div><strong>CASSIDY STREET</strong><br><span>Surface: sealed</span><br><span>Length: 0.26 km</span><br><span>Length rank: 841</span></div>
road_3258213,path,Road centreline,hamilton_road_path,ORCHARD AVENUE,,,,sealed,0.2622702089970525,842,@EAA}rnjmInql`gAqIpLmGpGyTjr@mXn~@,,,,,,,28,#1464a5cc,#1464a5cc,,,,,,,<div><strong>ORCHARD AVENUE</strong><br><span>Surface: sealed</span><br><span>Length: 0.26 km</span><br><span>Length rank: 842</span></div>
road_3283065,path,Road centreline,hamilton_road_path,MAGNOLIA CRESCENT,,,,sealed,0.2620412785784808,843,@EAAivcgmIjw|`gAyHjCkl@|YuDnBmu@f_@oa@dS,,,,,,,28,#1464a5cc,#1464a5cc,,,,,,,<div><strong>MAGNOLIA CRESCENT</strong><br><span>Surface: sealed</span><br><span>Length: 0.26 km</span><br><span>Length rank: 843</span></div>
road_3314441,path,Road centreline,hamilton_road_path,WINCHESTER PLACE,,,,sealed,0.2619381138896199,844,@EAAwfbhmIbwp}fA_ErN{@|AkBxCgDnCoDlBuEvAkDn@yE`@{DHqHScHyA_GyByGiF}AoDm@wEd@eEzAgFlCcD`HwDzHwBlF}@,,,,,,,28,#1464a5cc,#1464a5cc,,,,,,,<div><strong>WINCHESTER PLACE</strong><br><span>Surface: sealed</span><br><span>Length: 0.26 km</span><br><span>Length rank: 844</span></div>
road_3258016,path,Road centreline,hamilton_road_path,RAMSAY STREET,,,,sealed,0.2616470374196684,845,@EAA{zvgmIb`{agAs{AjUuiAjQeIpA,,,,,,,28,#1464a5cc,#1464a5cc,,,,,,,<div><strong>RAMSAY STREET</strong><br><span>Surface: sealed</span><br><span>Length: 0.26 km</span><br><span>Length rank: 845</span></div>
road_3314602,path,Road centreline,hamilton_road_path,ELIOT STREET,,,,sealed,0.2614987899083025,846,@EAAyn`jmIjo~_gAuB|g@hBrFdDbCbdAhSrGXjGo@xV{E,,,,,,,28,#1464a5cc,#1464a5cc,,,,,,,<div><strong>ELIOT STREET</strong><br><span>Surface: sealed</span><br><span>Length: 0.26 km</span><br><span>Length rank: 846</span></div>
road_3283046,path,Road centreline,hamilton_road_path,WINNING TERRACE,,,,sealed,0.2609661480660065,847,@EAAyjfgmIfogbgAhAcFHmD{AgI_GgN_IsHuw@ai@kQmKwEuC}FkA,,,,,,,28,#1464a5cc,#1464a5cc,,,,,,,<div><strong>WINNING TERRACE</strong><br><span>Surface: sealed</span><br><span>Length: 0.26 km</span><br><span>Length rank: 847</span></div>
road_3257962,path,Road centreline,hamilton_road_path,Road centreline,,,,sealed,0.2601869737465202,848,@EAAwxyemI~yscgAolBtl@[Hka@nMyQpF,,,,,,,28,#1464a5cc,#1464a5cc,,,,,,,<div><strong>Road 3257962</strong><br><span>Surface: sealed</span><br><span>Length: 0.26 km</span><br><span>Length rank: 848</span></div>
road_3283137,path,Road centreline,hamilton_road_path,MEXTED PLACE,,,,sealed,0.2595775588355836,849,@EAAquclmIbstbgAeSzBoZbE}Jj@mMt@cMn@qDHyCOoCe@wBgAmAgBe@cBmA{Jm@aGMmCAiDh@iEn@oC|AoDtAiC,,,,,,,28,#1464a5cc,#1464a5cc,,,,,,,<div><strong>MEXTED PLACE</strong><br><span>Surface: sealed</span><br><span>Length: 0.26 km</span><br><span>Length rank: 849</span></div>
road_3258017,path,Road centreline,hamilton_road_path,MAKOMAKO STREET,,,,sealed,0.2584988474894768,850,@EAAugvgmIfvmagAuHjAgaAjO_hA`QcBdA{BtBcBpBoDdG,,,,,,,28,#1464a5cc,#1464a5cc,,,,,,,<div><strong>MAKOMAKO STREET</strong><br><span>Surface: sealed</span><br><span>Length: 0.26 km</span><br><span>Length rank: 850</span></div>
road_3283015,path,Road centreline,hamilton_road_path,HIGHGROVE DRIVE,,,,sealed,0.2581376733505783,851,@EAAekoemIvs`agAkEcCmGmD}HkFiIwBiL{ByHuCoHoEcE{FuMgN}d@}h@,,,,,,,28,#1464a5cc,#1464a5cc,,,,,,,<div><strong>HIGHGROVE DRIVE</strong><br><span>Surface: sealed</span><br><span>Length: 0.26 km</span><br><span>Length rank: 851</span></div>
road_3283366,path,Road centreline,hamilton_road_path,SAPPHIRE PLACE,,,,sealed,0.2574447257468923,852,@EAAkyxhmIj|l_gAyBqCsB_AyBcAegAkP}COaDVuDbAsBlAgBtBkQ|o@,,,,,,,28,#1464a5cc,#1464a5cc,,,,,,,<div><strong>SAPPHIRE PLACE</strong><br><span>Surface: sealed</span><br><span>Length: 0.26 km</span><br><span>Length rank: 852</span></div>
road_7742027,path,Road centreline,hamilton_road_path,Road centreline,,,,sealed,0.2569614195212821,853,@EAAcvifmI`b|}fA`@n@bBzC|MhRlBbCpA|@tCbBfBn@dBZtBV`CPzCHxAAxEk@bKiAhIiBfDa@hFDhEJjDVvBPhC\zBl@dG|B~C`AzB^pCHlBDbECtCS,,,,,,,28,#1464a5cc,#1464a5cc,,,,,,,<div><strong>Road 7742027</strong><br><span>Surface: sealed</span><br><span>Length: 0.26 km</span><br><span>Length rank: 853</span></div>
road_3283340,path,Road centreline,hamilton_road_path,Road centreline,,,,sealed,0.2568747228500985,854,@EAAql{gmIjrd~fA{Ia@_OsAoEJuDjAkFfEqAp@y@d@sDdAgMlDeL`DaT`GmU`H}Ah@cBj@q@D{@FiCCmBGmBZqOlE,,,,,,,28,#1464a5cc,#1464a5cc,,,,,,,<div><strong>Road 3283340</strong><br><span>Surface: sealed</span><br><span>Length: 0.26 km</span><br><span>Length rank: 854</span></div>
road_7742402,path,Road centreline,hamilton_road_path,EASBY WAY,,,,sealed,0.2559349498932926,855,@EAAqjzfmIflj}fAwSlAs]pBgRfAeWRaDeAyDoGaDyOmGeMI?aHi@gG^qGV,,,,,,,28,#1464a5cc,#1464a5cc,,,,,,,<div><strong>EASBY WAY</strong><br><span>Surface: sealed</span><br><span>Length: 0.26 km</span><br><span>Length rank: 855</span></div>
road_3314336,path,Road centreline,hamilton_road_path,DARLEY STREET,,,,sealed,0.2553939642027039,856,@EAAowghmIhoo`gAtfAfN~ASz@[`AeB~YaiA,,,,,,,28,#1464a5cc,#1464a5cc,,,,,,,<div><strong>DARLEY STREET</strong><br><span>Surface: sealed</span><br><span>Length: 0.26 km</span><br><span>Length rank: 856</span></div>
road_3283422,path,Road centreline,hamilton_road_path,RAUNGAWARI DRIVE,,,,sealed,0.2544452523491723,857,@EAAgvgimIfox~fAr@pGb@nGc@zEWxCsAxC{BlCcEdC{N`Fgf@tNoJnCqB^qDDuEY}Ek@gSqI,,,,,,,28,#1464a5cc,#1464a5cc,,,,,,,<div><strong>RAUNGAWARI DRIVE</strong><br><span>Surface: sealed</span><br><span>Length: 0.25 km</span><br><span>Length rank: 857</span></div>
road_3283157,path,Road centreline,hamilton_road_path,TISDALL STREET,,,,sealed,0.254112884256343,858,@EAA}myimIx~wagAzHuMbBsChGcI`JuLbk@qm@dYsZ,,,,,,,28,#1464a5cc,#1464a5cc,,,,,,,<div><strong>TISDALL STREET</strong><br><span>Surface: sealed</span><br><span>Length: 0.25 km</span><br><span>Length rank: 858</span></div>
road_3283028,path,Road centreline,hamilton_road_path,WEST STREET,,,,sealed,0.2534749651394345,859,@EAAmk}gmI~elagApEjB|CTbD@jGi@tqCob@,,,,,,,28,#1464a5cc,#1464a5cc,,,,,,,<div><strong>WEST STREET</strong><br><span>Surface: sealed</span><br><span>Length: 0.25 km</span><br><span>Length rank: 859</span></div>
road_3258255,path,Road centreline,hamilton_road_path,MILBROOK PLACE,,,,sealed,0.2529951892194695,860,@EAAgvvimIxp{~fAeKnG{GpCkFrBgEfAcFe@qE}A_DeC}C_BmDqAmDu@{Cg@sDOkGBgHl@yDx@kDf@qJp@uFFiGCkHa@iQ{B,,,,,,,28,#1464a5cc,#1464a5cc,,,,,,,<div><strong>MILBROOK PLACE</strong><br><span>Surface: sealed</span><br><span>Length: 0.25 km</span><br><span>Length rank: 860</span></div>
road_3283158,path,Road centreline,hamilton_road_path,KNOX STREET,,,,sealed,0.2526975425073192,861,@EAAcunimIpwsagAcmCyuA,,,,,,,28,#1464a5cc,#1464a5cc,,,,,,,<div><strong>KNOX STREET</strong><br><span>Surface: sealed</span><br><span>Length: 0.25 km</span><br><span>Length rank: 861</span></div>
road_7742397,path,Road centreline,hamilton_road_path,Road centreline,,,,sealed,0.2524542602134471,862,@EAAmvhfmIvai_gA~KrQ~S~OnFtDvIdFlR|IzUdJjTbHtFnFzBzF,,,,,,,28,#1464a5cc,#1464a5cc,,,,,,,<div><strong>Road 7742397</strong><br><span>Surface: sealed</span><br><span>Length: 0.25 km</span><br><span>Length rank: 862</span></div>
road_3283274,path,Road centreline,hamilton_road_path,BURN-MURDOCH STREET,,,,sealed,0.2523569749676803,863,@EAAayqgmIdrw~fAa|Alo@ww@j\,,,,,,,28,#1464a5cc,#1464a5cc,,,,,,,<div><strong>BURN-MURDOCH STREET</strong><br><span>Surface: sealed</span><br><span>Length: 0.25 km</span><br><span>Length rank: 863</span></div>
road_7742420,path,Road centreline,hamilton_road_path,TE RAPA ACCESS ROAD,,,,sealed,0.2523527806238158,864,@EAAszdemI`}b}fAwDlSi@tBk@dBeAfEs@fDa@zCWbCSdCWbEItD@nCDjFRjDZdEp@xExGx]x@bFMpF,,,,,,,28,#1464a5cc,#1464a5cc,,,,,,,<div><strong>TE RAPA ACCESS ROAD</strong><br><span>Surface: sealed</span><br><span>Length: 0.25 km</span><br><span>Length rank: 864</span></div>
road_3283384,path,Road centreline,hamilton_road_path,KENSINGTON PLACE,,,,sealed,0.2516482196406507,865,@EAAortimI~~w_gAlXdWbCzBhDvAzCn@jt@|JhDFhCYdD_A`BqApLka@,,,,,,,28,#1464a5cc,#1464a5cc,,,,,,,<div><strong>KENSINGTON PLACE</strong><br><span>Surface: sealed</span><br><span>Length: 0.25 km</span><br><span>Length rank: 865</span></div>
road_3283171,path,Road centreline,hamilton_road_path,UNION STREET,,,,sealed,0.2516467045753416,866,@EAAiomimIvuw`gAspA~|B,,,,,,,28,#1464a5cc,#1464a5cc,,,,,,,<div><strong>UNION STREET</strong><br><span>Surface: sealed</span><br><span>Length: 0.25 km</span><br><span>Length rank: 866</span></div>
road_3258099,path,Road centreline,hamilton_road_path,HOOD STREET,,,,sealed,0.2513630100613972,867,@EAAahmimIxgragA}u@q`@eKmFkFmCsbAag@,,,,,,,28,#1464a5cc,#1464a5cc,,,,,,,<div><strong>HOOD STREET</strong><br><span>Surface: sealed</span><br><span>Length: 0.25 km</span><br><span>Length rank: 867</span></div>
road_3283346,path,Road centreline,hamilton_road_path,STROWAN AVENUE,,,,sealed,0.2513448422966652,868,@EAAewuhmIzsd`gAijDcf@,,,,,,,28,#1464a5cc,#1464a5cc,,,,,,,<div><strong>STROWAN AVENUE</strong><br><span>Surface: sealed</span><br><span>Length: 0.25 km</span><br><span>Length rank: 868</span></div>
road_3283299,path,Road centreline,hamilton_road_path,GROSVENOR GARDENS,,,,sealed,0.2511944551084016,869,@EAA_|mgmInzj~fAdFmC~G{EtZm^X{@uDeIqAsCmBqA_CSiCXyArBgBhDwN`YkBlBqDrCaFzC,,,,,,,28,#1464a5cc,#1464a5cc,,,,,,,<div><strong>GROSVENOR GARDENS</strong><br><span>Surface: sealed</span><br><span>Length: 0.25 km</span><br><span>Length rank: 869</span></div>
road_3283396,path,Road centreline,hamilton_road_path,RUTLAND STREET,,,,sealed,0.2510930516220859,870,@EAAmqpjmIxvs_gA~Z~MbIfCfj@jM|DxC`BbEF|BS`C}Rbk@,,,,,,,28,#1464a5cc,#1464a5cc,,,,,,,<div><strong>RUTLAND STREET</strong><br><span>Surface: sealed</span><br><span>Length: 0.25 km</span><br><span>Length rank: 870</span></div>
road_3283319,path,Road centreline,hamilton_road_path,MIERS GLADE,,,,sealed,0.2507742979488954,871,@EAA}dahmIz}v}fAa`@aK}HwBeIoAkH}@gIaAcJ_AaN_@oPGiRl@wOdAyFRcDC{De@,,,,,,,28,#1464a5cc,#1464a5cc,,,,,,,<div><strong>MIERS GLADE</strong><br><span>Surface: sealed</span><br><span>Length: 0.25 km</span><br><span>Length rank: 871</span></div>
road_3283114,path,Road centreline,hamilton_road_path,MCKAIN PLACE,,,,sealed,0.2500727706790892,872,@EAAaksjmI`vccgAlFm@bFsB|GkHpDgHhD{LdEma@XkCr@wBhAwBbBqAxCs@zl@n@,,,,,,,28,#1464a5cc,#1464a5cc,,,,,,,<div><strong>MCKAIN PLACE</strong><br><span>Surface: sealed</span><br><span>Length: 0.25 km</span><br><span>Length rank: 872</span></div>
road_3283248,path,Road centreline,hamilton_road_path,MAINSTREET PLACE,,,,sealed,0.2495700062913987,873,@EAA}u~fmI~it_gAcwAzvAgEdG_B`D{@zDJ~E,,,,,,,28,#1464a5cc,#1464a5cc,,,,,,,<div><strong>MAINSTREET PLACE</strong><br><span>Surface: sealed</span><br><span>Length: 0.25 km</span><br><span>Length rank: 873</span></div>
road_3283165,path,Road centreline,hamilton_road_path,OPOIA ROAD,,,,sealed,0.2493172137211255,874,@EAAuqtimI~{gagAn_Cm_B,,,,,,,28,#1464a5cc,#1464a5cc,,,,,,,<div><strong>OPOIA ROAD</strong><br><span>Surface: sealed</span><br><span>Length: 0.25 km</span><br><span>Length rank: 874</span></div>
road_3257970,path,Road centreline,hamilton_road_path,TIRONUI TERRACE,,,,sealed,0.2492780903059355,875,@EAAerlfmIzkpagAkAzKUlI`@xJzAzKf@dE~BhGzFpKtCvDz@bBbAdDXjDLxP_@xDKhEdArB`FbD,,,,,,,28,#1464a5cc,#1464a5cc,,,,,,,<div><strong>TIRONUI TERRACE</strong><br><span>Surface: sealed</span><br><span>Length: 0.25 km</span><br><span>Length rank: 875</span></div>
road_3283241,path,Road centreline,hamilton_road_path,CARDRONA ROAD,,,,sealed,0.2489476909777434,876,@EAAormhmIfdn`gArIgAxG{@nMaCbHeCtmAuqA,,,,,,,28,#1464a5cc,#1464a5cc,,,,,,,<div><strong>CARDRONA ROAD</strong><br><span>Surface: sealed</span><br><span>Length: 0.25 km</span><br><span>Length rank: 876</span></div>
road_3283357,path,Road centreline,hamilton_road_path,BLAKE STREET,,,,sealed,0.2488645937085472,877,@EAAu~cjmIxi~_gArMov@|@_CnIgU|V_s@,,,,,,,28,#1464a5cc,#1464a5cc,,,,,,,<div><strong>BLAKE STREET</strong><br><span>Surface: sealed</span><br><span>Length: 0.25 km</span><br><span>Length rank: 877</span></div>
road_3283155,path,Road centreline,hamilton_road_path,RADNOR STREET,,,,sealed,0.2488349650110361,878,@EAA}`yimInkwagAbGvCzdClmA,,,,,,,28,#1464a5cc,#1464a5cc,,,,,,,<div><strong>RADNOR STREET</strong><br><span>Surface: sealed</span><br><span>Length: 0.25 km</span><br><span>Length rank: 878</span></div>
road_6064545,path,Road centreline,hamilton_road_path,NORTHBROOK GLEN,,,,sealed,0.2488304163908659,879,@EAAapbgmIxam}fApAtHvCvUtCvV|BzIzD|K|GxJfIbHjG~D~M`IpFlC,,,,,,,28,#1464a5cc,#1464a5cc,,,,,,,<div><strong>NORTHBROOK GLEN</strong><br><span>Surface: sealed</span><br><span>Length: 0.25 km</span><br><span>Length rank: 879</span></div>
road_3283207,path,Road centreline,hamilton_road_path,BEVERLEY CRESCENT,,,,sealed,0.2479616869061644,880,@EAA{thlmId_fbgAxk@|HrBNdDEh@M|A_@p@c@p@e@nAaBx@cCr@uCpL{f@fJg`@,,,,,,,28,#1464a5cc,#1464a5cc,,,,,,,<div><strong>BEVERLEY CRESCENT</strong><br><span>Surface: sealed</span><br><span>Length: 0.25 km</span><br><span>Length rank: 880</span></div>
road_3283024,path,Road centreline,hamilton_road_path,CHARLIES WAY,,,,sealed,0.2468306310493269,881,@EAAo_ygmIjsbbgAeTdDgqCrb@,,,,,,,28,#1464a5cc,#1464a5cc,,,,,,,<div><strong>CHARLIES WAY</strong><br><span>Surface: sealed</span><br><span>Length: 0.25 km</span><br><span>Length rank: 881</span></div>
road_3283192,path,Road centreline,hamilton_road_path,Road centreline,,,,sealed,0.2464524694861258,882,@EAAmlhkmIf}kagArk@fc@bFxCdFpAxFRbHYdQkCxR_DxQmEtLcCt@O,,,,,,,28,#1464a5cc,#1464a5cc,,,,,,,<div><strong>Road 3283192</strong><br><span>Surface: sealed</span><br><span>Length: 0.25 km</span><br><span>Length rank: 882</span></div>
road_3283023,path,Road centreline,hamilton_road_path,CAREW STREET,,,,sealed,0.2464368536481465,883,@EAAibqfmIfijagAmCeDqDcEqEmDwl@oa@wDoBcEu@qk@}KkUcE,,,,,,,28,#1464a5cc,#1464a5cc,,,,,,,<div><strong>CAREW STREET</strong><br><span>Surface: sealed</span><br><span>Length: 0.25 km</span><br><span>Length rank: 883</span></div>
road_3283289,path,Road centreline,hamilton_road_path,CYPRESS CRESCENT,,,,sealed,0.245895080226505,884,@EAAea{fmIlir~fA}L^{o@iEihAmJkE`BiAnBSlHjAdH,,,,,,,28,#1464a5cc,#1464a5cc,,,,,,,<div><strong>CYPRESS CRESCENT</strong><br><span>Surface: sealed</span><br><span>Length: 0.25 km</span><br><span>Length rank: 884</span></div>
road_3283205,path,Road centreline,hamilton_road_path,CHELMSFORD STREET,,,,sealed,0.2452778667484086,885,@EAAcgjlmIviiagAgElAaDn@gGbB{DdCqLhMoAhAiAx@eB`AwIdE_[bO_FjBiElAsPxEyCjA_Av@e@z@IjAJjA^nAl@|Ap@nA,,,,,,,28,#1464a5cc,#1464a5cc,,,,,,,<div><strong>CHELMSFORD STREET</strong><br><span>Surface: sealed</span><br><span>Length: 0.25 km</span><br><span>Length rank: 885</span></div>
road_3258228,path,Road centreline,hamilton_road_path,EMERALD PLACE,,,,sealed,0.2452716865303173,886,@EAAihzhmIxxm_gAqI|G{DvAmFz@kCFuEa@oY_E_OyBw{@uLgSwC}Ba@,,,,,,,28,#1464a5cc,#1464a5cc,,,,,,,<div><strong>EMERALD PLACE</strong><br><span>Surface: sealed</span><br><span>Length: 0.25 km</span><br><span>Length rank: 886</span></div>
road_3283416,path,Road centreline,hamilton_road_path,CHESTERFIELD PLACE,,,,sealed,0.2452691195271102,887,@EAAgrqhmIpc|}fAq@lHy@|S\rHzCSfEExq@`BvVLr[z@vG?,,,,,,,28,#1464a5cc,#1464a5cc,,,,,,,<div><strong>CHESTERFIELD PLACE</strong><br><span>Surface: sealed</span><br><span>Length: 0.25 km</span><br><span>Length rank: 887</span></div>
road_3283077,path,Road centreline,hamilton_road_path,RICHMOND STREET,,,,sealed,0.2452035409066044,888,@EAAs}lhmIljy`gAFyAe@eBiLcViPc]ke@waA,,,,,,,28,#1464a5cc,#1464a5cc,,,,,,,<div><strong>RICHMOND STREET</strong><br><span>Surface: sealed</span><br><span>Length: 0.25 km</span><br><span>Length rank: 888</span></div>
road_3314029,path,Road centreline,hamilton_road_path,Road centreline,,,,sealed,0.2446773426473033,889,@EAAwfkhmIfdsagAhV{e@r@kD_A{ByBmBwH}CkBUaEr@kErCgCdFiEpJEtH~DhHdJdL,,,,,,,28,#1464a5cc,#1464a5cc,,,,,,,<div><strong>Road 3314029</strong><br><span>Surface: sealed</span><br><span>Length: 0.24 km</span><br><span>Length rank: 889</span></div>
road_3283323,path,Road centreline,hamilton_road_path,BRAMBER STREET,,,,sealed,0.2444720798252306,890,@EAAut{fmI~ms}fAc^oPyCy@eBu@uMwFmDgD{AoDKgB?_BnCaJfAoDZaFK{Ek@qFa@{F{@gHy@uI,,,,,,,28,#1464a5cc,#1464a5cc,,,,,,,<div><strong>BRAMBER STREET</strong><br><span>Surface: sealed</span><br><span>Length: 0.24 km</span><br><span>Length rank: 890</span></div>
road_8328181,path,Road centreline,hamilton_road_path,TEKAPO ROAD,,,,sealed,0.244305116938213,891,@EAA{ucfmIbh~_gAe}@le@_SdJ{Gd@yLkFkKyLwEwFiEiF,,,,,,,28,#1464a5cc,#1464a5cc,,,,,,,<div><strong>TEKAPO ROAD</strong><br><span>Surface: sealed</span><br><span>Length: 0.24 km</span><br><span>Length rank: 891</span></div>
road_3283107,path,Road centreline,hamilton_road_path,RICHAN STREET,,,,sealed,0.2442499957288364,892,@EAAgpvimI~pfcgAhjAat@r@gAl@{BpCmDn[ge@,,,,,,,28,#1464a5cc,#1464a5cc,,,,,,,<div><strong>RICHAN STREET</strong><br><span>Surface: sealed</span><br><span>Length: 0.24 km</span><br><span>Length rank: 892</span></div>
road_3283014,path,Road centreline,hamilton_road_path,LIMOUSIN PLACE,,,,sealed,0.2436026272691997,893,@EAAktwemI`waagAjs@tfAvD|DbC~BfEbBlHbCfIx@lEZ|Fa@xGiA,,,,,,,28,#1464a5cc,#1464a5cc,,,,,,,<div><strong>LIMOUSIN PLACE</strong><br><span>Surface: sealed</span><br><span>Length: 0.24 km</span><br><span>Length rank: 893</span></div>
road_3283417,path,Road centreline,hamilton_road_path,HORSHAM DOWNS ROAD,,,,sealed,0.2417946109629697,894,@EAA{zyhmI|y{}fAyKxh@}AtLsGjb@_EdWa@pQ,,,,,,,28,#1464a5cc,#1464a5cc,,,,,,,<div><strong>HORSHAM DOWNS ROAD</strong><br><span>Surface: sealed</span><br><span>Length: 0.24 km</span><br><span>Length rank: 894</span></div>
road_3283413,path,Road centreline,hamilton_road_path,HOLFORD PLACE,,,,sealed,0.2415489914941108,895,@EAAmpkimI|~z}fAmnAbNec@zD{CXsExA{BhB}BdDMrCNpEbBvH,,,,,,,28,#1464a5cc,#1464a5cc,,,,,,,<div><strong>HOLFORD PLACE</strong><br><span>Surface: sealed</span><br><span>Length: 0.24 km</span><br><span>Length rank: 895</span></div>
road_3283159,path,Road centreline,hamilton_road_path,COATES STREET,,,,sealed,0.2413523470841914,896,@EAA{dljmIfgvagAlcDzd@,,,,,,,28,#1464a5cc,#1464a5cc,,,,,,,<div><strong>COATES STREET</strong><br><span>Surface: sealed</span><br><span>Length: 0.24 km</span><br><span>Length rank: 896</span></div>
road_3283164,path,Road centreline,hamilton_road_path,BARTON STREET,,,,sealed,0.2413198293125808,897,@EAAgecimIltcagAicBbmB,,,,,,,28,#1464a5cc,#1464a5cc,,,,,,,<div><strong>BARTON STREET</strong><br><span>Surface: sealed</span><br><span>Length: 0.24 km</span><br><span>Length rank: 897</span></div>
road_8328204,path,Road centreline,hamilton_road_path,Road centreline,,,,unmetalled,0.2410703797239514,898,@EAAuiqimIbqi}fAmR`JqZnKgZlKaMtDsPfEiK`BcGfAkB|@iCdDqMmB,,,,,,,28,#734a12cc,#734a12cc,,,,,,,<div><strong>Road 8328204</strong><br><span>Surface: unmetalled</span><br><span>Length: 0.24 km</span><br><span>Length rank: 898</span></div>
road_3283236,path,Road centreline,hamilton_road_path,RAWENE STREET,,,,sealed,0.2409685099350044,899,@EAAs}`gmIllt`gAdeBwkB,,,,,,,28,#1464a5cc,#1464a5cc,,,,,,,<div><strong>RAWENE STREET</strong><br><span>Surface: sealed</span><br><span>Length: 0.24 km</span><br><span>Length rank: 899</span></div>
road_7742427,path,Road centreline,hamilton_road_path,MIHARO CRESCENT,,,,sealed,0.2408957031314168,900,@EAA{s{fmIpdd}fAxCcEvAoCjAqCt@aDViD@iEk@mH{A}Oi@}Fa@cCc@mAm@{@_Am@{@_@eB[mBIqM^_[hAkQf@,,,,,,,28,#1464a5cc,#1464a5cc,,,,,,,<div><strong>MIHARO CRESCENT</strong><br><span>Surface: sealed</span><br><span>Length: 0.24 km</span><br><span>Length rank: 900</span></div>
road_3283168,path,Road centreline,hamilton_road_path,CLIFTON ROAD,,,,sealed,0.2408636478486256,901,@EAAoudimIrn}`gA`cB}lB,,,,,,,28,#1464a5cc,#1464a5cc,,,,,,,<div><strong>CLIFTON ROAD</strong><br><span>Surface: sealed</span><br><span>Length: 0.24 km</span><br><span>Length rank: 901</span></div>
road_3283390,path,Road centreline,hamilton_road_path,ROSSITER PLACE,,,,sealed,0.2405683713252449,902,@EAAgfcimIlse_gAtMgf@pCmCrDO|t@hKfIf@lSWdR_@,,,,,,,28,#1464a5cc,#1464a5cc,,,,,,,<div><strong>ROSSITER PLACE</strong><br><span>Surface: sealed</span><br><span>Length: 0.24 km</span><br><span>Length rank: 902</span></div>
road_3283282,path,Road centreline,hamilton_road_path,RIVERSIDE LANE,,,,sealed,0.2401894594534857,903,@EAAausfmIfy_~fArCsBzByDnKi\n@eDRyCk@kBsDaCkd@aLaE_EwDsF{EqHuD_FkBqB,,,,,,,28,#1464a5cc,#1464a5cc,,,,,,,<div><strong>RIVERSIDE LANE</strong><br><span>Surface: sealed</span><br><span>Length: 0.24 km</span><br><span>Length rank: 903</span></div>
road_3283230,path,Road centreline,hamilton_road_path,PENNEY GREEN,,,,sealed,0.2401406128751139,904,@EAAqosfmIrji`gAfI`FrEtAlHlAlDrBdDvCtCrFpD|H~A`EvDlGfCbCtApAnBv@rCh@pNtBxDh@tBx@dBhBrEtDfBfA~BlAjC`AdBl@,,,,,,,28,#1464a5cc,#1464a5cc,,,,,,,<div><strong>PENNEY GREEN</strong><br><span>Surface: sealed</span><br><span>Length: 0.24 km</span><br><span>Length rank: 904</span></div>
road_3314423,path,Road centreline,hamilton_road_path,MATIPO CRESCENT,,,,sealed,0.239644206130199,905,@EAAkoegmIxpv~fAa]rc@g@jAEpAJzAn@xA~ArAnBj@fuApY,,,,,,,28,#1464a5cc,#1464a5cc,,,,,,,<div><strong>MATIPO CRESCENT</strong><br><span>Surface: sealed</span><br><span>Length: 0.24 km</span><br><span>Length rank: 905</span></div>
road_3283431,path,Road centreline,hamilton_road_path,PORTOBELLO WAY,,,,sealed,0.2395694789919824,906,@EAAq~kimI|mc~fABfFWjJw@rDc@`Dk@`ByAhEsCbFuCzEgGbHyDnEmBpCaA`FaBpI{@`EiAdGg@|ERfDpB|C|ArB,,,,,,,28,#1464a5cc,#1464a5cc,,,,,,,<div><strong>PORTOBELLO WAY</strong><br><span>Surface: sealed</span><br><span>Length: 0.24 km</span><br><span>Length rank: 906</span></div>
road_3283163,path,Road centreline,hamilton_road_path,NISBET STREET,,,,sealed,0.2394439370006316,907,@EAAufbimIzmmagAkhCgnA,,,,,,,28,#1464a5cc,#1464a5cc,,,,,,,<div><strong>NISBET STREET</strong><br><span>Surface: sealed</span><br><span>Length: 0.24 km</span><br><span>Length rank: 907</span></div>
road_3283287,path,Road centreline,hamilton_road_path,CATTANACH STREET,,,,sealed,0.2393946180862683,908,@EAA}dxgmIhr|~fAdCo@xKmDjGuBhuB_|@,,,,,,,28,#1464a5cc,#1464a5cc,,,,,,,<div><strong>CATTANACH STREET</strong><br><span>Surface: sealed</span><br><span>Length: 0.24 km</span><br><span>Length rank: 908</span></div>
road_3283068,path,Road centreline,hamilton_road_path,WATERLOO STREET,,,,sealed,0.238859865967292,909,@EAAoqfhmIdroagA~NcLt]cVnjA}w@,,,,,,,28,#1464a5cc,#1464a5cc,,,,,,,<div><strong>WATERLOO STREET</strong><br><span>Surface: sealed</span><br><span>Length: 0.24 km</span><br><span>Length rank: 909</span></div>
road_3314382,path,Road centreline,hamilton_road_path,AVALON DRIVE,,,,sealed,0.2387880239594585,910,@EAAcbyfmIddg`gAPaEz@gC|AyBzBiBtCoAdDw@hAIfBOrDBnD^bD|@nCtArBlBvA|BTz@\lALlCWlC{@fC}AxB{BfBsCpAgDv@oDXuDCoD_@a@M_Co@oCwAuBkBuA}Bs@iCIyA,,,,,,,28,#1464a5cc,#1464a5cc,,,,,,,<div><strong>AVALON DRIVE</strong><br><span>Surface: sealed</span><br><span>Length: 0.24 km</span><br><span>Length rank: 910</span></div>
road_3283095,path,Road centreline,hamilton_road_path,ALOMA WAY,,,,sealed,0.2383709512203244,911,@EAA{}ximIvk~cgAcCsCgB{CyOo[gCmIQyAWoBuAcGmJuRqBiCwDgCuV}LsAkAs@mAk@gB,,,,,,,28,#1464a5cc,#1464a5cc,,,,,,,<div><strong>ALOMA WAY</strong><br><span>Surface: sealed</span><br><span>Length: 0.24 km</span><br><span>Length rank: 911</span></div>
road_3283231,path,Road centreline,hamilton_road_path,LUGTON STREET,,,,sealed,0.2378796532569079,912,@EAA_{qfmIdhc`gAmF~DmBhC{OxXu]ln@WfBJnBjAdJfDjR,,,,,,,28,#1464a5cc,#1464a5cc,,,,,,,<div><strong>LUGTON STREET</strong><br><span>Surface: sealed</span><br><span>Length: 0.24 km</span><br><span>Length rank: 912</span></div>
road_3282999,path,Road centreline,hamilton_road_path,WICKHAM STREET,,,,sealed,0.2376716064695429,913,@EAAikzgmItspbgAqYgeAaU{x@,,,,,,,28,#1464a5cc,#1464a5cc,,,,,,,<div><strong>WICKHAM STREET</strong><br><span>Surface: sealed</span><br><span>Length: 0.24 km</span><br><span>Length rank: 913</span></div>
road_3314258,path,Road centreline,hamilton_road_path,FINCHLEY PLACE,,,,sealed,0.2376588683012386,914,@EAA_yxjmIhr_agArY|C`NjB|QpC`F`AxEj@dL`BpIrAxGZdDm@lBsA`A{Ah@}Ar@wETwHcAkM,,,,,,,28,#1464a5cc,#1464a5cc,,,,,,,<div><strong>FINCHLEY PLACE</strong><br><span>Surface: sealed</span><br><span>Length: 0.24 km</span><br><span>Length rank: 914</span></div>
road_3283099,path,Road centreline,hamilton_road_path,MINIFIE AVENUE,,,,sealed,0.2372320963869667,915,@EAAic{hmIffacgA{u@}`@mnAsm@,,,,,,,27,#1464a5cc,#1464a5cc,,,,,,,<div><strong>MINIFIE AVENUE</strong><br><span>Surface: sealed</span><br><span>Length: 0.24 km</span><br><span>Length rank: 915</span></div>
road_8328199,path,Road centreline,hamilton_road_path,BROOKVIEW COURT,,,,sealed,0.2370566367034162,916,@EAAwcvhmIvys~fAia@\{Gc@IA}Lw@_KkBGAwIqBcJkBkPkCeAMwLsAq_@iEqDQ,,,,,,,27,#1464a5cc,#1464a5cc,,,,,,,<div><strong>BROOKVIEW COURT</strong><br><span>Surface: sealed</span><br><span>Length: 0.24 km</span><br><span>Length rank: 916</span></div>
road_3283419,path,Road centreline,hamilton_road_path,LAVENHAM PLACE,,,,sealed,0.2368682705051844,917,@EAAyhuhmI~zy}fAbYe@lHc@zRuBhEsBvA{Cz@{\x@qHjBoWl@_L,,,,,,,27,#1464a5cc,#1464a5cc,,,,,,,<div><strong>LAVENHAM PLACE</strong><br><span>Surface: sealed</span><br><span>Length: 0.24 km</span><br><span>Length rank: 917</span></div>
road_3283170,path,Road centreline,hamilton_road_path,HARDLEY STREET,,,,sealed,0.2360697387213804,918,@EAAy}`imItjz`gAnEuEvJcKzkAs|@dOkQ,,,,,,,27,#1464a5cc,#1464a5cc,,,,,,,<div><strong>HARDLEY STREET</strong><br><span>Surface: sealed</span><br><span>Length: 0.24 km</span><br><span>Length rank: 918</span></div>
road_3314032,path,Road centreline,hamilton_road_path,WALKER TERRACE,,,,sealed,0.2357115897833206,919,@EAAykjgmIdgkagAXfCo@bCkEzHy@lCg@dBQrBKfDlBng@]lCcAjBcD|CeEhBgi@|H,,,,,,,27,#1464a5cc,#1464a5cc,,,,,,,<div><strong>WALKER TERRACE</strong><br><span>Surface: sealed</span><br><span>Length: 0.24 km</span><br><span>Length rank: 919</span></div>
road_8326469,path,Road centreline,hamilton_road_path,COBHAM DRIVE,,,,sealed,0.2353986086401888,920,@EAAaiokmI~vfbgAjnC|bA,,,,,,,27,#1464a5cc,#1464a5cc,,,,,,,<div><strong>COBHAM DRIVE</strong><br><span>Surface: sealed</span><br><span>Length: 0.24 km</span><br><span>Length rank: 920</span></div>
road_6064304,path,Road centreline,hamilton_road_path,KENNEDY LANE,,,,sealed,0.235189579283572,921,@EAAscmjmIveaagAjSe@dANbAb@Zp@V~B~C`q@tDfD`IlA~p@zI,,,,,,,27,#1464a5cc,#1464a5cc,,,,,,,<div><strong>KENNEDY LANE</strong><br><span>Surface: sealed</span><br><span>Length: 0.24 km</span><br><span>Length rank: 921</span></div>
road_3282996,path,Road centreline,hamilton_road_path,PURCELL PLACE,,,,sealed,0.2347834426011123,922,@EAAmbphmIpsbcgAl`@jJ|He@hVkFjGoBjCwC~Sq_@MeEoCoC_NoE,,,,,,,27,#1464a5cc,#1464a5cc,,,,,,,<div><strong>PURCELL PLACE</strong><br><span>Surface: sealed</span><br><span>Length: 0.23 km</span><br><span>Length rank: 922</span></div>
road_3283060,path,Road centreline,hamilton_road_path,OLWYN TERRACE,,,,sealed,0.234251401966509,923,@EAA}ijgmInueagAoQlAa{AbNiPzBs[zEcDt@,,,,,,,27,#1464a5cc,#1464a5cc,,,,,,,<div><strong>OLWYN TERRACE</strong><br><span>Surface: sealed</span><br><span>Length: 0.23 km</span><br><span>Length rank: 923</span></div>
road_3283138,path,Road centreline,hamilton_road_path,PICCADILLY LANE,,,,sealed,0.23418980450803,924,@EAA{{almIrckbgA`Bg@jBs@lBaAr@}@dByB|@iCZqENsHA}Dg@cBeBoBuCyAsDk@{H_@kH[yFw@qFsAkFuBuBkAgCaBqG{DeCuAoCaAyJwD,,,,,,,27,#1464a5cc,#1464a5cc,,,,,,,<div><strong>PICCADILLY LANE</strong><br><span>Surface: sealed</span><br><span>Length: 0.23 km</span><br><span>Length rank: 924</span></div>
road_3283218,path,Road centreline,hamilton_road_path,AILEEN PLACE,,,,sealed,0.2335908536124984,925,@EAAqcifmI~_k`gA`BbFp@pFN`OqBxHuBhD_CvCwXdRcGbFoF|GiE`HwH|P,,,,,,,27,#1464a5cc,#1464a5cc,,,,,,,<div><strong>AILEEN PLACE</strong><br><span>Surface: sealed</span><br><span>Length: 0.23 km</span><br><span>Length rank: 925</span></div>
road_3314237,path,Road centreline,hamilton_road_path,NORTON ROAD,,,,sealed,0.2334395489007031,926,@EAAghuhmIxefagA}BwHcGeEuKkB}MxA}InHw@pJd@rCpEdGhHtC|KVnIeBtGmFdBeK,,,,,,,27,#1464a5cc,#1464a5cc,,,,,,,<div><strong>NORTON ROAD</strong><br><span>Surface: sealed</span><br><span>Length: 0.23 km</span><br><span>Length rank: 926</span></div>
road_3314028,path,Road centreline,hamilton_road_path,COURTNEY AVENUE,,,,sealed,0.2332275815121995,927,@EAAg`zfmIn{lagA{g@_Amy@yAmDhBaA`EyBpg@,,,,,,,27,#1464a5cc,#1464a5cc,,,,,,,<div><strong>COURTNEY AVENUE</strong><br><span>Surface: sealed</span><br><span>Length: 0.23 km</span><br><span>Length rank: 927</span></div>
road_3283119,path,Road centreline,hamilton_road_path,NORRIE STREET,,,,sealed,0.2330590558463035,928,@EAA{hfjmI|ntbgAiGhC_DpCaG`Iih@hr@w\vd@,,,,,,,27,#1464a5cc,#1464a5cc,,,,,,,<div><strong>NORRIE STREET</strong><br><span>Surface: sealed</span><br><span>Length: 0.23 km</span><br><span>Length rank: 928</span></div>
road_3283285,path,Road centreline,hamilton_road_path,WILFRED STREET,,,,sealed,0.2324916017700003,929,@EAAksrgmIzs{~fAebBpq@ub@fW,,,,,,,27,#1464a5cc,#1464a5cc,,,,,,,<div><strong>WILFRED STREET</strong><br><span>Surface: sealed</span><br><span>Length: 0.23 km</span><br><span>Length rank: 929</span></div>
road_3258166,path,Road centreline,hamilton_road_path,TAKSAN PLACE,,,,sealed,0.2321757096755774,930,@EAAwjgfmIf_c~fA{QtWmDbFcB`EaA`CgEhKg@jAaEzSsE~k@,,,,,,,27,#1464a5cc,#1464a5cc,,,,,,,<div><strong>TAKSAN PLACE</strong><br><span>Surface: sealed</span><br><span>Length: 0.23 km</span><br><span>Length rank: 930</span></div>
road_3283290,path,Road centreline,hamilton_road_path,HARROWFIELD DRIVE,,,,sealed,0.2321149028168057,931,@EAA}pxgmIzvr~fAuq@}K_iBaZ,,,,,,,27,#1464a5cc,#1464a5cc,,,,,,,<div><strong>HARROWFIELD DRIVE</strong><br><span>Surface: sealed</span><br><span>Length: 0.23 km</span><br><span>Length rank: 931</span></div>
road_3283255,path,Road centreline,hamilton_road_path,DUNCAN ROAD,,,,sealed,0.2316301104954987,932,@EAAmj}gmIxpm_gAudCyjA,,,,,,,27,#1464a5cc,#1464a5cc,,,,,,,<div><strong>DUNCAN ROAD</strong><br><span>Surface: sealed</span><br><span>Length: 0.23 km</span><br><span>Length rank: 932</span></div>
road_3257966,path,Road centreline,hamilton_road_path,GRASSLANDS PLACE,,,,sealed,0.2311393302572428,933,@EAAwcdhmIpkmbgAor@pKihBrX,,,,,,,27,#1464a5cc,#1464a5cc,,,,,,,<div><strong>GRASSLANDS PLACE</strong><br><span>Surface: sealed</span><br><span>Length: 0.23 km</span><br><span>Length rank: 933</span></div>
road_3283081,path,Road centreline,hamilton_road_path,STOKES CRESCENT,,,,sealed,0.2307374231546814,934,@EAAucchmInds`gArKbRnAfAhGrE|CvAt@hA`@fAE~CaKt\}@jEQ|CVle@,,,,,,,27,#1464a5cc,#1464a5cc,,,,,,,<div><strong>STOKES CRESCENT</strong><br><span>Surface: sealed</span><br><span>Length: 0.23 km</span><br><span>Length rank: 934</span></div>
road_3283309,path,Road centreline,hamilton_road_path,TOI TOI PLACE,,,,sealed,0.2305438403545177,935,@EAA{h_hmI|li~fAoCjHgDhLcBhFeAtByAn@}B`AtCpBXh@TtB@rCWtFW~BIrBHtBXpBbAzB~DjCnKjCbQtCxNjC,,,,,,,27,#1464a5cc,#1464a5cc,,,,,,,<div><strong>TOI TOI PLACE</strong><br><span>Surface: sealed</span><br><span>Length: 0.23 km</span><br><span>Length rank: 935</span></div>
road_3283243,path,Road centreline,hamilton_road_path,BOLMUIR ROAD,,,,sealed,0.2297263735627552,936,@EAA}a`hmI~hg`gA~y@zf@n`Arj@,,,,,,,27,#1464a5cc,#1464a5cc,,,,,,,<div><strong>BOLMUIR ROAD</strong><br><span>Surface: sealed</span><br><span>Length: 0.23 km</span><br><span>Length rank: 936</span></div>
road_3314284,path,Road centreline,hamilton_road_path,Road centreline,,,,sealed,0.2295788997939983,937,@EAAgv~kmIf`ragAnAvAzAdAfB`AjCnAlBz@zAv@|@z@|@vAnAbB~AlAlAp@|Ah@|AZdB?dB[nCqApMgGjAq@nAeBf@aBFmBEsBYsAcAyA}AcAqBi@yBIsB?iB?gCMkBe@kBq@iAo@eBqAcAcAuAu@kBc@yCF,,,,,,,27,#1464a5cc,#1464a5cc,,,,,,,<div><strong>Road 3314284</strong><br><span>Surface: sealed</span><br><span>Length: 0.23 km</span><br><span>Length rank: 937</span></div>
road_3283314,path,Road centreline,hamilton_road_path,GROSVENOR PLACE,,,,sealed,0.2295653212872601,938,@EAA{onhmIv{~}fAdBt@fFpAbMtBtHjA`I`@vNrApGXlEVxDhAtRdMzCrB`EzA~EMrDy@tPuL,,,,,,,27,#1464a5cc,#1464a5cc,,,,,,,<div><strong>GROSVENOR PLACE</strong><br><span>Surface: sealed</span><br><span>Length: 0.23 km</span><br><span>Length rank: 938</span></div>
road_3283362,path,Road centreline,hamilton_road_path,RANFURLY AVENUE,,,,sealed,0.2295234831027189,939,@EAAis}hmIxhk`gAhLaQ`H{Wz[enA,,,,,,,27,#1464a5cc,#1464a5cc,,,,,,,<div><strong>RANFURLY AVENUE</strong><br><span>Surface: sealed</span><br><span>Length: 0.23 km</span><br><span>Length rank: 939</span></div>
road_3314436,path,Road centreline,hamilton_road_path,CANAANDALE DRIVE,,,,sealed,0.2294768844334581,940,@EAA}i`hmInrg~fAmF`OmDjK}K`VoB`HuE~Ng@tCZrAhAr@|Bf@jh@|G,,,,,,,27,#1464a5cc,#1464a5cc,,,,,,,<div><strong>CANAANDALE DRIVE</strong><br><span>Surface: sealed</span><br><span>Length: 0.23 km</span><br><span>Length rank: 940</span></div>
road_3283352,path,Road centreline,hamilton_road_path,NGAERE AVENUE,,,,sealed,0.2293129018467038,941,@EAA_{`imI|iy_gAwIoAu}B_\yQkC,,,,,,,27,#1464a5cc,#1464a5cc,,,,,,,<div><strong>NGAERE AVENUE</strong><br><span>Surface: sealed</span><br><span>Length: 0.23 km</span><br><span>Length rank: 941</span></div>
road_3283032,path,Road centreline,hamilton_road_path,TANIWHA STREET,,,,sealed,0.228881024455771,942,@EAAqbhhmIhf`agAaAjIeKhYy@hF`@nI`C`NxLzv@,,,,,,,27,#1464a5cc,#1464a5cc,,,,,,,<div><strong>TANIWHA STREET</strong><br><span>Surface: sealed</span><br><span>Length: 0.23 km</span><br><span>Length rank: 942</span></div>
road_3283044,path,Road centreline,hamilton_road_path,HASTINGS PLACE,,,,sealed,0.2280341210473278,943,@EAAejlhmI~kibgAsEfBkFd@iH^aHU{JgCkDuC{BuCk@mCF_Dj@eC`AgFj@cJRuFYaSG}Cc@{G]aD,,,,,,,27,#1464a5cc,#1464a5cc,,,,,,,<div><strong>HASTINGS PLACE</strong><br><span>Surface: sealed</span><br><span>Length: 0.23 km</span><br><span>Length rank: 943</span></div>
road_3314604,path,Road centreline,hamilton_road_path,FERNLEIGH STREET,,,,sealed,0.2276145561010173,944,@EAAgmuimIr`p_gAbv@fl@bx@zm@,,,,,,,27,#1464a5cc,#1464a5cc,,,,,,,<div><strong>FERNLEIGH STREET</strong><br><span>Surface: sealed</span><br><span>Length: 0.23 km</span><br><span>Length rank: 944</span></div>
road_8328172,path,Road centreline,hamilton_road_path,TIMATANGA ROAD,,,,sealed,0.2274555017092446,945,@EAA{k}emIroncgA{RjEsR`EoJlDkLvHo@`@yG`EmFToJ?cIuAm\aY,,,,,,,27,#1464a5cc,#1464a5cc,,,,,,,<div><strong>TIMATANGA ROAD</strong><br><span>Surface: sealed</span><br><span>Length: 0.23 km</span><br><span>Length rank: 945</span></div>
road_3258258,path,Road centreline,hamilton_road_path,HARTFORD TERRACE,,,,sealed,0.2269322093093561,946,@EAA_gmimIp~m}fAcMpBaInAcJ`AcCRqGNii@}BkQsAwK_CyJuE_NoK,,,,,,,27,#1464a5cc,#1464a5cc,,,,,,,<div><strong>HARTFORD TERRACE</strong><br><span>Surface: sealed</span><br><span>Length: 0.23 km</span><br><span>Length rank: 946</span></div>
road_8328186,path,Road centreline,hamilton_road_path,GILBEK PLACE,,,,sealed,0.2261203748498826,947,@EAAsagfmI|wg_gAgwAykAeS_P,,,,,,,27,#1464a5cc,#1464a5cc,,,,,,,<div><strong>GILBEK PLACE</strong><br><span>Surface: sealed</span><br><span>Length: 0.23 km</span><br><span>Length rank: 947</span></div>
road_3283067,path,Road centreline,hamilton_road_path,MIRO STREET,,,,sealed,0.2259705962940439,948,@EAAe`zgmI`z|`gA{MiaAsc@ks@,,,,,,,27,#1464a5cc,#1464a5cc,,,,,,,<div><strong>MIRO STREET</strong><br><span>Surface: sealed</span><br><span>Length: 0.23 km</span><br><span>Length rank: 948</span></div>
road_7742806,path,Road centreline,hamilton_road_path,CHIEFS COURT,,,,sealed,0.2255936356808843,949,@EAA_x}jmIxjgagAiGlUlc@fGzJa_@oQcCmBpHaQaC,,,,,,,27,#1464a5cc,#1464a5cc,,,,,,,<div><strong>CHIEFS COURT</strong><br><span>Surface: sealed</span><br><span>Length: 0.23 km</span><br><span>Length rank: 949</span></div>
road_3283302,path,Road centreline,hamilton_road_path,WISTERIA PLACE,,,,sealed,0.2254905319245978,950,@EAA}j{fmIt}{}fAiGqHqBiDqDeDeRaKaKwIaEqC{DqAaGmAaDY{CW{MgAgEeAwIqDyGsA_GgA,,,,,,,27,#1464a5cc,#1464a5cc,,,,,,,<div><strong>WISTERIA PLACE</strong><br><span>Surface: sealed</span><br><span>Length: 0.23 km</span><br><span>Length rank: 950</span></div>
road_3283148,path,Road centreline,hamilton_road_path,FRANCES STREET,,,,sealed,0.2254631181942777,951,@EAAaiejmIhocagAarCw`@{EI,,,,,,,27,#1464a5cc,#1464a5cc,,,,,,,<div><strong>FRANCES STREET</strong><br><span>Surface: sealed</span><br><span>Length: 0.23 km</span><br><span>Length rank: 951</span></div>
road_3283258,path,Road centreline,hamilton_road_path,EDWIN STREET,,,,sealed,0.2249993549229598,952,@EAAcqqgmIz}|~fA}t@pZqhAfo@,,,,,,,27,#1464a5cc,#1464a5cc,,,,,,,<div><strong>EDWIN STREET</strong><br><span>Surface: sealed</span><br><span>Length: 0.22 km</span><br><span>Length rank: 952</span></div>
road_3283421,path,Road centreline,hamilton_road_path,WESTMINSTER PLACE,,,,sealed,0.224856681816673,953,@EAAy|uhmIvas}fAvM_Dxa@oIv_@cKdCk@|B?fCn@lC~AdVbc@,,,,,,,27,#1464a5cc,#1464a5cc,,,,,,,<div><strong>WESTMINSTER PLACE</strong><br><span>Surface: sealed</span><br><span>Length: 0.22 km</span><br><span>Length rank: 953</span></div>
road_6064574,path,Road centreline,hamilton_road_path,WAIRERE DRIVE,,,,sealed,0.2247909575901272,954,@EAAwuajmIb|b_gAeAi@oBgBoAuBq@aCKeCTeCv@_CvAqBtBaBjCmAzCs@~BQpEAbD\xCx@fCpAlBdBpAvBf@hBT|CUdCw@|ByArBcAx@o@f@kCjA}Cr@eDXiDCeD_@yCw@_Ag@,,,,,,,27,#1464a5cc,#1464a5cc,,,,,,,<div><strong>WAIRERE DRIVE</strong><br><span>Surface: sealed</span><br><span>Length: 0.22 km</span><br><span>Length rank: 954</span></div>
road_3283152,path,Road centreline,hamilton_road_path,FOW STREET,,,,sealed,0.2245337963448824,955,@EAAyjkimIt`}agAaPpZaKlRke@||@yAnC,,,,,,,27,#1464a5cc,#1464a5cc,,,,,,,<div><strong>FOW STREET</strong><br><span>Surface: sealed</span><br><span>Length: 0.22 km</span><br><span>Length rank: 955</span></div>
road_7742796,path,Road centreline,hamilton_road_path,BOSTONKIP CRESCENT,,,,sealed,0.2245166551362152,956,@EAAebsjmIrjncgAQOgTyRgLcJ_FaDeFZ_InDwCnC_AfFdDbFz_@t[^Z,,,,,,,27,#1464a5cc,#1464a5cc,,,,,,,<div><strong>BOSTONKIP CRESCENT</strong><br><span>Surface: sealed</span><br><span>Length: 0.22 km</span><br><span>Length rank: 956</span></div>
road_3283018,path,Road centreline,hamilton_road_path,PALM GROVE DRIVE,,,,sealed,0.2241147400829979,957,@EAAoodfmIla|agAhP{@zGm@xMkD|B{@tCkBhAgAjAiC`@uBXiCQ}Dc@qMK_BUiBgA{FmJq^,,,,,,,27,#1464a5cc,#1464a5cc,,,,,,,<div><strong>PALM GROVE DRIVE</strong><br><span>Surface: sealed</span><br><span>Length: 0.22 km</span><br><span>Length rank: 957</span></div>
road_3283394,path,Road centreline,hamilton_road_path,MCINTOSH STREET,,,,sealed,0.2240592899185901,958,@EAA}`zimI|`x_gAcFcEiD_AkeCud@,,,,,,,27,#1464a5cc,#1464a5cc,,,,,,,<div><strong>MCINTOSH STREET</strong><br><span>Surface: sealed</span><br><span>Length: 0.22 km</span><br><span>Length rank: 958</span></div>
road_3314567,path,Road centreline,hamilton_road_path,TURNBURY COURT,,,,sealed,0.2237962853702434,959,@EAAi~fhmIxeh~fAzKzBlQfDfJpBfB^vJpB|T`E`HnAlB\rAHbAQf@k@hJuYV}ALuAGcAa@y@{@o@uAi@,,,,,,,27,#1464a5cc,#1464a5cc,,,,,,,<div><strong>TURNBURY COURT</strong><br><span>Surface: sealed</span><br><span>Length: 0.22 km</span><br><span>Length rank: 959</span></div>
road_8329732,path,Road centreline,hamilton_road_path,KEYES STREET,,,,sealed,0.223540909259269,960,@EAA{umjmInfa_gAwDqAq\oFo@Dg@Pa@`@W`@uTfv@Cl@Jf@L^`@^z`@bG,,,,,,,27,#1464a5cc,#1464a5cc,,,,,,,<div><strong>KEYES STREET</strong><br><span>Surface: sealed</span><br><span>Length: 0.22 km</span><br><span>Length rank: 960</span></div>
road_3258060,path,Road centreline,hamilton_road_path,LAKE DOMAIN DRIVE,,,,sealed,0.2232234914981519,961,@EAA{{{hmIl|ragAjJlOnEdJtL|N|AfBrCjBfF|BtFvBlIhBxHjAxPtAvGThPV,,,,,,,27,#1464a5cc,#1464a5cc,,,,,,,<div><strong>LAKE DOMAIN DRIVE</strong><br><span>Surface: sealed</span><br><span>Length: 0.22 km</span><br><span>Length rank: 961</span></div>
road_3314334,path,Road centreline,hamilton_road_path,KEN BROWNE DRIVE,,,,sealed,0.2230992998666125,962,@EAAcqngmIpia`gAdMmJbRyMpe@wZjj@__@,,,,,,,27,#1464a5cc,#1464a5cc,,,,,,,<div><strong>KEN BROWNE DRIVE</strong><br><span>Surface: sealed</span><br><span>Length: 0.22 km</span><br><span>Length rank: 962</span></div>
road_3283434,path,Road centreline,hamilton_road_path,RENE WAY,,,,sealed,0.22279303325944,963,@EAAo{cimIdqz}fAdDeDtCyCtAwBpAyDCe@NaAFwBEmBQkBe@yBMYM]a@_AwE_JcFmJqH}LsFiKkJwPcBkD,,,,,,,27,#1464a5cc,#1464a5cc,,,,,,,<div><strong>RENE WAY</strong><br><span>Surface: sealed</span><br><span>Length: 0.22 km</span><br><span>Length rank: 963</span></div>
road_100047913,path,Road centreline,hamilton_road_path,MALCOLM STREET,,,,sealed,0.2227082212634467,964,@EAAqsqkmIj{obgAlN~@`Jn@fLl@dLz@bKb@bJr@zUWhE]rJu@lOoAjLwCpEcC,,,,,,,27,#1464a5cc,#1464a5cc,,,,,,,<div><strong>MALCOLM STREET</strong><br><span>Surface: sealed</span><br><span>Length: 0.22 km</span><br><span>Length rank: 964</span></div>
road_3283058,path,Road centreline,hamilton_road_path,MOA CRESCENT,,,,sealed,0.2224801461287591,965,@EAAilngmIf_jagAqBfHuCrImBfJ}@jHB|Cz@zFvBrFjFhKvAbD~B~CvCtDxD~CvKtEfBdAHV\nAd@jC,,,,,,,27,#1464a5cc,#1464a5cc,,,,,,,<div><strong>MOA CRESCENT</strong><br><span>Surface: sealed</span><br><span>Length: 0.22 km</span><br><span>Length rank: 965</span></div>
road_3283051,path,Road centreline,hamilton_road_path,ROSS VIEW TERRACE,,,,sealed,0.2223954471049131,966,@EAA}y~fmIjfpagAonAkH{DEoDBqL|A_q@hJ,,,,,,,27,#1464a5cc,#1464a5cc,,,,,,,<div><strong>ROSS VIEW TERRACE</strong><br><span>Surface: sealed</span><br><span>Length: 0.22 km</span><br><span>Length rank: 966</span></div>
road_7742871,path,Road centreline,hamilton_road_path,AVIAN PLACE,,,,sealed,0.2223124238457175,967,@EAAswsfmIxhb}fAmC?gT\iAPw@Za@`@Ub@Oj@Gt@l@rNh@lAn@l@z@^rARpg@qA~Am@v@s@`@cANcAKiDWqAc@q@{@k@gAYyEg@uCq@yA{@uAqA,,,,,,,27,#1464a5cc,#1464a5cc,,,,,,,<div><strong>AVIAN PLACE</strong><br><span>Surface: sealed</span><br><span>Length: 0.22 km</span><br><span>Length rank: 967</span></div>
road_3283131,path,Road centreline,hamilton_road_path,FOX LANE,,,,sealed,0.2222596245486754,968,@EAAezxjmI|ufbgAcTgDm`BqToGq@yE_AaBaAe@qCd@wE,,,,,,,27,#1464a5cc,#1464a5cc,,,,,,,<div><strong>FOX LANE</strong><br><span>Surface: sealed</span><br><span>Length: 0.22 km</span><br><span>Length rank: 968</span></div>
road_3283327,path,Road centreline,hamilton_road_path,PIWAKAWAKA COURT,,,,sealed,0.2216944999187304,969,@EAAyjjhmIzhg}fAdJnGzB|CrFbNXfF{ApE_FrDmNzCgh@xLuIrAiBHaIL,,,,,,,27,#1464a5cc,#1464a5cc,,,,,,,<div><strong>PIWAKAWAKA COURT</strong><br><span>Surface: sealed</span><br><span>Length: 0.22 km</span><br><span>Length rank: 969</span></div>
road_3313961,path,Road centreline,hamilton_road_path,EVERTON PLACE,,,,sealed,0.2211990554307779,970,@EAAcruemIth~`gAyA}Dy@}ByAmEoAyBmAiB_DeAC?yBg@yCYeDGyGA}DGaD@kDi@aCUsCg@iEkA{GuAqIc@iFHqE`@}Cj@}Bj@gAfAq@rBo@~AFbAPlB,,,,,,,27,#1464a5cc,#1464a5cc,,,,,,,<div><strong>EVERTON PLACE</strong><br><span>Surface: sealed</span><br><span>Length: 0.22 km</span><br><span>Length rank: 970</span></div>
road_3283121,path,Road centreline,hamilton_road_path,RILEY PLACE,,,,sealed,0.2211954759900322,971,@EAAcopjmIbkwbgAtCzCnC~Eb@dDm@dEuA~Bsc@fb@_f@vd@,,,,,,,27,#1464a5cc,#1464a5cc,,,,,,,<div><strong>RILEY PLACE</strong><br><span>Surface: sealed</span><br><span>Length: 0.22 km</span><br><span>Length rank: 971</span></div>
road_3283042,path,Road centreline,hamilton_road_path,HOLMES STREET,,,,sealed,0.2208502270393738,972,@EAAawvfmI~oz`gA}e@rg@{c@te@aNzNmAn@_BV,,,,,,,27,#1464a5cc,#1464a5cc,,,,,,,<div><strong>HOLMES STREET</strong><br><span>Surface: sealed</span><br><span>Length: 0.22 km</span><br><span>Length rank: 972</span></div>
road_3283201,path,Road centreline,hamilton_road_path,BEAUMONT STREET,,,,sealed,0.2207573180954182,973,@EAA{e_kmItkiagAoDBqGw@yIuAkEaBug@od@qg@ic@,,,,,,,27,#1464a5cc,#1464a5cc,,,,,,,<div><strong>BEAUMONT STREET</strong><br><span>Surface: sealed</span><br><span>Length: 0.22 km</span><br><span>Length rank: 973</span></div>
road_3314213,path,Road centreline,hamilton_road_path,PARK TERRACE,,,,sealed,0.2205384263505199,974,@EAA_rnimItwbbgAoAnBe@vBG~BxAvLXdF@dAQpAkBvB{XdP}BYwSqC_I}@_CK}DBmRp@{BH,,,,,,,27,#1464a5cc,#1464a5cc,,,,,,,<div><strong>PARK TERRACE</strong><br><span>Surface: sealed</span><br><span>Length: 0.22 km</span><br><span>Length rank: 974</span></div>
road_3283017,path,Road centreline,hamilton_road_path,GLENCOE PLACE,,,,sealed,0.220433356219387,975,@EAA}qefmI|j`agAnQhJ`LlE|Fz@xE@lIo@vAe@fD_BbCoCxAaCjB{D~CgDtCcAvEy@vF]hK~@bHxBdFhD,,,,,,,27,#1464a5cc,#1464a5cc,,,,,,,<div><strong>GLENCOE PLACE</strong><br><span>Surface: sealed</span><br><span>Length: 0.22 km</span><br><span>Length rank: 975</span></div>
road_3283395,path,Road centreline,hamilton_road_path,MAGEE PLACE,,,,sealed,0.219840959933084,976,@EAAg``jmIzjx_gAhBc@rd@mp@pBeDzAaEzImY~FsPt@_C,,,,,,,27,#1464a5cc,#1464a5cc,,,,,,,<div><strong>MAGEE PLACE</strong><br><span>Surface: sealed</span><br><span>Length: 0.22 km</span><br><span>Length rank: 976</span></div>
road_8328173,path,Road centreline,hamilton_road_path,TEMEPARA DRIVE,,,,sealed,0.2196772870501252,977,@EAAaqafmIhvncgAxHcHvDwEjAwCf@cC`@mCi@sC_BaEcEmD_L}Hca@aYmPkL,,,,,,,27,#1464a5cc,#1464a5cc,,,,,,,<div><strong>TEMEPARA DRIVE</strong><br><span>Surface: sealed</span><br><span>Length: 0.22 km</span><br><span>Length rank: 977</span></div>
road_6082141,path,Road centreline,hamilton_road_path,ROSE BERRY CRESCENT,,,,sealed,0.2194251838856012,978,@EAAek`gmIpai}fAIlFVhFIvGUtBSxAe@v@aARsAE_Gk@sB[kAQaAOqD_@gDEiBHeCReALyCLqEWqDq@mDaAqGcB{GwAiCO{CEmDLiN~A,,,,,,,27,#1464a5cc,#1464a5cc,,,,,,,<div><strong>ROSE BERRY CRESCENT</strong><br><span>Surface: sealed</span><br><span>Length: 0.22 km</span><br><span>Length rank: 978</span></div>
road_3314433,path,Road centreline,hamilton_road_path,VANTAGE PLACE,,,,sealed,0.2189687365581383,979,@EAAme`gmIn~_~fAcCzCiCtBkEfCaEpAqD`@cFWsDqBiC{CaOaV{BsDk@qBCmC|@aC~JaNpCgF~BoE,,,,,,,27,#1464a5cc,#1464a5cc,,,,,,,<div><strong>VANTAGE PLACE</strong><br><span>Surface: sealed</span><br><span>Length: 0.22 km</span><br><span>Length rank: 979</span></div>
road_3283383,path,Road centreline,hamilton_road_path,ST PAULS ROAD,,,,sealed,0.2170427792044846,980,@EAAi_eimItls_gApq@dKhhAjO|G`@dDF|Ce@rCkA,,,,,,,27,#1464a5cc,#1464a5cc,,,,,,,<div><strong>ST PAULS ROAD</strong><br><span>Surface: sealed</span><br><span>Length: 0.22 km</span><br><span>Length rank: 980</span></div>
road_3283359,path,Road centreline,hamilton_road_path,CARRS ROAD,,,,sealed,0.216129541388709,981,@EAAgmdjmIzvm_gAqYsIqI_CaJmB}JeB}JgBcEs@{F_AiFk@oCW_Mo@yP[_G@eFrA,,,,,,,27,#1464a5cc,#1464a5cc,,,,,,,<div><strong>CARRS ROAD</strong><br><span>Surface: sealed</span><br><span>Length: 0.22 km</span><br><span>Length rank: 981</span></div>
road_3283439,path,Road centreline,hamilton_road_path,EASTRIDGE TERRACE,,,,sealed,0.2158474433250255,982,@EAAw_uimI|lo}fAfFjNzBjIVrHQpBu@nC{JjSySh]wBtBaHxByFv@,,,,,,,27,#1464a5cc,#1464a5cc,,,,,,,<div><strong>EASTRIDGE TERRACE</strong><br><span>Surface: sealed</span><br><span>Length: 0.22 km</span><br><span>Length rank: 982</span></div>
road_3283039,path,Road centreline,hamilton_road_path,KENTUCKY CRESCENT,,,,sealed,0.2153921482245235,983,@EAAkppfmIdhw`gAza@zRtSnG`UbEzo@hG`Ln@,,,,,,,27,#1464a5cc,#1464a5cc,,,,,,,<div><strong>KENTUCKY CRESCENT</strong><br><span>Surface: sealed</span><br><span>Length: 0.22 km</span><br><span>Length rank: 983</span></div>
road_7742841,path,Road centreline,hamilton_road_path,BEAUFORT PLACE,,,,sealed,0.2152503881447149,984,@EAAologmIt{x}fAbCaBrDgChGwCnHqAtWmCjI_A~CwAx@aDLqF~@{IeA_DiGoBsRaEsHe@,,,,,,,27,#1464a5cc,#1464a5cc,,,,,,,<div><strong>BEAUFORT PLACE</strong><br><span>Surface: sealed</span><br><span>Length: 0.22 km</span><br><span>Length rank: 984</span></div>
road_7742849,path,Road centreline,hamilton_road_path,MAGGIE PLACE,,,,sealed,0.2150073864854951,985,@EAAkvejmItng_gAjAePlEsL~]lDdDlAmAtIsE|MiCzCwG[gN_BsFuB,,,,,,,27,#1464a5cc,#1464a5cc,,,,,,,<div><strong>MAGGIE PLACE</strong><br><span>Surface: sealed</span><br><span>Length: 0.22 km</span><br><span>Length rank: 985</span></div>
road_3283292,path,Road centreline,hamilton_road_path,SAMUEL PLACE,,,,sealed,0.2149196475791905,986,@EAAavjhmIfj}~fAxDkAxw@q[vr@sX~CmCtAwF,,,,,,,27,#1464a5cc,#1464a5cc,,,,,,,<div><strong>SAMUEL PLACE</strong><br><span>Surface: sealed</span><br><span>Length: 0.21 km</span><br><span>Length rank: 986</span></div>
road_3283283,path,Road centreline,hamilton_road_path,BOS CRESCENT,,,,sealed,0.2147239059297789,987,@EAA}tvfmIfjv}fAuDF_Gn@oD~@yBdB}UjPaHlFgBzBQt@a@jG@vEn@pC`BjC`GnF|F`E~DnCnGlD,,,,,,,27,#1464a5cc,#1464a5cc,,,,,,,<div><strong>BOS CRESCENT</strong><br><span>Surface: sealed</span><br><span>Length: 0.21 km</span><br><span>Length rank: 987</span></div>
road_3283064,path,Road centreline,hamilton_road_path,RAILSIDE PLACE,,,,sealed,0.214529864863239,988,@EAAqfpgmI|ldagAkFz@_~@`OcHjBcEtC_BlDe@|Cf@lD~ApKXbQ,,,,,,,27,#1464a5cc,#1464a5cc,,,,,,,<div><strong>RAILSIDE PLACE</strong><br><span>Surface: sealed</span><br><span>Length: 0.21 km</span><br><span>Length rank: 988</span></div>
road_3283399,path,Road centreline,hamilton_road_path,COOPER PLACE,,,,sealed,0.214398838214823,989,@EAAadtimIbc`_gAyb@yN}J_B}KPsI~@gt@lSwDnCiDbC,,,,,,,27,#1464a5cc,#1464a5cc,,,,,,,<div><strong>COOPER PLACE</strong><br><span>Surface: sealed</span><br><span>Length: 0.21 km</span><br><span>Length rank: 989</span></div>
road_3283194,path,Road centreline,hamilton_road_path,VESTY AVENUE,,,,sealed,0.2141753867548657,990,@EAAextkmIdpqagA_tBxd@aE|@yEfAeBf@wAn@_CbA,,,,,,,27,#1464a5cc,#1464a5cc,,,,,,,<div><strong>VESTY AVENUE</strong><br><span>Surface: sealed</span><br><span>Length: 0.21 km</span><br><span>Length rank: 990</span></div>
road_3291512,path,Road centreline,hamilton_road_path,FAIRFIELD BRIDGE,,,,sealed,0.2141410489824163,991,@EAA_zqhmIvgm`gAgK}F}EoCay@_f@e@YiGqDsKqGyPgI,,,,,,,27,#1464a5cc,#1464a5cc,,,,,,,<div><strong>FAIRFIELD BRIDGE</strong><br><span>Surface: sealed</span><br><span>Length: 0.21 km</span><br><span>Length rank: 991</span></div>
road_3283305,path,Road centreline,hamilton_road_path,ACHILLES RISE,,,,sealed,0.2140921679159063,992,@EAAcfmgmIxxz}fAod@zRmBtAeBvBUjBv@|B`Qn[|BpG|@pF|ApErE~J,,,,,,,27,#1464a5cc,#1464a5cc,,,,,,,<div><strong>ACHILLES RISE</strong><br><span>Surface: sealed</span><br><span>Length: 0.21 km</span><br><span>Length rank: 992</span></div>
road_3283339,path,Road centreline,hamilton_road_path,WHITFORD PLACE,,,,sealed,0.2139548568689939,993,@EAAakygmIjrq}fAkBvJi@`CmXnf@kBfCsBrAuDRiLa@yOmCyEuAyEoBaEuBaB_A,,,,,,,27,#1464a5cc,#1464a5cc,,,,,,,<div><strong>WHITFORD PLACE</strong><br><span>Surface: sealed</span><br><span>Length: 0.21 km</span><br><span>Length rank: 993</span></div>
road_3283505,path,Road centreline,hamilton_road_path,AKATEA LANE,,,,metalled,0.2135017693499364,994,@EAAyesgmIl`w|fAyiCh\kFz@,,,,,,,27,#bb7f22cc,#bb7f22cc,,,,,,,<div><strong>AKATEA LANE</strong><br><span>Surface: metalled</span><br><span>Length: 0.21 km</span><br><span>Length rank: 994</span></div>
road_3283307,path,Road centreline,hamilton_road_path,GALLERY GROVE,,,,sealed,0.2133720962313082,995,@EAAm|qgmIz{{}fA{MkAcDIeDH}EA}Gq@{DeAcEaB}GaCeHcBmKeBqLwAaL_@iJn@iU`F,,,,,,,27,#1464a5cc,#1464a5cc,,,,,,,<div><strong>GALLERY GROVE</strong><br><span>Surface: sealed</span><br><span>Length: 0.21 km</span><br><span>Length rank: 995</span></div>
road_7742393,path,Road centreline,hamilton_road_path,WHAKAPONO AVENUE,,,,sealed,0.2131735452246026,996,@EAAenyemItyw_gAuGvKuExNqBp^IhLwAhGoF~HqLpGoIfD,,,,,,,27,#1464a5cc,#1464a5cc,,,,,,,<div><strong>WHAKAPONO AVENUE</strong><br><span>Surface: sealed</span><br><span>Length: 0.21 km</span><br><span>Length rank: 996</span></div>
road_3283219,path,Road centreline,hamilton_road_path,ROCHESTER PLACE,,,,sealed,0.2130446761145244,997,@EAAm~}emI~|r`gAw@dPSvFBjHd@~I~AfK`BxExAtB`B`AlCp@fDHbJUnG]fGAtLHxFG,,,,,,,27,#1464a5cc,#1464a5cc,,,,,,,<div><strong>ROCHESTER PLACE</strong><br><span>Surface: sealed</span><br><span>Length: 0.21 km</span><br><span>Length rank: 997</span></div>
road_8329774,path,Road centreline,hamilton_road_path,RIKO LANE,,,,sealed,0.2129027006187731,998,@EAAqgnhmIpqz|fA_X`DeCcAea@k~@`@mDxVaH,,,,,,,27,#1464a5cc,#1464a5cc,,,,,,,<div><strong>RIKO LANE</strong><br><span>Surface: sealed</span><br><span>Length: 0.21 km</span><br><span>Length rank: 998</span></div>
road_8328177,path,Road centreline,hamilton_road_path,WHATUKOORURU DRIVE,,,,sealed,0.2124255025138431,999,@EAA}xhjmIn|vcgAoCMaVaDye@mE}p@uH}ZmDkAM,,,,,,,27,#1464a5cc,#1464a5cc,,,,,,,<div><strong>WHATUKOORURU DRIVE</strong><br><span>Surface: sealed</span><br><span>Length: 0.21 km</span><br><span>Length rank: 999</span></div>
road_3283063,path,Road centreline,hamilton_road_path,KEA STREET,,,,sealed,0.2123126644433462,1000,@EAAkdsgmIz~lagAdImAd|Be]xGaA,,,,,,,27,#1464a5cc,#1464a5cc,,,,,,,"<div><strong>KEA STREET</strong><br><span>Surface: sealed</span><br><span>Length: 0.21 km</span><br><span>Length rank: 1,000</span></div>"
road_3283176,path,Road centreline,hamilton_road_path,ST OLPHERTS AVENUE,,,,sealed,0.2121981804798947,1001,@EAAavejmIrsy`gAsg@`rB,,,,,,,27,#1464a5cc,#1464a5cc,,,,,,,"<div><strong>ST OLPHERTS AVENUE</strong><br><span>Surface: sealed</span><br><span>Length: 0.21 km</span><br><span>Length rank: 1,001</span></div>"
road_3283078,path,Road centreline,hamilton_road_path,KIWI AVENUE,,,,sealed,0.2118680051508809,1002,@EAA_plgmI~|r`gA``BvmA`GpE,,,,,,,27,#1464a5cc,#1464a5cc,,,,,,,"<div><strong>KIWI AVENUE</strong><br><span>Surface: sealed</span><br><span>Length: 0.21 km</span><br><span>Length rank: 1,002</span></div>"
road_3283400,path,Road centreline,hamilton_road_path,RUBY COURT,,,,sealed,0.2114310795822083,1003,@EAAoc_jmItfd_gAjMiCzCy@v@}@`@kCmAoH^aDhCyDpD}B~CoBpByC`AaErA}BbCaBxDoBlEuAjGmCjNcKlDeB,,,,,,,27,#1464a5cc,#1464a5cc,,,,,,,"<div><strong>RUBY COURT</strong><br><span>Surface: sealed</span><br><span>Length: 0.21 km</span><br><span>Length rank: 1,003</span></div>"
road_3283389,path,Road centreline,hamilton_road_path,RUAPEHU STREET,,,,sealed,0.2114300807257275,1004,@EAAc}eimI|im_gAw`AqOwaAcOmCiAmByB,,,,,,,27,#1464a5cc,#1464a5cc,,,,,,,"<div><strong>RUAPEHU STREET</strong><br><span>Surface: sealed</span><br><span>Length: 0.21 km</span><br><span>Length rank: 1,004</span></div>"
road_6064540,path,Road centreline,hamilton_road_path,MAX LANDING,,,,sealed,0.2114083495143705,1005,@EAAi{xemIpr{`gA`HxApGf@hOLrJt@bL`BbRdEpD`AfFzB`CjCvArBp@hDF~Be@|DkIzN,,,,,,,27,#1464a5cc,#1464a5cc,,,,,,,"<div><strong>MAX LANDING</strong><br><span>Surface: sealed</span><br><span>Length: 0.21 km</span><br><span>Length rank: 1,005</span></div>"
road_3283150,path,Road centreline,hamilton_road_path,ST WINIFREDS AVENUE,,,,sealed,0.211167175909382,1006,@EAAohhjmIhay`gA_h@jqB,,,,,,,27,#1464a5cc,#1464a5cc,,,,,,,"<div><strong>ST WINIFREDS AVENUE</strong><br><span>Surface: sealed</span><br><span>Length: 0.21 km</span><br><span>Length rank: 1,006</span></div>"
road_3283174,path,Road centreline,hamilton_road_path,WHYTE STREET,,,,sealed,0.2110291138840052,1007,@EAAki}imI`c}`gAeXfdAsBdBaBnHaIt^,,,,,,,27,#1464a5cc,#1464a5cc,,,,,,,"<div><strong>WHYTE STREET</strong><br><span>Surface: sealed</span><br><span>Length: 0.21 km</span><br><span>Length rank: 1,007</span></div>"
road_3314431,path,Road centreline,hamilton_road_path,MUNRO PLACE,,,,sealed,0.210873371402265,1008,@EAAqrggmIh|f~fAeYbUsF~BaF~@kEP{EGuEw@oEqA{CsBgCaCaAqB_A_DgIo_@,,,,,,,27,#1464a5cc,#1464a5cc,,,,,,,"<div><strong>MUNRO PLACE</strong><br><span>Surface: sealed</span><br><span>Length: 0.21 km</span><br><span>Length rank: 1,008</span></div>"
road_3283198,path,Road centreline,hamilton_road_path,YORKSHIRE ROAD,,,,sealed,0.2108540348842262,1009,@EAAapflmIj~lagA_JdEeIhDghB|r@,,,,,,,27,#1464a5cc,#1464a5cc,,,,,,,"<div><strong>YORKSHIRE ROAD</strong><br><span>Surface: sealed</span><br><span>Length: 0.21 km</span><br><span>Length rank: 1,009</span></div>"
road_3283250,path,Road centreline,hamilton_road_path,HILTON ROAD,,,,sealed,0.2103855023172215,1010,@EAAydxgmIrir_gAsxAkm@{WyKoCw@_CMkBX,,,,,,,27,#1464a5cc,#1464a5cc,,,,,,,"<div><strong>HILTON ROAD</strong><br><span>Surface: sealed</span><br><span>Length: 0.21 km</span><br><span>Length rank: 1,010</span></div>"
road_3314693,path,Road centreline,hamilton_road_path,RODERICK PLACE,,,,sealed,0.2103667752075619,1011,@EAA}wqhmIxsd~fAzQoHh\kO~CoBtAeClLcWJsBkA}A{XcS,,,,,,,27,#1464a5cc,#1464a5cc,,,,,,,"<div><strong>RODERICK PLACE</strong><br><span>Surface: sealed</span><br><span>Length: 0.21 km</span><br><span>Length rank: 1,011</span></div>"
road_7742036,path,Road centreline,hamilton_road_path,TE MANATU DRIVE,,,,sealed,0.2103622625069287,1012,@EAAgyeimIbmm}fAfAsEf@{FjAiILeFSqDiAyEwIsRuT_p@,,,,,,,27,#1464a5cc,#1464a5cc,,,,,,,"<div><strong>TE MANATU DRIVE</strong><br><span>Surface: sealed</span><br><span>Length: 0.21 km</span><br><span>Length rank: 1,012</span></div>"
road_3283380,path,Road centreline,hamilton_road_path,AUGUSTA STREET,,,,sealed,0.2095013028367651,1013,@EAA{|gimIpdz_gAyOrn@eBpEaKlSwBdEkAbCiGzUu@jB,,,,,,,27,#1464a5cc,#1464a5cc,,,,,,,"<div><strong>AUGUSTA STREET</strong><br><span>Surface: sealed</span><br><span>Length: 0.21 km</span><br><span>Length rank: 1,013</span></div>"
road_3278053,path,Road centreline,hamilton_road_path,COBHAM DRIVE,,,,sealed,0.2087373334753185,1014,@EAAsgskmI~ydbgA`FpBxB|@tCzAvD`BpF|Bfz@xZbA^hc@xO,,,,,,,27,#1464a5cc,#1464a5cc,,,,,,,"<div><strong>COBHAM DRIVE</strong><br><span>Surface: sealed</span><br><span>Length: 0.21 km</span><br><span>Length rank: 1,014</span></div>"
road_3283429,path,Road centreline,hamilton_road_path,MERLOT PLACE,,,,sealed,0.2084432689230989,1015,@EAAe~|hmIbcc~fAnMdDxM~AhBd@jAz@lA|@jEfErCtEjB~Dx@hCt@lDlAfF`@nGU|EeAtD_LpS,,,,,,,27,#1464a5cc,#1464a5cc,,,,,,,"<div><strong>MERLOT PLACE</strong><br><span>Surface: sealed</span><br><span>Length: 0.21 km</span><br><span>Length rank: 1,015</span></div>"
road_3283239,path,Road centreline,hamilton_road_path,SEIFERT STREET,,,,sealed,0.2082794286043635,1016,@EAAcdqgmInch`gAcjBwoA,,,,,,,27,#1464a5cc,#1464a5cc,,,,,,,"<div><strong>SEIFERT STREET</strong><br><span>Surface: sealed</span><br><span>Length: 0.21 km</span><br><span>Length rank: 1,016</span></div>"
road_3314122,path,Road centreline,hamilton_road_path,OBAN AVENUE,,,,sealed,0.208236507305214,1017,@EAAicoimIvoscgApCsApyBcx@,,,,,,,27,#1464a5cc,#1464a5cc,,,,,,,"<div><strong>OBAN AVENUE</strong><br><span>Surface: sealed</span><br><span>Length: 0.21 km</span><br><span>Length rank: 1,017</span></div>"
road_7742413,path,Road centreline,hamilton_road_path,HATRIC ROAD,,,,sealed,0.2081176020198746,1018,@EAAqkejmIz~}~fA_\fgAaG`UmErP,,,,,,,27,#1464a5cc,#1464a5cc,,,,,,,"<div><strong>HATRIC ROAD</strong><br><span>Surface: sealed</span><br><span>Length: 0.21 km</span><br><span>Length rank: 1,018</span></div>"
road_3314422,path,Road centreline,hamilton_road_path,DALLINGER STREET,,,,sealed,0.2080302981343444,1019,@EAAokpgmItdx~fAyDfIyj@|v@aCpCyBpAk_@jO,,,,,,,27,#1464a5cc,#1464a5cc,,,,,,,"<div><strong>DALLINGER STREET</strong><br><span>Surface: sealed</span><br><span>Length: 0.21 km</span><br><span>Length rank: 1,019</span></div>"
road_3314707,path,Road centreline,hamilton_road_path,OLDFIELD COURT,,,,sealed,0.2073626616830017,1020,@EAAmejimIluu}fAkArDyCdDuIjH_DzCkBvCyBjEuAxBaC|BoD`CeE~AuKnBcE\iEg@}D}AaYwM,,,,,,,27,#1464a5cc,#1464a5cc,,,,,,,"<div><strong>OLDFIELD COURT</strong><br><span>Surface: sealed</span><br><span>Length: 0.21 km</span><br><span>Length rank: 1,020</span></div>"
road_3283320,path,Road centreline,hamilton_road_path,HOLLY PLACE,,,,sealed,0.2071151521192785,1021,@EAAakfhmI~vr}fAgBbAsLfIcG~CsEnB}JhD{PhDaOfBa]~BoHn@yF|@kEvB,,,,,,,27,#1464a5cc,#1464a5cc,,,,,,,"<div><strong>HOLLY PLACE</strong><br><span>Surface: sealed</span><br><span>Length: 0.21 km</span><br><span>Length rank: 1,021</span></div>"
road_3283281,path,Road centreline,hamilton_road_path,RIVER OAKS PLACE,,,,sealed,0.2065576241699161,1022,@EAAk{xfmItqi~fAiD_@yEs@_Fm@uCUkEDaGn@oJxAuEt@uARkF\uF?i\uAwCW{CUePkBcL_@,,,,,,,27,#1464a5cc,#1464a5cc,,,,,,,"<div><strong>RIVER OAKS PLACE</strong><br><span>Surface: sealed</span><br><span>Length: 0.21 km</span><br><span>Length rank: 1,022</span></div>"
road_3283393,path,Road centreline,hamilton_road_path,HILLARY STREET,,,,sealed,0.2064701151470186,1023,@EAAenrimIz|c_gAoEeAyvA{Vkk@cJ,,,,,,,27,#1464a5cc,#1464a5cc,,,,,,,"<div><strong>HILLARY STREET</strong><br><span>Surface: sealed</span><br><span>Length: 0.21 km</span><br><span>Length rank: 1,023</span></div>"
road_7742415,path,Road centreline,hamilton_road_path,Road centreline,,,,unmetalled,0.2060007745457867,1024,@EAAkgijmI`qy~fAeUdGeaBda@cCrBwAbE,,,,,,,27,#734a12cc,#734a12cc,,,,,,,"<div><strong>Road 7742415</strong><br><span>Surface: unmetalled</span><br><span>Length: 0.21 km</span><br><span>Length rank: 1,024</span></div>"
road_3314426,path,Road centreline,hamilton_road_path,NGAIO PLACE,,,,sealed,0.2059690767248307,1025,@EAAgpbgmI|ap~fAqr@p`@gDzDs@nH~Inc@UtDK~A,,,,,,,27,#1464a5cc,#1464a5cc,,,,,,,"<div><strong>NGAIO PLACE</strong><br><span>Surface: sealed</span><br><span>Length: 0.21 km</span><br><span>Length rank: 1,025</span></div>"
road_3283247,path,Road centreline,hamilton_road_path,SIR TRISTRAM AVENUE,,,,sealed,0.2059444523561798,1026,@EAAc`hgmId|y_gAapBmhA,,,,,,,27,#1464a5cc,#1464a5cc,,,,,,,"<div><strong>SIR TRISTRAM AVENUE</strong><br><span>Surface: sealed</span><br><span>Length: 0.21 km</span><br><span>Length rank: 1,026</span></div>"
road_3283031,path,Road centreline,hamilton_road_path,PARR STREET,,,,sealed,0.2058184965823513,1027,@EAAczehmI|xcagA}ZwpB,,,,,,,27,#1464a5cc,#1464a5cc,,,,,,,"<div><strong>PARR STREET</strong><br><span>Surface: sealed</span><br><span>Length: 0.21 km</span><br><span>Length rank: 1,027</span></div>"
road_3283167,path,Road centreline,hamilton_road_path,MASONS AVENUE,,,,sealed,0.2056943904195945,1028,@EAA}u{imIvg`agAga@xu@DtBtDvXVvDE~AuDjN,,,,,,,27,#1464a5cc,#1464a5cc,,,,,,,"<div><strong>MASONS AVENUE</strong><br><span>Surface: sealed</span><br><span>Length: 0.21 km</span><br><span>Length rank: 1,028</span></div>"
road_3283301,path,Road centreline,hamilton_road_path,MERIDIAN PLACE,,,,sealed,0.205687093511273,1029,@EAAmhngmI`lc~fA_CpAsBn@wGRgG_AiJ{DcKcF}EqAsCcAsBgAoL{KmDcB{FiBuDu@aFScGd@qLxC,,,,,,,27,#1464a5cc,#1464a5cc,,,,,,,"<div><strong>MERIDIAN PLACE</strong><br><span>Surface: sealed</span><br><span>Length: 0.21 km</span><br><span>Length rank: 1,029</span></div>"
road_3283050,path,Road centreline,hamilton_road_path,JOHNSON STREET,,,,sealed,0.2055533362796879,1030,@EAAczigmIz_uagAjgB{WvLgB|NyBbBEpAX,,,,,,,27,#1464a5cc,#1464a5cc,,,,,,,"<div><strong>JOHNSON STREET</strong><br><span>Surface: sealed</span><br><span>Length: 0.21 km</span><br><span>Length rank: 1,030</span></div>"
road_8115376,path,Road centreline,hamilton_road_path,COTEBROOKE LANE,,,,sealed,0.2054245593868759,1031,@EAA_eilmIbk`bgA_C~IiCbJmArD]l@c@j@g@n@m@j@u@h@kAr@sAl@eBh@_Er@yI`BoC?qd@yD{TVoDl@,,,,,,,27,#1464a5cc,#1464a5cc,,,,,,,"<div><strong>COTEBROOKE LANE</strong><br><span>Surface: sealed</span><br><span>Length: 0.21 km</span><br><span>Length rank: 1,031</span></div>"
road_3283117,path,Road centreline,hamilton_road_path,SELWYN STREET,,,,sealed,0.205365256135885,1032,@EAAkemimItnibgAzqAfDh}@vC,,,,,,,27,#1464a5cc,#1464a5cc,,,,,,,"<div><strong>SELWYN STREET</strong><br><span>Surface: sealed</span><br><span>Length: 0.21 km</span><br><span>Length rank: 1,032</span></div>"
road_8329695,path,Road centreline,hamilton_road_path,OHAUPO ROAD,,,,sealed,0.2047786439610116,1033,@EAAwbhjmIrrwcgAK?{Gq@mFcCyCcEq@aFZgBb@yBdD{DtF{B|Ge@zGp@lFbCzCbEd@nDJp@_A`FgDzDuFzBqGd@,,,,,,,27,#1464a5cc,#1464a5cc,,,,,,,"<div><strong>OHAUPO ROAD</strong><br><span>Surface: sealed</span><br><span>Length: 0.20 km</span><br><span>Length rank: 1,033</span></div>"
road_3283056,path,Road centreline,hamilton_road_path,MARY STREET,,,,sealed,0.204705511760217,1034,@EAAgnlhmIjjwagAj@br@FlGl@nt@@dA,,,,,,,27,#1464a5cc,#1464a5cc,,,,,,,"<div><strong>MARY STREET</strong><br><span>Surface: sealed</span><br><span>Length: 0.20 km</span><br><span>Length rank: 1,034</span></div>"
road_3283175,path,Road centreline,hamilton_road_path,BELL STREET,,,,sealed,0.2045914455537228,1035,@EAAwdcjmIdjz`gA_g@vmB,,,,,,,27,#1464a5cc,#1464a5cc,,,,,,,"<div><strong>BELL STREET</strong><br><span>Surface: sealed</span><br><span>Length: 0.20 km</span><br><span>Length rank: 1,035</span></div>"
road_3258184,path,Road centreline,hamilton_road_path,PURSER CRESCENT,,,,sealed,0.2045528308354158,1036,@EAAg`ggmIl}}}fAsU~@}ObBPtCd@bBzDzHbHlOvAdDhF`DrDrBz`@sC,,,,,,,27,#1464a5cc,#1464a5cc,,,,,,,"<div><strong>PURSER CRESCENT</strong><br><span>Surface: sealed</span><br><span>Length: 0.20 km</span><br><span>Length rank: 1,036</span></div>"
road_3283179,path,Road centreline,hamilton_road_path,DYER STREET,,,,sealed,0.204530588006051,1037,@EAAswqhmIljr`gA_cCvn@,,,,,,,27,#1464a5cc,#1464a5cc,,,,,,,"<div><strong>DYER STREET</strong><br><span>Surface: sealed</span><br><span>Length: 0.20 km</span><br><span>Length rank: 1,037</span></div>"
road_3283106,path,Road centreline,hamilton_road_path,MORRISON CRESCENT,,,,sealed,0.2045151642788291,1038,@EAAi`himIrxicgAaEjJwCzM}B|BgD~@oDb@i{AoA,,,,,,,27,#1464a5cc,#1464a5cc,,,,,,,"<div><strong>MORRISON CRESCENT</strong><br><span>Surface: sealed</span><br><span>Length: 0.20 km</span><br><span>Length rank: 1,038</span></div>"
road_7742856,path,Road centreline,hamilton_road_path,LAVENDER WAY,,,,sealed,0.2043648221706704,1039,@EAAazdimIbfn}fAdCmCfIkMlAq@dAWzACdAF`p@zN~\tHvAd@`Ad@v@f@p@v@nClF,,,,,,,27,#1464a5cc,#1464a5cc,,,,,,,"<div><strong>LAVENDER WAY</strong><br><span>Surface: sealed</span><br><span>Length: 0.20 km</span><br><span>Length rank: 1,039</span></div>"
road_3314087,path,Road centreline,hamilton_road_path,GOLDSMITH STREET,,,,sealed,0.2042853227238524,1040,@EAAuxfhmI|wz`gAm^hb@eBnBQ`ADv@v@`AhA~@xDjB~RnJv`@lR,,,,,,,27,#1464a5cc,#1464a5cc,,,,,,,"<div><strong>GOLDSMITH STREET</strong><br><span>Surface: sealed</span><br><span>Length: 0.20 km</span><br><span>Length rank: 1,040</span></div>"
road_3282998,path,Road centreline,hamilton_road_path,NEWTON PLACE,,,,sealed,0.2042010066264198,1041,@EAAk{vgmInkmbgAoiC|`@,,,,,,,27,#1464a5cc,#1464a5cc,,,,,,,"<div><strong>NEWTON PLACE</strong><br><span>Surface: sealed</span><br><span>Length: 0.20 km</span><br><span>Length rank: 1,041</span></div>"
road_7742875,path,Road centreline,hamilton_road_path,ANNA JEAN CRESCENT,,,,sealed,0.2039595293132239,1042,@EAAojngmI|rf}fAeDoAeDgAeDi@wNoC_EKkCj@uAfAm@tAwDpL}BlHyB`HYtBXrAtA`BxOhOnClAv@RpAZ,,,,,,,27,#1464a5cc,#1464a5cc,,,,,,,"<div><strong>ANNA JEAN CRESCENT</strong><br><span>Surface: sealed</span><br><span>Length: 0.20 km</span><br><span>Length rank: 1,042</span></div>"
road_3314560,path,Road centreline,hamilton_road_path,MIRANDA PLACE,,,,sealed,0.2038433398238644,1043,@EAAk`bgmIjot}fAiFbHmAnByAhEo@lEs@bCaCfEeHjHgDlBuHdCqJnAiMJgG_@iF[cGOwJl@,,,,,,,27,#1464a5cc,#1464a5cc,,,,,,,"<div><strong>MIRANDA PLACE</strong><br><span>Surface: sealed</span><br><span>Length: 0.20 km</span><br><span>Length rank: 1,043</span></div>"
road_3314710,path,Road centreline,hamilton_road_path,MERCURY COURT,,,,sealed,0.203637523764407,1044,@EAA}_uhmIvon}fAaUbDa^nJmGzBmNdGgFlCiBjDQrE`AvDtEdJfCtF,,,,,,,27,#1464a5cc,#1464a5cc,,,,,,,"<div><strong>MERCURY COURT</strong><br><span>Surface: sealed</span><br><span>Length: 0.20 km</span><br><span>Length rank: 1,044</span></div>"
road_8328228,path,Road centreline,hamilton_road_path,KAKARIKI LANE,,,,sealed,0.203500672950767,1045,@EAA{qlhmIfr{|fA}KgTck@}rA,,,,,,,27,#1464a5cc,#1464a5cc,,,,,,,"<div><strong>KAKARIKI LANE</strong><br><span>Surface: sealed</span><br><span>Length: 0.20 km</span><br><span>Length rank: 1,045</span></div>"
road_3283199,path,Road centreline,hamilton_road_path,LEEDS STREET,,,,sealed,0.2034277019833434,1046,@EAAglilmI|~jagAiFfBwD|A{JvEocApf@uA~@_Az@eL|M,,,,,,,27,#1464a5cc,#1464a5cc,,,,,,,"<div><strong>LEEDS STREET</strong><br><span>Surface: sealed</span><br><span>Length: 0.20 km</span><br><span>Length rank: 1,046</span></div>"
road_3283270,path,Road centreline,hamilton_road_path,RIVERLINKS LANE,,,,sealed,0.2030303696341126,1047,@EAAykdfmIr|j}fA_@`VGrD\rCYzOc@dLuB~MoCdLqBvE}BdAcDEiGe@,,,,,,,27,#1464a5cc,#1464a5cc,,,,,,,"<div><strong>RIVERLINKS LANE</strong><br><span>Surface: sealed</span><br><span>Length: 0.20 km</span><br><span>Length rank: 1,047</span></div>"
road_3283338,path,Road centreline,hamilton_road_path,SANTIAGO PLACE,,,,sealed,0.2029097225082036,1048,@EAAevegmIlks}fA_C_^ScDgAsCaDmAuFg@wPl@oOlBqIfBsGrAmDt@cGj@oGO,,,,,,,27,#1464a5cc,#1464a5cc,,,,,,,"<div><strong>SANTIAGO PLACE</strong><br><span>Surface: sealed</span><br><span>Length: 0.20 km</span><br><span>Length rank: 1,048</span></div>"
road_3283388,path,Road centreline,hamilton_road_path,EGMONT STREET,,,,sealed,0.2028388974721122,1049,@EAAuvdimIphj_gAohCs`@,,,,,,,27,#1464a5cc,#1464a5cc,,,,,,,"<div><strong>EGMONT STREET</strong><br><span>Surface: sealed</span><br><span>Length: 0.20 km</span><br><span>Length rank: 1,049</span></div>"
road_3283381,path,Road centreline,hamilton_road_path,CASPER STREET,,,,sealed,0.2024386948984473,1050,@EAAuefimIrtz_gAqE{BoDeAcj@_IepAaQ,,,,,,,26,#1464a5cc,#1464a5cc,,,,,,,"<div><strong>CASPER STREET</strong><br><span>Surface: sealed</span><br><span>Length: 0.20 km</span><br><span>Length rank: 1,050</span></div>"
road_3314128,path,Road centreline,hamilton_road_path,CLEVELAND STREET,,,,sealed,0.2023169809320163,1051,@EAAykyimInp|bgA}C_Cic@w\uB_AqCWgCI}BVyk@`L{BnAuChCeCjC,,,,,,,26,#1464a5cc,#1464a5cc,,,,,,,"<div><strong>CLEVELAND STREET</strong><br><span>Surface: sealed</span><br><span>Length: 0.20 km</span><br><span>Length rank: 1,051</span></div>"
road_3283076,path,Road centreline,hamilton_road_path,MARIRE AVENUE,,,,sealed,0.2016490472709479,1052,@EAAgvchmItncagAuYonB,,,,,,,26,#1464a5cc,#1464a5cc,,,,,,,"<div><strong>MARIRE AVENUE</strong><br><span>Surface: sealed</span><br><span>Length: 0.20 km</span><br><span>Length rank: 1,052</span></div>"
road_3314331,path,Road centreline,hamilton_road_path,KINGSWAY CRESCENT,,,,sealed,0.2015680762373315,1053,@EAAqdrgmIt{n`gAlg@eSnHiEfCmEdOul@b@iDc@qD,,,,,,,26,#1464a5cc,#1464a5cc,,,,,,,"<div><strong>KINGSWAY CRESCENT</strong><br><span>Surface: sealed</span><br><span>Length: 0.20 km</span><br><span>Length rank: 1,053</span></div>"
road_3283080,path,Road centreline,hamilton_road_path,MOORE STREET,,,,sealed,0.2011897723170597,1054,@EAA_qqgmIvdt`gAm_@uf@w@q@{@]_ASeAIuAJoB\eV~Ji`@fP,,,,,,,26,#1464a5cc,#1464a5cc,,,,,,,"<div><strong>MOORE STREET</strong><br><span>Surface: sealed</span><br><span>Length: 0.20 km</span><br><span>Length rank: 1,054</span></div>"
road_3313968,path,Road centreline,hamilton_road_path,DERBYSHIRE PLACE,,,,sealed,0.2009495420417263,1055,@EAAwqhfmIt`}agAeS?mNPwC?_AU_@q@YeDA_CBwAmWqWuCeDoB}DiIwR,,,,,,,26,#1464a5cc,#1464a5cc,,,,,,,"<div><strong>DERBYSHIRE PLACE</strong><br><span>Surface: sealed</span><br><span>Length: 0.20 km</span><br><span>Length rank: 1,055</span></div>"
road_3283062,path,Road centreline,hamilton_road_path,KAKA STREET,,,,sealed,0.2001283110933076,1056,@EAAcprgmIbunagAgSgu@iSct@GQ,,,,,,,26,#1464a5cc,#1464a5cc,,,,,,,"<div><strong>KAKA STREET</strong><br><span>Surface: sealed</span><br><span>Length: 0.20 km</span><br><span>Length rank: 1,056</span></div>"
road_3283253,path,Road centreline,hamilton_road_path,ARRAN ROAD,,,,sealed,0.2000697409366651,1057,@EAA_oihmIteu_gAog@aH__BsT,,,,,,,26,#1464a5cc,#1464a5cc,,,,,,,"<div><strong>ARRAN ROAD</strong><br><span>Surface: sealed</span><br><span>Length: 0.20 km</span><br><span>Length rank: 1,057</span></div>"
road_3283084,path,Road centreline,hamilton_road_path,KORIMAKO STREET,,,,sealed,0.200045108557856,1058,@EAAk{ngmIfiwagApeAzMzEPpEc@tDeAtF_FzQqX,,,,,,,26,#1464a5cc,#1464a5cc,,,,,,,"<div><strong>KORIMAKO STREET</strong><br><span>Surface: sealed</span><br><span>Length: 0.20 km</span><br><span>Length rank: 1,058</span></div>"
road_3283061,path,Road centreline,hamilton_road_path,KERERU STREET,,,,sealed,0.1987718636328336,1059,@EAAi{vgmIdalagArR`t@bT`u@,,,,,,,26,#1464a5cc,#1464a5cc,,,,,,,"<div><strong>KERERU STREET</strong><br><span>Surface: sealed</span><br><span>Length: 0.20 km</span><br><span>Length rank: 1,059</span></div>"
road_3283252,path,Road centreline,hamilton_road_path,SEAMER PLACE,,,,sealed,0.1986885372544178,1060,@EAAo`ugmIjvf_gA{fAfsAgFhG,,,,,,,26,#1464a5cc,#1464a5cc,,,,,,,"<div><strong>SEAMER PLACE</strong><br><span>Surface: sealed</span><br><span>Length: 0.20 km</span><br><span>Length rank: 1,060</span></div>"
road_3314506,path,Road centreline,hamilton_road_path,TRAUZER PLACE,,,,sealed,0.1984548382775923,1061,@EAAa_kgmIjml}fAa@`LyBpFmD|CgFvByFf@aXwAiOFaE`@gHt@}OvDyJzC,,,,,,,26,#1464a5cc,#1464a5cc,,,,,,,"<div><strong>TRAUZER PLACE</strong><br><span>Surface: sealed</span><br><span>Length: 0.20 km</span><br><span>Length rank: 1,061</span></div>"
road_3314068,path,Road centreline,hamilton_road_path,Road centreline,,,,sealed,0.1982910968009404,1062,@EAA{{lhmI`fvagA|EeChNmGhJuJxCmKvMa|@,,,,,,,26,#1464a5cc,#1464a5cc,,,,,,,"<div><strong>Road 3314068</strong><br><span>Surface: sealed</span><br><span>Length: 0.20 km</span><br><span>Length rank: 1,062</span></div>"
road_6064317,path,Road centreline,hamilton_road_path,Road centreline,,,,sealed,0.1981404884181177,1063,@EAAc_jfmIz}p~fAnB{@l@i@xA_QVmHOoBYcBuG_R[cB?eBh@qDnA{CtBeDvA{AhFaDhQoH,,,,,,,26,#1464a5cc,#1464a5cc,,,,,,,"<div><strong>Road 6064317</strong><br><span>Surface: sealed</span><br><span>Length: 0.20 km</span><br><span>Length rank: 1,063</span></div>"
road_3283052,path,Road centreline,hamilton_road_path,GOODALL STREET,,,,sealed,0.1978332275302247,1064,@EAAw`fgmI|oragA}JsAqEgB_C_C{@}BeAuh@{@cGsDaLqDcNiB_E,,,,,,,26,#1464a5cc,#1464a5cc,,,,,,,"<div><strong>GOODALL STREET</strong><br><span>Surface: sealed</span><br><span>Length: 0.20 km</span><br><span>Length rank: 1,064</span></div>"
road_3314036,path,Road centreline,hamilton_road_path,KEDDELL STREET,,,,sealed,0.1972784707290402,1065,@EAA_djhmI|wjagA}dBbkA,,,,,,,26,#1464a5cc,#1464a5cc,,,,,,,"<div><strong>KEDDELL STREET</strong><br><span>Surface: sealed</span><br><span>Length: 0.20 km</span><br><span>Length rank: 1,065</span></div>"
road_3283266,path,Road centreline,hamilton_road_path,KAPUNI STREET,,,,sealed,0.1970676050241421,1066,@EAAcltemItrc~fAkQwD{SiEquA}YmCa@,,,,,,,26,#1464a5cc,#1464a5cc,,,,,,,"<div><strong>KAPUNI STREET</strong><br><span>Surface: sealed</span><br><span>Length: 0.20 km</span><br><span>Length rank: 1,066</span></div>"
road_3314504,path,Road centreline,hamilton_road_path,DENHAM COURT,,,,sealed,0.1962368089636889,1067,@EAAczhgmIhai}fAkL`Y}SzS}q@ee@,,,,,,,26,#1464a5cc,#1464a5cc,,,,,,,"<div><strong>DENHAM COURT</strong><br><span>Surface: sealed</span><br><span>Length: 0.20 km</span><br><span>Length rank: 1,067</span></div>"
road_3283189,path,Road centreline,hamilton_road_path,Road centreline,,,,sealed,0.1962102085404032,1068,@EAAmxujmIjfs`gAqXyEog@{Jeh@yIyI}AkDc@uCC}BL,,,,,,,26,#1464a5cc,#1464a5cc,,,,,,,"<div><strong>Road 3283189</strong><br><span>Surface: sealed</span><br><span>Length: 0.20 km</span><br><span>Length rank: 1,068</span></div>"
road_3314709,path,Road centreline,hamilton_road_path,RADDINGTON WAY,,,,sealed,0.1959645180755409,1069,@EAAybpimIjpt}fAiP{HeGmE}FcHgCyB_FqBui@gPiK{EoHsG,,,,,,,26,#1464a5cc,#1464a5cc,,,,,,,"<div><strong>RADDINGTON WAY</strong><br><span>Surface: sealed</span><br><span>Length: 0.20 km</span><br><span>Length rank: 1,069</span></div>"
road_3314232,path,Road centreline,hamilton_road_path,JOSHUA LANE,,,,sealed,0.1953946086275662,1070,@EAA}ejjmIbxaagAuEf@kQrFmEZaF_@gDw@aAkAq@u@]aCmAoW_AcOm@yU,,,,,,,26,#1464a5cc,#1464a5cc,,,,,,,"<div><strong>JOSHUA LANE</strong><br><span>Surface: sealed</span><br><span>Length: 0.20 km</span><br><span>Length rank: 1,070</span></div>"
road_3313943,path,Road centreline,hamilton_road_path,KITTYHAWK PLACE,,,,sealed,0.1951072391647956,1071,@EAA}mohmIf{fcgAbX|ExEx@jDp@rA|@XbAPbBgDnK_CnL}ArIk@bHkAdIyBrEsCbC,,,,,,,26,#1464a5cc,#1464a5cc,,,,,,,"<div><strong>KITTYHAWK PLACE</strong><br><span>Surface: sealed</span><br><span>Length: 0.20 km</span><br><span>Length rank: 1,071</span></div>"
road_3283043,path,Road centreline,hamilton_road_path,NORMAN STREET,,,,sealed,0.1949710733941874,1072,@EAAwr|fmIhyy`gAqmB_aA,,,,,,,26,#1464a5cc,#1464a5cc,,,,,,,"<div><strong>NORMAN STREET</strong><br><span>Surface: sealed</span><br><span>Length: 0.19 km</span><br><span>Length rank: 1,072</span></div>"
road_3314417,path,Road centreline,hamilton_road_path,MILLTHORPE CRESCENT,,,,sealed,0.1945577067050908,1073,@EAAgpnfmItv`~fAnHz@~M`BhJ|@lH\tHc@pDe@nCq@tCyB|@mA~AoDz@uE?cBYiBe@eB_BmBmBwAyDeByFcB}Ds@,,,,,,,26,#1464a5cc,#1464a5cc,,,,,,,"<div><strong>MILLTHORPE CRESCENT</strong><br><span>Surface: sealed</span><br><span>Length: 0.19 km</span><br><span>Length rank: 1,073</span></div>"
road_3314473,path,Road centreline,hamilton_road_path,ALANDALE AVENUE,,,,sealed,0.194432339828125,1074,@EAAuxngmIp`j~fApN`KvGjGjCnDrI|J`LhGlDV`D`@vBNbE@|FJdC^~Bj@p@n@p@n@`DxCtDlD,,,,,,,26,#1464a5cc,#1464a5cc,,,,,,,"<div><strong>ALANDALE AVENUE</strong><br><span>Surface: sealed</span><br><span>Length: 0.19 km</span><br><span>Length rank: 1,074</span></div>"
road_3283415,path,Road centreline,hamilton_road_path,DRUMFEARN PLACE,,,,sealed,0.194147836879954,1075,@EAAi|thmIbef~fApErIKrF}DvGcEbI_DxK}BjJeApIQxDO|Fa@~G_AvH,,,,,,,26,#1464a5cc,#1464a5cc,,,,,,,"<div><strong>DRUMFEARN PLACE</strong><br><span>Surface: sealed</span><br><span>Length: 0.19 km</span><br><span>Length rank: 1,075</span></div>"
road_3283316,path,Road centreline,hamilton_road_path,INNSWOOD PLACE,,,,sealed,0.1939854924971712,1076,@EAAwsbhmIdoy}fAp@gChEeM~A}Gn@kArAiApBkAhB{@pCw@`DGlCB`D`@lEbB|CdBtGlB~DZdEE|FOzEcA`LsC,,,,,,,26,#1464a5cc,#1464a5cc,,,,,,,"<div><strong>INNSWOOD PLACE</strong><br><span>Surface: sealed</span><br><span>Length: 0.19 km</span><br><span>Length rank: 1,076</span></div>"
road_3283318,path,Road centreline,hamilton_road_path,WAKEFIELD PLACE,,,,sealed,0.1936390172884169,1077,@EAA}y{gmIfir}fAuRcD{E[_LG_JpAuHlBkFtAuFdAwGV}EEqMs@mJoBgKqF,,,,,,,26,#1464a5cc,#1464a5cc,,,,,,,"<div><strong>WAKEFIELD PLACE</strong><br><span>Surface: sealed</span><br><span>Length: 0.19 km</span><br><span>Length rank: 1,077</span></div>"
road_3283397,path,Road centreline,hamilton_road_path,PICKERING CRESCENT,,,,sealed,0.1933605108804239,1078,@EAAa`fimIv{|~fA{DhD}@|ElIhIhMhJl{@lk@,,,,,,,26,#1464a5cc,#1464a5cc,,,,,,,"<div><strong>PICKERING CRESCENT</strong><br><span>Surface: sealed</span><br><span>Length: 0.19 km</span><br><span>Length rank: 1,078</span></div>"
road_7742411,path,Road centreline,hamilton_road_path,NAISMITH STREET,,,,sealed,0.192905261590093,1079,@EAA{smjmI~vd_gAvg@ufB,,,,,,,26,#1464a5cc,#1464a5cc,,,,,,,"<div><strong>NAISMITH STREET</strong><br><span>Surface: sealed</span><br><span>Length: 0.19 km</span><br><span>Length rank: 1,079</span></div>"
road_3283425,path,Road centreline,hamilton_road_path,WINSLOW COURT,,,,sealed,0.1928651119350831,1080,@EAAusgimIpfu~fAqCaF{UcX{EaCcC]sCi@}HIeHr@aGpAwE|AiEvCoGlJ}BfE,,,,,,,26,#1464a5cc,#1464a5cc,,,,,,,"<div><strong>WINSLOW COURT</strong><br><span>Surface: sealed</span><br><span>Length: 0.19 km</span><br><span>Length rank: 1,080</span></div>"
road_3283280,path,Road centreline,hamilton_road_path,MINNIE PLACE,,,,sealed,0.1927163713657029,1081,@EAAu|lfmIbuk~fAiFkCeIcBgqBkQ,,,,,,,26,#1464a5cc,#1464a5cc,,,,,,,"<div><strong>MINNIE PLACE</strong><br><span>Surface: sealed</span><br><span>Length: 0.19 km</span><br><span>Length rank: 1,081</span></div>"
road_7742814,path,Road centreline,hamilton_road_path,RIVERPOINT GLADE,,,,sealed,0.1925706092814713,1082,@EAAqc`gmIhje~fAcD}AiBcBoBiCqCmFuFuKeCuE{DwFkB}CcGoLoCcDaCaA{DyAqKqBuEyE,,,,,,,26,#1464a5cc,#1464a5cc,,,,,,,"<div><strong>RIVERPOINT GLADE</strong><br><span>Surface: sealed</span><br><span>Length: 0.19 km</span><br><span>Length rank: 1,082</span></div>"
road_7742798,path,Road centreline,hamilton_road_path,Road centreline,,,,sealed,0.1925131766884132,1083,@EAAcqujmIpvhcgA_MtIkD`CsB`BaApAs@dBkB|HMbBHz@Vx@x@fA`JfHfBbA`CbAnAn@r@x@hArArA`BxIbH|IzG,,,,,,,26,#1464a5cc,#1464a5cc,,,,,,,"<div><strong>Road 7742798</strong><br><span>Surface: sealed</span><br><span>Length: 0.19 km</span><br><span>Length rank: 1,083</span></div>"
road_3283001,path,Road centreline,hamilton_road_path,CLOW PLACE,,,,sealed,0.1924484323389161,1084,@EAA{_lhmItpsbgAuI`CgNhAelB|@,,,,,,,26,#1464a5cc,#1464a5cc,,,,,,,"<div><strong>CLOW PLACE</strong><br><span>Surface: sealed</span><br><span>Length: 0.19 km</span><br><span>Length rank: 1,084</span></div>"
road_3283104,path,Road centreline,hamilton_road_path,MANAPOURI PLACE,,,,sealed,0.1922682993614076,1085,@EAAmp}imIvzncgAsFeDy_A}h@aDuCgCuEiJeQ,,,,,,,26,#1464a5cc,#1464a5cc,,,,,,,"<div><strong>MANAPOURI PLACE</strong><br><span>Surface: sealed</span><br><span>Length: 0.19 km</span><br><span>Length rank: 1,085</span></div>"
road_3314204,path,Road centreline,hamilton_road_path,ARMAGH STREET,,,,sealed,0.1921073209875473,1086,@EAAsgcjmI|~cagA|uA~RhBxC|@|D?~BkFzR,,,,,,,26,#1464a5cc,#1464a5cc,,,,,,,"<div><strong>ARMAGH STREET</strong><br><span>Surface: sealed</span><br><span>Length: 0.19 km</span><br><span>Length rank: 1,086</span></div>"
road_3283254,path,Road centreline,hamilton_road_path,BRAITHWAITE AVENUE,,,,sealed,0.1919509912257764,1087,@EAAutjhmIlly_gA{BoB_DaAwUoC_NcBoIeAuFsAyG}BuFcB_KqAcI{@cW{C,,,,,,,26,#1464a5cc,#1464a5cc,,,,,,,"<div><strong>BRAITHWAITE AVENUE</strong><br><span>Surface: sealed</span><br><span>Length: 0.19 km</span><br><span>Length rank: 1,087</span></div>"
road_3314037,path,Road centreline,hamilton_road_path,AINTREE STREET,,,,sealed,0.1916568870840431,1088,@EAAupqfmIlfs`gAvkBv_A,,,,,,,26,#1464a5cc,#1464a5cc,,,,,,,"<div><strong>AINTREE STREET</strong><br><span>Surface: sealed</span><br><span>Length: 0.19 km</span><br><span>Length rank: 1,088</span></div>"
road_7742394,path,Road centreline,hamilton_road_path,PUKENGA AVENUE,,,,sealed,0.1914658419138249,1089,@EAAifxemI|hx_gAwVaGcOeF{c@mO{i@cR,,,,,,,26,#1464a5cc,#1464a5cc,,,,,,,"<div><strong>PUKENGA AVENUE</strong><br><span>Surface: sealed</span><br><span>Length: 0.19 km</span><br><span>Length rank: 1,089</span></div>"
road_3314120,path,Road centreline,hamilton_road_path,SUSAN PLACE,,,,sealed,0.1913098817034127,1090,@EAAkv|hmIvcocgAkQoJg|@o^eHiC{IaAiPkA,,,,,,,26,#1464a5cc,#1464a5cc,,,,,,,"<div><strong>SUSAN PLACE</strong><br><span>Surface: sealed</span><br><span>Length: 0.19 km</span><br><span>Length rank: 1,090</span></div>"
road_8328203,path,Road centreline,hamilton_road_path,ROCKY ROAD,,,,sealed,0.1910946922372285,1091,@EAAmvcimIpbi}fAyIaO_C{B{Be@qD^cpA~S}A\i@lAj@lB,,,,,,,26,#1464a5cc,#1464a5cc,,,,,,,"<div><strong>ROCKY ROAD</strong><br><span>Surface: sealed</span><br><span>Length: 0.19 km</span><br><span>Length rank: 1,091</span></div>"
road_3283215,path,Road centreline,hamilton_road_path,DORCHESTER PLACE,,,,sealed,0.1909953092003796,1092,@EAAo|_fmI|~r`gAlK[~JQnTi@pFGpG`@rG~@lEbBbD`BrGjEdDlAvF|@tETpEJ`DEzDE,,,,,,,26,#1464a5cc,#1464a5cc,,,,,,,"<div><strong>DORCHESTER PLACE</strong><br><span>Surface: sealed</span><br><span>Length: 0.19 km</span><br><span>Length rank: 1,092</span></div>"
road_3283263,path,Road centreline,hamilton_road_path,ERROL CLOSE,,,,sealed,0.1909460807492257,1093,@EAAck_emI|io~fAyGyNwd@sbAy@mB{AgEa@yD,,,,,,,26,#1464a5cc,#1464a5cc,,,,,,,"<div><strong>ERROL CLOSE</strong><br><span>Surface: sealed</span><br><span>Length: 0.19 km</span><br><span>Length rank: 1,093</span></div>"
road_3283011,path,Road centreline,hamilton_road_path,BLAKEWELL LANE,,,,sealed,0.1905118422008207,1094,@EAA{pffmIls|agApC{XFqDj@kEJgE{Dm]m@cEm@eD_BmBsCeAuBWiJ_@,,,,,,,26,#1464a5cc,#1464a5cc,,,,,,,"<div><strong>BLAKEWELL LANE</strong><br><span>Surface: sealed</span><br><span>Length: 0.19 km</span><br><span>Length rank: 1,094</span></div>"
road_3283369,path,Road centreline,hamilton_road_path,BALLOCH STREET,,,,sealed,0.1904008330414426,1095,@EAAybeimIlgk`gA|b@ck@nZ_^bEsEnGeD,,,,,,,26,#1464a5cc,#1464a5cc,,,,,,,"<div><strong>BALLOCH STREET</strong><br><span>Surface: sealed</span><br><span>Length: 0.19 km</span><br><span>Length rank: 1,095</span></div>"
road_3283110,path,Road centreline,hamilton_road_path,RIDGEWAY PLACE,,,,sealed,0.1897734763960124,1096,@EAAwhijmIxlicgAbKtI`J~@~Ku@bWsMdl@i`@,,,,,,,26,#1464a5cc,#1464a5cc,,,,,,,"<div><strong>RIDGEWAY PLACE</strong><br><span>Surface: sealed</span><br><span>Length: 0.19 km</span><br><span>Length rank: 1,096</span></div>"
road_3283333,path,Road centreline,hamilton_road_path,FERNWATER PLACE,,,,sealed,0.189493642674788,1097,@EAAw_ugmIdep~fA`BaGfAqF^iF`AoDrB_FvAaCxA{Bl@iBt@sBf@}CXiECqDwAgFgEmDcQqE_Fk@,,,,,,,26,#1464a5cc,#1464a5cc,,,,,,,"<div><strong>FERNWATER PLACE</strong><br><span>Surface: sealed</span><br><span>Length: 0.19 km</span><br><span>Length rank: 1,097</span></div>"
road_3283139,path,Road centreline,hamilton_road_path,CRANWELL PLACE,,,,sealed,0.18935581026858,1098,@EAAuhilmIxlhbgAjk@dGtdAzKxObB,,,,,,,26,#1464a5cc,#1464a5cc,,,,,,,"<div><strong>CRANWELL PLACE</strong><br><span>Surface: sealed</span><br><span>Length: 0.19 km</span><br><span>Length rank: 1,098</span></div>"
road_6082275,path,Road centreline,hamilton_road_path,TEATREE CLOSE,,,,sealed,0.189163412214018,1099,@EAAk_gimIl~n}fAyJLwKlAeNlCuL`CiM`CgD@mDu@kE_FqSi[,,,,,,,26,#1464a5cc,#1464a5cc,,,,,,,"<div><strong>TEATREE CLOSE</strong><br><span>Surface: sealed</span><br><span>Length: 0.19 km</span><br><span>Length rank: 1,099</span></div>"
road_3314408,path,Road centreline,hamilton_road_path,EAGLE WAY,,,,sealed,0.1890668547185211,1100,@EAAsyjfmIj`{~fA{HoDeNwJm\kUuKqJyIqIqFuEaCcBoBk@qAU,,,,,,,26,#1464a5cc,#1464a5cc,,,,,,,"<div><strong>EAGLE WAY</strong><br><span>Surface: sealed</span><br><span>Length: 0.19 km</span><br><span>Length rank: 1,100</span></div>"
road_7742399,path,Road centreline,hamilton_road_path,Road centreline,,,,sealed,0.1888617053805016,1101,@EAAm`~gmIbge~fApGnO~EtMlAhDb@bBbBdNHhALnBx@bHXxB`@fArA~@lDbArIlAhBj@rGnB,,,,,,,26,#1464a5cc,#1464a5cc,,,,,,,"<div><strong>Road 7742399</strong><br><span>Surface: sealed</span><br><span>Length: 0.19 km</span><br><span>Length rank: 1,101</span></div>"
road_3314456,path,Road centreline,hamilton_road_path,HENSLEY CRESCENT,,,,sealed,0.1887363783670803,1102,@EAAojyfmI`h{}fA~PzNjPtVn@z@j@f@pB`AtBLzDa@|DuAfKyDdFkBbE}AlB_BjFcF,,,,,,,26,#1464a5cc,#1464a5cc,,,,,,,"<div><strong>HENSLEY CRESCENT</strong><br><span>Surface: sealed</span><br><span>Length: 0.19 km</span><br><span>Length rank: 1,102</span></div>"
road_3283342,path,Road centreline,hamilton_road_path,WESSEX PLACE,,,,sealed,0.1887156622142159,1103,@EAAcyxgmIhym}fAV|BEfC}@`CgCnEcCzDiBhA}ENcKiAoMkAmMEcMf@cGvBcEnCeGdI,,,,,,,26,#1464a5cc,#1464a5cc,,,,,,,"<div><strong>WESSEX PLACE</strong><br><span>Surface: sealed</span><br><span>Length: 0.19 km</span><br><span>Length rank: 1,103</span></div>"
road_3283426,path,Road centreline,hamilton_road_path,MERLIN CLOSE,,,,sealed,0.1883473624934455,1104,@EAA_viimI|zq~fAuHlAeDvAcM~GqClAyCt@sBd@kBNmCN_BOyA[aCaA_DaBaEsBiCiBwAuAk@m@g@s@u@qAuAwCeCgGaEaJ,,,,,,,26,#1464a5cc,#1464a5cc,,,,,,,"<div><strong>MERLIN CLOSE</strong><br><span>Surface: sealed</span><br><span>Length: 0.19 km</span><br><span>Length rank: 1,104</span></div>"
road_3313963,path,Road centreline,hamilton_road_path,PROSPECT PLACE,,,,sealed,0.1879041670468868,1105,@EAAypffmIlvlagAiLwB_Q}GqFc@}Jn@qK`CmMr@yIPcIx@sYtG,,,,,,,26,#1464a5cc,#1464a5cc,,,,,,,"<div><strong>PROSPECT PLACE</strong><br><span>Surface: sealed</span><br><span>Length: 0.19 km</span><br><span>Length rank: 1,105</span></div>"
road_3283160,path,Road centreline,hamilton_road_path,KELVIN PLACE,,,,sealed,0.1877252323597009,1106,@EAAy_jjmItipagAxJs]lBoEtD_Dfc@wQlCqBzAaCbFyM,,,,,,,26,#1464a5cc,#1464a5cc,,,,,,,"<div><strong>KELVIN PLACE</strong><br><span>Surface: sealed</span><br><span>Length: 0.19 km</span><br><span>Length rank: 1,106</span></div>"
road_3283190,path,Road centreline,hamilton_road_path,SUTTON CRESCENT,,,,sealed,0.1874692742238362,1107,@EAAyzjkmInobbgAz[rVnFhCvEv@dG~@pIw@zFmC~Xi],,,,,,,26,#1464a5cc,#1464a5cc,,,,,,,"<div><strong>SUTTON CRESCENT</strong><br><span>Surface: sealed</span><br><span>Length: 0.19 km</span><br><span>Length rank: 1,107</span></div>"
road_3283391,path,Road centreline,hamilton_road_path,FREEMONT STREET,,,,sealed,0.1874441596451508,1108,@EAAm`himIztg_gAp~Bp\,,,,,,,26,#1464a5cc,#1464a5cc,,,,,,,"<div><strong>FREEMONT STREET</strong><br><span>Surface: sealed</span><br><span>Length: 0.19 km</span><br><span>Length rank: 1,108</span></div>"
road_3283296,path,Road centreline,hamilton_road_path,GAVIN HEIGHTS,,,,sealed,0.187415462111923,1109,@EAAsflhmIlhk~fAu@~CaBzGsEnIsJrXaEzGcOdR_HpP,,,,,,,26,#1464a5cc,#1464a5cc,,,,,,,"<div><strong>GAVIN HEIGHTS</strong><br><span>Surface: sealed</span><br><span>Length: 0.19 km</span><br><span>Length rank: 1,109</span></div>"
road_3283096,path,Road centreline,hamilton_road_path,MARGARET PLACE,,,,sealed,0.1873273633682125,1110,@EAAufyhmIdgncgA`M|OzGtHvg@`_@zBbD?tFi@|L,,,,,,,26,#1464a5cc,#1464a5cc,,,,,,,"<div><strong>MARGARET PLACE</strong><br><span>Surface: sealed</span><br><span>Length: 0.19 km</span><br><span>Length rank: 1,110</span></div>"
road_3283432,path,Road centreline,hamilton_road_path,PARKWOOD PLACE,,,,sealed,0.1873152549893025,1111,@EAAidnimIlkd~fAgGlDmBrBeBpBeDjH{AhI{@bKmAnK_B`Kg@hCu@xCkAhCw@jBuCzDqBpC,,,,,,,26,#1464a5cc,#1464a5cc,,,,,,,"<div><strong>PARKWOOD PLACE</strong><br><span>Surface: sealed</span><br><span>Length: 0.19 km</span><br><span>Length rank: 1,111</span></div>"
road_3283073,path,Road centreline,hamilton_road_path,AVON STREET,,,,sealed,0.1872252775584908,1112,@EAA}_nhmIjxaagAxEKx`@_DvpAmKdGg@,,,,,,,26,#1464a5cc,#1464a5cc,,,,,,,"<div><strong>AVON STREET</strong><br><span>Surface: sealed</span><br><span>Length: 0.19 km</span><br><span>Length rank: 1,112</span></div>"
road_3283235,path,Road centreline,hamilton_road_path,PERCLO PLACE,,,,sealed,0.1870353279146815,1113,@EAAes~fmIzua_gAbiBgHnKSfCB`HD,,,,,,,26,#1464a5cc,#1464a5cc,,,,,,,"<div><strong>PERCLO PLACE</strong><br><span>Surface: sealed</span><br><span>Length: 0.19 km</span><br><span>Length rank: 1,113</span></div>"
road_3283193,path,Road centreline,hamilton_road_path,ORELIO STREET,,,,sealed,0.1865603148014199,1114,@EAAyfzkmIxzvagAr~B|Z,,,,,,,26,#1464a5cc,#1464a5cc,,,,,,,"<div><strong>ORELIO STREET</strong><br><span>Surface: sealed</span><br><span>Length: 0.19 km</span><br><span>Length rank: 1,114</span></div>"
road_3283427,path,Road centreline,hamilton_road_path,CHARTWELL GLEN,,,,sealed,0.1857711273132835,1115,@EAAiezhmId_j~fA}WgBkE]{B]cC{@y`@mPiCs@KAyDYsf@gA,,,,,,,26,#1464a5cc,#1464a5cc,,,,,,,"<div><strong>CHARTWELL GLEN</strong><br><span>Surface: sealed</span><br><span>Length: 0.19 km</span><br><span>Length rank: 1,115</span></div>"
road_7742876,path,Road centreline,hamilton_road_path,REBEKAH CRESCENT,,,,sealed,0.1857369101694906,1116,@EAAclmgmIzgd}fAyEJ_TwBuJ}B}@_Ai@eAEsApFkWhAuAlBwA|AOzBHlIjAtNhBbDeB,,,,,,,26,#1464a5cc,#1464a5cc,,,,,,,"<div><strong>REBEKAH CRESCENT</strong><br><span>Surface: sealed</span><br><span>Length: 0.19 km</span><br><span>Length rank: 1,116</span></div>"
road_3283112,path,Road centreline,hamilton_road_path,PATRICK PLACE,,,,sealed,0.185514931451596,1117,@EAAg{ijmIp_acgAaJ}EmEeCsg@_`@eDoBqd@uQ,,,,,,,26,#1464a5cc,#1464a5cc,,,,,,,"<div><strong>PATRICK PLACE</strong><br><span>Surface: sealed</span><br><span>Length: 0.19 km</span><br><span>Length rank: 1,117</span></div>"
road_8329706,path,Road centreline,hamilton_road_path,TE KAAREAREA AVENUE,,,,sealed,0.1853702759502902,1118,@EAAuptjmI`|magA`A{GC_Ba@iBuT{^a@aBCiE`@eFl@kDfAiBdCoA~WwI,,,,,,,26,#1464a5cc,#1464a5cc,,,,,,,"<div><strong>TE KAAREAREA AVENUE</strong><br><span>Surface: sealed</span><br><span>Length: 0.19 km</span><br><span>Length rank: 1,118</span></div>"
road_3283161,path,Road centreline,hamilton_road_path,NELSON STREET,,,,sealed,0.1852947983360902,1119,@EAA}`rjmInnoagAmAdCkb@t~A,,,,,,,26,#1464a5cc,#1464a5cc,,,,,,,"<div><strong>NELSON STREET</strong><br><span>Surface: sealed</span><br><span>Length: 0.19 km</span><br><span>Length rank: 1,119</span></div>"
road_3314343,path,Road centreline,hamilton_road_path,MYRLENE PLACE,,,,sealed,0.1852747761565432,1120,@EAAelofmIvla`gAwCSiD@oJh@}XpBkHlAwCzAaBtAkL|Rq@xEWxCb@lFLbG,,,,,,,26,#1464a5cc,#1464a5cc,,,,,,,"<div><strong>MYRLENE PLACE</strong><br><span>Surface: sealed</span><br><span>Length: 0.19 km</span><br><span>Length rank: 1,120</span></div>"
road_7742870,path,Road centreline,hamilton_road_path,SYDNEY PLACE,,,,sealed,0.1850612542298134,1121,@EAAkxqfmIxxc}fA~BbA`FtBjDbAvBb@xANtBJrCAjE_@~KeAnDe@tBk@xAaAbAoA^uALcDPaPFyDCqAGgAk@uAiAkAuA_A{Au@,,,,,,,26,#1464a5cc,#1464a5cc,,,,,,,"<div><strong>SYDNEY PLACE</strong><br><span>Surface: sealed</span><br><span>Length: 0.19 km</span><br><span>Length rank: 1,121</span></div>"
road_3314079,path,Road centreline,hamilton_road_path,LINCOLN STREET,,,,sealed,0.1847469490424503,1122,@EAAqqqgmId{`agAxDX|Bn@nBbAxArAbA`BL`@XfAJlBQlBo@fBgA~A_BnAsB~@_Ch@iCRkCAgCY}Bo@mBaA{AuAaA_Bg@iBKoBPmBX{@Vu@dAsA~AqApB}@`Ck@fCSxA@,,,,,,,26,#1464a5cc,#1464a5cc,,,,,,,"<div><strong>LINCOLN STREET</strong><br><span>Surface: sealed</span><br><span>Length: 0.18 km</span><br><span>Length rank: 1,122</span></div>"
road_7742398,path,Road centreline,hamilton_road_path,MARK PORTER WAY,,,,sealed,0.1845625146885534,1123,@EAAihiemIt`l~fAl]rJxXtFbj@dIxVvC,,,,,,,26,#1464a5cc,#1464a5cc,,,,,,,"<div><strong>MARK PORTER WAY</strong><br><span>Surface: sealed</span><br><span>Length: 0.18 km</span><br><span>Length rank: 1,123</span></div>"
road_3283123,path,Road centreline,hamilton_road_path,SURREY LANE,,,,sealed,0.1829061492765835,1124,@EAAir{imInctcgAyIiOkAcByA}Acc@aa@_CcAqBSkCBgLdC}BJsBo@aCsB,,,,,,,26,#1464a5cc,#1464a5cc,,,,,,,"<div><strong>SURREY LANE</strong><br><span>Surface: sealed</span><br><span>Length: 0.18 km</span><br><span>Length rank: 1,124</span></div>"
road_3314459,path,Road centreline,hamilton_road_path,KARL MICHAEL CRESCENT,,,,sealed,0.1828777922800523,1125,@EAAmgtfmIrat}fA{GuLqBkAiCi@aBDoDDuBVyBX_Fd@mFHoGCoDWsEFyExAaZdX,,,,,,,26,#1464a5cc,#1464a5cc,,,,,,,"<div><strong>KARL MICHAEL CRESCENT</strong><br><span>Surface: sealed</span><br><span>Length: 0.18 km</span><br><span>Length rank: 1,125</span></div>"
road_3283440,path,Road centreline,hamilton_road_path,TE IRONUI PLACE,,,,sealed,0.1825291917157355,1126,@EAAuwrimIdcn}fAea@gTqD{@eEKmDPqIjD}HbEqHvBkMhD{NxB,,,,,,,26,#1464a5cc,#1464a5cc,,,,,,,"<div><strong>TE IRONUI PLACE</strong><br><span>Surface: sealed</span><br><span>Length: 0.18 km</span><br><span>Length rank: 1,126</span></div>"
road_7742422,path,Road centreline,hamilton_road_path,TE RAPA ROAD,,,,sealed,0.1824976044386272,1127,@EAAon~dmIloz|fA`PkYhDuHdCeHrB{Hv@qF`@uBVmCNqCHeDDiEImI,,,,,,,26,#1464a5cc,#1464a5cc,,,,,,,"<div><strong>TE RAPA ROAD</strong><br><span>Surface: sealed</span><br><span>Length: 0.18 km</span><br><span>Length rank: 1,127</span></div>"
road_3313941,path,Road centreline,hamilton_road_path,BOYACK DRIVE,,,,sealed,0.1823788900950586,1128,@EAAsm}emInqkcgAoAlNKvARdBl@lAzDzGfKnQf@bAbAr@xAd@rBF`DEnh@sD,,,,,,,26,#1464a5cc,#1464a5cc,,,,,,,"<div><strong>BOYACK DRIVE</strong><br><span>Surface: sealed</span><br><span>Length: 0.18 km</span><br><span>Length rank: 1,128</span></div>"
road_8328180,path,Road centreline,hamilton_road_path,CITY VIEW TERRACE,,,,sealed,0.1823780094391703,1129,@EAAwdyemIdic`gAhs@`AFBhVvF@?fm@xP,,,,,,,26,#1464a5cc,#1464a5cc,,,,,,,"<div><strong>CITY VIEW TERRACE</strong><br><span>Surface: sealed</span><br><span>Length: 0.18 km</span><br><span>Length rank: 1,129</span></div>"
road_3283334,path,Road centreline,hamilton_road_path,BRIARWOOD DRIVE,,,,sealed,0.1821969321522233,1130,@EAAyeogmIbfm~fAhCt@vBNlBA`Bg@~@a@z@i@f@uBr@oGt@{HA}BEkEoDuQRqG`@kBpA}B~AoBxB}AbHgE,,,,,,,26,#1464a5cc,#1464a5cc,,,,,,,"<div><strong>BRIARWOOD DRIVE</strong><br><span>Surface: sealed</span><br><span>Length: 0.18 km</span><br><span>Length rank: 1,130</span></div>"
road_3283407,path,Road centreline,hamilton_road_path,BENSON ROAD,,,,sealed,0.1820832374942174,1131,@EAAyo~jmIb{w_gAzAOtDs@pBc@jIqAdAG~BDvO~@|CDbCG|BSbDe@hF{@vBa@xFcDbFqEhC}D|CeIxAqE,,,,,,,26,#1464a5cc,#1464a5cc,,,,,,,"<div><strong>BENSON ROAD</strong><br><span>Surface: sealed</span><br><span>Length: 0.18 km</span><br><span>Length rank: 1,131</span></div>"
road_3283097,path,Road centreline,hamilton_road_path,KATHERINE PLACE,,,,sealed,0.1820776568324349,1132,@EAAekuhmIdbicgA}kAqg@{LeCyIe@aJI,,,,,,,26,#1464a5cc,#1464a5cc,,,,,,,"<div><strong>KATHERINE PLACE</strong><br><span>Surface: sealed</span><br><span>Length: 0.18 km</span><br><span>Length rank: 1,132</span></div>"
road_3283154,path,Road centreline,hamilton_road_path,CLARENCE STREET,,,,sealed,0.1820106329453979,1133,@EAA{zpimIhavagAzDlCfNnFjKhDroA~\,,,,,,,26,#1464a5cc,#1464a5cc,,,,,,,"<div><strong>CLARENCE STREET</strong><br><span>Surface: sealed</span><br><span>Length: 0.18 km</span><br><span>Length rank: 1,133</span></div>"
road_3283072,path,Road centreline,hamilton_road_path,TORRINGTON AVENUE,,,,sealed,0.1819216323999258,1134,@EAAm_lhmIrwdagAkLiw@oIik@,,,,,,,26,#1464a5cc,#1464a5cc,,,,,,,"<div><strong>TORRINGTON AVENUE</strong><br><span>Surface: sealed</span><br><span>Length: 0.18 km</span><br><span>Length rank: 1,134</span></div>"
road_3283100,path,Road centreline,hamilton_road_path,LANCEWOOD AVENUE,,,,sealed,0.1818749543845292,1135,@EAAgwxhmI~e~bgArCeNhKu`@|EgSbBcDzDaFfFoN,,,,,,,26,#1464a5cc,#1464a5cc,,,,,,,"<div><strong>LANCEWOOD AVENUE</strong><br><span>Surface: sealed</span><br><span>Length: 0.18 km</span><br><span>Length rank: 1,135</span></div>"
road_3283069,path,Road centreline,hamilton_road_path,RAWHITI STREET,,,,sealed,0.1812287866504242,1136,@EAAuljhmI~uhagA|vAliA,,,,,,,26,#1464a5cc,#1464a5cc,,,,,,,"<div><strong>RAWHITI STREET</strong><br><span>Surface: sealed</span><br><span>Length: 0.18 km</span><br><span>Length rank: 1,136</span></div>"
road_3283033,path,Road centreline,hamilton_road_path,SALMOND PLACE,,,,sealed,0.1810506839467552,1137,@EAAikpfmIrsabgA{Bv@mFlA}El@kj@rFs~@zF,,,,,,,26,#1464a5cc,#1464a5cc,,,,,,,"<div><strong>SALMOND PLACE</strong><br><span>Surface: sealed</span><br><span>Length: 0.18 km</span><br><span>Length rank: 1,137</span></div>"
road_7742423,path,Road centreline,hamilton_road_path,Road centreline,,,,sealed,0.1809863530857662,1138,@EAA_b|dmIx_r|fAmGfW_@lQmAfLmBlFcCnCgOrHcChCaD~G,,,,,,,26,#1464a5cc,#1464a5cc,,,,,,,"<div><strong>Road 7742423</strong><br><span>Surface: sealed</span><br><span>Length: 0.18 km</span><br><span>Length rank: 1,138</span></div>"
road_3314492,path,Road centreline,hamilton_road_path,GRESHAM PLACE,,,,sealed,0.1809638269294844,1139,@EAAsr}gmI|xv}fAw]fFiGTuDMeDy@{B_AkBmBkAkBq@{BGiC|@wJ_@uDaBcD{AsAwBaAgKqA,,,,,,,26,#1464a5cc,#1464a5cc,,,,,,,"<div><strong>GRESHAM PLACE</strong><br><span>Surface: sealed</span><br><span>Length: 0.18 km</span><br><span>Length rank: 1,139</span></div>"
road_3314040,path,Road centreline,hamilton_road_path,ROTHESAY PLACE,,,,sealed,0.1806566153625592,1140,@EAAywvfmIxvwagA|LyHrF{EnC}ClJcQ|A_B~Bw@zC?nDx@z]jR~BtA,,,,,,,26,#1464a5cc,#1464a5cc,,,,,,,"<div><strong>ROTHESAY PLACE</strong><br><span>Surface: sealed</span><br><span>Length: 0.18 km</span><br><span>Length rank: 1,140</span></div>"
road_3314419,path,Road centreline,hamilton_road_path,WOODRIDGE DRIVE,,,,sealed,0.1806379098869042,1141,@EAAou{fmIbn_~fA}]km@_I_Su@cF\mS,,,,,,,26,#1464a5cc,#1464a5cc,,,,,,,"<div><strong>WOODRIDGE DRIVE</strong><br><span>Surface: sealed</span><br><span>Length: 0.18 km</span><br><span>Length rank: 1,141</span></div>"
road_6064319,path,Road centreline,hamilton_road_path,Road centreline,,,,sealed,0.1803730097192753,1142,@EAAarqhmIvbj~fAlIoGdEyEbDqJ@Ev@{CdAcC?kD_@eBiCyBeC}AcIgDwF_CyD{CeBqBuHoI,,,,,,,26,#1464a5cc,#1464a5cc,,,,,,,"<div><strong>Road 6064319</strong><br><span>Surface: sealed</span><br><span>Length: 0.18 km</span><br><span>Length rank: 1,142</span></div>"
road_3314127,path,Road centreline,hamilton_road_path,CRESCENT COURT,,,,sealed,0.1797888024425135,1143,@EAAg}`imI`irbgAxMdF|}@|]zDfDrC`Fb@bEh@nF,,,,,,,26,#1464a5cc,#1464a5cc,,,,,,,"<div><strong>CRESCENT COURT</strong><br><span>Surface: sealed</span><br><span>Length: 0.18 km</span><br><span>Length rank: 1,143</span></div>"
road_3314753,path,Road centreline,hamilton_road_path,CRANMORE AVENUE,,,,sealed,0.1796433515075418,1144,@EAA_bhimIxc{}fAo@wCiA_CoFuGeAm@oASuCG}DIqIReKx@yI`BoM|BgK|@oVxB,,,,,,,26,#1464a5cc,#1464a5cc,,,,,,,"<div><strong>CRANMORE AVENUE</strong><br><span>Surface: sealed</span><br><span>Length: 0.18 km</span><br><span>Length rank: 1,144</span></div>"
road_7742400,path,Road centreline,hamilton_road_path,BUCKLEY WAY,,,,sealed,0.1794955557405132,1145,@EAAgezfmIbnk}fAg\jBvEj`@OpCo@jB_B|AsB`AiBXoXvAmEL,,,,,,,26,#1464a5cc,#1464a5cc,,,,,,,"<div><strong>BUCKLEY WAY</strong><br><span>Surface: sealed</span><br><span>Length: 0.18 km</span><br><span>Length rank: 1,145</span></div>"
road_3314434,path,Road centreline,hamilton_road_path,ANCHOR CLOSE,,,,sealed,0.1790862986608648,1146,@EAAeoygmIzmw}fA|a@xAdJz@lBd@|Az@h@tAHhB}CvKy@|AgBfAsDfB{@xA_M`S,,,,,,,26,#1464a5cc,#1464a5cc,,,,,,,"<div><strong>ANCHOR CLOSE</strong><br><span>Surface: sealed</span><br><span>Length: 0.18 km</span><br><span>Length rank: 1,146</span></div>"
road_3314337,path,Road centreline,hamilton_road_path,GALBRAITH AVENUE,,,,sealed,0.1788290781827965,1147,@EAAsbihmIhmd`gAvXgj@hDwCjFsA`l@sB`D],,,,,,,26,#1464a5cc,#1464a5cc,,,,,,,"<div><strong>GALBRAITH AVENUE</strong><br><span>Surface: sealed</span><br><span>Length: 0.18 km</span><br><span>Length rank: 1,147</span></div>"
road_3283238,path,Road centreline,hamilton_road_path,MINOGUE DRIVE,,,,sealed,0.1787380586099366,1148,@EAAsfkgmIxnb`gAoAuBgB_C}BsBkAs@kG_DcFyAgEo@yD_@kDKmCAsEBwDX{Eh@eEPkCAoCWuBc@eFcCkHyDoAoC,,,,,,,26,#1464a5cc,#1464a5cc,,,,,,,"<div><strong>MINOGUE DRIVE</strong><br><span>Surface: sealed</span><br><span>Length: 0.18 km</span><br><span>Length rank: 1,148</span></div>"
road_8328188,path,Road centreline,hamilton_road_path,Road centreline,,,,sealed,0.1786807359702678,1149,@EAAyr{fmI|ld~fAh@nJh@bAdAdAjBj@pCd@pBAnUuArM]nPk@nEi@b[yJ,,,,,,,26,#1464a5cc,#1464a5cc,,,,,,,"<div><strong>Road 8328188</strong><br><span>Surface: sealed</span><br><span>Length: 0.18 km</span><br><span>Length rank: 1,149</span></div>"
road_3283125,path,Road centreline,hamilton_road_path,GARDENIA CLOSE,,,,sealed,0.1783797296376317,1150,@EAAksdimIf{_cgApFn@tEvAlZpRhD`BpCj@rC@bIoA|g@mR,,,,,,,26,#1464a5cc,#1464a5cc,,,,,,,"<div><strong>GARDENIA CLOSE</strong><br><span>Surface: sealed</span><br><span>Length: 0.18 km</span><br><span>Length rank: 1,150</span></div>"
road_7742783,path,Road centreline,hamilton_road_path,Road centreline,,,,sealed,0.1778768724182527,1151,@EAAsvyemIlvxcgA`@cE@aBa@wA{NeXm@w@w@[k@Io@AeAJgCx@i@ZWf@CfAZt@fOpWt@rAhBz@fG`BBG,,,,,,,26,#1464a5cc,#1464a5cc,,,,,,,"<div><strong>Road 7742783</strong><br><span>Surface: sealed</span><br><span>Length: 0.18 km</span><br><span>Length rank: 1,151</span></div>"
road_3283220,path,Road centreline,hamilton_road_path,SANDHURST PLACE,,,,sealed,0.1777974424083117,1152,@EAA_|cfmIndu`gApNmAvFq@dEqArCuCvDwGzCsEjB_CdKkKdK_NrFkK,,,,,,,26,#1464a5cc,#1464a5cc,,,,,,,"<div><strong>SANDHURST PLACE</strong><br><span>Surface: sealed</span><br><span>Length: 0.18 km</span><br><span>Length rank: 1,152</span></div>"
road_6064300,path,Road centreline,hamilton_road_path,CORUM PLACE,,,,sealed,0.1777378134982216,1153,@EAAgpsgmIvbhbgAnGeA~CWnFo@nIaBZCjEa@zFYpEuAnLoCvCEfFTfAxD|@jDbClJjCrI,,,,,,,26,#1464a5cc,#1464a5cc,,,,,,,"<div><strong>CORUM PLACE</strong><br><span>Surface: sealed</span><br><span>Length: 0.18 km</span><br><span>Length rank: 1,153</span></div>"
road_3314051,path,Road centreline,hamilton_road_path,ARKLE PLACE,,,,sealed,0.1776422920185405,1154,@EAAmytfmI~t}`gAqcBk{@,,,,,,,26,#1464a5cc,#1464a5cc,,,,,,,"<div><strong>ARKLE PLACE</strong><br><span>Surface: sealed</span><br><span>Length: 0.18 km</span><br><span>Length rank: 1,154</span></div>"
road_3283444,path,Road centreline,hamilton_road_path,GIBBSTON CLOSE,,,,sealed,0.1776266759421686,1155,@EAAmtrimIths~fAcLtCwx@tOaBr@sChBgBfBu@dDMnCBdDhA|DvAbE,,,,,,,26,#1464a5cc,#1464a5cc,,,,,,,"<div><strong>GIBBSTON CLOSE</strong><br><span>Surface: sealed</span><br><span>Length: 0.18 km</span><br><span>Length rank: 1,155</span></div>"
road_3283217,path,Road centreline,hamilton_road_path,PRINGLE PLACE,,,,sealed,0.1774331450925527,1156,@EAA{hifmIxto`gAtP{IvJmFfIoF~GoF`GiHhJwL~BeCzCuBlE{AvDM,,,,,,,26,#1464a5cc,#1464a5cc,,,,,,,"<div><strong>PRINGLE PLACE</strong><br><span>Surface: sealed</span><br><span>Length: 0.18 km</span><br><span>Length rank: 1,156</span></div>"
road_3314215,path,Road centreline,hamilton_road_path,COBHAM DRIVE,,,,sealed,0.1772038079928627,1157,@EAA_opimIl_zagAnG_WZmNgA{GsEoGeRePmPqI,,,,,,,26,#1464a5cc,#1464a5cc,,,,,,,"<div><strong>COBHAM DRIVE</strong><br><span>Surface: sealed</span><br><span>Length: 0.18 km</span><br><span>Length rank: 1,157</span></div>"
road_3314720,path,Road centreline,hamilton_road_path,STRATHCONNAN COURT,,,,sealed,0.1770598739636319,1158,@EAAc_shmIbrc~fAvRoZhEsKXiDi@qDiCwAwD[cj@_B,,,,,,,26,#1464a5cc,#1464a5cc,,,,,,,"<div><strong>STRATHCONNAN COURT</strong><br><span>Surface: sealed</span><br><span>Length: 0.18 km</span><br><span>Length rank: 1,158</span></div>"
road_3283209,path,Road centreline,hamilton_road_path,DEFOE AVENUE,,,,sealed,0.1767737084675391,1159,@EAAyrykmIbouagAgDfEq@jAs@zAqJd_@uPxq@,,,,,,,26,#1464a5cc,#1464a5cc,,,,,,,"<div><strong>DEFOE AVENUE</strong><br><span>Surface: sealed</span><br><span>Length: 0.18 km</span><br><span>Length rank: 1,159</span></div>"
road_3314897,path,Road centreline,hamilton_road_path,CASTLETON WAY,,,,sealed,0.1765089727653118,1160,@EAA}vggmIjfg}fAuTmh@y@mBi@aBMmAOoBG{BJeCf@kCtAuDpAkC`A_Bv@yA^sAXeBIsAS{A,,,,,,,26,#1464a5cc,#1464a5cc,,,,,,,"<div><strong>CASTLETON WAY</strong><br><span>Surface: sealed</span><br><span>Length: 0.18 km</span><br><span>Length rank: 1,160</span></div>"
road_100124450,path,Road centreline,hamilton_road_path,KAWAKAWA PLACE,,,,sealed,0.1763617093940635,1161,@EAAkykkmIvctagAwQdJ{JpDeOlAs\~AkP\aWj@,,,,,,,26,#1464a5cc,#1464a5cc,,,,,,,"<div><strong>KAWAKAWA PLACE</strong><br><span>Surface: sealed</span><br><span>Length: 0.18 km</span><br><span>Length rank: 1,161</span></div>"
road_3314687,path,Road centreline,hamilton_road_path,REEVES CLOSE,,,,sealed,0.1760641043041478,1162,@EAAku}jmInb_`gA{R_DoEFsE`AuCbBaBfC_IjU]nCZvCdAjCzArA`BdAtBr@|OjC,,,,,,,26,#1464a5cc,#1464a5cc,,,,,,,"<div><strong>REEVES CLOSE</strong><br><span>Surface: sealed</span><br><span>Length: 0.18 km</span><br><span>Length rank: 1,162</span></div>"
road_7742880,path,Road centreline,hamilton_road_path,WAIKAKA PLACE,,,,sealed,0.1754534456816014,1163,@EAAco_hmIbpu|fAg@`KIdBQlBYjAqA~BsBhCmArAgBnAuBrAsBz@_DbA_Dz@wBl@{BbA{BxAcDbCwAt@sAb@eABeAEcAKy@e@gAiAsDgEkBeC,,,,,,,26,#1464a5cc,#1464a5cc,,,,,,,"<div><strong>WAIKAKA PLACE</strong><br><span>Surface: sealed</span><br><span>Length: 0.18 km</span><br><span>Length rank: 1,163</span></div>"
road_3283085,path,Road centreline,hamilton_road_path,HAIG STREET,,,,sealed,0.175138639763427,1164,@EAAaidhmItbgagA{q@vF{B^cBr@sn@ra@,,,,,,,26,#1464a5cc,#1464a5cc,,,,,,,"<div><strong>HAIG STREET</strong><br><span>Surface: sealed</span><br><span>Length: 0.18 km</span><br><span>Length rank: 1,164</span></div>"
road_6064544,path,Road centreline,hamilton_road_path,MICHAEL TERRENCE PLACE,,,,sealed,0.1743542485240609,1165,@EAAaunfmIpvf}fAgA`C_@jCEnE\rb@KpDy@hE}BvFoPxU,,,,,,,26,#1464a5cc,#1464a5cc,,,,,,,"<div><strong>MICHAEL TERRENCE PLACE</strong><br><span>Surface: sealed</span><br><span>Length: 0.17 km</span><br><span>Length rank: 1,165</span></div>"
road_3314432,path,Road centreline,hamilton_road_path,HALCIONE CLOSE,,,,sealed,0.1742152598647152,1166,@EAA_vpgmI|dh~fAlLoClHcC`G{CpE{DpEwDdDyEjC{ErAiF^mCdD}Tn@aC,,,,,,,26,#1464a5cc,#1464a5cc,,,,,,,"<div><strong>HALCIONE CLOSE</strong><br><span>Surface: sealed</span><br><span>Length: 0.17 km</span><br><span>Length rank: 1,166</span></div>"
road_3283265,path,Road centreline,hamilton_road_path,ANN MICHELE STREET,,,,sealed,0.1741460088464537,1167,@EAAifpemIdfc~fAie@kMyv@_ToPqE,,,,,,,26,#1464a5cc,#1464a5cc,,,,,,,"<div><strong>ANN MICHELE STREET</strong><br><span>Surface: sealed</span><br><span>Length: 0.17 km</span><br><span>Length rank: 1,167</span></div>"
road_3283180,path,Road centreline,hamilton_road_path,BROWN STREET,,,,sealed,0.1740728188818444,1168,@EAA_srjmI|dxagAwuBaZ,,,,,,,26,#1464a5cc,#1464a5cc,,,,,,,"<div><strong>BROWN STREET</strong><br><span>Surface: sealed</span><br><span>Length: 0.17 km</span><br><span>Length rank: 1,168</span></div>"
road_3313944,path,Road centreline,hamilton_road_path,LATHAM COURT,,,,sealed,0.1740238114357905,1169,@EAAg~`hmI~}pbgA?wD}`@gwA,,,,,,,26,#1464a5cc,#1464a5cc,,,,,,,"<div><strong>LATHAM COURT</strong><br><span>Surface: sealed</span><br><span>Length: 0.17 km</span><br><span>Length rank: 1,169</span></div>"
road_3283332,path,Road centreline,hamilton_road_path,SYCAMORE PLACE,,,,sealed,0.1739215276074372,1170,@EAAe{hgmI|lo~fAQtC{@jDuDzGkFjGag@jPoEpBqBnCiK`P,,,,,,,26,#1464a5cc,#1464a5cc,,,,,,,"<div><strong>SYCAMORE PLACE</strong><br><span>Surface: sealed</span><br><span>Length: 0.17 km</span><br><span>Length rank: 1,170</span></div>"
road_3283034,path,Road centreline,hamilton_road_path,PHOENIX PLACE,,,,sealed,0.1738701826602684,1171,@EAAwm}fmIzwfbgAiIg\m@sE_@wF[_t@,,,,,,,26,#1464a5cc,#1464a5cc,,,,,,,"<div><strong>PHOENIX PLACE</strong><br><span>Surface: sealed</span><br><span>Length: 0.17 km</span><br><span>Length rank: 1,171</span></div>"
road_3283035,path,Road centreline,hamilton_road_path,LEONG AVENUE,,,,sealed,0.1735739975653806,1172,@EAAk`wfmI`d}agAmIzVy@vHdEl}@,,,,,,,26,#1464a5cc,#1464a5cc,,,,,,,"<div><strong>LEONG AVENUE</strong><br><span>Surface: sealed</span><br><span>Length: 0.17 km</span><br><span>Length rank: 1,172</span></div>"
road_3314261,path,Road centreline,hamilton_road_path,VINE STREET,,,,sealed,0.1733750493989826,1173,@EAA_ghkmI`oyagA|z@RvDCnPiAbH_@`FGdHJrGv@hCfA,,,,,,,26,#1464a5cc,#1464a5cc,,,,,,,"<div><strong>VINE STREET</strong><br><span>Surface: sealed</span><br><span>Length: 0.17 km</span><br><span>Length rank: 1,173</span></div>"
road_6064570,path,Road centreline,hamilton_road_path,WAIRERE DRIVE,,,,sealed,0.1731291759757141,1174,@EAAgfqjmIzue`gA|@VxAx@tAlA|@zAd@bBHfBOdBk@`BcAxAyAhAkBz@yBf@_CPcCA}BW{@UCA_AW}A{@uAmA}@{Ae@cBIgBNeBj@aBbAyAxAiAjB{@vBg@`CQ`C@~BVdAX,,,,,,,26,#1464a5cc,#1464a5cc,,,,,,,"<div><strong>WAIRERE DRIVE</strong><br><span>Surface: sealed</span><br><span>Length: 0.17 km</span><br><span>Length rank: 1,174</span></div>"
road_6064301,path,Road centreline,hamilton_road_path,ASTOR AVENUE,,,,sealed,0.1730816427254921,1175,@EAAo`tgmIpvgbgAgImH{DoDsAaFa@uCg@aAy@_BeDkDwAmCu@oCiBuG{@gDoGiN_DuJ,,,,,,,26,#1464a5cc,#1464a5cc,,,,,,,"<div><strong>ASTOR AVENUE</strong><br><span>Surface: sealed</span><br><span>Length: 0.17 km</span><br><span>Length rank: 1,175</span></div>"
road_3283200,path,Road centreline,hamilton_road_path,INVERNESS AVENUE,,,,sealed,0.1729602471169424,1176,@EAAoazjmIvffagAytBeZ,,,,,,,26,#1464a5cc,#1464a5cc,,,,,,,"<div><strong>INVERNESS AVENUE</strong><br><span>Surface: sealed</span><br><span>Length: 0.17 km</span><br><span>Length rank: 1,176</span></div>"
road_3283204,path,Road centreline,hamilton_road_path,EARLSWOOD AVENUE,,,,sealed,0.1729559459916804,1177,@EAAubdkmI|w}`gA|@`d@Mta@MbF}@rE}C~I,,,,,,,26,#1464a5cc,#1464a5cc,,,,,,,"<div><strong>EARLSWOOD AVENUE</strong><br><span>Surface: sealed</span><br><span>Length: 0.17 km</span><br><span>Length rank: 1,177</span></div>"
road_3283385,path,Road centreline,hamilton_road_path,LOVELOCK PLACE,,,,sealed,0.1726420562910947,1178,@EAAygsimIbxt_gAemA{iA,,,,,,,26,#1464a5cc,#1464a5cc,,,,,,,"<div><strong>LOVELOCK PLACE</strong><br><span>Surface: sealed</span><br><span>Length: 0.17 km</span><br><span>Length rank: 1,178</span></div>"
road_3314125,path,Road centreline,hamilton_road_path,SUNDOWN CRESCENT,,,,sealed,0.1725605106041324,1179,@EAAswaimIbiccgAhAjChBlBnUbPhCxC|BbFN`EW~CcHxYiBnI,,,,,,,26,#1464a5cc,#1464a5cc,,,,,,,"<div><strong>SUNDOWN CRESCENT</strong><br><span>Surface: sealed</span><br><span>Length: 0.17 km</span><br><span>Length rank: 1,179</span></div>"
road_3314440,path,Road centreline,hamilton_road_path,GAMBIA GROVE,,,,sealed,0.1725483938932145,1180,@EAA{ysgmIdgo}fAwC~EiArHIjEz@pFz@tDjC~CzElE`HbD~IzAfEvAnCdDx@lChA~H,,,,,,,26,#1464a5cc,#1464a5cc,,,,,,,"<div><strong>GAMBIA GROVE</strong><br><span>Surface: sealed</span><br><span>Length: 0.17 km</span><br><span>Length rank: 1,180</span></div>"
road_8328227,path,Road centreline,hamilton_road_path,KIMBOLTON STREET,,,,sealed,0.172238556212057,1181,@EAAkbuhmIbtf}fAfG_RxKe\zBmId@yC\eF]}U,,,,,,,26,#1464a5cc,#1464a5cc,,,,,,,"<div><strong>KIMBOLTON STREET</strong><br><span>Surface: sealed</span><br><span>Length: 0.17 km</span><br><span>Length rank: 1,181</span></div>"
road_3283382,path,Road centreline,hamilton_road_path,OPAL PLACE,,,,sealed,0.172010278745852,1182,@EAAwu|hmIt}s_gAyG{AkIcAmDMmFWmTCuDNoE`@yJ~A{JhDuVfL,,,,,,,26,#1464a5cc,#1464a5cc,,,,,,,"<div><strong>OPAL PLACE</strong><br><span>Surface: sealed</span><br><span>Length: 0.17 km</span><br><span>Length rank: 1,182</span></div>"
road_3314059,path,Road centreline,hamilton_road_path,WHATAWHATA ROAD,,,,sealed,0.1717573370031297,1183,@EAAkhggmIt~xagAAHGv@i@xAcAvAyAhAiBx@wBf@_CRqAAmDWuBm@gB}@sAmA}@yASw@Ss@G}APeBh@aBbAwAxAiAhB{@vBg@~BQ`C@|BVtBj@dB~@n@h@l@h@t@rAd@`BHfBGj@,,,,,,,26,#1464a5cc,#1464a5cc,,,,,,,"<div><strong>WHATAWHATA ROAD</strong><br><span>Surface: sealed</span><br><span>Length: 0.17 km</span><br><span>Length rank: 1,183</span></div>"
road_3283195,path,Road centreline,hamilton_road_path,O'DONOGHUE STREET,,,,sealed,0.1716052290082004,1184,@EAA_ytkmI~kqagAd`@iInC[xBMbCAvBBvCJ~BPlCTxBJjB?bAKhDq@lBc@zC{@x\qH,,,,,,,26,#1464a5cc,#1464a5cc,,,,,,,"<div><strong>O&#x27;DONOGHUE STREET</strong><br><span>Surface: sealed</span><br><span>Length: 0.17 km</span><br><span>Length rank: 1,184</span></div>"
road_3283269,path,Road centreline,hamilton_road_path,REDOAKS CLOSE,,,,sealed,0.1712525051375962,1185,@EAAou~dmIx~n}fAdZlCxQrA`@D~fAtJ,,,,,,,26,#1464a5cc,#1464a5cc,,,,,,,"<div><strong>REDOAKS CLOSE</strong><br><span>Surface: sealed</span><br><span>Length: 0.17 km</span><br><span>Length rank: 1,185</span></div>"
road_3283045,path,Road centreline,hamilton_road_path,RIMMINGTON DRIVE,,,,sealed,0.1711571789776761,1186,@EAAcfmhmIbdfbgAqAtB}CvC{O|FoFt@eIhAqNfAiNPgf@U,,,,,,,26,#1464a5cc,#1464a5cc,,,,,,,"<div><strong>RIMMINGTON DRIVE</strong><br><span>Surface: sealed</span><br><span>Length: 0.17 km</span><br><span>Length rank: 1,186</span></div>"
road_6064318,path,Road centreline,hamilton_road_path,FEATHERSTONE DRIVE,,,,sealed,0.1710136426514227,1187,@EAAck~fmInmc~fAwCh@oHj@[?cD?aGs@}Dw@gDiAiGsDcCmDmBmDgO_Y_CyCwCqE,,,,,,,26,#1464a5cc,#1464a5cc,,,,,,,"<div><strong>FEATHERSTONE DRIVE</strong><br><span>Surface: sealed</span><br><span>Length: 0.17 km</span><br><span>Length rank: 1,187</span></div>"
road_3314763,path,Road centreline,hamilton_road_path,ASHWICK TERRACE,,,,sealed,0.1709980979060427,1188,@EAAuspimIfan}fAs@xCeAdFHjE|@pWq@lDuBpCeEdDmF~AkG^wJ_@kMuB,,,,,,,26,#1464a5cc,#1464a5cc,,,,,,,"<div><strong>ASHWICK TERRACE</strong><br><span>Surface: sealed</span><br><span>Length: 0.17 km</span><br><span>Length rank: 1,188</span></div>"
road_3283245,path,Road centreline,hamilton_road_path,CUSSEN STREET,,,,sealed,0.1709734861751437,1189,@EAA{|mhmIzra`gAuj@iMiFe@}ENqDj@iDdAwB|AkRzPkDdH,,,,,,,26,#1464a5cc,#1464a5cc,,,,,,,"<div><strong>CUSSEN STREET</strong><br><span>Surface: sealed</span><br><span>Length: 0.17 km</span><br><span>Length rank: 1,189</span></div>"
road_3283203,path,Road centreline,hamilton_road_path,ST JOHNS AVENUE,,,,sealed,0.1706840030115335,1190,@EAAu{~jmI~q_agA}RQ}Gi@cKiCcMoB}~@_@,,,,,,,26,#1464a5cc,#1464a5cc,,,,,,,"<div><strong>ST JOHNS AVENUE</strong><br><span>Surface: sealed</span><br><span>Length: 0.17 km</span><br><span>Length rank: 1,190</span></div>"
road_3314066,path,Road centreline,hamilton_road_path,BELFAST PLACE,,,,sealed,0.1705931334565411,1191,@EAActihmIxi{agA_AvEGlEdBfLr@fBrAxAhCrAfCT~BP`DOxw@uL,,,,,,,26,#1464a5cc,#1464a5cc,,,,,,,"<div><strong>BELFAST PLACE</strong><br><span>Surface: sealed</span><br><span>Length: 0.17 km</span><br><span>Length rank: 1,191</span></div>"
road_3282995,path,Road centreline,hamilton_road_path,WADE LANE,,,,sealed,0.1704201072663994,1192,@EAAqf|emIlgncgAbr@nmAVbBSjC,,,,,,,26,#1464a5cc,#1464a5cc,,,,,,,"<div><strong>WADE LANE</strong><br><span>Surface: sealed</span><br><span>Length: 0.17 km</span><br><span>Length rank: 1,192</span></div>"
road_3283441,path,Road centreline,hamilton_road_path,PORTREE PLACE,,,,sealed,0.1702772517602524,1193,@EAAeqvhmIjaw~fAiJuBiFA_M`A}G`AmAn@yAjBMfBnAv_@gAtEq@lBc@pAi@tA_AjA,,,,,,,26,#1464a5cc,#1464a5cc,,,,,,,"<div><strong>PORTREE PLACE</strong><br><span>Surface: sealed</span><br><span>Length: 0.17 km</span><br><span>Length rank: 1,193</span></div>"
road_3313993,path,Road centreline,hamilton_road_path,SHANNON PLACE,,,,sealed,0.1698848092523046,1194,@EAAc~hfmIl{t`gAzCqCbC}ClBuCdBsFl@_Ff@qN`AuCfA_A|Cy@nDg@df@H,,,,,,,26,#1464a5cc,#1464a5cc,,,,,,,"<div><strong>SHANNON PLACE</strong><br><span>Surface: sealed</span><br><span>Length: 0.17 km</span><br><span>Length rank: 1,194</span></div>"
road_3283098,path,Road centreline,hamilton_road_path,CRICKET PLACE,,,,sealed,0.1697755966807276,1195,@EAAwl|hmIpwecgAxJUdDYvq@_MnD_AjCuAtUgW,,,,,,,26,#1464a5cc,#1464a5cc,,,,,,,"<div><strong>CRICKET PLACE</strong><br><span>Surface: sealed</span><br><span>Length: 0.17 km</span><br><span>Length rank: 1,195</span></div>"
road_3314418,path,Road centreline,hamilton_road_path,FEATHERSTONE DRIVE,,,,sealed,0.1695529701234604,1196,@EAAasyfmIzs`~fA`Ay@~f@iPy_@oq@,,,,,,,26,#1464a5cc,#1464a5cc,,,,,,,"<div><strong>FEATHERSTONE DRIVE</strong><br><span>Surface: sealed</span><br><span>Length: 0.17 km</span><br><span>Length rank: 1,196</span></div>"
road_3283424,path,Road centreline,hamilton_road_path,SHALIMAR PLACE,,,,sealed,0.1691896812718694,1197,@EAAk`nimIxpv~fAaLnC{R|CcMbC_GxBsGpCgCp@gDp@_JZmFJoGMyKQ,,,,,,,26,#1464a5cc,#1464a5cc,,,,,,,"<div><strong>SHALIMAR PLACE</strong><br><span>Surface: sealed</span><br><span>Length: 0.17 km</span><br><span>Length rank: 1,197</span></div>"
road_3283279,path,Road centreline,hamilton_road_path,LICKFOLD LANE,,,,sealed,0.1691784614163037,1198,@EAAavvfmIp{o~fAnBPvv@~G`APv@b@z@Z~@T`APdAJdACnBEtBElABv`@lD,,,,,,,26,#1464a5cc,#1464a5cc,,,,,,,"<div><strong>LICKFOLD LANE</strong><br><span>Surface: sealed</span><br><span>Length: 0.17 km</span><br><span>Length rank: 1,198</span></div>"
road_3314599,path,Road centreline,hamilton_road_path,PAULETTE PLACE,,,,sealed,0.1684753476145533,1199,@EAAe|xhmI|hc_gAsCbGql@~lA,,,,,,,25,#1464a5cc,#1464a5cc,,,,,,,"<div><strong>PAULETTE PLACE</strong><br><span>Surface: sealed</span><br><span>Length: 0.17 km</span><br><span>Length rank: 1,199</span></div>"
road_3314277,path,Road centreline,hamilton_road_path,PANAIR CRESCENT,,,,sealed,0.1684665838601226,1200,@EAAicukmIh~yagAza@eR~AiArAmA|@sBTcBCqAOcBkJyg@,,,,,,,25,#1464a5cc,#1464a5cc,,,,,,,"<div><strong>PANAIR CRESCENT</strong><br><span>Surface: sealed</span><br><span>Length: 0.17 km</span><br><span>Length rank: 1,200</span></div>"
road_3314742,path,Road centreline,hamilton_road_path,BURGUNDY COURT,,,,sealed,0.168384109360156,1201,@EAAei_imIlbd~fApBeHrF_MzA_JEyBk@{BcAyAyCkAcFs@}JoAuLgBsJ{@}BKkCE,,,,,,,25,#1464a5cc,#1464a5cc,,,,,,,"<div><strong>BURGUNDY COURT</strong><br><span>Surface: sealed</span><br><span>Length: 0.17 km</span><br><span>Length rank: 1,201</span></div>"
road_3314130,path,Road centreline,hamilton_road_path,MANOR PLACE,,,,sealed,0.168151538035034,1202,@EAAkscjmIzr|bgA}MyQwCiCsE{AoNkDmp@oY,,,,,,,25,#1464a5cc,#1464a5cc,,,,,,,"<div><strong>MANOR PLACE</strong><br><span>Surface: sealed</span><br><span>Length: 0.17 km</span><br><span>Length rank: 1,202</span></div>"
road_7742825,path,Road centreline,hamilton_road_path,Road centreline,,,,sealed,0.1680234677308966,1203,@EAAyndhmIb}h~fAsLp`@s@pBe@t@aAhAkAfA{@zAmOxc@MdAGhB,,,,,,,25,#1464a5cc,#1464a5cc,,,,,,,"<div><strong>Road 7742825</strong><br><span>Surface: sealed</span><br><span>Length: 0.17 km</span><br><span>Length rank: 1,203</span></div>"
road_3314129,path,Road centreline,hamilton_road_path,DOWDING STREET,,,,sealed,0.1680211065062106,1204,@EAAmhqimIloqbgA_Je}A,,,,,,,25,#1464a5cc,#1464a5cc,,,,,,,"<div><strong>DOWDING STREET</strong><br><span>Surface: sealed</span><br><span>Length: 0.17 km</span><br><span>Length rank: 1,204</span></div>"
road_3283246,path,Road centreline,hamilton_road_path,Road centreline,,,,sealed,0.1679564687485968,1205,@EAAc`hgmId|y_gA|JxEdGtBtE~@pH|@|PbCfS`H~TnI|B~AjBxA,,,,,,,25,#1464a5cc,#1464a5cc,,,,,,,"<div><strong>Road 3283246</strong><br><span>Surface: sealed</span><br><span>Length: 0.17 km</span><br><span>Length rank: 1,205</span></div>"
road_3313940,path,Road centreline,hamilton_road_path,MAYNARD PLACE,,,,sealed,0.1678214238468089,1206,@EAA__remI`{jcgAiAiGkBaKO_GnAoEhDeF|CaCxFwBnj@}M,,,,,,,25,#1464a5cc,#1464a5cc,,,,,,,"<div><strong>MAYNARD PLACE</strong><br><span>Surface: sealed</span><br><span>Length: 0.17 km</span><br><span>Length rank: 1,206</span></div>"
road_3283402,path,Road centreline,hamilton_road_path,LAMONT STREET,,,,sealed,0.1677821574026921,1207,@EAA_lcimI|dg_gAmqByX,,,,,,,25,#1464a5cc,#1464a5cc,,,,,,,"<div><strong>LAMONT STREET</strong><br><span>Surface: sealed</span><br><span>Length: 0.17 km</span><br><span>Length rank: 1,207</span></div>"
road_6082182,path,Road centreline,hamilton_road_path,WISHBONE COURT,,,,sealed,0.1676617850135909,1208,@EAAwx}fmI~km}fAcNtOeDxDaFnKyGbDsCl@uCP{DP}DSyBw@}A_AqJkIsDcD,,,,,,,25,#1464a5cc,#1464a5cc,,,,,,,"<div><strong>WISHBONE COURT</strong><br><span>Surface: sealed</span><br><span>Length: 0.17 km</span><br><span>Length rank: 1,208</span></div>"
road_3314460,path,Road centreline,hamilton_road_path,CAMDEN PLACE,,,,sealed,0.1674961059872295,1209,@EAAws|fmIney~fAsGtb@gBlC{CtBqD~@}DF_n@uE,,,,,,,25,#1464a5cc,#1464a5cc,,,,,,,"<div><strong>CAMDEN PLACE</strong><br><span>Surface: sealed</span><br><span>Length: 0.17 km</span><br><span>Length rank: 1,209</span></div>"
road_6082180,path,Road centreline,hamilton_road_path,RYEDALE ROAD,,,,sealed,0.1674259454297016,1210,@EAAqj_gmIj{h}fAaARkBt@iD|@cFh@_ERwD?_B?{C[yJy@aEk@q@KwH{AuIeCaNqEiFyAiJcB,,,,,,,25,#1464a5cc,#1464a5cc,,,,,,,"<div><strong>RYEDALE ROAD</strong><br><span>Surface: sealed</span><br><span>Length: 0.17 km</span><br><span>Length rank: 1,210</span></div>"
road_3314708,path,Road centreline,hamilton_road_path,COMPTON GROVE,,,,sealed,0.1672952405608139,1211,@EAAiklimIdqu}fAwPeHiJyDgFoAoDUcEZwFtB_TlLoQ|O,,,,,,,25,#1464a5cc,#1464a5cc,,,,,,,"<div><strong>COMPTON GROVE</strong><br><span>Surface: sealed</span><br><span>Length: 0.17 km</span><br><span>Length rank: 1,211</span></div>"
road_3283317,path,Road centreline,hamilton_road_path,WOODHAM PLACE,,,,sealed,0.1672628847665365,1212,@EAAocchmIriv}fAqDlM{B`IkCjF{EvGoBjCmA`BkBxE_AvFkFjX,,,,,,,25,#1464a5cc,#1464a5cc,,,,,,,"<div><strong>WOODHAM PLACE</strong><br><span>Surface: sealed</span><br><span>Length: 0.17 km</span><br><span>Length rank: 1,212</span></div>"
road_3283074,path,Road centreline,hamilton_road_path,OLD MILL STREET,,,,sealed,0.1667952217248117,1213,@EAAsjphmIdleagAeOkIuAgCy@yCkNoaA,,,,,,,25,#1464a5cc,#1464a5cc,,,,,,,"<div><strong>OLD MILL STREET</strong><br><span>Surface: sealed</span><br><span>Length: 0.17 km</span><br><span>Length rank: 1,213</span></div>"
road_3283336,path,Road centreline,hamilton_road_path,AZIMUTH PLACE,,,,sealed,0.1667522402428563,1214,@EAAocxgmIhxb~fA|e@dGlEHhEq@jCu@vCeB|@sAxI}PbC{CdJwI,,,,,,,25,#1464a5cc,#1464a5cc,,,,,,,"<div><strong>AZIMUTH PLACE</strong><br><span>Surface: sealed</span><br><span>Length: 0.17 km</span><br><span>Length rank: 1,214</span></div>"
road_3283169,path,Road centreline,hamilton_road_path,HAMILTON PARADE,,,,sealed,0.1667430701903865,1215,@EAAgufimIxp|`gAkBp@{BxAmBjB{JzMeDvI_R~q@,,,,,,,25,#1464a5cc,#1464a5cc,,,,,,,"<div><strong>HAMILTON PARADE</strong><br><span>Surface: sealed</span><br><span>Length: 0.17 km</span><br><span>Length rank: 1,215</span></div>"
road_3314339,path,Road centreline,hamilton_road_path,ALANBROOKE PLACE,,,,sealed,0.1666179390988326,1216,@EAAm}zgmIhh}_gA}kAs{@yEsD,,,,,,,25,#1464a5cc,#1464a5cc,,,,,,,"<div><strong>ALANBROOKE PLACE</strong><br><span>Surface: sealed</span><br><span>Length: 0.17 km</span><br><span>Length rank: 1,216</span></div>"
road_3314123,path,Road centreline,hamilton_road_path,LESLIE PLACE,,,,sealed,0.1664724535646676,1217,@EAA_ubimItjncgA}@fH_SxqA,,,,,,,25,#1464a5cc,#1464a5cc,,,,,,,"<div><strong>LESLIE PLACE</strong><br><span>Surface: sealed</span><br><span>Length: 0.17 km</span><br><span>Length rank: 1,217</span></div>"
road_3283126,path,Road centreline,hamilton_road_path,OREGON CRESCENT,,,,sealed,0.1663827258803241,1218,@EAA{qgjmInlncgAzKvq@zTbe@,,,,,,,25,#1464a5cc,#1464a5cc,,,,,,,"<div><strong>OREGON CRESCENT</strong><br><span>Surface: sealed</span><br><span>Length: 0.17 km</span><br><span>Length rank: 1,218</span></div>"
road_3314645,path,Road centreline,hamilton_road_path,WATKINS STREET,,,,sealed,0.1663553772428651,1219,@EAAktljmIxwn_gAzPlEvDj@xShGdMtDlo@jP,,,,,,,25,#1464a5cc,#1464a5cc,,,,,,,"<div><strong>WATKINS STREET</strong><br><span>Surface: sealed</span><br><span>Length: 0.17 km</span><br><span>Length rank: 1,219</span></div>"
road_8328174,path,Road centreline,hamilton_road_path,TAOTAHI AVENUE,,,,sealed,0.1661319895932889,1220,@EAA_{gfmIxp}agAH_At@yK~AwDvAoCS{CaP_|@,,,,,,,25,#1464a5cc,#1464a5cc,,,,,,,"<div><strong>TAOTAHI AVENUE</strong><br><span>Surface: sealed</span><br><span>Length: 0.17 km</span><br><span>Length rank: 1,220</span></div>"
road_3314136,path,Road centreline,hamilton_road_path,THORNTON PLACE,,,,sealed,0.1660337708604428,1221,@EAAk}~hmIb|`cgAh|A`x@,,,,,,,25,#1464a5cc,#1464a5cc,,,,,,,"<div><strong>THORNTON PLACE</strong><br><span>Surface: sealed</span><br><span>Length: 0.17 km</span><br><span>Length rank: 1,221</span></div>"
road_3283101,path,Road centreline,hamilton_road_path,FILMER PLACE,,,,sealed,0.1660003858600806,1222,@EAAc_uhmIn_~bgA{}@o_@kHkC{LuBaPy@,,,,,,,25,#1464a5cc,#1464a5cc,,,,,,,"<div><strong>FILMER PLACE</strong><br><span>Surface: sealed</span><br><span>Length: 0.17 km</span><br><span>Length rank: 1,222</span></div>"
road_3283181,path,Road centreline,hamilton_road_path,RIRO STREET,,,,sealed,0.1657432882628776,1223,@EAAmavimIt_hagAp]{HrFn@pHtCfp@da@,,,,,,,25,#1464a5cc,#1464a5cc,,,,,,,"<div><strong>RIRO STREET</strong><br><span>Surface: sealed</span><br><span>Length: 0.17 km</span><br><span>Length rank: 1,223</span></div>"
road_3283293,path,Road centreline,hamilton_road_path,MCINNES PLACE,,,,sealed,0.165686492122499,1224,@EAAazihmIprx~fAuFbFoBfCmh@rfA,,,,,,,25,#1464a5cc,#1464a5cc,,,,,,,"<div><strong>MCINNES PLACE</strong><br><span>Surface: sealed</span><br><span>Length: 0.17 km</span><br><span>Length rank: 1,224</span></div>"
road_3283341,path,Road centreline,hamilton_road_path,CRANMER CLOSE,,,,sealed,0.1655968300668673,1225,@EAAopchmIbms}fADxUGjAa@~Bi@t@uBfAwCfAgj@`GeERqDWwIkB,,,,,,,25,#1464a5cc,#1464a5cc,,,,,,,"<div><strong>CRANMER CLOSE</strong><br><span>Surface: sealed</span><br><span>Length: 0.17 km</span><br><span>Length rank: 1,225</span></div>"
road_3314696,path,Road centreline,hamilton_road_path,GERRAND PLACE,,,,sealed,0.1655522935568941,1226,@EAAop}hmItcz~fAfNlCviAvQ|D^bGRnGE,,,,,,,25,#1464a5cc,#1464a5cc,,,,,,,"<div><strong>GERRAND PLACE</strong><br><span>Surface: sealed</span><br><span>Length: 0.17 km</span><br><span>Length rank: 1,226</span></div>"
road_3313969,path,Road centreline,hamilton_road_path,WESTVIEW PLACE,,,,sealed,0.1655184666542982,1227,@EAAwgcfmItbyagAww@pE_Ff@cClAgAvA?jB|ArNnCdGpClD,,,,,,,25,#1464a5cc,#1464a5cc,,,,,,,"<div><strong>WESTVIEW PLACE</strong><br><span>Surface: sealed</span><br><span>Length: 0.17 km</span><br><span>Length rank: 1,227</span></div>"
road_7742383,path,Road centreline,hamilton_road_path,GLENNIS PLACE,,,,sealed,0.1655069680714914,1228,@EAAsrbhmIb~}agAme@hGgv@zKiRfC,,,,,,,25,#1464a5cc,#1464a5cc,,,,,,,"<div><strong>GLENNIS PLACE</strong><br><span>Surface: sealed</span><br><span>Length: 0.17 km</span><br><span>Length rank: 1,228</span></div>"
road_3314254,path,Road centreline,hamilton_road_path,SULLIVAN CRESCENT,,,,sealed,0.165293541006872,1229,@EAAepkjmIzdw`gAvD[dJe@fRg@~AD`B\r@p@HdBAnB]lP_@hB}A|@kAZqSpAiEXmBT,,,,,,,25,#1464a5cc,#1464a5cc,,,,,,,"<div><strong>SULLIVAN CRESCENT</strong><br><span>Surface: sealed</span><br><span>Length: 0.17 km</span><br><span>Length rank: 1,229</span></div>"
road_3314348,path,Road centreline,hamilton_road_path,HOLLOWAY PLACE,,,,sealed,0.1649391448259675,1230,@EAAevqgmIbak`gAq`A}kA,,,,,,,25,#1464a5cc,#1464a5cc,,,,,,,"<div><strong>HOLLOWAY PLACE</strong><br><span>Surface: sealed</span><br><span>Length: 0.16 km</span><br><span>Length rank: 1,230</span></div>"
road_3314606,path,Road centreline,hamilton_road_path,MCLAREN PLACE,,,,sealed,0.1647700619023171,1231,@EAAwbuimIxuf_gAbl@i@tIs@bHwBlHeDnDyDrAmCtAuCpAiFVaE,,,,,,,25,#1464a5cc,#1464a5cc,,,,,,,"<div><strong>MCLAREN PLACE</strong><br><span>Surface: sealed</span><br><span>Length: 0.16 km</span><br><span>Length rank: 1,231</span></div>"
road_100047914,path,Road centreline,hamilton_road_path,CALLARD PLACE,,,,sealed,0.1647385639964998,1232,@EAAggnkmIf_lbgAsG}RoA{B{AmA}VoJy\iMgCs@oCg@eGa@,,,,,,,25,#1464a5cc,#1464a5cc,,,,,,,"<div><strong>CALLARD PLACE</strong><br><span>Surface: sealed</span><br><span>Length: 0.16 km</span><br><span>Length rank: 1,232</span></div>"
road_8115828,path,Road centreline,hamilton_road_path,CROSHER PLACE,,,,sealed,0.164673858499549,1233,@EAAgv~kmIf`ragAbB[nAs@~@m@dHoHf@}@`@qAEuA[gAmAqAqCsAaE}AoBUyA@cBXeAt@gJ`JYfAG`AJtAx@~@bJ~EdBh@lAV,,,,,,,25,#1464a5cc,#1464a5cc,,,,,,,"<div><strong>CROSHER PLACE</strong><br><span>Surface: sealed</span><br><span>Length: 0.16 km</span><br><span>Length rank: 1,233</span></div>"
road_3283331,path,Road centreline,hamilton_road_path,HOUHERE PLACE,,,,sealed,0.1642270624484707,1234,@EAAuufgmItlq~fAyYlE{Dz@{FlBgDjCmMdUiB`LHtEvArE,,,,,,,25,#1464a5cc,#1464a5cc,,,,,,,"<div><strong>HOUHERE PLACE</strong><br><span>Surface: sealed</span><br><span>Length: 0.16 km</span><br><span>Length rank: 1,234</span></div>"
road_3283182,path,Road centreline,hamilton_road_path,PRINCES STREET,,,,sealed,0.1640264227526681,1235,@EAAar`imI~`}`gAr}Avt@,,,,,,,25,#1464a5cc,#1464a5cc,,,,,,,"<div><strong>PRINCES STREET</strong><br><span>Surface: sealed</span><br><span>Length: 0.16 km</span><br><span>Length rank: 1,235</span></div>"
road_3314605,path,Road centreline,hamilton_road_path,SANDFORD PLACE,,,,sealed,0.1637283965274206,1236,@EAAyl~hmI|zb_gArFvCbDv@~Dp@jlA`G~NbB,,,,,,,25,#1464a5cc,#1464a5cc,,,,,,,"<div><strong>SANDFORD PLACE</strong><br><span>Surface: sealed</span><br><span>Length: 0.16 km</span><br><span>Length rank: 1,236</span></div>"
road_3314202,path,Road centreline,hamilton_road_path,WORLEY PLACE,,,,sealed,0.1636712441149856,1237,@EAA{tgimI||hagAkNhOiu@lx@,,,,,,,25,#1464a5cc,#1464a5cc,,,,,,,"<div><strong>WORLEY PLACE</strong><br><span>Surface: sealed</span><br><span>Length: 0.16 km</span><br><span>Length rank: 1,237</span></div>"
road_8328192,path,Road centreline,hamilton_road_path,FERGY PLACE,,,,sealed,0.1635286986576676,1238,@EAA{zzgmIljj}fAc_BcAmH_BoGmB,,,,,,,25,#1464a5cc,#1464a5cc,,,,,,,"<div><strong>FERGY PLACE</strong><br><span>Surface: sealed</span><br><span>Length: 0.16 km</span><br><span>Length rank: 1,238</span></div>"
road_3283002,path,Road centreline,hamilton_road_path,GREENLEA LANE,,,,sealed,0.1635219310095119,1239,@EAAcbfhmIncqbgArNgCpGgAbCuBrCaClAgCVaF[_Cy@eDuLma@o@}B,,,,,,,25,#1464a5cc,#1464a5cc,,,,,,,"<div><strong>GREENLEA LANE</strong><br><span>Surface: sealed</span><br><span>Length: 0.16 km</span><br><span>Length rank: 1,239</span></div>"
road_3283021,path,Road centreline,hamilton_road_path,RUSKE PLACE,,,,sealed,0.163451228265712,1240,@EAA{bremInvt`gAiIvV}b@by@e@|@,,,,,,,25,#1464a5cc,#1464a5cc,,,,,,,"<div><strong>RUSKE PLACE</strong><br><span>Surface: sealed</span><br><span>Length: 0.16 km</span><br><span>Length rank: 1,240</span></div>"
road_3283038,path,Road centreline,hamilton_road_path,VINCENT PLACE,,,,sealed,0.1634305674798233,1241,@EAAmcufmIp}qagAh@qFUyCkBgEa^mYeHkDqFoAoXwD,,,,,,,25,#1464a5cc,#1464a5cc,,,,,,,"<div><strong>VINCENT PLACE</strong><br><span>Surface: sealed</span><br><span>Length: 0.16 km</span><br><span>Length rank: 1,241</span></div>"
road_3234691,path,Road centreline,hamilton_road_path,WATERVIEW DRIVE,,,,sealed,0.1631003580319308,1242,@EAAcbcemItyq|fA{A`BcBdB{B`CaCfCku@nz@,,,,,,,25,#1464a5cc,#1464a5cc,,,,,,,"<div><strong>WATERVIEW DRIVE</strong><br><span>Surface: sealed</span><br><span>Length: 0.16 km</span><br><span>Length rank: 1,242</span></div>"
road_3313950,path,Road centreline,hamilton_road_path,SHELLEY JANE PLACE,,,,sealed,0.1630568223861083,1243,@EAAg`ogmIdoibgAjEbQnFlQpPb`@xExO,,,,,,,25,#1464a5cc,#1464a5cc,,,,,,,"<div><strong>SHELLEY JANE PLACE</strong><br><span>Surface: sealed</span><br><span>Length: 0.16 km</span><br><span>Length rank: 1,243</span></div>"
road_3283271,path,Road centreline,hamilton_road_path,SIMSEY PLACE,,,,sealed,0.1630451883498329,1244,@EAAyyoemI`~f~fA{AcB{AkAyEmBa_AiXuGe@aJIwEp@,,,,,,,25,#1464a5cc,#1464a5cc,,,,,,,"<div><strong>SIMSEY PLACE</strong><br><span>Surface: sealed</span><br><span>Length: 0.16 km</span><br><span>Length rank: 1,244</span></div>"
road_3283445,path,Road centreline,hamilton_road_path,LANDMARK COURT,,,,sealed,0.1630025458904598,1245,@EAAsw~hmId{v}fAcAoFqAwHkCuJs@iC?sCH{JIuCk@aE_CkMyAeN,,,,,,,25,#1464a5cc,#1464a5cc,,,,,,,"<div><strong>LANDMARK COURT</strong><br><span>Surface: sealed</span><br><span>Length: 0.16 km</span><br><span>Length rank: 1,245</span></div>"
road_3314706,path,Road centreline,hamilton_road_path,ALFORD PLACE,,,,sealed,0.1629988638262144,1246,@EAAiprimI|cx}fAie@eByE?sFPiITaEFmEeAkC}Bs@cAwBeFsAmN,,,,,,,25,#1464a5cc,#1464a5cc,,,,,,,"<div><strong>ALFORD PLACE</strong><br><span>Surface: sealed</span><br><span>Length: 0.16 km</span><br><span>Length rank: 1,246</span></div>"
road_3314650,path,Road centreline,hamilton_road_path,MCDOWALL PLACE,,,,sealed,0.162826113125425,1247,@EAAinshmIlz|~fAkI~QoAvBqA|AwQzPeFzHkElMKdL,,,,,,,25,#1464a5cc,#1464a5cc,,,,,,,"<div><strong>MCDOWALL PLACE</strong><br><span>Surface: sealed</span><br><span>Length: 0.16 km</span><br><span>Length rank: 1,247</span></div>"
road_3314350,path,Road centreline,hamilton_road_path,HOLDEN AVENUE,,,,sealed,0.1625538374991448,1248,@EAAws~gmIb}k`gAzSkH|F}BtG_Dxg@im@,,,,,,,25,#1464a5cc,#1464a5cc,,,,,,,"<div><strong>HOLDEN AVENUE</strong><br><span>Surface: sealed</span><br><span>Length: 0.16 km</span><br><span>Length rank: 1,248</span></div>"
road_3314736,path,Road centreline,hamilton_road_path,COLE THOMAS PLACE,,,,sealed,0.1621762407424924,1249,@EAAkxqimIvgl~fAcJgAkBUoBc@gCm@aF}BmEmCyCsCwBiCsBoCeAqCw@iCm@oDY{FZaF`@}D|@kE,,,,,,,25,#1464a5cc,#1464a5cc,,,,,,,"<div><strong>COLE THOMAS PLACE</strong><br><span>Surface: sealed</span><br><span>Length: 0.16 km</span><br><span>Length rank: 1,249</span></div>"
road_3314065,path,Road centreline,hamilton_road_path,PEREGRINE PLACE,,,,sealed,0.1621265133610793,1250,@EAA_`bhmIbacbgAn@|HUlFyAtGqG|GkGpEaFtB_FnAgIfAwED_UcB,,,,,,,25,#1464a5cc,#1464a5cc,,,,,,,"<div><strong>PEREGRINE PLACE</strong><br><span>Surface: sealed</span><br><span>Length: 0.16 km</span><br><span>Length rank: 1,250</span></div>"
road_6064547,path,Road centreline,hamilton_road_path,DROWER GLEN,,,,sealed,0.1620739683357118,1251,@EAAawegmIzgi}fAhCyDvDwF~BiF~ByGRuAv@mFz@eGX{E_@_HiCiV,,,,,,,25,#1464a5cc,#1464a5cc,,,,,,,"<div><strong>DROWER GLEN</strong><br><span>Surface: sealed</span><br><span>Length: 0.16 km</span><br><span>Length rank: 1,251</span></div>"
road_7742782,path,Road centreline,hamilton_road_path,Road centreline,,,,sealed,0.1618198879191596,1252,@EAA{x}emI|rscgAmArBwBjAgDpAwMhDkDxA}CpEeCxL?vRJd@zCbP,,,,,,,25,#1464a5cc,#1464a5cc,,,,,,,"<div><strong>Road 7742782</strong><br><span>Surface: sealed</span><br><span>Length: 0.16 km</span><br><span>Length rank: 1,252</span></div>"
road_3283055,path,Road centreline,hamilton_road_path,KILLARNEY LANE,,,,sealed,0.1616488080805919,1253,@EAAchbhmIveyagAQ~E{B~o@GzEp@hEfFxS,,,,,,,25,#1464a5cc,#1464a5cc,,,,,,,"<div><strong>KILLARNEY LANE</strong><br><span>Surface: sealed</span><br><span>Length: 0.16 km</span><br><span>Length rank: 1,253</span></div>"
road_3314205,path,Road centreline,hamilton_road_path,KINGSFORD MEWS,,,,sealed,0.1613315518260509,1254,@EAAidnjmIrogagAfi@vHvOrDtEn@pF|@tIvBhEhBtBf@vE\dF@,,,,,,,25,#1464a5cc,#1464a5cc,,,,,,,"<div><strong>KINGSFORD MEWS</strong><br><span>Surface: sealed</span><br><span>Length: 0.16 km</span><br><span>Length rank: 1,254</span></div>"
road_3283103,path,Road centreline,hamilton_road_path,REYNOLDS DRIVE,,,,sealed,0.1609099695079351,1255,@EAA{|pimIpjvcgAAbBbAxB`B|BlBdDpBtFzEpMnNbRzBjDzAtE~@pChA~AjCfB,,,,,,,25,#1464a5cc,#1464a5cc,,,,,,,"<div><strong>REYNOLDS DRIVE</strong><br><span>Surface: sealed</span><br><span>Length: 0.16 km</span><br><span>Length rank: 1,255</span></div>"
road_3314705,path,Road centreline,hamilton_road_path,SHRULE PLACE,,,,sealed,0.1606748030934574,1256,@EAAmj}hmIruu}fAy@~As@nDi@~Bs@nAcGjK_E~CqC~@kDj@wMx@gGt@s^bG,,,,,,,25,#1464a5cc,#1464a5cc,,,,,,,"<div><strong>SHRULE PLACE</strong><br><span>Surface: sealed</span><br><span>Length: 0.16 km</span><br><span>Length rank: 1,256</span></div>"
road_7742811,path,Road centreline,hamilton_road_path,HAPU AVENUE,,,,sealed,0.1605731138616355,1257,@EAAaszemIfiw_gAst@vnA,,,,,,,25,#1464a5cc,#1464a5cc,,,,,,,"<div><strong>HAPU AVENUE</strong><br><span>Surface: sealed</span><br><span>Length: 0.16 km</span><br><span>Length rank: 1,257</span></div>"
road_3314508,path,Road centreline,hamilton_road_path,TENNILLE STREET,,,,sealed,0.1604936730139406,1258,@EAA{zlgmIllj}fAuRmMmCaDwBeCyGcEaGeCiAs@gBiAeAy@eF}DwJyHeB{B_CaD,,,,,,,25,#1464a5cc,#1464a5cc,,,,,,,"<div><strong>TENNILLE STREET</strong><br><span>Surface: sealed</span><br><span>Length: 0.16 km</span><br><span>Length rank: 1,258</span></div>"
road_3283343,path,Road centreline,hamilton_road_path,WALTHAM PLACE,,,,sealed,0.1603480477394459,1259,@EAAk`}gmIjrm}fAgX\sDNeFz@eDjAcElBa^bb@wCvC,,,,,,,25,#1464a5cc,#1464a5cc,,,,,,,"<div><strong>WALTHAM PLACE</strong><br><span>Surface: sealed</span><br><span>Length: 0.16 km</span><br><span>Length rank: 1,259</span></div>"
road_3314210,path,Road centreline,hamilton_road_path,FOWLERS AVENUE,,,,sealed,0.1600170503239927,1260,@EAAi~shmIz{ragA{{@n~@{FfG,,,,,,,25,#1464a5cc,#1464a5cc,,,,,,,"<div><strong>FOWLERS AVENUE</strong><br><span>Surface: sealed</span><br><span>Length: 0.16 km</span><br><span>Length rank: 1,260</span></div>"
road_3283151,path,Road centreline,hamilton_road_path,Road centreline,,,,sealed,0.160001809093382,1261,@EAA}jwhmIxncbgAdIP|C`AnMpI~GlGbe@|g@,,,,,,,25,#1464a5cc,#1464a5cc,,,,,,,"<div><strong>Road 3283151</strong><br><span>Surface: sealed</span><br><span>Length: 0.16 km</span><br><span>Length rank: 1,261</span></div>"
road_3314199,path,Road centreline,hamilton_road_path,VALLEY TERRACE,,,,sealed,0.1597140290771865,1262,@EAAsgoimIdkgbgAC{BGwGaCye@_Cee@,,,,,,,25,#1464a5cc,#1464a5cc,,,,,,,"<div><strong>VALLEY TERRACE</strong><br><span>Surface: sealed</span><br><span>Length: 0.16 km</span><br><span>Length rank: 1,262</span></div>"
road_3313946,path,Road centreline,hamilton_road_path,AZTEC PLACE,,,,sealed,0.1597015249848156,1263,@EAA_jdhmIjpkbgAi_@guA,,,,,,,25,#1464a5cc,#1464a5cc,,,,,,,"<div><strong>AZTEC PLACE</strong><br><span>Surface: sealed</span><br><span>Length: 0.16 km</span><br><span>Length rank: 1,263</span></div>"
road_3238147,path,Road centreline,hamilton_road_path,HAYNES PLACE,,,,sealed,0.159540204208019,1264,@EAAi~uimI`jk}fA{f@cJgOcCgJ_@}OJcWvE,,,,,,,25,#1464a5cc,#1464a5cc,,,,,,,"<div><strong>HAYNES PLACE</strong><br><span>Surface: sealed</span><br><span>Length: 0.16 km</span><br><span>Length rank: 1,264</span></div>"
road_3313962,path,Road centreline,hamilton_road_path,WIMBLEDON CLOSE,,,,sealed,0.1592576857680231,1265,@EAAwi}emIdbz`gAr@mJCoDs@oCeCoBwJoEkJgCiFmCoI_GmEuBuCs@oEy@_HI,,,,,,,25,#1464a5cc,#1464a5cc,,,,,,,"<div><strong>WIMBLEDON CLOSE</strong><br><span>Surface: sealed</span><br><span>Length: 0.16 km</span><br><span>Length rank: 1,265</span></div>"
road_3314335,path,Road centreline,hamilton_road_path,GARRICK PLACE,,,,sealed,0.1591869721930982,1266,@EAAupvgmIfp``gAwEiDuaA_t@aBgB{@wA,,,,,,,25,#1464a5cc,#1464a5cc,,,,,,,"<div><strong>GARRICK PLACE</strong><br><span>Surface: sealed</span><br><span>Length: 0.16 km</span><br><span>Length rank: 1,266</span></div>"
road_3314420,path,Road centreline,hamilton_road_path,BREE PLACE,,,,sealed,0.1591069500529721,1267,@EAAglqfmInyt}fA{{@rw@eIvK,,,,,,,25,#1464a5cc,#1464a5cc,,,,,,,"<div><strong>BREE PLACE</strong><br><span>Surface: sealed</span><br><span>Length: 0.16 km</span><br><span>Length rank: 1,267</span></div>"
road_3314124,path,Road centreline,hamilton_road_path,COLSTONE STREET,,,,sealed,0.1590945897311007,1268,@EAAeroimIlmncgAxc@tsA,,,,,,,25,#1464a5cc,#1464a5cc,,,,,,,"<div><strong>COLSTONE STREET</strong><br><span>Surface: sealed</span><br><span>Length: 0.16 km</span><br><span>Length rank: 1,268</span></div>"
road_3283003,path,Road centreline,hamilton_road_path,KELLS PLACE,,,,sealed,0.1590931870539813,1269,@EAAknahmIvyjbgA_a@ktA,,,,,,,25,#1464a5cc,#1464a5cc,,,,,,,"<div><strong>KELLS PLACE</strong><br><span>Surface: sealed</span><br><span>Length: 0.16 km</span><br><span>Length rank: 1,269</span></div>"
road_3314262,path,Road centreline,hamilton_road_path,Road centreline,,,,sealed,0.1588940915598634,1270,@EAAi`vkmIpamagAnJhGlNjHpCtAjCv@zBH|BQrCi@pDu@vk@uM,,,,,,,25,#1464a5cc,#1464a5cc,,,,,,,"<div><strong>Road 3314262</strong><br><span>Surface: sealed</span><br><span>Length: 0.16 km</span><br><span>Length rank: 1,270</span></div>"
road_3283443,path,Road centreline,hamilton_road_path,AZURE PLACE,,,,sealed,0.1585677534985227,1271,@EAAa_himIfhr~fAUgCk@wGw@gHKeAwAkFuCuFyCaDuMsOwNwP,,,,,,,25,#1464a5cc,#1464a5cc,,,,,,,"<div><strong>AZURE PLACE</strong><br><span>Surface: sealed</span><br><span>Length: 0.16 km</span><br><span>Length rank: 1,271</span></div>"
road_3314725,path,Road centreline,hamilton_road_path,GUILDFORD PLACE,,,,sealed,0.1585338616614588,1272,@EAAkiqhmIdfx}fAmCfXRjHjAtBjCl@`KV~L[vPh@lMl@,,,,,,,25,#1464a5cc,#1464a5cc,,,,,,,"<div><strong>GUILDFORD PLACE</strong><br><span>Surface: sealed</span><br><span>Length: 0.16 km</span><br><span>Length rank: 1,272</span></div>"
road_8328201,path,Road centreline,hamilton_road_path,JENNIAN AVENUE,,,,sealed,0.1582984522271433,1273,@EAAgs|hmI`ij}fA{ClHwa@fNow@fN,,,,,,,25,#1464a5cc,#1464a5cc,,,,,,,"<div><strong>JENNIAN AVENUE</strong><br><span>Surface: sealed</span><br><span>Length: 0.16 km</span><br><span>Length rank: 1,273</span></div>"
road_3283016,path,Road centreline,hamilton_road_path,BEN LOMOND PLACE,,,,sealed,0.1581960578993526,1274,@EAAqd_fmItx~`gAkKScTH_HG}J[gJs@eNUyFHmFa@cFgBoCuC,,,,,,,25,#1464a5cc,#1464a5cc,,,,,,,"<div><strong>BEN LOMOND PLACE</strong><br><span>Surface: sealed</span><br><span>Length: 0.16 km</span><br><span>Length rank: 1,274</span></div>"
road_3314330,path,Road centreline,hamilton_road_path,BISHOPS LANE,,,,sealed,0.1581929798046961,1275,@EAAqlnfmItdj`gAcT}NoO}J_L_KoE{CwGoCwK}BqFe@,,,,,,,25,#1464a5cc,#1464a5cc,,,,,,,"<div><strong>BISHOPS LANE</strong><br><span>Surface: sealed</span><br><span>Length: 0.16 km</span><br><span>Length rank: 1,275</span></div>"
road_3314607,path,Road centreline,hamilton_road_path,JENNIFER PLACE,,,,sealed,0.1581112727311342,1276,@EAAun{hmIlk}~fAfUyRzEoBdDE`Ib@pLhCt`@~P,,,,,,,25,#1464a5cc,#1464a5cc,,,,,,,"<div><strong>JENNIFER PLACE</strong><br><span>Surface: sealed</span><br><span>Length: 0.16 km</span><br><span>Length rank: 1,276</span></div>"
road_8329710,path,Road centreline,hamilton_road_path,HORSESHOE TERRACE,,,,sealed,0.1579358171165568,1277,@EAAuzuemInke`gAul@_P{BcBkA_Dq@yE?e_@,,,,,,,25,#1464a5cc,#1464a5cc,,,,,,,"<div><strong>HORSESHOE TERRACE</strong><br><span>Surface: sealed</span><br><span>Length: 0.16 km</span><br><span>Length rank: 1,277</span></div>"
road_3313979,path,Road centreline,hamilton_road_path,EVERGREEN RISE,,,,sealed,0.157867670659479,1278,@EAAqtuemIlxu`gAi@rDa@|Cw@vC_@r@kDnIkCjGyBhDiBjDuBfDs@x@i@p@iCnCaFnDaCzAmBtAqE|C,,,,,,,25,#1464a5cc,#1464a5cc,,,,,,,"<div><strong>EVERGREEN RISE</strong><br><span>Surface: sealed</span><br><span>Length: 0.16 km</span><br><span>Length rank: 1,278</span></div>"
road_6064302,path,Road centreline,hamilton_road_path,Road centreline,,,,sealed,0.157772235333972,1279,@EAAmzeimIr_bbgA_CoBgBcC}@cCw@mCoC}G_CwCsAmAsAoAa@oA[qAMkDFeFA{F}D}LuC_F,,,,,,,25,#1464a5cc,#1464a5cc,,,,,,,"<div><strong>Road 6064302</strong><br><span>Surface: sealed</span><br><span>Length: 0.16 km</span><br><span>Length rank: 1,279</span></div>"
road_3314457,path,Road centreline,hamilton_road_path,HAMPSHIRE COURT,,,,sealed,0.1577710529773006,1280,@EAA}|tfmIlcy}fA}ApCuBfBwRzLqCtAeAJgAIoAy@{@yAsAuJ[qBk@qBaByBqAaAuIsF}DgC,,,,,,,25,#1464a5cc,#1464a5cc,,,,,,,"<div><strong>HAMPSHIRE COURT</strong><br><span>Surface: sealed</span><br><span>Length: 0.16 km</span><br><span>Length rank: 1,280</span></div>"
road_3314283,path,Road centreline,hamilton_road_path,ASHBURY AVENUE,,,,sealed,0.1576889864465767,1281,@EAAovelmI|pyagAiLcDyFoBw^{KoEaB_FsBeFcCoTyL,,,,,,,25,#1464a5cc,#1464a5cc,,,,,,,"<div><strong>ASHBURY AVENUE</strong><br><span>Surface: sealed</span><br><span>Length: 0.16 km</span><br><span>Length rank: 1,281</span></div>"
road_3258167,path,Road centreline,hamilton_road_path,Road centreline,,,,sealed,0.1573402328593375,1282,@EAAuhdfmIxk{}fAtBg@jJkL^qAD_BU}Ac@_AmAeAg@YcE{B}I}DyJuDmI}CyDsBuI}E,,,,,,,25,#1464a5cc,#1464a5cc,,,,,,,"<div><strong>Road 3258167</strong><br><span>Surface: sealed</span><br><span>Length: 0.16 km</span><br><span>Length rank: 1,282</span></div>"
road_3314629,path,Road centreline,hamilton_road_path,COLLEGE PLACE,,,,sealed,0.1572547046214204,1283,@EAA}``imIfaw_gArd@pGbDHlC_AhBqCzHcZToC??MoDSwD,,,,,,,25,#1464a5cc,#1464a5cc,,,,,,,"<div><strong>COLLEGE PLACE</strong><br><span>Surface: sealed</span><br><span>Length: 0.16 km</span><br><span>Length rank: 1,283</span></div>"
road_3314288,path,Road centreline,hamilton_road_path,FORD STREET,,,,sealed,0.1570652626411698,1284,@EAAyz{jmIvcjagA_eB_WaDA,,,,,,,25,#1464a5cc,#1464a5cc,,,,,,,"<div><strong>FORD STREET</strong><br><span>Surface: sealed</span><br><span>Length: 0.16 km</span><br><span>Length rank: 1,284</span></div>"
road_3313977,path,Road centreline,hamilton_road_path,SHARALEIGH PLACE,,,,sealed,0.1570373287132564,1285,@EAAmyqemIzsy`gAyHuJcHgEeH}BqEg@gFS{Hd@gEp@sD|@iClAmDrC_F|GyBpD,,,,,,,25,#1464a5cc,#1464a5cc,,,,,,,"<div><strong>SHARALEIGH PLACE</strong><br><span>Surface: sealed</span><br><span>Length: 0.16 km</span><br><span>Length rank: 1,285</span></div>"
road_3313984,path,Road centreline,hamilton_road_path,HOLLINGER PLACE,,,,sealed,0.1570109185928822,1286,@EAAaeffmIbrdagAlGmC~YcLtCuBzI{NlCyC`C{AhSmM,,,,,,,25,#1464a5cc,#1464a5cc,,,,,,,"<div><strong>HOLLINGER PLACE</strong><br><span>Surface: sealed</span><br><span>Length: 0.16 km</span><br><span>Length rank: 1,286</span></div>"
road_3313990,path,Road centreline,hamilton_road_path,WEMBLEY CLOSE,,,,sealed,0.1570006877057984,1287,@EAAg{_fmIlvw`gAuD~@aH`AuMr@aLHwRXaQv@iJ`AoOdE,,,,,,,25,#1464a5cc,#1464a5cc,,,,,,,"<div><strong>WEMBLEY CLOSE</strong><br><span>Surface: sealed</span><br><span>Length: 0.16 km</span><br><span>Length rank: 1,287</span></div>"
road_3314027,path,Road centreline,hamilton_road_path,KNIGHTSBRIDGE PLACE,,,,sealed,0.1567162305714829,1288,@EAAg~_gmIp{abgAdTlAvFHjBSnAu@xA}CbGyg@Z_L,,,,,,,25,#1464a5cc,#1464a5cc,,,,,,,"<div><strong>KNIGHTSBRIDGE PLACE</strong><br><span>Surface: sealed</span><br><span>Length: 0.16 km</span><br><span>Length rank: 1,288</span></div>"
road_3314332,path,Road centreline,hamilton_road_path,PAVILION DRIVE,,,,sealed,0.1566660749544839,1289,@EAAyaigmIfz``gA{@vA{AzBgAxBSzBFbA\lAyAjAaEz@qE^{AE_CFyCWiFq@uDOiDL_Fl@kErBoCpAsCfCoE|D,,,,,,,25,#1464a5cc,#1464a5cc,,,,,,,"<div><strong>PAVILION DRIVE</strong><br><span>Surface: sealed</span><br><span>Length: 0.16 km</span><br><span>Length rank: 1,289</span></div>"
road_3314610,path,Road centreline,hamilton_road_path,GOLDEN PLACE,,,,sealed,0.1566216463311043,1290,@EAAs~{hmIdv``gAdFsSfEqMlBuEzV{f@,,,,,,,25,#1464a5cc,#1464a5cc,,,,,,,"<div><strong>GOLDEN PLACE</strong><br><span>Surface: sealed</span><br><span>Length: 0.16 km</span><br><span>Length rank: 1,290</span></div>"
road_3314430,path,Road centreline,hamilton_road_path,WOODBURN AVENUE,,,,sealed,0.1564974640313872,1291,@EAAg~kgmIjuk~fAxBmA`A_ArCwBnB_A~By@~J{B~@[bEaBtDcBxC{B`BiBlBqBbBqCbB}D|@}ApAcAdAa@fCk@|ASjF_@,,,,,,,25,#1464a5cc,#1464a5cc,,,,,,,"<div><strong>WOODBURN AVENUE</strong><br><span>Surface: sealed</span><br><span>Length: 0.16 km</span><br><span>Length rank: 1,291</span></div>"
road_3314049,path,Road centreline,hamilton_road_path,MILLAR PLACE,,,,sealed,0.1563849504137403,1292,@EAAsoufmIzjdagAks@RuJnAoEhBaEnCaCzC_CzDwApDs@pD,,,,,,,25,#1464a5cc,#1464a5cc,,,,,,,"<div><strong>MILLAR PLACE</strong><br><span>Surface: sealed</span><br><span>Length: 0.16 km</span><br><span>Length rank: 1,292</span></div>"
road_7742388,path,Road centreline,hamilton_road_path,Road centreline,,,,sealed,0.1563351640387189,1293,@EAAkqrjmIdlicgA_CmC_B{AyBgAgDgAqK_BqUeDuE}@sDcAqC{A_CiAsBa@eBImBLyBp@uBlA}DpC,,,,,,,25,#1464a5cc,#1464a5cc,,,,,,,"<div><strong>Road 7742388</strong><br><span>Surface: sealed</span><br><span>Length: 0.16 km</span><br><span>Length rank: 1,293</span></div>"
road_3283057,path,Road centreline,hamilton_road_path,SANDALWOOD DRIVE,,,,sealed,0.1561865868761162,1294,@EAAezfgmIbrlagAgAzDL|Cv@tClX`dA,,,,,,,25,#1464a5cc,#1464a5cc,,,,,,,"<div><strong>SANDALWOOD DRIVE</strong><br><span>Surface: sealed</span><br><span>Length: 0.16 km</span><br><span>Length rank: 1,294</span></div>"
road_8329717,path,Road centreline,hamilton_road_path,Road centreline,,,,sealed,0.1560739890886945,1295,@EAAo~|fmIn_`~fAJP`KdQnNfVdOnWnFfJ,,,,,,,25,#1464a5cc,#1464a5cc,,,,,,,"<div><strong>Road 8329717</strong><br><span>Surface: sealed</span><br><span>Length: 0.16 km</span><br><span>Length rank: 1,295</span></div>"
road_3283049,path,Road centreline,hamilton_road_path,BURROWS PLACE,,,,sealed,0.1560190001577118,1296,@EAAykmgmIdh}agAthBgY,,,,,,,25,#1464a5cc,#1464a5cc,,,,,,,"<div><strong>BURROWS PLACE</strong><br><span>Surface: sealed</span><br><span>Length: 0.16 km</span><br><span>Length rank: 1,296</span></div>"
road_3314191,path,Road centreline,hamilton_road_path,GORDON STREET,,,,sealed,0.1557868907010416,1297,@EAA}n~kmIh`gbgArRsWl@eBPgBUmBk@cB{@qAsBaAaBm@ue@mQ,,,,,,,25,#1464a5cc,#1464a5cc,,,,,,,"<div><strong>GORDON STREET</strong><br><span>Surface: sealed</span><br><span>Length: 0.16 km</span><br><span>Length rank: 1,297</span></div>"
road_3314264,path,Road centreline,hamilton_road_path,CARLSON CRESCENT,,,,sealed,0.1552435129866224,1298,@EAAcuilmIhj|agApC_@pCo@lBi@hBo@~\iT`CsAbCw@bCOdBHzBV`Cf@~W`G,,,,,,,25,#1464a5cc,#1464a5cc,,,,,,,"<div><strong>CARLSON CRESCENT</strong><br><span>Surface: sealed</span><br><span>Length: 0.16 km</span><br><span>Length rank: 1,298</span></div>"
road_3283070,path,Road centreline,hamilton_road_path,JOLLY STREET,,,,sealed,0.154971872310719,1299,@EAAifahmIpacagAbAbZHrCnA`k@`B`FhAlB,,,,,,,25,#1464a5cc,#1464a5cc,,,,,,,"<div><strong>JOLLY STREET</strong><br><span>Surface: sealed</span><br><span>Length: 0.15 km</span><br><span>Length rank: 1,299</span></div>"
road_6064581,path,Road centreline,hamilton_road_path,Road centreline,,,,sealed,0.1547246961185376,1300,@EAAgsudmI~qn~fAfGd@rDbBrBpCRrAPvAo@hD}BlCwD|AwE\uEe@sDcBuBsCU_BOiAn@iD|BoCxD{AdD],,,,,,,25,#1464a5cc,#1464a5cc,,,,,,,"<div><strong>Road 6064581</strong><br><span>Surface: sealed</span><br><span>Length: 0.15 km</span><br><span>Length rank: 1,300</span></div>"
road_3314437,path,Road centreline,hamilton_road_path,BUCKINGHAM PLACE,,,,sealed,0.1543374325892763,1301,@EAA{jghmIzuy}fAmM~[eCrFmAtFSzBKl]IbD,,,,,,,25,#1464a5cc,#1464a5cc,,,,,,,"<div><strong>BUCKINGHAM PLACE</strong><br><span>Surface: sealed</span><br><span>Length: 0.15 km</span><br><span>Length rank: 1,301</span></div>"
road_3314138,path,Road centreline,hamilton_road_path,CAESAR ROOSE DRIVE,,,,sealed,0.1542857759736806,1302,@EAAkxiimItescgAsUbFqEhAqD~AkQrIgClA}FnAia@nC,,,,,,,25,#1464a5cc,#1464a5cc,,,,,,,"<div><strong>CAESAR ROOSE DRIVE</strong><br><span>Surface: sealed</span><br><span>Length: 0.15 km</span><br><span>Length rank: 1,302</span></div>"
road_3283433,path,Road centreline,hamilton_road_path,GRASMERE COURT,,,,sealed,0.1537436304573658,1303,@EAA}ppimIfvd~fAjDkMhDqHlIsVzDoFpGwGbHcG`CeC,,,,,,,25,#1464a5cc,#1464a5cc,,,,,,,"<div><strong>GRASMERE COURT</strong><br><span>Surface: sealed</span><br><span>Length: 0.15 km</span><br><span>Length rank: 1,303</span></div>"
road_3314296,path,Road centreline,hamilton_road_path,SALISBURY PLACE,,,,sealed,0.1536575582592224,1304,@EAAyr`kmIhh_agAp@uX_BuG{BwBaFeAer@qC,,,,,,,25,#1464a5cc,#1464a5cc,,,,,,,"<div><strong>SALISBURY PLACE</strong><br><span>Surface: sealed</span><br><span>Length: 0.15 km</span><br><span>Length rank: 1,304</span></div>"
road_3314025,path,Road centreline,hamilton_road_path,FIONA PLACE,,,,sealed,0.1534747763030009,1305,@EAAqwvfmIhc`bgAbC`c@bHtp@,,,,,,,25,#1464a5cc,#1464a5cc,,,,,,,"<div><strong>FIONA PLACE</strong><br><span>Surface: sealed</span><br><span>Length: 0.15 km</span><br><span>Length rank: 1,305</span></div>"
road_3314644,path,Road centreline,hamilton_road_path,COWEN PLACE,,,,sealed,0.1534747042652282,1306,@EAAkzijmIfgq_gAym@kMkDWuC`@sA`AqBnCqLb[,,,,,,,25,#1464a5cc,#1464a5cc,,,,,,,"<div><strong>COWEN PLACE</strong><br><span>Surface: sealed</span><br><span>Length: 0.15 km</span><br><span>Length rank: 1,306</span></div>"
road_3283267,path,Road centreline,hamilton_road_path,CHANAN PLACE,,,,sealed,0.1534099334540622,1307,@EAA}yxemIby{}fArFdGlFxDrPvFtLdDrUpFdRxDtCr@,,,,,,,25,#1464a5cc,#1464a5cc,,,,,,,"<div><strong>CHANAN PLACE</strong><br><span>Surface: sealed</span><br><span>Length: 0.15 km</span><br><span>Length rank: 1,307</span></div>"
road_3314076,path,Road centreline,hamilton_road_path,SIMON PLACE,,,,sealed,0.1528034186704438,1308,@EAAesegmIdz}`gAa|@ov@iDcBsGw@,,,,,,,25,#1464a5cc,#1464a5cc,,,,,,,"<div><strong>SIMON PLACE</strong><br><span>Surface: sealed</span><br><span>Length: 0.15 km</span><br><span>Length rank: 1,308</span></div>"
road_3314031,path,Road centreline,hamilton_road_path,IRENE CRESCENT,,,,sealed,0.1527347199151056,1309,@EAAynegmIjnkagADrH~A~IzBrCjCjBdC`A~Cx@li@tFfIf@pCH,,,,,,,25,#1464a5cc,#1464a5cc,,,,,,,"<div><strong>IRENE CRESCENT</strong><br><span>Surface: sealed</span><br><span>Length: 0.15 km</span><br><span>Length rank: 1,309</span></div>"
road_3314319,path,Road centreline,hamilton_road_path,HIGHBURY PLACE,,,,sealed,0.1524210183944376,1310,@EAAsa|emI~|q`gAqEMwGwAiCeBsFaDaTkKaMkEgNcEiNqD,,,,,,,25,#1464a5cc,#1464a5cc,,,,,,,"<div><strong>HIGHBURY PLACE</strong><br><span>Surface: sealed</span><br><span>Length: 0.15 km</span><br><span>Length rank: 1,310</span></div>"
road_7742389,path,Road centreline,hamilton_road_path,Road centreline,,,,sealed,0.1523536853534928,1311,@EAAkqrjmIdlicgAyDpBkA|@q@|@wAjDeAzA_B|A{CfBiWxQiZvS,,,,,,,25,#1464a5cc,#1464a5cc,,,,,,,"<div><strong>Road 7742389</strong><br><span>Surface: sealed</span><br><span>Length: 0.15 km</span><br><span>Length rank: 1,311</span></div>"
road_3283365,path,Road centreline,hamilton_road_path,CHELSEA PLACE,,,,sealed,0.1521230649973042,1312,@EAAqqthmIdar_gA~@}@~l@eo@|AgBnCkC`@uAG_AeA_G,,,,,,,25,#1464a5cc,#1464a5cc,,,,,,,"<div><strong>CHELSEA PLACE</strong><br><span>Surface: sealed</span><br><span>Length: 0.15 km</span><br><span>Length rank: 1,312</span></div>"
road_3314323,path,Road centreline,hamilton_road_path,REUBEN PLACE,,,,sealed,0.1518681953284957,1313,@EAAaemfmIbil`gAeKvFoJpFaJxFaEfEmA|CkAfG@lF|@pE~C`L,,,,,,,25,#1464a5cc,#1464a5cc,,,,,,,"<div><strong>REUBEN PLACE</strong><br><span>Surface: sealed</span><br><span>Length: 0.15 km</span><br><span>Length rank: 1,313</span></div>"
road_7742857,path,Road centreline,hamilton_road_path,ONUKUTARA PLACE,,,,metalled,0.1512120308073048,1314,@EAA}tiimIjuj}fArHlV|BlEnA|@`ERzPoCtERpE`ApEjDbDtJ,,,,,,,25,#bb7f22cc,#bb7f22cc,,,,,,,"<div><strong>ONUKUTARA PLACE</strong><br><span>Surface: metalled</span><br><span>Length: 0.15 km</span><br><span>Length rank: 1,314</span></div>"
road_3314372,path,Road centreline,hamilton_road_path,CHARTWELL CRESCENT,,,,sealed,0.1511957092944781,1315,@EAA{{phmIjax_gAxAdWZlBpAdAtAt@~a@|FzU`DtC`@,,,,,,,25,#1464a5cc,#1464a5cc,,,,,,,"<div><strong>CHARTWELL CRESCENT</strong><br><span>Surface: sealed</span><br><span>Length: 0.15 km</span><br><span>Length rank: 1,315</span></div>"
road_3314344,path,Road centreline,hamilton_road_path,LONGRUN LANE,,,,sealed,0.151079714424448,1316,@EAAs}{fmIbtr_gAwrAat@,,,,,,,25,#1464a5cc,#1464a5cc,,,,,,,"<div><strong>LONGRUN LANE</strong><br><span>Surface: sealed</span><br><span>Length: 0.15 km</span><br><span>Length rank: 1,316</span></div>"
road_3314272,path,Road centreline,hamilton_road_path,FORSTER AVENUE,,,,sealed,0.1508444946226749,1317,@EAAa{gkmItjbbgAlCZhF?`|AsN,,,,,,,25,#1464a5cc,#1464a5cc,,,,,,,"<div><strong>FORSTER AVENUE</strong><br><span>Surface: sealed</span><br><span>Length: 0.15 km</span><br><span>Length rank: 1,317</span></div>"
road_3314188,path,Road centreline,hamilton_road_path,NORMA PLACE,,,,sealed,0.1501769323846551,1318,@EAAm}|kmIvzlbgAvRvHhOvFzA^|C\vC@~BQhBg@bBw@lBmAxLsIpAqA`AsAn@sAp@eB,,,,,,,25,#1464a5cc,#1464a5cc,,,,,,,"<div><strong>NORMA PLACE</strong><br><span>Surface: sealed</span><br><span>Length: 0.15 km</span><br><span>Length rank: 1,318</span></div>"
road_3314063,path,Road centreline,hamilton_road_path,ARAWA STREET,,,,sealed,0.1500047926452965,1319,@EAAsirgmIlwpagAc_@fHqE`BuBdCs[dg@,,,,,,,25,#1464a5cc,#1464a5cc,,,,,,,"<div><strong>ARAWA STREET</strong><br><span>Surface: sealed</span><br><span>Length: 0.15 km</span><br><span>Length rank: 1,319</span></div>"
road_3314899,path,Road centreline,hamilton_road_path,CHADWICK PLACE,,,,sealed,0.1499711446451398,1320,@EAA_rfhmIh`g}fAtGG|CPbDZzE`A|@f@xA~@r@r@v@rA|AxC`ApDPbAEtDqAdFeL~W,,,,,,,25,#1464a5cc,#1464a5cc,,,,,,,"<div><strong>CHADWICK PLACE</strong><br><span>Surface: sealed</span><br><span>Length: 0.15 km</span><br><span>Length rank: 1,320</span></div>"
road_3313958,path,Road centreline,hamilton_road_path,JEFFERSON HEIGHTS,,,,sealed,0.1499094077699518,1321,@EAA}pcfmIh~vagAcU~@{Mr@kIpA_VvGyZvL,,,,,,,25,#1464a5cc,#1464a5cc,,,,,,,"<div><strong>JEFFERSON HEIGHTS</strong><br><span>Surface: sealed</span><br><span>Length: 0.15 km</span><br><span>Length rank: 1,321</span></div>"
road_7742877,path,Road centreline,hamilton_road_path,PAIAKA PLACE,,,,sealed,0.1498824981469724,1322,@EAAgmehmIthx|fA}f@emA,,,,,,,25,#1464a5cc,#1464a5cc,,,,,,,"<div><strong>PAIAKA PLACE</strong><br><span>Surface: sealed</span><br><span>Length: 0.15 km</span><br><span>Length rank: 1,322</span></div>"
road_3314740,path,Road centreline,hamilton_road_path,COTSWOLD LANE,,,,sealed,0.1492374814551768,1323,@EAAofiimIdyi~fAaKwA_LwB}EcAcD_AiC_BkF{EsMoN{LiO,,,,,,,25,#1464a5cc,#1464a5cc,,,,,,,"<div><strong>COTSWOLD LANE</strong><br><span>Surface: sealed</span><br><span>Length: 0.15 km</span><br><span>Length rank: 1,323</span></div>"
road_3314137,path,Road centreline,hamilton_road_path,REYNOLDS DRIVE,,,,sealed,0.1492204868735844,1324,@EAAsenimIt~tcgAaL|CiFzAaGlB{QrG}W`HqDpBqEnC{AzE,,,,,,,25,#1464a5cc,#1464a5cc,,,,,,,"<div><strong>REYNOLDS DRIVE</strong><br><span>Surface: sealed</span><br><span>Length: 0.15 km</span><br><span>Length rank: 1,324</span></div>"
road_3314424,path,Road centreline,hamilton_road_path,NIKAU PLACE,,,,sealed,0.1492017624653606,1325,@EAAwdggmIxht~fAlPrGnDdAlCXfhAvI,,,,,,,25,#1464a5cc,#1464a5cc,,,,,,,"<div><strong>NIKAU PLACE</strong><br><span>Surface: sealed</span><br><span>Length: 0.15 km</span><br><span>Length rank: 1,325</span></div>"
road_8329746,path,Road centreline,hamilton_road_path,FABER PLACE,,,,sealed,0.1488269469320589,1326,@EAAutyhmI|ci}fAq}Abd@,,,,,,,25,#1464a5cc,#1464a5cc,,,,,,,"<div><strong>FABER PLACE</strong><br><span>Surface: sealed</span><br><span>Length: 0.15 km</span><br><span>Length rank: 1,326</span></div>"
road_3314439,path,Road centreline,hamilton_road_path,GREENOUGH PLACE,,,,sealed,0.1485819191605427,1327,@EAAwikhmIxl}}fAqH}@_FM_EnA{@|AwEjN_ApCmBnDyHpJoFdI{B`G,,,,,,,25,#1464a5cc,#1464a5cc,,,,,,,"<div><strong>GREENOUGH PLACE</strong><br><span>Surface: sealed</span><br><span>Length: 0.15 km</span><br><span>Length rank: 1,327</span></div>"
road_3283020,path,Road centreline,hamilton_road_path,EDWARD STREET,,,,sealed,0.1484980521995124,1328,@EAAqzwemI`fz`gA_GmCwC}BcCoBuAoBo@gBIsA@aCTcDt@wFdAwFvAaElBcFbDmHjC_D,,,,,,,25,#1464a5cc,#1464a5cc,,,,,,,"<div><strong>EDWARD STREET</strong><br><span>Surface: sealed</span><br><span>Length: 0.15 km</span><br><span>Length rank: 1,328</span></div>"
road_3314464,path,Road centreline,hamilton_road_path,RIVER ELM,,,,sealed,0.1481993926157199,1329,@EAA}`rgmI~mk~fA?lBApAA|AV`Bl@xAdA~A|At@dAHbCPjBJ|@Xt`@jYhD~DhDhE,,,,,,,25,#1464a5cc,#1464a5cc,,,,,,,"<div><strong>RIVER ELM</strong><br><span>Surface: sealed</span><br><span>Length: 0.15 km</span><br><span>Length rank: 1,329</span></div>"
road_7742810,path,Road centreline,hamilton_road_path,MANA DRIVE,,,,sealed,0.1481743576350601,1330,@EAAuh|emI~xy_gAsLhNqMtJon@`],,,,,,,25,#1464a5cc,#1464a5cc,,,,,,,"<div><strong>MANA DRIVE</strong><br><span>Surface: sealed</span><br><span>Length: 0.15 km</span><br><span>Length rank: 1,330</span></div>"
road_6082274,path,Road centreline,hamilton_road_path,TEAFIELDS COURT,,,,sealed,0.1479168789167279,1331,@EAAwhjimI|hn}fA{GeKwEqFwFkGiF}FoDeEu@cBqAwDgDiKkBiH,,,,,,,25,#1464a5cc,#1464a5cc,,,,,,,"<div><strong>TEAFIELDS COURT</strong><br><span>Surface: sealed</span><br><span>Length: 0.15 km</span><br><span>Length rank: 1,331</span></div>"
road_7742808,path,Road centreline,hamilton_road_path,WHANAU AVENUE,,,,sealed,0.1472080845386757,1332,@EAAgvzemIrx{_gAyHpBqGnA}JZyQ[kJZcJhBwKjEmIxG,,,,,,,25,#1464a5cc,#1464a5cc,,,,,,,"<div><strong>WHANAU AVENUE</strong><br><span>Surface: sealed</span><br><span>Length: 0.15 km</span><br><span>Length rank: 1,332</span></div>"
road_3283328,path,Road centreline,hamilton_road_path,RONALD COURT,,,,sealed,0.1471861808321683,1333,@EAAmwsfmIvwl~fAqSfpA,,,,,,,25,#1464a5cc,#1464a5cc,,,,,,,"<div><strong>RONALD COURT</strong><br><span>Surface: sealed</span><br><span>Length: 0.15 km</span><br><span>Length rank: 1,333</span></div>"
road_3283447,path,Road centreline,hamilton_road_path,BISHOPSWORTH WAY,,,,sealed,0.1471833845246855,1334,@EAA_vtimI~oz}fAcB_QWmAeC}FgAkDUuAEsALqDwAqOBkDh@kDjBcDxA{A,,,,,,,25,#1464a5cc,#1464a5cc,,,,,,,"<div><strong>BISHOPSWORTH WAY</strong><br><span>Surface: sealed</span><br><span>Length: 0.15 km</span><br><span>Length rank: 1,334</span></div>"
road_3314639,path,Road centreline,hamilton_road_path,SUSSEX STREET,,,,sealed,0.1471428595746785,1335,@EAAigwimIlij_gApCuFjA_Cp@uBr@uE~@iKJgMeAoFeCoCeDiCqL{F,,,,,,,25,#1464a5cc,#1464a5cc,,,,,,,"<div><strong>SUSSEX STREET</strong><br><span>Surface: sealed</span><br><span>Length: 0.15 km</span><br><span>Length rank: 1,335</span></div>"
road_3314078,path,Road centreline,hamilton_road_path,TUI AVENUE,,,,sealed,0.1466581712417427,1336,@EAAu}ngmI`cy`gAhCu@`CMxA`@jQfPrXtWvAtAlC`BvB?hAg@dC}B,,,,,,,25,#1464a5cc,#1464a5cc,,,,,,,"<div><strong>TUI AVENUE</strong><br><span>Surface: sealed</span><br><span>Length: 0.15 km</span><br><span>Length rank: 1,336</span></div>"
road_3314341,path,Road centreline,hamilton_road_path,MINCHIN CRESCENT,,,,sealed,0.1466193489592406,1337,@EAAiqbhmIrgs_gAvLrAxI~AtC~@xBhAx[pW`GhElB`AxCj@`D^,,,,,,,25,#1464a5cc,#1464a5cc,,,,,,,"<div><strong>MINCHIN CRESCENT</strong><br><span>Surface: sealed</span><br><span>Length: 0.15 km</span><br><span>Length rank: 1,337</span></div>"
road_8115832,path,Road centreline,hamilton_road_path,Road centreline,,,,unmetalled,0.1465659904285864,1338,@EAA{djlmI`}j`gAxGaLdFsHrAqB|FuInGkJRYvOcU,,,,,,,25,#734a12cc,#734a12cc,,,,,,,"<div><strong>Road 8115832</strong><br><span>Surface: unmetalled</span><br><span>Length: 0.15 km</span><br><span>Length rank: 1,338</span></div>"
road_3314121,path,Road centreline,hamilton_road_path,CAMELLIA PLACE,,,,sealed,0.1464699151967043,1339,@EAAi~|hmIdsmbgAlXaTnr@}JnDG~FV,,,,,,,25,#1464a5cc,#1464a5cc,,,,,,,"<div><strong>CAMELLIA PLACE</strong><br><span>Surface: sealed</span><br><span>Length: 0.15 km</span><br><span>Length rank: 1,339</span></div>"
road_3283183,path,Road centreline,hamilton_road_path,RIGTER PLACE,,,,sealed,0.1460636628392592,1340,@EAA_dpjmI~aw`gAjPuAdFeAdEkBrBqEb@iC\yCd@mBbAgCdBaCfBsB~H{S,,,,,,,25,#1464a5cc,#1464a5cc,,,,,,,"<div><strong>RIGTER PLACE</strong><br><span>Surface: sealed</span><br><span>Length: 0.15 km</span><br><span>Length rank: 1,340</span></div>"
road_3314601,path,Road centreline,hamilton_road_path,TRAMWAY ROAD,,,,sealed,0.1458587027488253,1341,@EAAk|rjmIpmq`gAQap@[oCWs@{@i@{Dg@wAs@k@}@E_B`@_D~AoE,,,,,,,25,#1464a5cc,#1464a5cc,,,,,,,"<div><strong>TRAMWAY ROAD</strong><br><span>Surface: sealed</span><br><span>Length: 0.15 km</span><br><span>Length rank: 1,341</span></div>"
road_3283414,path,Road centreline,hamilton_road_path,FLORA WAY,,,,sealed,0.1458371156066187,1342,@EAAoeuhmIdtd~fAfXdEhIh@hHa@bl@wZ,,,,,,,25,#1464a5cc,#1464a5cc,,,,,,,"<div><strong>FLORA WAY</strong><br><span>Surface: sealed</span><br><span>Length: 0.15 km</span><br><span>Length rank: 1,342</span></div>"
road_3313945,path,Road centreline,hamilton_road_path,GRASSLANDS PLACE,,,,sealed,0.1456266718170256,1343,@EAA}`ahmItslbgAyaBzV,,,,,,,25,#1464a5cc,#1464a5cc,,,,,,,"<div><strong>GRASSLANDS PLACE</strong><br><span>Surface: sealed</span><br><span>Length: 0.15 km</span><br><span>Length rank: 1,343</span></div>"
road_3314511,path,Road centreline,hamilton_road_path,WINCHESTER PLACE,,,,sealed,0.145576149121282,1344,@EAAoq`hmIvqn}fAsAhBsJfLaUjUqDrFcFdJgCrJ,,,,,,,25,#1464a5cc,#1464a5cc,,,,,,,"<div><strong>WINCHESTER PLACE</strong><br><span>Surface: sealed</span><br><span>Length: 0.15 km</span><br><span>Length rank: 1,344</span></div>"
road_3314126,path,Road centreline,hamilton_road_path,VIVIAN STREET,,,,sealed,0.1452052998152002,1345,@EAAe~`imIzr|bgAcbA~|@,,,,,,,25,#1464a5cc,#1464a5cc,,,,,,,"<div><strong>VIVIAN STREET</strong><br><span>Surface: sealed</span><br><span>Length: 0.15 km</span><br><span>Length rank: 1,345</span></div>"
road_3283401,path,Road centreline,hamilton_road_path,MARTIN STREET,,,,sealed,0.1449864716061973,1346,@EAAgfthmIdn~_gAiGo@myAcT,,,,,,,25,#1464a5cc,#1464a5cc,,,,,,,"<div><strong>MARTIN STREET</strong><br><span>Surface: sealed</span><br><span>Length: 0.14 km</span><br><span>Length rank: 1,346</span></div>"
road_3314141,path,Road centreline,hamilton_road_path,MABIAN CRESCENT,,,,sealed,0.1448968250124435,1347,@EAAitcimIttgcgAco@_IaE_@oC`@yBtCcAvPfA|H,,,,,,,25,#1464a5cc,#1464a5cc,,,,,,,"<div><strong>MABIAN CRESCENT</strong><br><span>Surface: sealed</span><br><span>Length: 0.14 km</span><br><span>Length rank: 1,347</span></div>"
road_3314427,path,Road centreline,hamilton_road_path,TANEKAHA PLACE,,,,sealed,0.1448828870737151,1348,@EAAmx_gmIvhm~fAtItSDtJgB~Em[b`@,,,,,,,25,#1464a5cc,#1464a5cc,,,,,,,"<div><strong>TANEKAHA PLACE</strong><br><span>Surface: sealed</span><br><span>Length: 0.14 km</span><br><span>Length rank: 1,348</span></div>"
road_3283370,path,Road centreline,hamilton_road_path,MONCRIEFF AVENUE,,,,sealed,0.144602691788725,1349,@EAAqonimIlbo`gAjGnAr|@vMzCTvD_@jDk@vJ_C,,,,,,,25,#1464a5cc,#1464a5cc,,,,,,,"<div><strong>MONCRIEFF AVENUE</strong><br><span>Surface: sealed</span><br><span>Length: 0.14 km</span><br><span>Length rank: 1,349</span></div>"
road_3314461,path,Road centreline,hamilton_road_path,GRASSY DOWNS PLACE,,,,sealed,0.1444403235057889,1350,@EAAgnngmItw|~fAkgA_CsEZwCl@uJxDmB`A,,,,,,,25,#1464a5cc,#1464a5cc,,,,,,,"<div><strong>GRASSY DOWNS PLACE</strong><br><span>Surface: sealed</span><br><span>Length: 0.14 km</span><br><span>Length rank: 1,350</span></div>"
road_3314446,path,Road centreline,hamilton_road_path,SEQUOIA PLACE,,,,sealed,0.1442119314939687,1351,@EAA}sqfmInpu~fAh]nCfHk@vGmBzC{BxBgBhBaFpIoU,,,,,,,25,#1464a5cc,#1464a5cc,,,,,,,"<div><strong>SEQUOIA PLACE</strong><br><span>Surface: sealed</span><br><span>Length: 0.14 km</span><br><span>Length rank: 1,351</span></div>"
road_3314603,path,Road centreline,hamilton_road_path,AMETHYST PLACE,,,,sealed,0.1440808166879833,1352,@EAAwe`imI~ro_gAhCf@zq@vJd\`DbMhB,,,,,,,25,#1464a5cc,#1464a5cc,,,,,,,"<div><strong>AMETHYST PLACE</strong><br><span>Surface: sealed</span><br><span>Length: 0.14 km</span><br><span>Length rank: 1,352</span></div>"
road_3283196,path,Road centreline,hamilton_road_path,COTEBROOKE LANE,,,,sealed,0.1439228211781612,1353,@EAAkfglmItp`bgA{EjAiDn@wDPgDKmRmC_SeD{NaCcRoC,,,,,,,25,#1464a5cc,#1464a5cc,,,,,,,"<div><strong>COTEBROOKE LANE</strong><br><span>Surface: sealed</span><br><span>Length: 0.14 km</span><br><span>Length rank: 1,353</span></div>"
road_3314647,path,Road centreline,hamilton_road_path,STELLA PLACE,,,,sealed,0.1438651729631604,1354,@EAAmj~imI`si_gAs@kJeEiGyEkDsFkB{HiBqHm@{IsAgC}BaAuB[cC`@sE,,,,,,,25,#1464a5cc,#1464a5cc,,,,,,,"<div><strong>STELLA PLACE</strong><br><span>Surface: sealed</span><br><span>Length: 0.14 km</span><br><span>Length rank: 1,354</span></div>"
road_6064568,path,Road centreline,hamilton_road_path,COBHAM DRIVE,,,,sealed,0.1437362915799914,1355,@EAAstxjmIvjgbgAVcDp@cAr@eA~CcBB?~Di@jERnDlA|B~Bt@zCW~CeBlC_DbBcEh@iESqDoA}B}Bu@{C,,,,,,,25,#1464a5cc,#1464a5cc,,,,,,,"<div><strong>COBHAM DRIVE</strong><br><span>Surface: sealed</span><br><span>Length: 0.14 km</span><br><span>Length rank: 1,355</span></div>"
road_3314043,path,Road centreline,hamilton_road_path,ESMAE PLACE,,,,sealed,0.1437176343097568,1356,@EAAczufmIbnsagA}ErCyJhC{kAfP,,,,,,,25,#1464a5cc,#1464a5cc,,,,,,,"<div><strong>ESMAE PLACE</strong><br><span>Surface: sealed</span><br><span>Length: 0.14 km</span><br><span>Length rank: 1,356</span></div>"
road_8328191,path,Road centreline,hamilton_road_path,TURAKINA RISE,,,,sealed,0.1435856394830568,1357,@EAAcozgmIvyl}fAPmh@_CwRgEqNaAqA,,,,,,,25,#1464a5cc,#1464a5cc,,,,,,,"<div><strong>TURAKINA RISE</strong><br><span>Surface: sealed</span><br><span>Length: 0.14 km</span><br><span>Length rank: 1,357</span></div>"
road_3314737,path,Road centreline,hamilton_road_path,BRIAR ROSE COURT,,,,sealed,0.143528221123402,1358,@EAAituimIblk~fAaFgAiHyAaE{@eCo@gCaAyAeAu@uAc@kAQuAMyCAwA`EsQ`D}GnBmD,,,,,,,25,#1464a5cc,#1464a5cc,,,,,,,"<div><strong>BRIAR ROSE COURT</strong><br><span>Surface: sealed</span><br><span>Length: 0.14 km</span><br><span>Length rank: 1,358</span></div>"
road_3314482,path,Road centreline,hamilton_road_path,KEMBLE PLACE,,,,sealed,0.1435237381483591,1359,@EAAcxhgmI~sv}fAgHxOe@vCFfBbAfAjBhAdFbC~FzD|BvBtDjGr@pCNzCKfG,,,,,,,25,#1464a5cc,#1464a5cc,,,,,,,"<div><strong>KEMBLE PLACE</strong><br><span>Surface: sealed</span><br><span>Length: 0.14 km</span><br><span>Length rank: 1,359</span></div>"
road_3283262,path,Road centreline,hamilton_road_path,GUDEX COURT,,,,sealed,0.1434909161723139,1360,@EAAa{ngmIfej_gA}HjI}IvKmKpL_StQ_G~G,,,,,,,25,#1464a5cc,#1464a5cc,,,,,,,"<div><strong>GUDEX COURT</strong><br><span>Surface: sealed</span><br><span>Length: 0.14 km</span><br><span>Length rank: 1,360</span></div>"
road_3314030,path,Road centreline,hamilton_road_path,JOFFRE STREET,,,,sealed,0.1432559162559201,1361,@EAA_hohmI`zwagAsQk[qK{QeOcW,,,,,,,25,#1464a5cc,#1464a5cc,,,,,,,"<div><strong>JOFFRE STREET</strong><br><span>Surface: sealed</span><br><span>Length: 0.14 km</span><br><span>Length rank: 1,361</span></div>"
road_3314364,path,Road centreline,hamilton_road_path,KINGSLEY STREET,,,,sealed,0.1430885546944347,1362,@EAAee~gmIdnx_gAzCy@rDoBxx@st@,,,,,,,25,#1464a5cc,#1464a5cc,,,,,,,"<div><strong>KINGSLEY STREET</strong><br><span>Surface: sealed</span><br><span>Length: 0.14 km</span><br><span>Length rank: 1,362</span></div>"
road_3314267,path,Road centreline,hamilton_road_path,THISTLEWOOD AVENUE,,,,sealed,0.1428932752902057,1363,@EAAmb|jmIf~aagAjGuMzB}I|C_K|@iCpFmKXwCJeP,,,,,,,25,#1464a5cc,#1464a5cc,,,,,,,"<div><strong>THISTLEWOOD AVENUE</strong><br><span>Surface: sealed</span><br><span>Length: 0.14 km</span><br><span>Length rank: 1,363</span></div>"
road_3314045,path,Road centreline,hamilton_road_path,COLQUHOUN PLACE,,,,sealed,0.1428791789047012,1364,@EAAc{ufmIfwnagAl^_p@pKkV,,,,,,,25,#1464a5cc,#1464a5cc,,,,,,,"<div><strong>COLQUHOUN PLACE</strong><br><span>Surface: sealed</span><br><span>Length: 0.14 km</span><br><span>Length rank: 1,364</span></div>"
road_3314488,path,Road centreline,hamilton_road_path,CHATSWOOD PLACE,,,,sealed,0.1425796099541124,1365,@EAAqcmhmIbg_~fA}@xImAdJDzHn@rD~A~D|DbEzKlHnLjH,,,,,,,25,#1464a5cc,#1464a5cc,,,,,,,"<div><strong>CHATSWOOD PLACE</strong><br><span>Surface: sealed</span><br><span>Length: 0.14 km</span><br><span>Length rank: 1,365</span></div>"
road_3314489,path,Road centreline,hamilton_road_path,BLAIRGOWRIE PLACE,,,,sealed,0.1425550730416305,1366,@EAAo}ghmInzz}fAhIJtKx@vIx@dVdA`FEjBe@~@u@bBkBdAcDrA}L,,,,,,,25,#1464a5cc,#1464a5cc,,,,,,,"<div><strong>BLAIRGOWRIE PLACE</strong><br><span>Surface: sealed</span><br><span>Length: 0.14 km</span><br><span>Length rank: 1,366</span></div>"
road_3283122,path,Road centreline,hamilton_road_path,PAMELA PLACE,,,,sealed,0.1424783417117636,1367,@EAAy~}hmI|gpcgAoz@k\eFiB}GeAeL_A,,,,,,,25,#1464a5cc,#1464a5cc,,,,,,,"<div><strong>PAMELA PLACE</strong><br><span>Surface: sealed</span><br><span>Length: 0.14 km</span><br><span>Length rank: 1,367</span></div>"
road_3313985,path,Road centreline,hamilton_road_path,DAVID STREET,,,,sealed,0.1423167352625919,1368,@EAA{olfmIf~eagAgrAjl@,,,,,,,25,#1464a5cc,#1464a5cc,,,,,,,"<div><strong>DAVID STREET</strong><br><span>Surface: sealed</span><br><span>Length: 0.14 km</span><br><span>Length rank: 1,368</span></div>"
road_3314490,path,Road centreline,hamilton_road_path,FENCOURT PLACE,,,,sealed,0.1421947573224135,1369,@EAAo}ghmInzz}fA}HqA}ZeC{Dw@aB{@_ByAg@}AAoBn@yDzLkU,,,,,,,25,#1464a5cc,#1464a5cc,,,,,,,"<div><strong>FENCOURT PLACE</strong><br><span>Surface: sealed</span><br><span>Length: 0.14 km</span><br><span>Length rank: 1,369</span></div>"
road_3314234,path,Road centreline,hamilton_road_path,GILLETT LANE,,,,sealed,0.1421775652366861,1370,@EAAkaqjmIpnt`gAi^bkA,,,,,,,25,#1464a5cc,#1464a5cc,,,,,,,"<div><strong>GILLETT LANE</strong><br><span>Surface: sealed</span><br><span>Length: 0.14 km</span><br><span>Length rank: 1,370</span></div>"
road_3283374,path,Road centreline,hamilton_road_path,JOHN STREET,,,,sealed,0.141934686427728,1371,@EAAkekjmI~pk`gArA}Ajr@o_A,,,,,,,25,#1464a5cc,#1464a5cc,,,,,,,"<div><strong>JOHN STREET</strong><br><span>Surface: sealed</span><br><span>Length: 0.14 km</span><br><span>Length rank: 1,371</span></div>"
road_3314682,path,Road centreline,hamilton_road_path,ROGERS PLACE,,,,sealed,0.1418759193843745,1372,@EAAguxjmIzmq_gA_KjWq@`HnA~GrQb_@,,,,,,,25,#1464a5cc,#1464a5cc,,,,,,,"<div><strong>ROGERS PLACE</strong><br><span>Surface: sealed</span><br><span>Length: 0.14 km</span><br><span>Length rank: 1,372</span></div>"
road_6064541,path,Road centreline,hamilton_road_path,VANQUISH PLACE,,,,sealed,0.1418260514868347,1373,@EAA{y`gmItm|}fAiMW_Kd@wSdAcMz@gEt@mBrAc@t@_EjR,,,,,,,25,#1464a5cc,#1464a5cc,,,,,,,"<div><strong>VANQUISH PLACE</strong><br><span>Surface: sealed</span><br><span>Length: 0.14 km</span><br><span>Length rank: 1,373</span></div>"
road_6064559,path,Road centreline,hamilton_road_path,JACK RISE,,,,sealed,0.1412681696225962,1374,@EAA_jzemIv_t`gAtHMbDS`ASv@i@v@eBJwBh@}J^wCfA}C|A{B~@mCTgDfCyExGsI,,,,,,,25,#1464a5cc,#1464a5cc,,,,,,,"<div><strong>JACK RISE</strong><br><span>Surface: sealed</span><br><span>Length: 0.14 km</span><br><span>Length rank: 1,374</span></div>"
road_8115830,path,Road centreline,hamilton_road_path,Road centreline,,,,sealed,0.141210240141476,1375,@EAAy}nlmI~ix`gA`CpAvDn@~DAvCeAvBiBpAmCDeCo@kCyByBuEqAcFEkDn@qCvBo@pAc@bB?hBr@tB~AbB,,,,,,,25,#1464a5cc,#1464a5cc,,,,,,,"<div><strong>Road 8115830</strong><br><span>Surface: sealed</span><br><span>Length: 0.14 km</span><br><span>Length rank: 1,375</span></div>"
road_3283310,path,Road centreline,hamilton_road_path,GILBERT COURT,,,,sealed,0.1411775294833202,1376,@EAAyejhmIp|d~fA_BnBwCbE}CfJ[zFzHrf@HdC@rB,,,,,,,25,#1464a5cc,#1464a5cc,,,,,,,"<div><strong>GILBERT COURT</strong><br><span>Surface: sealed</span><br><span>Length: 0.14 km</span><br><span>Length rank: 1,376</span></div>"
road_3314649,path,Road centreline,hamilton_road_path,COLMAN STREET,,,,sealed,0.1410631320388854,1377,@EAAmashmIrdb_gAneAdQpWnE,,,,,,,25,#1464a5cc,#1464a5cc,,,,,,,"<div><strong>COLMAN STREET</strong><br><span>Surface: sealed</span><br><span>Length: 0.14 km</span><br><span>Length rank: 1,377</span></div>"
road_7742863,path,Road centreline,hamilton_road_path,Road centreline,,,,sealed,0.1407855361604871,1378,@EAAku}dmIttu|fAjEwSBiD_HvCyEj@{CCmE_@yPcBqH[oBtE,,,,,,,25,#1464a5cc,#1464a5cc,,,,,,,"<div><strong>Road 7742863</strong><br><span>Surface: sealed</span><br><span>Length: 0.14 km</span><br><span>Length rank: 1,378</span></div>"
road_7742788,path,Road centreline,hamilton_road_path,CHARLOTTE CRESCENT,,,,sealed,0.1406383982095658,1379,@EAA_jrgmIlwfbgAwDwC}@oAmBgE}G{NiKeUOk@qAyEkBqH]uA,,,,,,,25,#1464a5cc,#1464a5cc,,,,,,,"<div><strong>CHARLOTTE CRESCENT</strong><br><span>Surface: sealed</span><br><span>Length: 0.14 km</span><br><span>Length rank: 1,379</span></div>"
road_3314891,path,Road centreline,hamilton_road_path,TE RAPA ROAD,,,,sealed,0.1404615622858656,1380,@EAAsd}dmIruv|fAzAd@tAp@`AdAt@fA^lA@vAKpAUn@ADWr@i@l@iA|@uAl@aB`@gBLiBAeBQ_Bc@sAs@eA_Aq@iA]oAIsAFi@@KFw@^s@t@gAdA_AxAk@`Ba@fBMlBAfBN,,,,,,,25,#1464a5cc,#1464a5cc,,,,,,,"<div><strong>TE RAPA ROAD</strong><br><span>Surface: sealed</span><br><span>Length: 0.14 km</span><br><span>Length rank: 1,380</span></div>"
road_3314442,path,Road centreline,hamilton_road_path,SATCHMO PLACE,,,,sealed,0.140441305569656,1381,@EAAqrlhmIxur}fA_Ego@_B_J_DyJ}BcE,,,,,,,25,#1464a5cc,#1464a5cc,,,,,,,"<div><strong>SATCHMO PLACE</strong><br><span>Surface: sealed</span><br><span>Length: 0.14 km</span><br><span>Length rank: 1,381</span></div>"
road_3283202,path,Road centreline,hamilton_road_path,Road centreline,,,,sealed,0.140435359142982,1382,@EAAophkmI`vjagAj}AkX,,,,,,,25,#1464a5cc,#1464a5cc,,,,,,,"<div><strong>Road 3283202</strong><br><span>Surface: sealed</span><br><span>Length: 0.14 km</span><br><span>Length rank: 1,382</span></div>"
road_3314086,path,Road centreline,hamilton_road_path,SLOPER AVENUE,,,,sealed,0.1403132613776742,1383,@EAAoklhmIb}fagAsaAuy@,,,,,,,25,#1464a5cc,#1464a5cc,,,,,,,"<div><strong>SLOPER AVENUE</strong><br><span>Surface: sealed</span><br><span>Length: 0.14 km</span><br><span>Length rank: 1,383</span></div>"
road_3283257,path,Road centreline,hamilton_road_path,CONSTANCE STREET,,,,sealed,0.1402582259784582,1384,@EAAq~mhmIfcf_gAqGiAyTmE{g@qKeLmB}CH}Bt@,,,,,,,25,#1464a5cc,#1464a5cc,,,,,,,"<div><strong>CONSTANCE STREET</strong><br><span>Surface: sealed</span><br><span>Length: 0.14 km</span><br><span>Length rank: 1,384</span></div>"
road_3314745,path,Road centreline,hamilton_road_path,MACCALLUM COURT,,,,sealed,0.1399145023771318,1385,@EAAel~hmIzo}}fAxVoC|DCjEn@~PlHjDpDlAhC|EtR,,,,,,,25,#1464a5cc,#1464a5cc,,,,,,,"<div><strong>MACCALLUM COURT</strong><br><span>Surface: sealed</span><br><span>Length: 0.14 km</span><br><span>Length rank: 1,385</span></div>"
road_3314900,path,Road centreline,hamilton_road_path,CHESHAM STREET,,,,sealed,0.1398427872822318,1386,@EAAmighmI`lh}fAsFsDcJ}HcB}DQmBNyBr@yCzBeH\kAk@cAiB[mI_AqNiA,,,,,,,25,#1464a5cc,#1464a5cc,,,,,,,"<div><strong>CHESHAM STREET</strong><br><span>Surface: sealed</span><br><span>Length: 0.14 km</span><br><span>Length rank: 1,386</span></div>"
road_3314071,path,Road centreline,hamilton_road_path,ISLINGTON STREET,,,,sealed,0.1398326056456332,1387,@EAAo}rhmI|}pagAjsAmh@,,,,,,,25,#1464a5cc,#1464a5cc,,,,,,,"<div><strong>ISLINGTON STREET</strong><br><span>Surface: sealed</span><br><span>Length: 0.14 km</span><br><span>Length rank: 1,387</span></div>"
road_3314450,path,Road centreline,hamilton_road_path,MOVERLEY PLACE,,,,sealed,0.1398010115705154,1388,@EAA{qofmIf`h~fAtOnG`GtClBdAnBpB`BvDvAfG|EzLxFdO,,,,,,,25,#1464a5cc,#1464a5cc,,,,,,,"<div><strong>MOVERLEY PLACE</strong><br><span>Surface: sealed</span><br><span>Length: 0.14 km</span><br><span>Length rank: 1,388</span></div>"
road_3314703,path,Road centreline,hamilton_road_path,STRATFORD PLACE,,,,sealed,0.1397487668004877,1389,@EAAkwjimIdpe~fAwDnH_BdCoDvE_AdBwAxD]bCg@~CSbBOlBGv@Ht@J`APt@\p@\p@`@p@^p@d@l@f@n@l@l@|@fAzDpD,,,,,,,25,#1464a5cc,#1464a5cc,,,,,,,"<div><strong>STRATFORD PLACE</strong><br><span>Surface: sealed</span><br><span>Length: 0.14 km</span><br><span>Length rank: 1,389</span></div>"
road_3314892,path,Road centreline,hamilton_road_path,TE RAPA ROAD,,,,sealed,0.1394682447889965,1390,@EAAywzdmIh_o|fAdCAdBR~Ab@pAp@dA~@p@hA\nAFrAKpAc@nAu@fAgAz@wAn@_B^gBNiBAeBS_Bc@mBqAGEa@Ys@iA]oAGsALqA`@oAv@gAfA{@tAo@`B_@jAK,,,,,,,25,#1464a5cc,#1464a5cc,,,,,,,"<div><strong>TE RAPA ROAD</strong><br><span>Surface: sealed</span><br><span>Length: 0.14 km</span><br><span>Length rank: 1,390</span></div>"
road_3314542,path,Road centreline,hamilton_road_path,WAIRERE DRIVE,,,,sealed,0.1393040294015989,1391,@EAAglchmIptl~fAfB@fBP|Ab@rAr@bA|@r@hA\nAFrAE`@Gt@a@hAw@fAgAz@uAn@aB^gBNgBAgBS}Ac@sAq@cA_As@iA]oAGsALqA`@oAv@eAfA}@tAm@`Ba@fBM,,,,,,,25,#1464a5cc,#1464a5cc,,,,,,,"<div><strong>WAIRERE DRIVE</strong><br><span>Surface: sealed</span><br><span>Length: 0.14 km</span><br><span>Length rank: 1,391</span></div>"
road_3283041,path,Road centreline,hamilton_road_path,PRIOR PLACE,,,,sealed,0.1391337331668633,1392,@EAAairfmIvpaagAmd@pk@{@dCI~B`BdO,,,,,,,25,#1464a5cc,#1464a5cc,,,,,,,"<div><strong>PRIOR PLACE</strong><br><span>Surface: sealed</span><br><span>Length: 0.14 km</span><br><span>Length rank: 1,392</span></div>"
road_8328226,path,Road centreline,hamilton_road_path,KOWARO STREET,,,,sealed,0.1390902800758738,1393,@EAAmxohmInve}fAkTjE{Or@aOmAiXcGcMcC,,,,,,,25,#1464a5cc,#1464a5cc,,,,,,,"<div><strong>KOWARO STREET</strong><br><span>Surface: sealed</span><br><span>Length: 0.14 km</span><br><span>Length rank: 1,393</span></div>"
road_8328196,path,Road centreline,hamilton_road_path,CHILMAN TERRACE,,,,sealed,0.138800945768174,1394,@EAAo|mjmI~lk_gAmO|[}GvNaNpY,,,,,,,25,#1464a5cc,#1464a5cc,,,,,,,"<div><strong>CHILMAN TERRACE</strong><br><span>Surface: sealed</span><br><span>Length: 0.14 km</span><br><span>Length rank: 1,394</span></div>"
road_3314728,path,Road centreline,hamilton_road_path,HAMPSTEAD WAY,,,,sealed,0.1385072600643356,1395,@EAAyhuhmI~zy}fAqQvAgMn@gFVcDGkAe@wAiAy@oAg@uAPmDpAcH`E}M,,,,,,,25,#1464a5cc,#1464a5cc,,,,,,,"<div><strong>HAMPSTEAD WAY</strong><br><span>Surface: sealed</span><br><span>Length: 0.14 km</span><br><span>Length rank: 1,395</span></div>"
road_3314287,path,Road centreline,hamilton_road_path,EAST RIDGE GROVE,,,,sealed,0.1384368234041336,1396,@EAA{qqlmIb_vagAkPlIoE`CmGtD}CvBgKlIwT|Q,,,,,,,25,#1464a5cc,#1464a5cc,,,,,,,"<div><strong>EAST RIDGE GROVE</strong><br><span>Surface: sealed</span><br><span>Length: 0.14 km</span><br><span>Length rank: 1,396</span></div>"
road_3314212,path,Road centreline,hamilton_road_path,MILL LANE,,,,sealed,0.1384265954940556,1397,@EAAciyhmIlcx`gA}a@ky@yA}BgCkBwBuA,,,,,,,25,#1464a5cc,#1464a5cc,,,,,,,"<div><strong>MILL LANE</strong><br><span>Surface: sealed</span><br><span>Length: 0.14 km</span><br><span>Length rank: 1,397</span></div>"
road_3314286,path,Road centreline,hamilton_road_path,PRYCE PLACE,,,,sealed,0.1383003182702932,1398,@EAA}qflmIjcoagA~kAdo@,,,,,,,25,#1464a5cc,#1464a5cc,,,,,,,"<div><strong>PRYCE PLACE</strong><br><span>Surface: sealed</span><br><span>Length: 0.14 km</span><br><span>Length rank: 1,398</span></div>"
road_3283329,path,Road centreline,hamilton_road_path,KOHEKOHE PLACE,,,,sealed,0.1382938334458306,1399,@EAAqx|fmIpxn~fAiA{LtNs}@,,,,,,,25,#1464a5cc,#1464a5cc,,,,,,,"<div><strong>KOHEKOHE PLACE</strong><br><span>Surface: sealed</span><br><span>Length: 0.14 km</span><br><span>Length rank: 1,399</span></div>"
road_3313973,path,Road centreline,hamilton_road_path,ANGUS STREET,,,,sealed,0.1379866099731564,1400,@EAAab{emIdgcagAmTu]}W}[iDgE,,,,,,,25,#1464a5cc,#1464a5cc,,,,,,,"<div><strong>ANGUS STREET</strong><br><span>Surface: sealed</span><br><span>Length: 0.14 km</span><br><span>Length rank: 1,400</span></div>"
road_3314271,path,Road centreline,hamilton_road_path,VISTA TERRACE,,,,sealed,0.137895157179136,1401,@EAAw~ikmIxyebgAqBkEeBwCaBuBcn@ao@,,,,,,,25,#1464a5cc,#1464a5cc,,,,,,,"<div><strong>VISTA TERRACE</strong><br><span>Surface: sealed</span><br><span>Length: 0.14 km</span><br><span>Length rank: 1,401</span></div>"
road_3314702,path,Road centreline,hamilton_road_path,ELLSWORTH PLACE,,,,sealed,0.1378365939536076,1402,@EAA_z{imIxs{~fAiI{@}GsAqFk@kCDsBJ{Cb@yDbA_C`AwHpDaFlBcCt@{Cl@}Gr@gEN,,,,,,,25,#1464a5cc,#1464a5cc,,,,,,,"<div><strong>ELLSWORTH PLACE</strong><br><span>Surface: sealed</span><br><span>Length: 0.14 km</span><br><span>Length rank: 1,402</span></div>"
road_3314453,path,Road centreline,hamilton_road_path,DURHAM HEIGHTS,,,,sealed,0.1376036440357685,1403,@EAA{~ufmItw`~fAyFtAqM|BsFp@iJ?iHq@{DgBaCsBuAwBiAwCmGaMCC,,,,,,,25,#1464a5cc,#1464a5cc,,,,,,,"<div><strong>DURHAM HEIGHTS</strong><br><span>Surface: sealed</span><br><span>Length: 0.14 km</span><br><span>Length rank: 1,403</span></div>"
road_3314035,path,Road centreline,hamilton_road_path,MASSEY STREET,,,,sealed,0.1374184276739257,1404,@EAAiwbhmI~tlagAhEuBbBc@hDEvCf@`HfCf]`PjJpExJdE,,,,,,,25,#1464a5cc,#1464a5cc,,,,,,,"<div><strong>MASSEY STREET</strong><br><span>Surface: sealed</span><br><span>Length: 0.14 km</span><br><span>Length rank: 1,404</span></div>"
road_7742803,path,Road centreline,hamilton_road_path,Road centreline,,,,sealed,0.1373471710864787,1405,@EAAsl|imIn|t`gA}K}BuEq@yE^eL|Bsf@`O{H~B,,,,,,,25,#1464a5cc,#1464a5cc,,,,,,,"<div><strong>Road 7742803</strong><br><span>Surface: sealed</span><br><span>Length: 0.14 km</span><br><span>Length rank: 1,405</span></div>"
road_3314148,path,Road centreline,hamilton_road_path,KEITHA PLACE,,,,sealed,0.1373369861684413,1406,@EAAmu_jmI`d`cgAkA_g@gAyEaCyC_GkD{Q_E,,,,,,,25,#1464a5cc,#1464a5cc,,,,,,,"<div><strong>KEITHA PLACE</strong><br><span>Surface: sealed</span><br><span>Length: 0.14 km</span><br><span>Length rank: 1,406</span></div>"
road_3283102,path,Road centreline,hamilton_road_path,SILKWOOD LANE,,,,sealed,0.1371779300661287,1407,@EAAexzhmIhxubgAfh@su@`@iAp@oBXkF,,,,,,,25,#1464a5cc,#1464a5cc,,,,,,,"<div><strong>SILKWOOD LANE</strong><br><span>Surface: sealed</span><br><span>Length: 0.14 km</span><br><span>Length rank: 1,407</span></div>"
road_3283375,path,Road centreline,hamilton_road_path,SANDRINGHAM ROAD,,,,sealed,0.1370672084657743,1408,@EAA}eojmIrgm`gAq{@}R_J}AuGyA}HcB,,,,,,,25,#1464a5cc,#1464a5cc,,,,,,,"<div><strong>SANDRINGHAM ROAD</strong><br><span>Surface: sealed</span><br><span>Length: 0.14 km</span><br><span>Length rank: 1,408</span></div>"
road_3313991,path,Road centreline,hamilton_road_path,CAULFIELD PLACE,,,,sealed,0.1370274109492631,1409,@EAAumjfmIboy`gAhA~@xB~EhAfCZv@nEzE`CnBdJ`IrEdD|FzDpFxBxE~@pDl@,,,,,,,25,#1464a5cc,#1464a5cc,,,,,,,"<div><strong>CAULFIELD PLACE</strong><br><span>Surface: sealed</span><br><span>Length: 0.14 km</span><br><span>Length rank: 1,409</span></div>"
road_3313964,path,Road centreline,hamilton_road_path,SINEAD COURT,,,,sealed,0.1368339154482325,1410,@EAA_pyemIpyw`gA_@yGO_Da@cEm@sDcBmEe@uBOoASeFc@{I[iHf@_GPmA,,,,,,,25,#1464a5cc,#1464a5cc,,,,,,,"<div><strong>SINEAD COURT</strong><br><span>Surface: sealed</span><br><span>Length: 0.14 km</span><br><span>Length rank: 1,410</span></div>"
road_3283507,path,Road centreline,hamilton_road_path,LIMBER HILL,,,,sealed,0.1365889052876974,1411,@EAAitigmIfbh}fAqa@ef@UWM{@QkDNgDdEgJZgB,,,,,,,25,#1464a5cc,#1464a5cc,,,,,,,"<div><strong>LIMBER HILL</strong><br><span>Surface: sealed</span><br><span>Length: 0.14 km</span><br><span>Length rank: 1,411</span></div>"
road_3314683,path,Road centreline,hamilton_road_path,BRIGHTON GROVE,,,,sealed,0.1365359519361433,1412,@EAAkgzkmIv`i`gA|DvBdC~AzBjBdCxBnDfCfDdB`Bt@nBz@tBr@`Cx@`Bp@xBz@lJhElM|G,,,,,,,25,#1464a5cc,#1464a5cc,,,,,,,"<div><strong>BRIGHTON GROVE</strong><br><span>Surface: sealed</span><br><span>Length: 0.14 km</span><br><span>Length rank: 1,412</span></div>"
road_8328176,path,Road centreline,hamilton_road_path,CELESTE TERRACE,,,,sealed,0.1365246354710658,1413,@EAAedkjmInkzcgAvC|[QlC}Ihi@,,,,,,,25,#1464a5cc,#1464a5cc,,,,,,,"<div><strong>CELESTE TERRACE</strong><br><span>Surface: sealed</span><br><span>Length: 0.14 km</span><br><span>Length rank: 1,413</span></div>"
road_3283408,path,Road centreline,hamilton_road_path,DRAKE PLACE,,,,sealed,0.1365053255225387,1414,@EAAwt|jmIl}q_gAcDjFu]|~@,,,,,,,25,#1464a5cc,#1464a5cc,,,,,,,"<div><strong>DRAKE PLACE</strong><br><span>Surface: sealed</span><br><span>Length: 0.14 km</span><br><span>Length rank: 1,414</span></div>"
road_3314368,path,Road centreline,hamilton_road_path,WARWICK AVENUE,,,,sealed,0.1364373522181036,1415,@EAAizwgmIvkk_gAooAui@,,,,,,,25,#1464a5cc,#1464a5cc,,,,,,,"<div><strong>WARWICK AVENUE</strong><br><span>Surface: sealed</span><br><span>Length: 0.14 km</span><br><span>Length rank: 1,415</span></div>"
road_8329685,path,Road centreline,hamilton_road_path,LUCINA RISE,,,,sealed,0.1364340588965702,1416,@EAAq{ljmIrn|cgAro@pGrl@`H,,,,,,,25,#1464a5cc,#1464a5cc,,,,,,,"<div><strong>LUCINA RISE</strong><br><span>Surface: sealed</span><br><span>Length: 0.14 km</span><br><span>Length rank: 1,416</span></div>"
road_7742853,path,Road centreline,hamilton_road_path,PARDOA BOULEVARD,,,,sealed,0.136401916578628,1417,@EAAe`zjmIji|~fALPRfC[`C_AdBKPwBvAyCn@aDByAUaAMqCoAyAaBc@uB?cCz@eCl@i@lAiArE}@pEB`Cn@vBbAlAnB,,,,,,,25,#1464a5cc,#1464a5cc,,,,,,,"<div><strong>PARDOA BOULEVARD</strong><br><span>Surface: sealed</span><br><span>Length: 0.14 km</span><br><span>Length rank: 1,417</span></div>"
road_3314263,path,Road centreline,hamilton_road_path,CEDAR PLACE,,,,sealed,0.13616331930757,1418,@EAAqp~kmI~}~agA~[chA,,,,,,,24,#1464a5cc,#1464a5cc,,,,,,,"<div><strong>CEDAR PLACE</strong><br><span>Surface: sealed</span><br><span>Length: 0.14 km</span><br><span>Length rank: 1,418</span></div>"
road_3283208,path,Road centreline,hamilton_road_path,CLARK PLACE,,,,sealed,0.1360281699436253,1419,@EAAqrukmIxu`bgArwAj],,,,,,,24,#1464a5cc,#1464a5cc,,,,,,,"<div><strong>CLARK PLACE</strong><br><span>Surface: sealed</span><br><span>Length: 0.14 km</span><br><span>Length rank: 1,419</span></div>"
road_3314206,path,Road centreline,hamilton_road_path,SHORT STREET,,,,sealed,0.1359286385153035,1420,@EAA{dbjmIbos`gAuPgjA,,,,,,,24,#1464a5cc,#1464a5cc,,,,,,,"<div><strong>SHORT STREET</strong><br><span>Surface: sealed</span><br><span>Length: 0.14 km</span><br><span>Length rank: 1,420</span></div>"
road_7742873,path,Road centreline,hamilton_road_path,LOFTUS PLACE,,,,sealed,0.1358886529994733,1421,@EAA_~_gmIlfe}fA_EyAsDuA{BoAyAmAwAwBgA{B_AuAiBqAoB{AmAqAs@sAu@gCUcDDmCHwBKu@Ws@w@aAuAaBkCgC,,,,,,,24,#1464a5cc,#1464a5cc,,,,,,,"<div><strong>LOFTUS PLACE</strong><br><span>Surface: sealed</span><br><span>Length: 0.14 km</span><br><span>Length rank: 1,421</span></div>"
road_7742864,path,Road centreline,hamilton_road_path,Road centreline,,,,sealed,0.1357270134255584,1422,@EAA{h_emIhbu|fAmIfd@eAjAyAd@oBJwD_@aJcAwAJmAx@cDrI,,,,,,,24,#1464a5cc,#1464a5cc,,,,,,,"<div><strong>Road 7742864</strong><br><span>Surface: sealed</span><br><span>Length: 0.14 km</span><br><span>Length rank: 1,422</span></div>"
road_3314354,path,Road centreline,hamilton_road_path,PARTINGTON PLACE,,,,sealed,0.1355328658009835,1423,@EAAcu~gmIf|``gA`h@uJzCq@pBcAnDyBvAgAnAc@tYiG,,,,,,,24,#1464a5cc,#1464a5cc,,,,,,,"<div><strong>PARTINGTON PLACE</strong><br><span>Surface: sealed</span><br><span>Length: 0.14 km</span><br><span>Length rank: 1,423</span></div>"
road_3314207,path,Road centreline,hamilton_road_path,DAISY STREET,,,,sealed,0.1353550663231628,1424,@EAAsbejmIlrs`gA`Ho}@PaCg@_DmAuB,,,,,,,24,#1464a5cc,#1464a5cc,,,,,,,"<div><strong>DAISY STREET</strong><br><span>Surface: sealed</span><br><span>Length: 0.14 km</span><br><span>Length rank: 1,424</span></div>"
road_8329727,path,Road centreline,hamilton_road_path,WYRALL WAY,,,,sealed,0.1351095140024667,1425,@EAAqkijmIv~|~fAADs[~fACH,,,,,,,24,#1464a5cc,#1464a5cc,,,,,,,"<div><strong>WYRALL WAY</strong><br><span>Surface: sealed</span><br><span>Length: 0.14 km</span><br><span>Length rank: 1,425</span></div>"
road_8328195,path,Road centreline,hamilton_road_path,LAVINIAS WAY,,,,sealed,0.1350498019385796,1426,@EAAsekjmIfp|~fAi[rgA,,,,,,,24,#1464a5cc,#1464a5cc,,,,,,,"<div><strong>LAVINIAS WAY</strong><br><span>Surface: sealed</span><br><span>Length: 0.14 km</span><br><span>Length rank: 1,426</span></div>"
road_7742848,path,Road centreline,hamilton_road_path,JOBE ROAD,,,,sealed,0.1348484395553016,1427,@EAAkqhjmIle}~fAuU|w@eElN,,,,,,,24,#1464a5cc,#1464a5cc,,,,,,,"<div><strong>JOBE ROAD</strong><br><span>Surface: sealed</span><br><span>Length: 0.13 km</span><br><span>Length rank: 1,427</span></div>"
road_7742847,path,Road centreline,hamilton_road_path,LIBEAU ROAD,,,,sealed,0.1348155310460664,1428,@EAAc{gjmIpz__gAdGeThSir@,,,,,,,24,#1464a5cc,#1464a5cc,,,,,,,"<div><strong>LIBEAU ROAD</strong><br><span>Surface: sealed</span><br><span>Length: 0.13 km</span><br><span>Length rank: 1,428</span></div>"
road_7742801,path,Road centreline,hamilton_road_path,ANGLESEA STREET,,,,sealed,0.1348087397097818,1429,@EAAofrimIzxvagAdAy@rAm@|A_@bBMdB@`BP|Ab@jAl@dA~@p@dAZlAFpAKnAa@jAu@dAeAx@sAl@}A\cBNeBAcBQ{Ac@oAo@cA}@o@gA[kAIqALoA`@kAt@eA,,,,,,,24,#1464a5cc,#1464a5cc,,,,,,,"<div><strong>ANGLESEA STREET</strong><br><span>Surface: sealed</span><br><span>Length: 0.13 km</span><br><span>Length rank: 1,429</span></div>"
road_3283019,path,Road centreline,hamilton_road_path,Road centreline,,,,unmetalled,0.1346023978890967,1430,@EAAg}jfmIvuwagAuHqCkNiC_F}@{Gw@eL_AeHIyGDaG`@oJ|@,,,,,,,24,#734a12cc,#734a12cc,,,,,,,"<div><strong>Road 3283019</strong><br><span>Surface: unmetalled</span><br><span>Length: 0.13 km</span><br><span>Length rank: 1,430</span></div>"
road_3314054,path,Road centreline,hamilton_road_path,SHEILA PLACE,,,,sealed,0.1345961882273653,1431,@EAAsxkgmIb_fbgAuBaD{DqFqEcCuCc@uGd@os@rK,,,,,,,24,#1464a5cc,#1464a5cc,,,,,,,"<div><strong>SHEILA PLACE</strong><br><span>Surface: sealed</span><br><span>Length: 0.13 km</span><br><span>Length rank: 1,431</span></div>"
road_3314744,path,Road centreline,hamilton_road_path,LOCKHART PLACE,,,,sealed,0.1345589597600089,1432,@EAA_z|hmIbx~}fARjAnCxLP|A@|Aw@hJ_@`DUdDAvC^tB`BnFfHbL,,,,,,,24,#1464a5cc,#1464a5cc,,,,,,,"<div><strong>LOCKHART PLACE</strong><br><span>Surface: sealed</span><br><span>Length: 0.13 km</span><br><span>Length rank: 1,432</span></div>"
road_3283446,path,Road centreline,hamilton_road_path,FARLEIGH CLOSE,,,,sealed,0.1345271454043499,1433,@EAAkuqimIfm|}fAiJmAwECyC^iCtA}JxGgIvGqChDoA`DoApDaBxH,,,,,,,24,#1464a5cc,#1464a5cc,,,,,,,"<div><strong>FARLEIGH CLOSE</strong><br><span>Surface: sealed</span><br><span>Length: 0.13 km</span><br><span>Length rank: 1,433</span></div>"
road_6064305,path,Road centreline,hamilton_road_path,Road centreline,,,,sealed,0.1343442632751686,1434,@EAAqdyjmIt|o`gA_@|A{FpOiKlZ{AvKBzCT~BUzB,,,,,,,24,#1464a5cc,#1464a5cc,,,,,,,"<div><strong>Road 6064305</strong><br><span>Surface: sealed</span><br><span>Length: 0.13 km</span><br><span>Length rank: 1,434</span></div>"
road_6064575,path,Road centreline,hamilton_road_path,PORIMA WAY,,,,sealed,0.1341188427929825,1435,@EAAc_pimI`f{~fA}MZeiA~V,,,,,,,24,#1464a5cc,#1464a5cc,,,,,,,"<div><strong>PORIMA WAY</strong><br><span>Surface: sealed</span><br><span>Length: 0.13 km</span><br><span>Length rank: 1,435</span></div>"
road_3283313,path,Road centreline,hamilton_road_path,GLENWARRICK COURT,,,,sealed,0.133810059462725,1436,@EAAe|nhmI~be~fAjNrJjJjFtAZlCF`Do@pZiNtBqBtBoC,,,,,,,24,#1464a5cc,#1464a5cc,,,,,,,"<div><strong>GLENWARRICK COURT</strong><br><span>Surface: sealed</span><br><span>Length: 0.13 km</span><br><span>Length rank: 1,436</span></div>"
road_3313951,path,Road centreline,hamilton_road_path,QUAIL PLACE,,,,sealed,0.133765349355486,1437,@EAAukmhmIrhnbgAuGxBiFx@oIAu\{BwFy@uHaBsGsAkCSoCO,,,,,,,24,#1464a5cc,#1464a5cc,,,,,,,"<div><strong>QUAIL PLACE</strong><br><span>Surface: sealed</span><br><span>Length: 0.13 km</span><br><span>Length rank: 1,437</span></div>"
road_3314047,path,Road centreline,hamilton_road_path,THODE PLACE,,,,sealed,0.1335709461088445,1438,@EAA{sufmIdhhagAmz@_QuBiBq@oCp@qN,,,,,,,24,#1464a5cc,#1464a5cc,,,,,,,"<div><strong>THODE PLACE</strong><br><span>Surface: sealed</span><br><span>Length: 0.13 km</span><br><span>Length rank: 1,438</span></div>"
road_3314201,path,Road centreline,hamilton_road_path,WATTS CRESCENT,,,,sealed,0.1335149051463916,1439,@EAA{vmjmIdvlagAaXsDiPOsTjCoX`J,,,,,,,24,#1464a5cc,#1464a5cc,,,,,,,"<div><strong>WATTS CRESCENT</strong><br><span>Surface: sealed</span><br><span>Length: 0.13 km</span><br><span>Length rank: 1,439</span></div>"
road_3283127,path,Road centreline,hamilton_road_path,ALLENBY STREET,,,,sealed,0.1334950512164366,1440,@EAAea{imIhjpbgAxpA{d@,,,,,,,24,#1464a5cc,#1464a5cc,,,,,,,"<div><strong>ALLENBY STREET</strong><br><span>Surface: sealed</span><br><span>Length: 0.13 km</span><br><span>Length rank: 1,440</span></div>"
road_3313953,path,Road centreline,hamilton_road_path,MELANIE COURT,,,,sealed,0.1332152756915147,1441,@EAA{jogmIvihbgAye@fHeBXqApAOnAFvA~Ij],,,,,,,24,#1464a5cc,#1464a5cc,,,,,,,"<div><strong>MELANIE COURT</strong><br><span>Surface: sealed</span><br><span>Length: 0.13 km</span><br><span>Length rank: 1,441</span></div>"
road_3283321,path,Road centreline,hamilton_road_path,SOVEREIGN PLACE,,,,sealed,0.1331333821288075,1442,@EAA}ynhmIppw}fAlUdHtIzBlt@pO,,,,,,,24,#1464a5cc,#1464a5cc,,,,,,,"<div><strong>SOVEREIGN PLACE</strong><br><span>Surface: sealed</span><br><span>Length: 0.13 km</span><br><span>Length rank: 1,442</span></div>"
road_7742390,path,Road centreline,hamilton_road_path,Road centreline,,,,sealed,0.132919515620386,1443,@EAAwxojmIrd}`gAVzEv@jNxDhs@,,,,,,,24,#1464a5cc,#1464a5cc,,,,,,,"<div><strong>Road 7742390</strong><br><span>Surface: sealed</span><br><span>Length: 0.13 km</span><br><span>Length rank: 1,443</span></div>"
road_3314731,path,Road centreline,hamilton_road_path,MARGRAIN CLOSE,,,,sealed,0.1329145293567288,1444,@EAAeoiimIv}u~fAuCPsKdAeNdAgYrBmT|AmKdA,,,,,,,24,#1464a5cc,#1464a5cc,,,,,,,"<div><strong>MARGRAIN CLOSE</strong><br><span>Surface: sealed</span><br><span>Length: 0.13 km</span><br><span>Length rank: 1,444</span></div>"
road_3314347,path,Road centreline,hamilton_road_path,NORTHPARK DRIVE,,,,sealed,0.1328110188901802,1445,@EAAujwfmIfpb_gAqOfH}\jPuIlDgO|EeD|@,,,,,,,24,#1464a5cc,#1464a5cc,,,,,,,"<div><strong>NORTHPARK DRIVE</strong><br><span>Surface: sealed</span><br><span>Length: 0.13 km</span><br><span>Length rank: 1,445</span></div>"
road_3314085,path,Road centreline,hamilton_road_path,HALL LANE,,,,sealed,0.1325427137622165,1446,@EAAamihmIfvfagAsOmhA,,,,,,,24,#1464a5cc,#1464a5cc,,,,,,,"<div><strong>HALL LANE</strong><br><span>Surface: sealed</span><br><span>Length: 0.13 km</span><br><span>Length rank: 1,446</span></div>"
road_3314070,path,Road centreline,hamilton_road_path,UPPER KENT STREET,,,,sealed,0.1325203737432252,1447,@EAAqbqhmIraragArbAyr@,,,,,,,24,#1464a5cc,#1464a5cc,,,,,,,"<div><strong>UPPER KENT STREET</strong><br><span>Surface: sealed</span><br><span>Length: 0.13 km</span><br><span>Length rank: 1,447</span></div>"
road_3314151,path,Road centreline,hamilton_road_path,STEWART PLACE,,,,sealed,0.132446494343127,1448,@EAAutoimI~n{bgAtDvAtEd@loAy@,,,,,,,24,#1464a5cc,#1464a5cc,,,,,,,"<div><strong>STEWART PLACE</strong><br><span>Surface: sealed</span><br><span>Length: 0.13 km</span><br><span>Length rank: 1,448</span></div>"
road_3314493,path,Road centreline,hamilton_road_path,MAIDSTONE PLACE,,,,sealed,0.1323154284859579,1449,@EAAsylhmI`ky}fAcElIoChB_BTqFGaKwAip@}D,,,,,,,24,#1464a5cc,#1464a5cc,,,,,,,"<div><strong>MAIDSTONE PLACE</strong><br><span>Surface: sealed</span><br><span>Length: 0.13 km</span><br><span>Length rank: 1,449</span></div>"
road_3283326,path,Road centreline,hamilton_road_path,WHISTLER CLOSE,,,,sealed,0.132207240415339,1450,@EAAeynhmIxkq}fAsBoBqGmHiIoLy@}BwAcFoEk],,,,,,,24,#1464a5cc,#1464a5cc,,,,,,,"<div><strong>WHISTLER CLOSE</strong><br><span>Surface: sealed</span><br><span>Length: 0.13 km</span><br><span>Length rank: 1,450</span></div>"
road_3314421,path,Road centreline,hamilton_road_path,TRENT LANE,,,,sealed,0.1320433790619203,1451,@EAA}}xfmIfos}fAqB`@eBt@aCdDgCbGaBbDgAxBqDtGyGjKuEhFiCvB{CvB,,,,,,,24,#1464a5cc,#1464a5cc,,,,,,,"<div><strong>TRENT LANE</strong><br><span>Surface: sealed</span><br><span>Length: 0.13 km</span><br><span>Length rank: 1,451</span></div>"
road_7742412,path,Road centreline,hamilton_road_path,ALKER ROAD,,,,sealed,0.1317178518850534,1452,@EAAuwdjmI|p`_gAl@Sp@e@h@m@\q@~Ja^jLo`@,,,,,,,24,#1464a5cc,#1464a5cc,,,,,,,"<div><strong>ALKER ROAD</strong><br><span>Surface: sealed</span><br><span>Length: 0.13 km</span><br><span>Length rank: 1,452</span></div>"
road_3314294,path,Road centreline,hamilton_road_path,TRALEE PLACE,,,,sealed,0.131494871276002,1453,@EAA{qhkmItqaagA`BvBh@zBH~HShBaBlDsB|B_ChAsh@rP,,,,,,,24,#1464a5cc,#1464a5cc,,,,,,,"<div><strong>TRALEE PLACE</strong><br><span>Surface: sealed</span><br><span>Length: 0.13 km</span><br><span>Length rank: 1,453</span></div>"
road_3313960,path,Road centreline,hamilton_road_path,GUERNSEY PLACE,,,,sealed,0.1314343534765209,1454,@EAAec~emIfafagAcMxN}CpEoBnEk@|D}Bt`@,,,,,,,24,#1464a5cc,#1464a5cc,,,,,,,"<div><strong>GUERNSEY PLACE</strong><br><span>Surface: sealed</span><br><span>Length: 0.13 km</span><br><span>Length rank: 1,454</span></div>"
road_3314265,path,Road centreline,hamilton_road_path,NOBLEMAN PLACE,,,,sealed,0.1313324563291696,1455,@EAAsuekmIdd~`gAnApFRbG^jYW`G[pBuEbR,,,,,,,24,#1464a5cc,#1464a5cc,,,,,,,"<div><strong>NOBLEMAN PLACE</strong><br><span>Surface: sealed</span><br><span>Length: 0.13 km</span><br><span>Length rank: 1,455</span></div>"
road_3314438,path,Road centreline,hamilton_road_path,FARRINGDON AVENUE,,,,sealed,0.1312020316442367,1456,@EAAgnzgmIhfu}fAcBYetAiU,,,,,,,24,#1464a5cc,#1464a5cc,,,,,,,"<div><strong>FARRINGDON AVENUE</strong><br><span>Surface: sealed</span><br><span>Length: 0.13 km</span><br><span>Length rank: 1,456</span></div>"
road_3314600,path,Road centreline,hamilton_road_path,HOCKIN PLACE,,,,sealed,0.1311851154287518,1457,@EAAimsimIrs``gAkxAoS,,,,,,,24,#1464a5cc,#1464a5cc,,,,,,,"<div><strong>HOCKIN PLACE</strong><br><span>Surface: sealed</span><br><span>Length: 0.13 km</span><br><span>Length rank: 1,457</span></div>"
road_3314425,path,Road centreline,hamilton_road_path,WILLOWFIELD PLACE,,,,sealed,0.1309668376232668,1458,@EAAgamgmI|sq~fArEzJtAbDd@dCbCn]FfS,,,,,,,24,#1464a5cc,#1464a5cc,,,,,,,"<div><strong>WILLOWFIELD PLACE</strong><br><span>Surface: sealed</span><br><span>Length: 0.13 km</span><br><span>Length rank: 1,458</span></div>"
road_3314733,path,Road centreline,hamilton_road_path,CONNOR COURT,,,,sealed,0.1308762572661558,1459,@EAAwrsimIdvw~fAoKCoKFeG`@_G`AmFbBcDdBwBfBsCtC{CvE{AdD}AhC,,,,,,,24,#1464a5cc,#1464a5cc,,,,,,,"<div><strong>CONNOR COURT</strong><br><span>Surface: sealed</span><br><span>Length: 0.13 km</span><br><span>Length rank: 1,459</span></div>"
road_3314516,path,Road centreline,hamilton_road_path,RAUPO PLACE,,,,sealed,0.1304238274244337,1460,@EAAq}lhmIhdh}fAoU|DiF\kI^_HX_It@wGfA_FfAkLdD,,,,,,,24,#1464a5cc,#1464a5cc,,,,,,,"<div><strong>RAUPO PLACE</strong><br><span>Surface: sealed</span><br><span>Length: 0.13 km</span><br><span>Length rank: 1,460</span></div>"
road_3314429,path,Road centreline,hamilton_road_path,CHERIE CLOSE,,,,sealed,0.1303358168917034,1461,@EAAy|mhmI`hn~fAqDxMkHvRiLjSU`Ft@tE,,,,,,,24,#1464a5cc,#1464a5cc,,,,,,,"<div><strong>CHERIE CLOSE</strong><br><span>Surface: sealed</span><br><span>Length: 0.13 km</span><br><span>Length rank: 1,461</span></div>"
road_3314503,path,Road centreline,hamilton_road_path,VIKING LANE,,,,sealed,0.1302700854104073,1462,@EAAm|igmIfpj}fA}F`FyGjC_IbBsNRcJ?eCLgAP_C|@}CvAcCjAmFnD,,,,,,,24,#1464a5cc,#1464a5cc,,,,,,,"<div><strong>VIKING LANE</strong><br><span>Surface: sealed</span><br><span>Length: 0.13 km</span><br><span>Length rank: 1,462</span></div>"
road_3314139,path,Road centreline,hamilton_road_path,DAWN RISE,,,,sealed,0.1301712037139345,1463,@EAAwf|imIbkucgAuHzMg@xCEvCvO~]zChDnEdC,,,,,,,24,#1464a5cc,#1464a5cc,,,,,,,"<div><strong>DAWN RISE</strong><br><span>Surface: sealed</span><br><span>Length: 0.13 km</span><br><span>Length rank: 1,463</span></div>"
road_3283059,path,Road centreline,hamilton_road_path,Road centreline,,,,sealed,0.1300750814553601,1464,@EAAcelgmIrngagAeNaCsF]yDMgGX_IdAu]|EuJpA,,,,,,,24,#1464a5cc,#1464a5cc,,,,,,,"<div><strong>Road 3283059</strong><br><span>Surface: sealed</span><br><span>Length: 0.13 km</span><br><span>Length rank: 1,464</span></div>"
road_3314509,path,Road centreline,hamilton_road_path,WATFORD PLACE,,,,sealed,0.1300523748001356,1465,@EAAu}zgmIxdp}fAiB_HyCiF_GcGuFuDgDcB}JyC{Gw@cIMgFX,,,,,,,24,#1464a5cc,#1464a5cc,,,,,,,"<div><strong>WATFORD PLACE</strong><br><span>Surface: sealed</span><br><span>Length: 0.13 km</span><br><span>Length rank: 1,465</span></div>"
road_3314505,path,Road centreline,hamilton_road_path,KILLEGRAY CLOSE,,,,sealed,0.1296649714646441,1466,@EAAahpgmIhuo}fAtBdHbClDrCbCdHzCjPhF`[nN,,,,,,,24,#1464a5cc,#1464a5cc,,,,,,,"<div><strong>KILLEGRAY CLOSE</strong><br><span>Surface: sealed</span><br><span>Length: 0.13 km</span><br><span>Length rank: 1,466</span></div>"
road_3314621,path,Road centreline,hamilton_road_path,COLDWELL PLACE,,,,sealed,0.1295014830885869,1467,@EAAsebimI~v{_gA{fAiO_EW_JD,,,,,,,24,#1464a5cc,#1464a5cc,,,,,,,"<div><strong>COLDWELL PLACE</strong><br><span>Surface: sealed</span><br><span>Length: 0.13 km</span><br><span>Length rank: 1,467</span></div>"
road_3314571,path,Road centreline,hamilton_road_path,RESOLUTION DRIVE,,,,sealed,0.1294805747385379,1468,@EAAwv~gmIno~}fAwA_@mAo@_Ay@m@eA[iAGmAJkAL]Ts@n@y@`Aw@pAk@xA]~AM`B?~APvA`@lAn@~@x@l@bAZjAFjAKlAa@hAq@`AcAv@oAj@yA\_BLaBA_BQ,,,,,,,24,#1464a5cc,#1464a5cc,,,,,,,"<div><strong>RESOLUTION DRIVE</strong><br><span>Surface: sealed</span><br><span>Length: 0.13 km</span><br><span>Length rank: 1,468</span></div>"
road_3314259,path,Road centreline,hamilton_road_path,VECTIS ROAD,,,,sealed,0.1293482172890649,1469,@EAAqfhkmI`h`bgAcDtr@v@|CjA`BpBbB|GxB,,,,,,,24,#1464a5cc,#1464a5cc,,,,,,,"<div><strong>VECTIS ROAD</strong><br><span>Surface: sealed</span><br><span>Length: 0.13 km</span><br><span>Length rank: 1,469</span></div>"
road_7742817,path,Road centreline,hamilton_road_path,RIVERCOVE LANE,,,,sealed,0.1292743333930264,1470,@EAAeiagmIlxc~fAyDhB{BfAgDjCsIdJeIbJk@~@UbAJ`Bl@|A|DrDtIrF,,,,,,,24,#1464a5cc,#1464a5cc,,,,,,,"<div><strong>RIVERCOVE LANE</strong><br><span>Surface: sealed</span><br><span>Length: 0.13 km</span><br><span>Length rank: 1,470</span></div>"
road_3314495,path,Road centreline,hamilton_road_path,CARISBROOK PLACE,,,,sealed,0.1291362800947239,1471,@EAAkkjhmItgx}fAmq@wOgE_AkCgAo@cBHmCvDcJ,,,,,,,24,#1464a5cc,#1464a5cc,,,,,,,"<div><strong>CARISBROOK PLACE</strong><br><span>Surface: sealed</span><br><span>Length: 0.13 km</span><br><span>Length rank: 1,471</span></div>"
road_3283295,path,Road centreline,hamilton_road_path,BIRCHAM RISE,,,,sealed,0.1288048480566202,1472,@EAA}~jhmI~kj~fA|m@zQrMfCjL`AnHB,,,,,,,24,#1464a5cc,#1464a5cc,,,,,,,"<div><strong>BIRCHAM RISE</strong><br><span>Surface: sealed</span><br><span>Length: 0.13 km</span><br><span>Length rank: 1,472</span></div>"
road_8329775,path,Road centreline,hamilton_road_path,TIRO PLACE,,,,sealed,0.1288047766972333,1473,@EAAemjhmIbuz|fA}Sm_@qPg`@,,,,,,,24,#1464a5cc,#1464a5cc,,,,,,,"<div><strong>TIRO PLACE</strong><br><span>Surface: sealed</span><br><span>Length: 0.13 km</span><br><span>Length rank: 1,473</span></div>"
road_6082273,path,Road centreline,hamilton_road_path,HATFIELD WAY,,,,sealed,0.1285619564496357,1474,@EAAmvjimIfcq}fAdx@qJfRyB~CsAhCsB,,,,,,,24,#1464a5cc,#1464a5cc,,,,,,,"<div><strong>HATFIELD WAY</strong><br><span>Surface: sealed</span><br><span>Length: 0.13 km</span><br><span>Length rank: 1,474</span></div>"
road_3314048,path,Road centreline,hamilton_road_path,BRADLEY PLACE,,,,sealed,0.1284696916366918,1475,@EAAyrofmIzccagAyUrWuHfEwNn@kK_BoImB,,,,,,,24,#1464a5cc,#1464a5cc,,,,,,,"<div><strong>BRADLEY PLACE</strong><br><span>Surface: sealed</span><br><span>Length: 0.13 km</span><br><span>Length rank: 1,475</span></div>"
road_7742830,path,Road centreline,hamilton_road_path,DULVERTON RISE,,,,sealed,0.1284678698608944,1476,@EAAy}agmI|eb~fAgZaZaBy@{Aa@iCK{AHyEnA{CnAyDnBsHnE,,,,,,,24,#1464a5cc,#1464a5cc,,,,,,,"<div><strong>DULVERTON RISE</strong><br><span>Surface: sealed</span><br><span>Length: 0.13 km</span><br><span>Length rank: 1,476</span></div>"
road_8329731,path,Road centreline,hamilton_road_path,KIBBLEWHITE ROAD,,,,sealed,0.1283112805339873,1477,@EAA{`mjmIncj_gAuj@sJej@yH,,,,,,,24,#1464a5cc,#1464a5cc,,,,,,,"<div><strong>KIBBLEWHITE ROAD</strong><br><span>Surface: sealed</span><br><span>Length: 0.13 km</span><br><span>Length rank: 1,477</span></div>"
road_3313971,path,Road centreline,hamilton_road_path,PARKVIEW AVENUE,,,,sealed,0.1282751553136308,1478,@EAAudffmIpyoagA}IbIiAd@yENuGo@gIeA{Lq@oHHyDdAqB~AeA|AoA~B,,,,,,,24,#1464a5cc,#1464a5cc,,,,,,,"<div><strong>PARKVIEW AVENUE</strong><br><span>Surface: sealed</span><br><span>Length: 0.13 km</span><br><span>Length rank: 1,478</span></div>"
road_8329745,path,Road centreline,hamilton_road_path,HADDONSTONE AVENUE,,,,sealed,0.1281226788172198,1479,@EAAeayhmIjhl}fAjaAfp@,,,,,,,24,#1464a5cc,#1464a5cc,,,,,,,"<div><strong>HADDONSTONE AVENUE</strong><br><span>Surface: sealed</span><br><span>Length: 0.13 km</span><br><span>Length rank: 1,479</span></div>"
road_3313974,path,Road centreline,hamilton_road_path,POINTON GLADE,,,,sealed,0.1279666776907675,1480,@EAAs|{emIzw`agAmByBwL_MyBmBaFkD}EgC_EsBs@u@O_AdEqR,,,,,,,24,#1464a5cc,#1464a5cc,,,,,,,"<div><strong>POINTON GLADE</strong><br><span>Surface: sealed</span><br><span>Length: 0.13 km</span><br><span>Length rank: 1,480</span></div>"
road_3314135,path,Road centreline,hamilton_road_path,MATTHEWS CRESCENT,,,,sealed,0.1277128476278502,1481,@EAAopzhmInq_cgA{b@aFqDUcCLmCn@uVrW,,,,,,,24,#1464a5cc,#1464a5cc,,,,,,,"<div><strong>MATTHEWS CRESCENT</strong><br><span>Surface: sealed</span><br><span>Length: 0.13 km</span><br><span>Length rank: 1,481</span></div>"
road_3314055,path,Road centreline,hamilton_road_path,RACHEL PLACE,,,,sealed,0.1276640829250729,1482,@EAAiyqgmIvadbgA~ErOhOl_@|BbEdDhErCjB,,,,,,,24,#1464a5cc,#1464a5cc,,,,,,,"<div><strong>RACHEL PLACE</strong><br><span>Surface: sealed</span><br><span>Length: 0.13 km</span><br><span>Length rank: 1,482</span></div>"
road_3314365,path,Road centreline,hamilton_road_path,BOWEN PLACE,,,,sealed,0.1275929261580316,1483,@EAAycvgmItxr_gAuDbJc@|Bj@zB~l@vc@,,,,,,,24,#1464a5cc,#1464a5cc,,,,,,,"<div><strong>BOWEN PLACE</strong><br><span>Surface: sealed</span><br><span>Length: 0.13 km</span><br><span>Length rank: 1,483</span></div>"
road_3283337,path,Road centreline,hamilton_road_path,CORNICE PLACE,,,,sealed,0.1275163574768273,1484,@EAAyj~fmI`o_~fAMqIm@kCsAgC_FkHoPsMeNaP,,,,,,,24,#1464a5cc,#1464a5cc,,,,,,,"<div><strong>CORNICE PLACE</strong><br><span>Surface: sealed</span><br><span>Length: 0.13 km</span><br><span>Length rank: 1,484</span></div>"
road_3314292,path,Road centreline,hamilton_road_path,CUMBRIA WAY,,,,sealed,0.1274631007260737,1485,@EAAu{~jmI~q_agAArKEjGKvHXfBz@hAlCvA|b@xI,,,,,,,24,#1464a5cc,#1464a5cc,,,,,,,"<div><strong>CUMBRIA WAY</strong><br><span>Surface: sealed</span><br><span>Length: 0.13 km</span><br><span>Length rank: 1,485</span></div>"
road_3314227,path,Road centreline,hamilton_road_path,BRYCE LANE,,,,sealed,0.127198295477482,1486,@EAAkxgimItncagAyQdRwWzZmHzI,,,,,,,24,#1464a5cc,#1464a5cc,,,,,,,"<div><strong>BRYCE LANE</strong><br><span>Surface: sealed</span><br><span>Length: 0.13 km</span><br><span>Length rank: 1,486</span></div>"
road_3314483,path,Road centreline,hamilton_road_path,TRINIDAD PLACE,,,,sealed,0.1269565086343909,1487,@EAAa`hgmIjgt}fAaMmKkBc@_C\aLbFgCb@sBQkPwD_D}A}AaBmBaD,,,,,,,24,#1464a5cc,#1464a5cc,,,,,,,"<div><strong>TRINIDAD PLACE</strong><br><span>Surface: sealed</span><br><span>Length: 0.13 km</span><br><span>Length rank: 1,487</span></div>"
road_3314266,path,Road centreline,hamilton_road_path,HENRY STREET,,,,sealed,0.1266058432021965,1488,@EAAsn{jmIr}xagAvEr@jnAtQ,,,,,,,24,#1464a5cc,#1464a5cc,,,,,,,"<div><strong>HENRY STREET</strong><br><span>Surface: sealed</span><br><span>Length: 0.13 km</span><br><span>Length rank: 1,488</span></div>"
road_3314727,path,Road centreline,hamilton_road_path,NORTHMEADOW DRIVE,,,,sealed,0.1263281610501189,1489,@EAAwxuhmItc}}fA_CtBo@zA{CfQs@bFn@tAxAd@|MnBxJp@vJdB,,,,,,,24,#1464a5cc,#1464a5cc,,,,,,,"<div><strong>NORTHMEADOW DRIVE</strong><br><span>Surface: sealed</span><br><span>Length: 0.13 km</span><br><span>Length rank: 1,489</span></div>"
road_3314229,path,Road centreline,hamilton_road_path,PALMER STREET,,,,sealed,0.1263174035111157,1490,@EAAkiyimIlv~`gAaf@~~@,,,,,,,24,#1464a5cc,#1464a5cc,,,,,,,"<div><strong>PALMER STREET</strong><br><span>Surface: sealed</span><br><span>Length: 0.13 km</span><br><span>Length rank: 1,490</span></div>"
road_3314275,path,Road centreline,hamilton_road_path,TARBETT ROAD,,,,sealed,0.1262364449544534,1491,@EAAaeikmIr|~agA{RidA,,,,,,,24,#1464a5cc,#1464a5cc,,,,,,,"<div><strong>TARBETT ROAD</strong><br><span>Surface: sealed</span><br><span>Length: 0.13 km</span><br><span>Length rank: 1,491</span></div>"
road_3314185,path,Road centreline,hamilton_road_path,LYSANDER PLACE,,,,sealed,0.1260429856063443,1492,@EAAc_flmIzckbgAnn@nI~BV~Bh@pBp@|B`ArCdAhDt@pBXxBHdCM,,,,,,,24,#1464a5cc,#1464a5cc,,,,,,,"<div><strong>LYSANDER PLACE</strong><br><span>Surface: sealed</span><br><span>Length: 0.13 km</span><br><span>Length rank: 1,492</span></div>"
road_3314695,path,Road centreline,hamilton_road_path,ARLINGTON COURT,,,,sealed,0.1259214326452215,1493,@EAAy|uhmIvas}fAyNlDsMdCc\vIyHhCmHfF,,,,,,,24,#1464a5cc,#1464a5cc,,,,,,,"<div><strong>ARLINGTON COURT</strong><br><span>Surface: sealed</span><br><span>Length: 0.13 km</span><br><span>Length rank: 1,493</span></div>"
road_3314230,path,Road centreline,hamilton_road_path,NEW STREET,,,,sealed,0.1258723483093573,1494,@EAAezzimIrb~`gAo^nr@kGzJ,,,,,,,24,#1464a5cc,#1464a5cc,,,,,,,"<div><strong>NEW STREET</strong><br><span>Surface: sealed</span><br><span>Length: 0.13 km</span><br><span>Length rank: 1,494</span></div>"
road_3314214,path,Road centreline,hamilton_road_path,PEMBROKE LANE,,,,sealed,0.1258485566876512,1495,@EAA{|gimIf|tagAiArEaArMVxMR`KBnAV`JGhAUt@m@r@cBd@,,,,,,,24,#1464a5cc,#1464a5cc,,,,,,,"<div><strong>PEMBROKE LANE</strong><br><span>Surface: sealed</span><br><span>Length: 0.13 km</span><br><span>Length rank: 1,495</span></div>"
road_3314631,path,Road centreline,hamilton_road_path,ELMIRA AVENUE,,,,sealed,0.1257205109850438,1496,@EAA}|pimItgr_gA`u@rj@zGnE,,,,,,,24,#1464a5cc,#1464a5cc,,,,,,,"<div><strong>ELMIRA AVENUE</strong><br><span>Surface: sealed</span><br><span>Length: 0.13 km</span><br><span>Length rank: 1,496</span></div>"
road_3314038,path,Road centreline,hamilton_road_path,EDITH PLACE,,,,sealed,0.1257020286449696,1497,@EAAgatfmIpkcbgAyr@xEaDt@oAdAqBrT,,,,,,,24,#1464a5cc,#1464a5cc,,,,,,,"<div><strong>EDITH PLACE</strong><br><span>Surface: sealed</span><br><span>Length: 0.13 km</span><br><span>Length rank: 1,497</span></div>"
road_3314358,path,Road centreline,hamilton_road_path,MENZIES STREET,,,,sealed,0.125635181743407,1498,@EAAyh`hmIfbf`gAcA}CoAwAmB}Acw@id@,,,,,,,24,#1464a5cc,#1464a5cc,,,,,,,"<div><strong>MENZIES STREET</strong><br><span>Surface: sealed</span><br><span>Length: 0.13 km</span><br><span>Length rank: 1,498</span></div>"
road_8329716,path,Road centreline,hamilton_road_path,MISTRY PLACE,,,,sealed,0.1254640360859809,1499,@EAAyt_hmId}p~fA?MEom@jGwU,,,,,,,24,#1464a5cc,#1464a5cc,,,,,,,"<div><strong>MISTRY PLACE</strong><br><span>Surface: sealed</span><br><span>Length: 0.13 km</span><br><span>Length rank: 1,499</span></div>"
road_3314340,path,Road centreline,hamilton_road_path,MANGAKOEA PLACE,,,,sealed,0.1254485765481551,1500,@EAAsotgmItee_gA`IdCrIhA|I^jFg@hF_AdFyCvPaS,,,,,,,24,#1464a5cc,#1464a5cc,,,,,,,"<div><strong>MANGAKOEA PLACE</strong><br><span>Surface: sealed</span><br><span>Length: 0.13 km</span><br><span>Length rank: 1,500</span></div>"
road_3313982,path,Road centreline,hamilton_road_path,SILHOUETTE WAY,,,,sealed,0.125434903247038,1501,@EAAaoffmIxuhagAcExHcBrCsAbDwCpIyAxEwHrNyDfK,,,,,,,24,#1464a5cc,#1464a5cc,,,,,,,"<div><strong>SILHOUETTE WAY</strong><br><span>Surface: sealed</span><br><span>Length: 0.13 km</span><br><span>Length rank: 1,501</span></div>"
road_7742795,path,Road centreline,hamilton_road_path,BRANCA CLOSE,,,,metalled,0.1253341256396234,1502,@EAAcyujmIjmncgAeH`F}B~A{CtBkRvMqUnP_C~A,,,,,,,24,#bb7f22cc,#bb7f22cc,,,,,,,"<div><strong>BRANCA CLOSE</strong><br><span>Surface: metalled</span><br><span>Length: 0.13 km</span><br><span>Length rank: 1,502</span></div>"
road_3314765,path,Road centreline,hamilton_road_path,WAIRERE DRIVE,,,,sealed,0.1253307306347606,1503,@EAAkj|hmI`qv~fAsA_@kAm@}@y@m@aAYgAGiAJkA^eAp@_A~@w@lAi@vA]zAM~A@v@JJ@lBb@hAl@|@x@l@`AZfADhAKjA]dAq@~@aAv@mAh@wAZ{AL_BA{AO,,,,,,,24,#1464a5cc,#1464a5cc,,,,,,,"<div><strong>WAIRERE DRIVE</strong><br><span>Surface: sealed</span><br><span>Length: 0.13 km</span><br><span>Length rank: 1,503</span></div>"
road_3314321,path,Road centreline,hamilton_road_path,BEATRICE PLACE,,,,sealed,0.1252329408905957,1504,@EAAooofmIt|p`gAlC~@~HfB|Dd@`GZlHO|FsAdGyB~TmP,,,,,,,24,#1464a5cc,#1464a5cc,,,,,,,"<div><strong>BEATRICE PLACE</strong><br><span>Surface: sealed</span><br><span>Length: 0.13 km</span><br><span>Length rank: 1,504</span></div>"
road_3314716,path,Road centreline,hamilton_road_path,SAN CLEMENTO WAY,,,,sealed,0.1247125978927302,1505,@EAA_`{hmInwm~fA_Gg@_Gk@}Ca@}C]mAc@yAaA{AsBu@kCCoAA_Ab@cBdAgEr@qCbBmChAaC~@iE,,,,,,,24,#1464a5cc,#1464a5cc,,,,,,,"<div><strong>SAN CLEMENTO WAY</strong><br><span>Surface: sealed</span><br><span>Length: 0.12 km</span><br><span>Length rank: 1,505</span></div>"
road_8115829,path,Road centreline,hamilton_road_path,Road centreline,,,,sealed,0.124541297525755,1506,@EAAgdllmIrwy`gAmj@oZqXiO,,,,,,,24,#1464a5cc,#1464a5cc,,,,,,,"<div><strong>Road 8115829</strong><br><span>Surface: sealed</span><br><span>Length: 0.12 km</span><br><span>Length rank: 1,506</span></div>"
road_3314320,path,Road centreline,hamilton_road_path,ARUNDEL PLACE,,,,sealed,0.1244774258403254,1507,@EAAq~~emIbsp`gA{i@yRiCQ_E`@{Ct@cMfM,,,,,,,24,#1464a5cc,#1464a5cc,,,,,,,"<div><strong>ARUNDEL PLACE</strong><br><span>Surface: sealed</span><br><span>Length: 0.12 km</span><br><span>Length rank: 1,507</span></div>"
road_3314208,path,Road centreline,hamilton_road_path,GILBASS AVENUE,,,,sealed,0.1244549593819766,1508,@EAAcxuhmIf|ebgApAzApB`DBBpDfDlEzD|e@~`@,,,,,,,24,#1464a5cc,#1464a5cc,,,,,,,"<div><strong>GILBASS AVENUE</strong><br><span>Surface: sealed</span><br><span>Length: 0.12 km</span><br><span>Length rank: 1,508</span></div>"
road_3313837,path,Road centreline,hamilton_road_path,WOOD ROAD,,,,sealed,0.124351700627283,1509,@EAAmtaemItjbdgAJmMv@qv@,,,,,,,24,#1464a5cc,#1464a5cc,,,,,,,"<div><strong>WOOD ROAD</strong><br><span>Surface: sealed</span><br><span>Length: 0.12 km</span><br><span>Length rank: 1,509</span></div>"
road_3314184,path,Road centreline,hamilton_road_path,BALFOUR CRESCENT,,,,sealed,0.1243478228168903,1510,@EAAql~kmIhhqbgA~RdcA,,,,,,,24,#1464a5cc,#1464a5cc,,,,,,,"<div><strong>BALFOUR CRESCENT</strong><br><span>Surface: sealed</span><br><span>Length: 0.12 km</span><br><span>Length rank: 1,510</span></div>"
road_3313986,path,Road centreline,hamilton_road_path,GLENBURN PLACE,,,,sealed,0.1239738991353086,1511,@EAAosdfmIjw{`gAyIdBuCl@}CjAeCvAqCdBqBlBeBnCqAzBmAdGwAvLgAjE,,,,,,,24,#1464a5cc,#1464a5cc,,,,,,,"<div><strong>GLENBURN PLACE</strong><br><span>Surface: sealed</span><br><span>Length: 0.12 km</span><br><span>Length rank: 1,511</span></div>"
road_3314760,path,Road centreline,hamilton_road_path,SWAN LANE,,,,sealed,0.1233929014237666,1512,@EAAip}hmIrtp}fAiMeO}AcC_MuQyE}IcDeI,,,,,,,24,#1464a5cc,#1464a5cc,,,,,,,"<div><strong>SWAN LANE</strong><br><span>Surface: sealed</span><br><span>Length: 0.12 km</span><br><span>Length rank: 1,512</span></div>"
road_3314366,path,Road centreline,hamilton_road_path,DANIEL PLACE,,,,sealed,0.1231722883954794,1513,@EAA{mcgmItok_gAibAek@,,,,,,,24,#1464a5cc,#1464a5cc,,,,,,,"<div><strong>DANIEL PLACE</strong><br><span>Surface: sealed</span><br><span>Length: 0.12 km</span><br><span>Length rank: 1,513</span></div>"
road_3314700,path,Road centreline,hamilton_road_path,CASTLEWOLD PLACE,,,,sealed,0.1231498306927134,1514,@EAA_bfimIlkn~fAgB_Dk@iA[mCgAgJWgGIeD[qE{@qD}EuQ,,,,,,,24,#1464a5cc,#1464a5cc,,,,,,,"<div><strong>CASTLEWOLD PLACE</strong><br><span>Surface: sealed</span><br><span>Length: 0.12 km</span><br><span>Length rank: 1,514</span></div>"
road_7742789,path,Road centreline,hamilton_road_path,PISO LANE,,,,sealed,0.1230948815610234,1515,@EAAcurgmI|ifbgAfKkDfAi@b@u@Hw@_AuBkMaZm@aAaAOeB?sAN_KnB,,,,,,,24,#1464a5cc,#1464a5cc,,,,,,,"<div><strong>PISO LANE</strong><br><span>Surface: sealed</span><br><span>Length: 0.12 km</span><br><span>Length rank: 1,515</span></div>"
road_3314362,path,Road centreline,hamilton_road_path,HOME STRAIGHT,,,,sealed,0.1228210866947247,1516,@EAAqengmI|bz_gAuFaDoFgCeJsEmHmE_]wU,,,,,,,24,#1464a5cc,#1464a5cc,,,,,,,"<div><strong>HOME STRAIGHT</strong><br><span>Surface: sealed</span><br><span>Length: 0.12 km</span><br><span>Length rank: 1,516</span></div>"
road_3314153,path,Road centreline,hamilton_road_path,RICHARDSON ROAD,,,,sealed,0.1227511035686645,1517,@EAAykuimIvxybgAhv@jt@,,,,,,,24,#1464a5cc,#1464a5cc,,,,,,,"<div><strong>RICHARDSON ROAD</strong><br><span>Surface: sealed</span><br><span>Length: 0.12 km</span><br><span>Length rank: 1,517</span></div>"
road_3314371,path,Road centreline,hamilton_road_path,KELLY PLACE,,,,sealed,0.1227321729721244,1518,@EAAqvkhmIluw_gAdLfAno@`G`D_@tBoApB_B|BeE,,,,,,,24,#1464a5cc,#1464a5cc,,,,,,,"<div><strong>KELLY PLACE</strong><br><span>Surface: sealed</span><br><span>Length: 0.12 km</span><br><span>Length rank: 1,518</span></div>"
road_3314154,path,Road centreline,hamilton_road_path,ANSFORD PLACE,,,,sealed,0.1225881595913013,1519,@EAA{k{imI`cxbgAo_@bW}AxAs@`AUfAItAJbFf@zDp@xAl@rAv@hB,,,,,,,24,#1464a5cc,#1464a5cc,,,,,,,"<div><strong>ANSFORD PLACE</strong><br><span>Surface: sealed</span><br><span>Length: 0.12 km</span><br><span>Length rank: 1,519</span></div>"
road_3314075,path,Road centreline,hamilton_road_path,NORTHVIEW LANE,,,,sealed,0.1225167024160286,1520,@EAAomegmItv}`gApArAnTzQvC`BpEtArGzAtI|@|GCtFm@,,,,,,,24,#1464a5cc,#1464a5cc,,,,,,,"<div><strong>NORTHVIEW LANE</strong><br><span>Surface: sealed</span><br><span>Length: 0.12 km</span><br><span>Length rank: 1,520</span></div>"
road_3283335,path,Road centreline,hamilton_road_path,CHARLES HENRY PLACE,,,,sealed,0.1223008136852168,1521,@EAA}ichmI|_q~fAiDwD{SqUgC_DuCuFyHoP,,,,,,,24,#1464a5cc,#1464a5cc,,,,,,,"<div><strong>CHARLES HENRY PLACE</strong><br><span>Surface: sealed</span><br><span>Length: 0.12 km</span><br><span>Length rank: 1,521</span></div>"
road_3314367,path,Road centreline,hamilton_road_path,MAXWELL PLACE,,,,sealed,0.1221894386867779,1522,@EAA_``gmIj}e_gAjDjEhErG`FnFlC~AtBXfIs@zIeCfE_DrF}E,,,,,,,24,#1464a5cc,#1464a5cc,,,,,,,"<div><strong>MAXWELL PLACE</strong><br><span>Surface: sealed</span><br><span>Length: 0.12 km</span><br><span>Length rank: 1,522</span></div>"
road_6064539,path,Road centreline,hamilton_road_path,QUEENS PARK CRESCENT,,,,sealed,0.1221613208114987,1523,@EAA}tlhmIzavagAcg@}{@,,,,,,,24,#1464a5cc,#1464a5cc,,,,,,,"<div><strong>QUEENS PARK CRESCENT</strong><br><span>Surface: sealed</span><br><span>Length: 0.12 km</span><br><span>Length rank: 1,523</span></div>"
road_3314228,path,Road centreline,hamilton_road_path,LITTLE LONDON LANE,,,,sealed,0.1218956465654979,1524,@EAA_reimIdt_agAgErQw@pBaA`B{JlLoQ`T,,,,,,,24,#1464a5cc,#1464a5cc,,,,,,,"<div><strong>LITTLE LONDON LANE</strong><br><span>Surface: sealed</span><br><span>Length: 0.12 km</span><br><span>Length rank: 1,524</span></div>"
road_6082177,path,Road centreline,hamilton_road_path,RENGARENGA CLOSE,,,,sealed,0.12178939678625,1525,@EAAuowemIzp``gAiNiLuHiHgBqDyAcGC}EpAuGnBqF,,,,,,,24,#1464a5cc,#1464a5cc,,,,,,,"<div><strong>RENGARENGA CLOSE</strong><br><span>Surface: sealed</span><br><span>Length: 0.12 km</span><br><span>Length rank: 1,525</span></div>"
road_3314652,path,Road centreline,hamilton_road_path,LOGAN COURT,,,,sealed,0.1216114758136333,1526,@EAAsvzimIj|}~fA{B~C{CxCiCrAoFlCcGfE}Al@qBHkb@wI,,,,,,,24,#1464a5cc,#1464a5cc,,,,,,,"<div><strong>LOGAN COURT</strong><br><span>Surface: sealed</span><br><span>Length: 0.12 km</span><br><span>Length rank: 1,526</span></div>"
road_8329773,path,Road centreline,hamilton_road_path,BOURN HEATH DRIVE,,,,sealed,0.1215157050773678,1527,@EAAmsshmIndg}fAaf@aM{FiACA}`@}D,,,,,,,24,#1464a5cc,#1464a5cc,,,,,,,"<div><strong>BOURN HEATH DRIVE</strong><br><span>Surface: sealed</span><br><span>Length: 0.12 km</span><br><span>Length rank: 1,527</span></div>"
road_3313980,path,Road centreline,hamilton_road_path,HADRIANS WAY,,,,sealed,0.1214695618608541,1528,@EAAsq{emIfkv`gA}BjBqFrAsCJwTTcF`AoClAkShS,,,,,,,24,#1464a5cc,#1464a5cc,,,,,,,"<div><strong>HADRIANS WAY</strong><br><span>Surface: sealed</span><br><span>Length: 0.12 km</span><br><span>Length rank: 1,528</span></div>"
road_3314033,path,Road centreline,hamilton_road_path,OLWYN GREEN,,,,sealed,0.1211679922545623,1529,@EAAm|jgmI|weagA~F~ThJ`NlElCvF|BdO|C,,,,,,,24,#1464a5cc,#1464a5cc,,,,,,,"<div><strong>OLWYN GREEN</strong><br><span>Surface: sealed</span><br><span>Length: 0.12 km</span><br><span>Length rank: 1,529</span></div>"
road_3314260,path,Road centreline,hamilton_road_path,SOMME CRESCENT,,,,sealed,0.1210885447896678,1530,@EAAcabkmIbszagAoqA_R,,,,,,,24,#1464a5cc,#1464a5cc,,,,,,,"<div><strong>SOMME CRESCENT</strong><br><span>Surface: sealed</span><br><span>Length: 0.12 km</span><br><span>Length rank: 1,530</span></div>"
road_3314102,path,Road centreline,hamilton_road_path,ROBYN PLACE,,,,sealed,0.1208460679079875,1531,@EAAmd`gmIlxxagAkIoAqLmEcImFgC_CeBcE_FiPq@wD,,,,,,,24,#1464a5cc,#1464a5cc,,,,,,,"<div><strong>ROBYN PLACE</strong><br><span>Surface: sealed</span><br><span>Length: 0.12 km</span><br><span>Length rank: 1,531</span></div>"
road_3314050,path,Road centreline,hamilton_road_path,LEYTON PLACE,,,,sealed,0.1207990246038772,1532,@EAAkl|fmI|khagAxg@as@t@qE,,,,,,,24,#1464a5cc,#1464a5cc,,,,,,,"<div><strong>LEYTON PLACE</strong><br><span>Surface: sealed</span><br><span>Length: 0.12 km</span><br><span>Length rank: 1,532</span></div>"
road_3314355,path,Road centreline,hamilton_road_path,ROSE STREET,,,,sealed,0.1206243930657487,1533,@EAAuy_hmIfip`gAnr@gu@,,,,,,,24,#1464a5cc,#1464a5cc,,,,,,,"<div><strong>ROSE STREET</strong><br><span>Surface: sealed</span><br><span>Length: 0.12 km</span><br><span>Length rank: 1,533</span></div>"
road_3314060,path,Road centreline,hamilton_road_path,ROTHWELL STREET,,,,sealed,0.1201556817036448,1534,@EAAatdgmIt`vagAwVy{@Uy@{@o@,,,,,,,24,#1464a5cc,#1464a5cc,,,,,,,"<div><strong>ROTHWELL STREET</strong><br><span>Surface: sealed</span><br><span>Length: 0.12 km</span><br><span>Length rank: 1,534</span></div>"
road_3314701,path,Road centreline,hamilton_road_path,THE PENINSULA,,,,sealed,0.1201385993167993,1535,@EAAqpqimIzzq~fAy]kAkNYuKBkD\uH`BoBfAeBvB,,,,,,,24,#1464a5cc,#1464a5cc,,,,,,,"<div><strong>THE PENINSULA</strong><br><span>Surface: sealed</span><br><span>Length: 0.12 km</span><br><span>Length rank: 1,535</span></div>"
road_3314144,path,Road centreline,hamilton_road_path,HOMESTEAD PLACE,,,,sealed,0.1201234768867158,1536,@EAAijdjmItcqcgA_GpWkAnCcBjCiEzCiFlB}HdE_HxC,,,,,,,24,#1464a5cc,#1464a5cc,,,,,,,"<div><strong>HOMESTEAD PLACE</strong><br><span>Surface: sealed</span><br><span>Length: 0.12 km</span><br><span>Length rank: 1,536</span></div>"
road_8115377,path,Road centreline,hamilton_road_path,Road centreline,,,,sealed,0.119937995025767,1537,@EAAy_olmIdzw`gAmBaA{FuA{UeFiX}FoKsBkEkA,,,,,,,24,#1464a5cc,#1464a5cc,,,,,,,"<div><strong>Road 8115377</strong><br><span>Surface: sealed</span><br><span>Length: 0.12 km</span><br><span>Length rank: 1,537</span></div>"
road_3314704,path,Road centreline,hamilton_road_path,WAIMA LANE,,,,sealed,0.1198106772706475,1538,@EAAo_eimIrez}fApAaEv@_FX{CCiEu@sDsAmEoFuJoHgN,,,,,,,24,#1464a5cc,#1464a5cc,,,,,,,"<div><strong>WAIMA LANE</strong><br><span>Surface: sealed</span><br><span>Length: 0.12 km</span><br><span>Length rank: 1,538</span></div>"
road_3314357,path,Road centreline,hamilton_road_path,KOTAHI AVENUE,,,,sealed,0.1196142524978046,1539,@EAAqjohmIjwm`gAdSea@UeC{@_DmCwDeBgCmDgF,,,,,,,24,#1464a5cc,#1464a5cc,,,,,,,"<div><strong>KOTAHI AVENUE</strong><br><span>Surface: sealed</span><br><span>Length: 0.12 km</span><br><span>Length rank: 1,539</span></div>"
road_3314301,path,Road centreline,hamilton_road_path,CHANCERY CLOSE,,,,sealed,0.1194993262530065,1540,@EAA_y{jmIpn~`gAkZi@gEPuCd@{@\uA`AStAc@`UBbF,,,,,,,24,#1464a5cc,#1464a5cc,,,,,,,"<div><strong>CHANCERY CLOSE</strong><br><span>Surface: sealed</span><br><span>Length: 0.12 km</span><br><span>Length rank: 1,540</span></div>"
road_3283120,path,Road centreline,hamilton_road_path,WINGATE STREET,,,,sealed,0.1194128773383002,1541,@EAAwjejmIr~qbgAym@zAkFfAmD`BkDfB_DfEyBxC,,,,,,,24,#1464a5cc,#1464a5cc,,,,,,,"<div><strong>WINGATE STREET</strong><br><span>Surface: sealed</span><br><span>Length: 0.12 km</span><br><span>Length rank: 1,541</span></div>"
road_3314724,path,Road centreline,hamilton_road_path,CALLUM COURT,,,,sealed,0.1193231253559599,1542,@EAA_ixhmIna`~fAKtBQ|EHzCHhCv@vAzBjC~GbDrFjChDhCxAnCx@pCjAnE,,,,,,,24,#1464a5cc,#1464a5cc,,,,,,,"<div><strong>CALLUM COURT</strong><br><span>Surface: sealed</span><br><span>Length: 0.12 km</span><br><span>Length rank: 1,542</span></div>"
road_3314152,path,Road centreline,hamilton_road_path,TAWA STREET,,,,sealed,0.1192834104598023,1543,@EAAskdimIzbtbgAc@lCx@vA~o@vTlCz@tD^~FX,,,,,,,24,#1464a5cc,#1464a5cc,,,,,,,"<div><strong>TAWA STREET</strong><br><span>Surface: sealed</span><br><span>Length: 0.12 km</span><br><span>Length rank: 1,543</span></div>"
road_3314233,path,Road centreline,hamilton_road_path,EMMADALE LANE,,,,sealed,0.1191512243726509,1544,@EAAgaljmIrs~`gAeCoj@WsKGyI,,,,,,,24,#1464a5cc,#1464a5cc,,,,,,,"<div><strong>EMMADALE LANE</strong><br><span>Surface: sealed</span><br><span>Length: 0.12 km</span><br><span>Length rank: 1,544</span></div>"
road_7742820,path,Road centreline,hamilton_road_path,Road centreline,,,,sealed,0.1189472701559892,1545,@EAAqs_hmIb{e~fA~GxO~@tA~@pA\`AJjBRlBbAzAlAn@tLxBjBx@z@dApDjH,,,,,,,24,#1464a5cc,#1464a5cc,,,,,,,"<div><strong>Road 7742820</strong><br><span>Surface: sealed</span><br><span>Length: 0.12 km</span><br><span>Length rank: 1,545</span></div>"
road_3313989,path,Road centreline,hamilton_road_path,ROSEHILL PLACE,,,,sealed,0.1188042634407534,1546,@EAAmoffmIfsx`gAvF[fITpKjBzFvBj`@hU,,,,,,,24,#1464a5cc,#1464a5cc,,,,,,,"<div><strong>ROSEHILL PLACE</strong><br><span>Surface: sealed</span><br><span>Length: 0.12 km</span><br><span>Length rank: 1,546</span></div>"
road_3314685,path,Road centreline,hamilton_road_path,ERIKA PLACE,,,,sealed,0.1186220411581244,1547,@EAAeusjmIfj|_gAonAyT,,,,,,,24,#1464a5cc,#1464a5cc,,,,,,,"<div><strong>ERIKA PLACE</strong><br><span>Surface: sealed</span><br><span>Length: 0.12 km</span><br><span>Length rank: 1,547</span></div>"
road_3314218,path,Road centreline,hamilton_road_path,NEWALL STREET,,,,sealed,0.1184253754215175,1548,@EAAg|ejmI~gdbgAnoAhR,,,,,,,24,#1464a5cc,#1464a5cc,,,,,,,"<div><strong>NEWALL STREET</strong><br><span>Surface: sealed</span><br><span>Length: 0.12 km</span><br><span>Length rank: 1,548</span></div>"
road_3314091,path,Road centreline,hamilton_road_path,HATEA PLACE,,,,sealed,0.1183536685726998,1549,@EAA{vpfmIblcbgA_U~@yCf@oDxAaStSwHjJ,,,,,,,24,#1464a5cc,#1464a5cc,,,,,,,"<div><strong>HATEA PLACE</strong><br><span>Surface: sealed</span><br><span>Length: 0.12 km</span><br><span>Length rank: 1,549</span></div>"
road_7742878,path,Road centreline,hamilton_road_path,ARAHI PLACE,,,,sealed,0.1179791981461526,1550,@EAAqcghmIt|x|fAkG_KcZco@,,,,,,,24,#1464a5cc,#1464a5cc,,,,,,,"<div><strong>ARAHI PLACE</strong><br><span>Surface: sealed</span><br><span>Length: 0.12 km</span><br><span>Length rank: 1,550</span></div>"
road_3314150,path,Road centreline,hamilton_road_path,HEATHER PLACE,,,,sealed,0.1179237331796868,1551,@EAAkohimIpp{bgAtIoJlKuMhT}\,,,,,,,24,#1464a5cc,#1464a5cc,,,,,,,"<div><strong>HEATHER PLACE</strong><br><span>Surface: sealed</span><br><span>Length: 0.12 km</span><br><span>Length rank: 1,551</span></div>"
road_3314622,path,Road centreline,hamilton_road_path,ROSEBURG STREET,,,,sealed,0.1177741936921281,1552,@EAAaakimIdh{_gAvJnAlcA`O,,,,,,,24,#1464a5cc,#1464a5cc,,,,,,,"<div><strong>ROSEBURG STREET</strong><br><span>Surface: sealed</span><br><span>Length: 0.12 km</span><br><span>Length rank: 1,552</span></div>"
road_3314363,path,Road centreline,hamilton_road_path,HAMPTON PLACE,,,,sealed,0.1176248494678324,1553,@EAAopugmIn{x_gA_z@xm@,,,,,,,24,#1464a5cc,#1464a5cc,,,,,,,"<div><strong>HAMPTON PLACE</strong><br><span>Surface: sealed</span><br><span>Length: 0.12 km</span><br><span>Length rank: 1,553</span></div>"
road_8329736,path,Road centreline,hamilton_road_path,Road centreline,,,,sealed,0.1172389567254774,1554,@EAAutzhmI~eu~fA~Rw~@@I,,,,,,,24,#1464a5cc,#1464a5cc,,,,,,,"<div><strong>Road 8329736</strong><br><span>Surface: sealed</span><br><span>Length: 0.12 km</span><br><span>Length rank: 1,554</span></div>"
road_3314216,path,Road centreline,hamilton_road_path,COBHAM DRIVE,,,,sealed,0.1170940542708713,1555,@EAAyvoimIxwxagAwKaPgIgGeMkHiQoL,,,,,,,24,#1464a5cc,#1464a5cc,,,,,,,"<div><strong>COBHAM DRIVE</strong><br><span>Surface: sealed</span><br><span>Length: 0.12 km</span><br><span>Length rank: 1,555</span></div>"
road_3314183,path,Road centreline,hamilton_road_path,MILBURN LANE,,,,sealed,0.1170460872675396,1556,@EAAaxrkmIjbebgAuHpLm_@fj@,,,,,,,24,#1464a5cc,#1464a5cc,,,,,,,"<div><strong>MILBURN LANE</strong><br><span>Surface: sealed</span><br><span>Length: 0.12 km</span><br><span>Length rank: 1,556</span></div>"
road_3314470,path,Road centreline,hamilton_road_path,CROWDEN PLACE,,,,sealed,0.1166555122547144,1557,@EAA}{_hmIn{p~fAGdH}AnEoCbE_ExCwd@lR,,,,,,,24,#1464a5cc,#1464a5cc,,,,,,,"<div><strong>CROWDEN PLACE</strong><br><span>Surface: sealed</span><br><span>Length: 0.12 km</span><br><span>Length rank: 1,557</span></div>"
road_3314748,path,Road centreline,hamilton_road_path,ROSEWOOD COURT,,,,sealed,0.1165544197829835,1558,@EAAm}timIpff~fAwC~ByE|G}AjDaAjDa@tCOtCShCm@vCg@|EZdEr@bE,,,,,,,24,#1464a5cc,#1464a5cc,,,,,,,"<div><strong>ROSEWOOD COURT</strong><br><span>Surface: sealed</span><br><span>Length: 0.12 km</span><br><span>Length rank: 1,558</span></div>"
road_3314443,path,Road centreline,hamilton_road_path,MOSSLEA COURT,,,,sealed,0.1163939550441043,1559,@EAAcejhmIf~n}fAgTlEcJnAqDEcCa@aEkCkM_T,,,,,,,24,#1464a5cc,#1464a5cc,,,,,,,"<div><strong>MOSSLEA COURT</strong><br><span>Surface: sealed</span><br><span>Length: 0.12 km</span><br><span>Length rank: 1,559</span></div>"
road_3314225,path,Road centreline,hamilton_road_path,WARD LANE,,,,sealed,0.1163886844600152,1560,@EAAgdhimIfmiagAsE}Aee@}TSu@\}A~H{IzAcB,,,,,,,24,#1464a5cc,#1464a5cc,,,,,,,"<div><strong>WARD LANE</strong><br><span>Surface: sealed</span><br><span>Length: 0.12 km</span><br><span>Length rank: 1,560</span></div>"
road_3314203,path,Road centreline,hamilton_road_path,LUCIANNA LANE,,,,sealed,0.116366654784201,1561,@EAAgegimItiaagA}DlE_PtPuAlBg@`AOnAD~BOzDApAo@`AiGpH,,,,,,,24,#1464a5cc,#1464a5cc,,,,,,,"<div><strong>LUCIANNA LANE</strong><br><span>Surface: sealed</span><br><span>Length: 0.12 km</span><br><span>Length rank: 1,561</span></div>"
road_3314611,path,Road centreline,hamilton_road_path,CHARMAINE CRESCENT,,,,sealed,0.1158965055771283,1562,@EAA}kqhmIn~s_gAsErHeFvIsXzc@,,,,,,,24,#1464a5cc,#1464a5cc,,,,,,,"<div><strong>CHARMAINE CRESCENT</strong><br><span>Surface: sealed</span><br><span>Length: 0.12 km</span><br><span>Length rank: 1,562</span></div>"
road_7742881,path,Road centreline,hamilton_road_path,REPOITI COURT,,,,sealed,0.1156416224168909,1563,@EAAsy~gmI~xt|fAkEoB{C}@iE{@wGy@qHu@iHe@qFMcFDsILiGX,,,,,,,24,#1464a5cc,#1464a5cc,,,,,,,"<div><strong>REPOITI COURT</strong><br><span>Surface: sealed</span><br><span>Length: 0.12 km</span><br><span>Length rank: 1,563</span></div>"
road_3314146,path,Road centreline,hamilton_road_path,SACHA PLACE,,,,sealed,0.1155395025626955,1564,@EAAsnajmIj~fcgAwn@yf@}GeF,,,,,,,24,#1464a5cc,#1464a5cc,,,,,,,"<div><strong>SACHA PLACE</strong><br><span>Surface: sealed</span><br><span>Length: 0.12 km</span><br><span>Length rank: 1,564</span></div>"
road_3314349,path,Road centreline,hamilton_road_path,WESTNEY PLACE,,,,sealed,0.1153138600573669,1565,@EAAqivgmInxn`gAkH}Cyy@{],,,,,,,24,#1464a5cc,#1464a5cc,,,,,,,"<div><strong>WESTNEY PLACE</strong><br><span>Surface: sealed</span><br><span>Length: 0.12 km</span><br><span>Length rank: 1,565</span></div>"
road_7742815,path,Road centreline,hamilton_road_path,Road centreline,,,,sealed,0.1151928145221583,1566,@EAA__mgmIz{h~fAMsFQ}@G{@@_ARy@f@k@nGmCfAQhA?hAT|@p@fOnVPf@TtB,,,,,,,24,#1464a5cc,#1464a5cc,,,,,,,"<div><strong>Road 7742815</strong><br><span>Surface: sealed</span><br><span>Length: 0.12 km</span><br><span>Length rank: 1,566</span></div>"
road_3314342,path,Road centreline,hamilton_road_path,CHRISTINE LANE,,,,sealed,0.1145817610428413,1567,@EAAuqufmIpnk`gAtp@_r@,,,,,,,24,#1464a5cc,#1464a5cc,,,,,,,"<div><strong>CHRISTINE LANE</strong><br><span>Surface: sealed</span><br><span>Length: 0.11 km</span><br><span>Length rank: 1,567</span></div>"
road_3314743,path,Road centreline,hamilton_road_path,GLENGOYNE PLACE,,,,sealed,0.1144107143990919,1568,@EAAky~hmIzfa~fAu@yS_@sV[}R,,,,,,,24,#1464a5cc,#1464a5cc,,,,,,,"<div><strong>GLENGOYNE PLACE</strong><br><span>Surface: sealed</span><br><span>Length: 0.11 km</span><br><span>Length rank: 1,568</span></div>"
road_3314754,path,Road centreline,hamilton_road_path,BUCHANAN PLACE,,,,sealed,0.1143415262488958,1569,@EAAs|himIvoz}fA[cKa@wE}Lak@,,,,,,,24,#1464a5cc,#1464a5cc,,,,,,,"<div><strong>BUCHANAN PLACE</strong><br><span>Surface: sealed</span><br><span>Length: 0.11 km</span><br><span>Length rank: 1,569</span></div>"
road_3314353,path,Road centreline,hamilton_road_path,MEWS PLACE,,,,sealed,0.1141426631021501,1570,@EAAcpxgmIvmd`gAfHcAlGoB`JsD|CsBfB{CxBuEx@qBz@oA~BeCFIhBqBxA{A,,,,,,,24,#1464a5cc,#1464a5cc,,,,,,,"<div><strong>MEWS PLACE</strong><br><span>Surface: sealed</span><br><span>Length: 0.11 km</span><br><span>Length rank: 1,570</span></div>"
road_3314200,path,Road centreline,hamilton_road_path,FINDLAY STREET,,,,sealed,0.1136670813957636,1571,@EAAwotjmIzj}agAklA{P,,,,,,,24,#1464a5cc,#1464a5cc,,,,,,,"<div><strong>FINDLAY STREET</strong><br><span>Surface: sealed</span><br><span>Length: 0.11 km</span><br><span>Length rank: 1,571</span></div>"
road_8329771,path,Road centreline,hamilton_road_path,REPONUI COURT,,,,sealed,0.1135096761431135,1572,@EAAuldhmIhnt|fAaCeAyBe@uBIa}@rT,,,,,,,24,#1464a5cc,#1464a5cc,,,,,,,"<div><strong>REPONUI COURT</strong><br><span>Surface: sealed</span><br><span>Length: 0.11 km</span><br><span>Length rank: 1,572</span></div>"
road_3314428,path,Road centreline,hamilton_road_path,HAREWOOD WAY,,,,sealed,0.1134441939014903,1573,@EAAidmgmIvnk~fAm@pB_@jBLpEPlDHvDW|G]rCS`BaAdFiBfHTjB\p@,,,,,,,24,#1464a5cc,#1464a5cc,,,,,,,"<div><strong>HAREWOOD WAY</strong><br><span>Surface: sealed</span><br><span>Length: 0.11 km</span><br><span>Length rank: 1,573</span></div>"
road_7742821,path,Road centreline,hamilton_road_path,Road centreline,,,,sealed,0.1134242406254532,1574,@EAAq}|gmIfyd~fAbBbD~@zBx@fAnAr@pBd@~DVdD\`Bx@jAjAzBpDHbAc@hAwBtByC|AeJtC,,,,,,,24,#1464a5cc,#1464a5cc,,,,,,,"<div><strong>Road 7742821</strong><br><span>Surface: sealed</span><br><span>Length: 0.11 km</span><br><span>Length rank: 1,574</span></div>"
road_3314759,path,Road centreline,hamilton_road_path,EBONY COURT,,,,sealed,0.1133787666298466,1575,@EAAacthmItvo}fAZbBxBdN|@hFB`Ey@tA{@lAyDfA{F`AkPnA,,,,,,,24,#1464a5cc,#1464a5cc,,,,,,,"<div><strong>EBONY COURT</strong><br><span>Surface: sealed</span><br><span>Length: 0.11 km</span><br><span>Length rank: 1,575</span></div>"
road_3314684,path,Road centreline,hamilton_road_path,TERENCE STREET,,,,sealed,0.1131532370910525,1576,@EAA}rzjmIr}_`gAhYc{@,,,,,,,24,#1464a5cc,#1464a5cc,,,,,,,"<div><strong>TERENCE STREET</strong><br><span>Surface: sealed</span><br><span>Length: 0.11 km</span><br><span>Length rank: 1,576</span></div>"
road_3283324,path,Road centreline,hamilton_road_path,BELLONA PLACE,,,,sealed,0.1131126537227906,1577,@EAAgmugmIflq}fAyMtWi@rAeAhCi@tB{HtOInB`@~A,,,,,,,24,#1464a5cc,#1464a5cc,,,,,,,"<div><strong>BELLONA PLACE</strong><br><span>Surface: sealed</span><br><span>Length: 0.11 km</span><br><span>Length rank: 1,577</span></div>"
road_3314699,path,Road centreline,hamilton_road_path,SAN MARCO LANE,,,,sealed,0.1129841025988493,1578,@EAAgkzhmI`yj~fA_KaAgVsAwCXaAh@wYbS,,,,,,,24,#1464a5cc,#1464a5cc,,,,,,,"<div><strong>SAN MARCO LANE</strong><br><span>Surface: sealed</span><br><span>Length: 0.11 km</span><br><span>Length rank: 1,578</span></div>"
road_7742805,path,Road centreline,hamilton_road_path,CLYDE STREET,,,,sealed,0.1125920509569233,1579,@EAA}_bkmI|hoagAdBLbBA|BYvC]nAQ~Ac@tBo@v@w@G{@S_Au@}@_Aq@kAO}ARmAToAReAFsAFqCBeCVo@h@_@n@DfAVzAt@z@hA`@,,,,,,,24,#1464a5cc,#1464a5cc,,,,,,,"<div><strong>CLYDE STREET</strong><br><span>Surface: sealed</span><br><span>Length: 0.11 km</span><br><span>Length rank: 1,579</span></div>"
road_3283005,path,Road centreline,hamilton_road_path,CORSAIR PLACE,,,,sealed,0.1125251555497927,1580,@EAAcimhmIjzdcgA_FjBoDn@wTjDeBz@wAtAgCt@uCZaPzBcFr@,,,,,,,24,#1464a5cc,#1464a5cc,,,,,,,"<div><strong>CORSAIR PLACE</strong><br><span>Surface: sealed</span><br><span>Length: 0.11 km</span><br><span>Length rank: 1,580</span></div>"
road_8329744,path,Road centreline,hamilton_road_path,JASPERS WAY,,,,sealed,0.1125183523983898,1581,@EAAkzaimIfu|}fAl@l@^l@TbCFzC?lCGpAQlA}Ax@{BBeDy@y@_CmAoCm@{ASqA^cBx@_@jAStBEzEqA,,,,,,,24,#1464a5cc,#1464a5cc,,,,,,,"<div><strong>JASPERS WAY</strong><br><span>Surface: sealed</span><br><span>Length: 0.11 km</span><br><span>Length rank: 1,581</span></div>"
road_3283083,path,Road centreline,hamilton_road_path,GROVE PLACE,,,,sealed,0.1124480049744408,1582,@EAAcnegmIxm_bgA~Jme@rDiV,,,,,,,24,#1464a5cc,#1464a5cc,,,,,,,"<div><strong>GROVE PLACE</strong><br><span>Surface: sealed</span><br><span>Length: 0.11 km</span><br><span>Length rank: 1,582</span></div>"
road_3313970,path,Road centreline,hamilton_road_path,ASHBOURNE LANE,,,,sealed,0.1123986000842508,1583,@EAAujifmIjezagAePqI{GiCcIqAmEC}Gp@cHbDwE`E,,,,,,,24,#1464a5cc,#1464a5cc,,,,,,,"<div><strong>ASHBOURNE LANE</strong><br><span>Surface: sealed</span><br><span>Length: 0.11 km</span><br><span>Length rank: 1,583</span></div>"
road_3314614,path,Road centreline,hamilton_road_path,PEARL PLACE,,,,sealed,0.1123270414629728,1584,@EAA{~vhmIvxl_gA~BeDx@oB~G}s@,,,,,,,24,#1464a5cc,#1464a5cc,,,,,,,"<div><strong>PEARL PLACE</strong><br><span>Surface: sealed</span><br><span>Length: 0.11 km</span><br><span>Length rank: 1,584</span></div>"
road_3314374,path,Road centreline,hamilton_road_path,MAAHUTAUPEKE PLACE,,,,sealed,0.1120530016362129,1585,@EAAyvqgmIbaa_gA}F|AkFvBmC`AuA`AwApBWpBTfBfQlZ,,,,,,,24,#1464a5cc,#1464a5cc,,,,,,,"<div><strong>MAAHUTAUPEKE PLACE</strong><br><span>Surface: sealed</span><br><span>Length: 0.11 km</span><br><span>Length rank: 1,585</span></div>"
road_3313976,path,Road centreline,hamilton_road_path,ELIZA PLACE,,,,sealed,0.1119777979416636,1586,@EAAqwuemIf}z`gAcEmB_GaCgByAsBwBw@uE`AgFtBcFxFaKbB{C,,,,,,,24,#1464a5cc,#1464a5cc,,,,,,,"<div><strong>ELIZA PLACE</strong><br><span>Surface: sealed</span><br><span>Length: 0.11 km</span><br><span>Length rank: 1,586</span></div>"
road_3314734,path,Road centreline,hamilton_road_path,BALLANTRAE PLACE,,,,sealed,0.1118412391353619,1587,@EAA{ycimI~sm~fAkOpBaBn@k@r@o@nAEhCZtApEdKjEvFlIbH,,,,,,,24,#1464a5cc,#1464a5cc,,,,,,,"<div><strong>BALLANTRAE PLACE</strong><br><span>Surface: sealed</span><br><span>Length: 0.11 km</span><br><span>Length rank: 1,587</span></div>"
road_3314145,path,Road centreline,hamilton_road_path,ESSENDON COURT,,,,sealed,0.1117764605565532,1588,@EAAymhjmIt~lcgAdQuCvDmEsI_f@,,,,,,,24,#1464a5cc,#1464a5cc,,,,,,,"<div><strong>ESSENDON COURT</strong><br><span>Surface: sealed</span><br><span>Length: 0.11 km</span><br><span>Length rank: 1,588</span></div>"
road_3314484,path,Road centreline,hamilton_road_path,CLAYMORE PLACE,,,,sealed,0.1117083002501055,1589,@EAAyolgmI`xr}fAiIm@{J_AeI_BgG_DoHcDkHmB_K}C,,,,,,,24,#1464a5cc,#1464a5cc,,,,,,,"<div><strong>CLAYMORE PLACE</strong><br><span>Surface: sealed</span><br><span>Length: 0.11 km</span><br><span>Length rank: 1,589</span></div>"
road_7742822,path,Road centreline,hamilton_road_path,Road centreline,,,,sealed,0.1115026943423926,1590,@EAAgs}gmI`be~fAgI{GkAo@aBy@wFqBgDkA_GqA}AWgB[oLkBoBa@}FiB,,,,,,,24,#1464a5cc,#1464a5cc,,,,,,,"<div><strong>Road 7742822</strong><br><span>Surface: sealed</span><br><span>Length: 0.11 km</span><br><span>Length rank: 1,590</span></div>"
road_3314455,path,Road centreline,hamilton_road_path,AMBERLEY PLACE,,,,sealed,0.1113306958107669,1591,@EAA_azfmIpt}}fAD_DEaCSqBkIy`@_DuM,,,,,,,24,#1464a5cc,#1464a5cc,,,,,,,"<div><strong>AMBERLEY PLACE</strong><br><span>Surface: sealed</span><br><span>Length: 0.11 km</span><br><span>Length rank: 1,591</span></div>"
road_3314735,path,Road centreline,hamilton_road_path,ASPEN COURT,,,,sealed,0.111169439575633,1592,@EAAaalimI~ar~fAsBbBoKzEgJ`EwD~AyAb@gB\}B^eBT_BXaCp@qAl@_AZoAT}FR,,,,,,,24,#1464a5cc,#1464a5cc,,,,,,,"<div><strong>ASPEN COURT</strong><br><span>Surface: sealed</span><br><span>Length: 0.11 km</span><br><span>Length rank: 1,592</span></div>"
road_8329709,path,Road centreline,hamilton_road_path,Road centreline,,,,metalled,0.1111061278185887,1593,@EAAs~lemId|p`gAmd@}EmVcB}NuB,,,,,,,24,#bb7f22cc,#bb7f22cc,,,,,,,"<div><strong>Road 8329709</strong><br><span>Surface: metalled</span><br><span>Length: 0.11 km</span><br><span>Length rank: 1,593</span></div>"
road_3314270,path,Road centreline,hamilton_road_path,BISLEY ROAD,,,,sealed,0.1108103424427077,1594,@EAAmxujmIjfs`gAck@pr@,,,,,,,24,#1464a5cc,#1464a5cc,,,,,,,"<div><strong>BISLEY ROAD</strong><br><span>Surface: sealed</span><br><span>Length: 0.11 km</span><br><span>Length rank: 1,594</span></div>"
road_3314219,path,Road centreline,hamilton_road_path,WIREMU STREET,,,,sealed,0.110704861029675,1595,@EAAkxbjmIfbcbgA`D}OAqEw@wEeC}FeFgFoDmBiDu@mCM,,,,,,,24,#1464a5cc,#1464a5cc,,,,,,,"<div><strong>WIREMU STREET</strong><br><span>Surface: sealed</span><br><span>Length: 0.11 km</span><br><span>Length rank: 1,595</span></div>"
road_3313947,path,Road centreline,hamilton_road_path,PYGMALION PLACE,,,,sealed,0.1106745331578735,1596,@EAAi|{fmI~lkbgAlHxN\fC]|AaC|BcG`DgEzBsGlEyFxD,,,,,,,24,#1464a5cc,#1464a5cc,,,,,,,"<div><strong>PYGMALION PLACE</strong><br><span>Surface: sealed</span><br><span>Length: 0.11 km</span><br><span>Length rank: 1,596</span></div>"
road_3314784,path,Road centreline,hamilton_road_path,TARRANGO WAY,,,,sealed,0.1105435869061033,1597,@EAAu~bimIdzd~fAz@dErDdKBjAUlAe@hAm@n@{@ZmA?sAIaDe@g[oF,,,,,,,24,#1464a5cc,#1464a5cc,,,,,,,"<div><strong>TARRANGO WAY</strong><br><span>Surface: sealed</span><br><span>Length: 0.11 km</span><br><span>Length rank: 1,597</span></div>"
road_3314726,path,Road centreline,hamilton_road_path,NORTHMEADOW DRIVE,,,,sealed,0.1105329333713135,1598,@EAA}ythmIvo~}fArGmDjDuA~Do@lOA~Bo@x@sA~@cQ[yAu@mA,,,,,,,24,#1464a5cc,#1464a5cc,,,,,,,"<div><strong>NORTHMEADOW DRIVE</strong><br><span>Surface: sealed</span><br><span>Length: 0.11 km</span><br><span>Length rank: 1,598</span></div>"
road_7742826,path,Road centreline,hamilton_road_path,Road centreline,,,,sealed,0.1105091136202095,1599,@EAAg_ehmI|cj~fAzEdAnAZnAb@r@j@Nt@Mx@yQ|j@,,,,,,,24,#1464a5cc,#1464a5cc,,,,,,,"<div><strong>Road 7742826</strong><br><span>Surface: sealed</span><br><span>Length: 0.11 km</span><br><span>Length rank: 1,599</span></div>"
road_7742865,path,Road centreline,hamilton_road_path,AVIAN PLACE,,,,sealed,0.1104399586566489,1600,@EAAa}sfmIvk`}fALxGj@`^~A|EjAzBLvCeArD,,,,,,,24,#1464a5cc,#1464a5cc,,,,,,,"<div><strong>AVIAN PLACE</strong><br><span>Surface: sealed</span><br><span>Length: 0.11 km</span><br><span>Length rank: 1,600</span></div>"
road_3314698,path,Road centreline,hamilton_road_path,VERMONT COURT,,,,sealed,0.1103487265612511,1601,@EAAsodimIluv~fAyEpA}D`AuFpAcFh@cETwEBwFg@cCkAuDmBuDqCwCoC,,,,,,,24,#1464a5cc,#1464a5cc,,,,,,,"<div><strong>VERMONT COURT</strong><br><span>Surface: sealed</span><br><span>Length: 0.11 km</span><br><span>Length rank: 1,601</span></div>"
road_3314565,path,Road centreline,hamilton_road_path,BELLONA PLACE,,,,sealed,0.110233683875228,1602,@EAA_jvgmIvfs}fAcDn@iElA}B|@cA`@w@z@{AfBwBzDgBfEYpAG`B?pD@rAThBhDrCbBfA,,,,,,,24,#1464a5cc,#1464a5cc,,,,,,,"<div><strong>BELLONA PLACE</strong><br><span>Surface: sealed</span><br><span>Length: 0.11 km</span><br><span>Length rank: 1,602</span></div>"
road_3313939,path,Road centreline,hamilton_road_path,MARKET STREET,,,,sealed,0.1101436967567947,1603,@EAAu`temIvbkcgAnJvs@x@hG,,,,,,,24,#1464a5cc,#1464a5cc,,,,,,,"<div><strong>MARKET STREET</strong><br><span>Surface: sealed</span><br><span>Length: 0.11 km</span><br><span>Length rank: 1,603</span></div>"
road_3314467,path,Road centreline,hamilton_road_path,TAUHARA DRIVE,,,,sealed,0.1099733144057134,1604,@EAAuc`hmId}x~fAeFeEiZkVqBcAcCe@cQiA,,,,,,,24,#1464a5cc,#1464a5cc,,,,,,,"<div><strong>TAUHARA DRIVE</strong><br><span>Surface: sealed</span><br><span>Length: 0.11 km</span><br><span>Length rank: 1,604</span></div>"
road_3314352,path,Road centreline,hamilton_road_path,LONGFORD COURT,,,,sealed,0.1099562682778618,1605,@EAAi~xgmI~ce`gAeq@jn@,,,,,,,24,#1464a5cc,#1464a5cc,,,,,,,"<div><strong>LONGFORD COURT</strong><br><span>Surface: sealed</span><br><span>Length: 0.11 km</span><br><span>Length rank: 1,605</span></div>"
road_3314131,path,Road centreline,hamilton_road_path,SUNNYHILLS AVENUE,,,,sealed,0.1098217876034234,1606,@EAAu_ximIbnycgAz^fC~C@pDq@tBq@tAmAxBwDPmEsAyF,,,,,,,24,#1464a5cc,#1464a5cc,,,,,,,"<div><strong>SUNNYHILLS AVENUE</strong><br><span>Surface: sealed</span><br><span>Length: 0.11 km</span><br><span>Length rank: 1,606</span></div>"
road_3314462,path,Road centreline,hamilton_road_path,TITOKI PLACE,,,,sealed,0.1097295627151107,1607,@EAAayagmIfku~fAxB~AjEd@za@cAvN}@bMaC,,,,,,,24,#1464a5cc,#1464a5cc,,,,,,,"<div><strong>TITOKI PLACE</strong><br><span>Surface: sealed</span><br><span>Length: 0.11 km</span><br><span>Length rank: 1,607</span></div>"
road_8329689,path,Road centreline,hamilton_road_path,KAAKANO LANE,,,,sealed,0.1097208063032976,1608,@EAAgl_fmIfkocgA}KeSqFeFoCaC_NoIsHwB,,,,,,,24,#1464a5cc,#1464a5cc,,,,,,,"<div><strong>KAAKANO LANE</strong><br><span>Surface: sealed</span><br><span>Length: 0.11 km</span><br><span>Length rank: 1,608</span></div>"
road_3314273,path,Road centreline,hamilton_road_path,PRESCOTT PLACE,,,,sealed,0.1096886643982318,1609,@EAAwobkmIrj|agAoJ`|@,,,,,,,24,#1464a5cc,#1464a5cc,,,,,,,"<div><strong>PRESCOTT PLACE</strong><br><span>Surface: sealed</span><br><span>Length: 0.11 km</span><br><span>Length rank: 1,609</span></div>"
road_3314756,path,Road centreline,hamilton_road_path,HOLCROFT PLACE,,,,sealed,0.1096879752199366,1610,@EAA_i`imIlrv}fAaSfD}DrAeCtBaAxCA~A~@bE`@tDZxBjBfI,,,,,,,24,#1464a5cc,#1464a5cc,,,,,,,"<div><strong>HOLCROFT PLACE</strong><br><span>Surface: sealed</span><br><span>Length: 0.11 km</span><br><span>Length rank: 1,610</span></div>"
road_3314538,path,Road centreline,hamilton_road_path,RIVER ROAD,,,,sealed,0.1096616553303023,1611,@EAAufsgmIvlk~fAKx@[z@k@v@w@n@cAd@kAVqAJsAAoAMiA[w@a@_Aw@g@y@W_AE_AHaAZ}@h@w@x@o@bAe@jAYpAKpA@pANhAZ`Af@t@p@f@x@V`AFfA,,,,,,,24,#1464a5cc,#1464a5cc,,,,,,,"<div><strong>RIVER ROAD</strong><br><span>Surface: sealed</span><br><span>Length: 0.11 km</span><br><span>Length rank: 1,611</span></div>"
road_3314224,path,Road centreline,hamilton_road_path,CARO STREET,,,,sealed,0.1094637959022775,1612,@EAAqkjimIf}kagAdAL|Ap@`x@ta@,,,,,,,24,#1464a5cc,#1464a5cc,,,,,,,"<div><strong>CARO STREET</strong><br><span>Surface: sealed</span><br><span>Length: 0.11 km</span><br><span>Length rank: 1,612</span></div>"
road_3314062,path,Road centreline,hamilton_road_path,PITT STREET,,,,sealed,0.1092416766632777,1613,@EAAa`tgmI`hwagAwcAwEeGU,,,,,,,24,#1464a5cc,#1464a5cc,,,,,,,"<div><strong>PITT STREET</strong><br><span>Surface: sealed</span><br><span>Length: 0.11 km</span><br><span>Length rank: 1,613</span></div>"
road_3314281,path,Road centreline,hamilton_road_path,GAZELEY AVENUE,,,,sealed,0.109208373974216,1614,@EAAsdykmInhpagA}t@bk@,,,,,,,24,#1464a5cc,#1464a5cc,,,,,,,"<div><strong>GAZELEY AVENUE</strong><br><span>Surface: sealed</span><br><span>Length: 0.11 km</span><br><span>Length rank: 1,614</span></div>"
road_3283124,path,Road centreline,hamilton_road_path,LAMBERT COURT,,,,sealed,0.1091372385140829,1615,@EAAiktimIt~mcgAnFtNvQbi@,,,,,,,24,#1464a5cc,#1464a5cc,,,,,,,"<div><strong>LAMBERT COURT</strong><br><span>Surface: sealed</span><br><span>Length: 0.11 km</span><br><span>Length rank: 1,615</span></div>"
road_8329719,path,Road centreline,hamilton_road_path,Road centreline,,,,sealed,0.1090050892547682,1616,@EAAw`{fmI|}_~fAhN`VxN|VDHrC~E,,,,,,,24,#1464a5cc,#1464a5cc,,,,,,,"<div><strong>Road 8329719</strong><br><span>Surface: sealed</span><br><span>Length: 0.11 km</span><br><span>Length rank: 1,616</span></div>"
road_3314609,path,Road centreline,hamilton_road_path,RUMNEY STREET,,,,sealed,0.1089854096510547,1617,@EAAwuuhmIxc``gAciAgP,,,,,,,24,#1464a5cc,#1464a5cc,,,,,,,"<div><strong>RUMNEY STREET</strong><br><span>Surface: sealed</span><br><span>Length: 0.11 km</span><br><span>Length rank: 1,617</span></div>"
road_6064566,path,Road centreline,hamilton_road_path,STADIUM LANE,,,,sealed,0.1087776550160583,1618,@EAAu{ohmIflx`gA~XcHfAWn@e@?y@C_B@w@v@a@fZ_HxBk@,,,,,,,24,#1464a5cc,#1464a5cc,,,,,,,"<div><strong>STADIUM LANE</strong><br><span>Surface: sealed</span><br><span>Length: 0.11 km</span><br><span>Length rank: 1,618</span></div>"
road_3314088,path,Road centreline,hamilton_road_path,DENZ STREET,,,,sealed,0.108742581603513,1619,@EAAo_`hmIhku`gAvBzDzAv@xFlBfs@tO,,,,,,,24,#1464a5cc,#1464a5cc,,,,,,,"<div><strong>DENZ STREET</strong><br><span>Surface: sealed</span><br><span>Length: 0.11 km</span><br><span>Length rank: 1,619</span></div>"
road_8329696,path,Road centreline,hamilton_road_path,TE TIIREKE DRIVE,,,,sealed,0.1087210413219204,1620,@EAA__njmIxhrcgA_q@pH{WhD,,,,,,,24,#1464a5cc,#1464a5cc,,,,,,,"<div><strong>TE TIIREKE DRIVE</strong><br><span>Surface: sealed</span><br><span>Length: 0.11 km</span><br><span>Length rank: 1,620</span></div>"
road_7742787,path,Road centreline,hamilton_road_path,COSMITH LANE,,,,sealed,0.1086250680514618,1621,@EAAsgigmIrzzagA}C}L}@gA{CgAwBa@_A{AuAwFuHwV,,,,,,,24,#1464a5cc,#1464a5cc,,,,,,,"<div><strong>COSMITH LANE</strong><br><span>Surface: sealed</span><br><span>Length: 0.11 km</span><br><span>Length rank: 1,621</span></div>"
road_3314628,path,Road centreline,hamilton_road_path,ST KILDA PLACE,,,,sealed,0.1086212717830294,1622,@EAAe|qjmIri``gAqYlx@,,,,,,,24,#1464a5cc,#1464a5cc,,,,,,,"<div><strong>ST KILDA PLACE</strong><br><span>Surface: sealed</span><br><span>Length: 0.11 km</span><br><span>Length rank: 1,622</span></div>"
road_3314502,path,Road centreline,hamilton_road_path,CLEWER LANE,,,,sealed,0.1083728681021457,1623,@EAAab|fmId_o}fAcCWgCEyBBw~@~F,,,,,,,24,#1464a5cc,#1464a5cc,,,,,,,"<div><strong>CLEWER LANE</strong><br><span>Surface: sealed</span><br><span>Length: 0.11 km</span><br><span>Length rank: 1,623</span></div>"
road_3314056,path,Road centreline,hamilton_road_path,LEMON STREET,,,,sealed,0.108061037961332,1624,@EAAozvgmIhhabgAfeAmW,,,,,,,24,#1464a5cc,#1464a5cc,,,,,,,"<div><strong>LEMON STREET</strong><br><span>Surface: sealed</span><br><span>Length: 0.11 km</span><br><span>Length rank: 1,624</span></div>"
road_3314042,path,Road centreline,hamilton_road_path,PAGET LANE,,,,sealed,0.1079845522465392,1625,@EAAec~fmI~i{agAnMsc@\cBF}B?gN,,,,,,,24,#1464a5cc,#1464a5cc,,,,,,,"<div><strong>PAGET LANE</strong><br><span>Surface: sealed</span><br><span>Length: 0.11 km</span><br><span>Length rank: 1,625</span></div>"
road_3314499,path,Road centreline,hamilton_road_path,HIGHVIEW COURT,,,,sealed,0.1078139235993144,1626,@EAAyqvfmIvzm}fAgCeAwBWcWBkTiAeLO}DAsAB,,,,,,,24,#1464a5cc,#1464a5cc,,,,,,,"<div><strong>HIGHVIEW COURT</strong><br><span>Surface: sealed</span><br><span>Length: 0.11 km</span><br><span>Length rank: 1,626</span></div>"
road_3314615,path,Road centreline,hamilton_road_path,MARNE STREET,,,,sealed,0.1073609364478254,1627,@EAAetjimIj~p`gAySjc@_G`NaAvB,,,,,,,24,#1464a5cc,#1464a5cc,,,,,,,"<div><strong>MARNE STREET</strong><br><span>Surface: sealed</span><br><span>Length: 0.11 km</span><br><span>Length rank: 1,627</span></div>"
road_3314276,path,Road centreline,hamilton_road_path,CORBETT AVENUE,,,,sealed,0.1073017830890571,1628,@EAAapqkmIbmabgAl}@qa@,,,,,,,24,#1464a5cc,#1464a5cc,,,,,,,"<div><strong>CORBETT AVENUE</strong><br><span>Surface: sealed</span><br><span>Length: 0.11 km</span><br><span>Length rank: 1,628</span></div>"
road_3313994,path,Road centreline,hamilton_road_path,PRINNBANK TERRACE,,,,sealed,0.1072642220747251,1629,@EAA}rmfmIb}`bgAmIk@uFOkD^wAt@{@lAIzAXrBhA|@~Bx@lB@~ASlBq@vD_CtDkF,,,,,,,24,#1464a5cc,#1464a5cc,,,,,,,"<div><strong>PRINNBANK TERRACE</strong><br><span>Surface: sealed</span><br><span>Length: 0.11 km</span><br><span>Length rank: 1,629</span></div>"
road_3314293,path,Road centreline,hamilton_road_path,MAY STREET,,,,sealed,0.1072500275225569,1630,@EAAc~fkmI|ydagAai@cOsB?{Af@yRnG,,,,,,,24,#1464a5cc,#1464a5cc,,,,,,,"<div><strong>MAY STREET</strong><br><span>Surface: sealed</span><br><span>Length: 0.11 km</span><br><span>Length rank: 1,630</span></div>"
road_3314514,path,Road centreline,hamilton_road_path,CHATHAM PLACE,,,,sealed,0.1071841901322021,1631,@EAAumdhmInnj}fAyS}@uE[cC]gDBgFf@mEH_DNaDZmBDmAc@}@uAkA_B,,,,,,,24,#1464a5cc,#1464a5cc,,,,,,,"<div><strong>CHATHAM PLACE</strong><br><span>Surface: sealed</span><br><span>Length: 0.11 km</span><br><span>Length rank: 1,631</span></div>"
road_3314243,path,Road centreline,hamilton_road_path,TRISTRAM STREET,,,,sealed,0.1071115798004204,1632,@EAAkioimIp{xagA|@tBF~@K~@Y|@i@t@w@l@aAd@kAVoAJoAAyAQ}@WaAg@s@o@e@w@W}@E_AH_AX}@j@u@t@m@bAe@hAWnAKpA@lALhAZ~@f@r@n@,,,,,,,24,#1464a5cc,#1464a5cc,,,,,,,"<div><strong>TRISTRAM STREET</strong><br><span>Surface: sealed</span><br><span>Length: 0.11 km</span><br><span>Length rank: 1,632</span></div>"
road_6064543,path,Road centreline,hamilton_road_path,NICOLA JEAN PLACE,,,,sealed,0.1069217857335445,1633,@EAAg}pfmIzxj}fArI|D|JtEpMxEtPbG~GzC,,,,,,,24,#1464a5cc,#1464a5cc,,,,,,,"<div><strong>NICOLA JEAN PLACE</strong><br><span>Surface: sealed</span><br><span>Length: 0.11 km</span><br><span>Length rank: 1,633</span></div>"
road_3314747,path,Road centreline,hamilton_road_path,CAMBERLEY WAY,,,,sealed,0.1069191297444193,1634,@EAA}hsimIxrf~fAeGf^yD|Z,,,,,,,24,#1464a5cc,#1464a5cc,,,,,,,"<div><strong>CAMBERLEY WAY</strong><br><span>Surface: sealed</span><br><span>Length: 0.11 km</span><br><span>Length rank: 1,634</span></div>"
road_3314190,path,Road centreline,hamilton_road_path,EARLS COURT,,,,sealed,0.1067883543365112,1635,@EAAsjclmIhdibgAeBlBy@jAi@|@]bA]bAcEfPEfAHfAp@rAtAbA|B`AzBr@fCXnBDvDC,,,,,,,24,#1464a5cc,#1464a5cc,,,,,,,"<div><strong>EARLS COURT</strong><br><span>Surface: sealed</span><br><span>Length: 0.11 km</span><br><span>Length rank: 1,635</span></div>"
road_3314285,path,Road centreline,hamilton_road_path,CROSHER PLACE,,,,sealed,0.1067772240523113,1636,@EAAqw~kmIr`qagA}@oBoAkA{AaAiXaNwWoN,,,,,,,24,#1464a5cc,#1464a5cc,,,,,,,"<div><strong>CROSHER PLACE</strong><br><span>Surface: sealed</span><br><span>Length: 0.11 km</span><br><span>Length rank: 1,636</span></div>"
road_3314147,path,Road centreline,hamilton_road_path,BROOKBANK PLACE,,,,sealed,0.106632968883211,1637,@EAA}_hjmIz{fcgAd@a{@,,,,,,,24,#1464a5cc,#1464a5cc,,,,,,,"<div><strong>BROOKBANK PLACE</strong><br><span>Surface: sealed</span><br><span>Length: 0.11 km</span><br><span>Length rank: 1,637</span></div>"
road_7742855,path,Road centreline,hamilton_road_path,SHRULE PLACE,,,,sealed,0.1064682497769449,1638,@EAAmj}hmIruu}fA{@iV_A}FcMgY,,,,,,,24,#1464a5cc,#1464a5cc,,,,,,,"<div><strong>SHRULE PLACE</strong><br><span>Surface: sealed</span><br><span>Length: 0.11 km</span><br><span>Length rank: 1,638</span></div>"
road_3313987,path,Road centreline,hamilton_road_path,ROSEHILL PLACE,,,,sealed,0.1063928264343766,1639,@EAAczbfmIx_{`gAaFiJwEeG{E{EyW}S,,,,,,,24,#1464a5cc,#1464a5cc,,,,,,,"<div><strong>ROSEHILL PLACE</strong><br><span>Surface: sealed</span><br><span>Length: 0.11 km</span><br><span>Length rank: 1,639</span></div>"
road_3314746,path,Road centreline,hamilton_road_path,BELGRAVE COURT,,,,sealed,0.1062494098899393,1640,@EAAsgqimIrag~fAeDjOiApDo@fDO|D_@pEwCjHiEpF,,,,,,,24,#1464a5cc,#1464a5cc,,,,,,,"<div><strong>BELGRAVE COURT</strong><br><span>Surface: sealed</span><br><span>Length: 0.11 km</span><br><span>Length rank: 1,640</span></div>"
road_3314513,path,Road centreline,hamilton_road_path,FOXBURY COURT,,,,sealed,0.1061172772388855,1641,@EAAeuhhmIr_q}fAeVaB{OYcLDuTO,,,,,,,24,#1464a5cc,#1464a5cc,,,,,,,"<div><strong>FOXBURY COURT</strong><br><span>Surface: sealed</span><br><span>Length: 0.11 km</span><br><span>Length rank: 1,641</span></div>"
road_3314449,path,Road centreline,hamilton_road_path,RONALD COURT,,,,sealed,0.1059398406780888,1642,@EAAghsfmIh}j~fAeNly@,,,,,,,24,#1464a5cc,#1464a5cc,,,,,,,"<div><strong>RONALD COURT</strong><br><span>Surface: sealed</span><br><span>Length: 0.11 km</span><br><span>Length rank: 1,642</span></div>"
road_3314239,path,Road centreline,hamilton_road_path,DILLICAR STREET,,,,sealed,0.1058916267922968,1643,@EAAwwyhmIx|t`gAeYcOsFeCwC}@_Do@aCaA_BsA_@_AMu@YSWSsAEuA\,,,,,,,24,#1464a5cc,#1464a5cc,,,,,,,"<div><strong>DILLICAR STREET</strong><br><span>Surface: sealed</span><br><span>Length: 0.11 km</span><br><span>Length rank: 1,643</span></div>"
road_3314469,path,Road centreline,hamilton_road_path,THE AVENUE,,,,sealed,0.1056389654844932,1644,@EAA_|}gmIjpr~fAba@`HbCj@`BvA|GhOn@vD,,,,,,,24,#1464a5cc,#1464a5cc,,,,,,,"<div><strong>THE AVENUE</strong><br><span>Surface: sealed</span><br><span>Length: 0.11 km</span><br><span>Length rank: 1,644</span></div>"
road_3314471,path,Road centreline,hamilton_road_path,LONGWOOD PLACE,,,,sealed,0.1054437459699579,1645,@EAAyjfhmIz{t~fAxHiDpg@{TvCgCvBmC,,,,,,,24,#1464a5cc,#1464a5cc,,,,,,,"<div><strong>LONGWOOD PLACE</strong><br><span>Surface: sealed</span><br><span>Length: 0.11 km</span><br><span>Length rank: 1,645</span></div>"
road_3314772,path,Road centreline,hamilton_road_path,THOMAS ROAD,,,,sealed,0.1052737784714504,1646,@EAA}vyhmIhg{}fAkBCmAHiAXaAb@u@l@i@t@[x@GjBZlAd@v@r@n@~@d@fAZlALlA@lAKhAW`Ac@r@i@d@o@\q@HcACkAU}@e@w@s@o@_Ae@wBe@,,,,,,,24,#1464a5cc,#1464a5cc,,,,,,,"<div><strong>THOMAS ROAD</strong><br><span>Surface: sealed</span><br><span>Length: 0.11 km</span><br><span>Length rank: 1,646</span></div>"
road_3314255,path,Road centreline,hamilton_road_path,BISLEY ROAD,,,,sealed,0.1051728214485512,1647,@EAAinsjmI`is`gAuVTaUF{GIiJq@eGw@,,,,,,,24,#1464a5cc,#1464a5cc,,,,,,,"<div><strong>BISLEY ROAD</strong><br><span>Surface: sealed</span><br><span>Length: 0.11 km</span><br><span>Length rank: 1,647</span></div>"
road_3314501,path,Road centreline,hamilton_road_path,HAWTRY LANE,,,,sealed,0.1051542963275231,1648,@EAAk~yfmI`hn}fAyAx@kBfAeCrB_JdIkEhEq@pAa@zA[tAAnAfAdN,,,,,,,24,#1464a5cc,#1464a5cc,,,,,,,"<div><strong>HAWTRY LANE</strong><br><span>Surface: sealed</span><br><span>Length: 0.11 km</span><br><span>Length rank: 1,648</span></div>"
road_3314369,path,Road centreline,hamilton_road_path,GARLAND DRIVE,,,,sealed,0.1050779966311625,1649,@EAAq_ngmI~mh_gAeJjE_ClAyDjBiF~DwR|TqAnA,,,,,,,24,#1464a5cc,#1464a5cc,,,,,,,"<div><strong>GARLAND DRIVE</strong><br><span>Surface: sealed</span><br><span>Length: 0.11 km</span><br><span>Length rank: 1,649</span></div>"
road_8329722,path,Road centreline,hamilton_road_path,BOSUN PLACE,,,,sealed,0.1050611500717354,1650,@EAAsddgmIni}}fAkA|NChCT|B`@tBrCrITlCOlCsAtI,,,,,,,24,#1464a5cc,#1464a5cc,,,,,,,"<div><strong>BOSUN PLACE</strong><br><span>Surface: sealed</span><br><span>Length: 0.11 km</span><br><span>Length rank: 1,650</span></div>"
road_3283082,path,Road centreline,hamilton_road_path,MONTANA PLACE,,,,sealed,0.1049442991624726,1651,@EAAmhzfmIli|agAfAwDPcCdB{o@,,,,,,,24,#1464a5cc,#1464a5cc,,,,,,,"<div><strong>MONTANA PLACE</strong><br><span>Surface: sealed</span><br><span>Length: 0.10 km</span><br><span>Length rank: 1,651</span></div>"
road_3314375,path,Road centreline,hamilton_road_path,CLARKSON CLOSE,,,,sealed,0.1048517060521646,1652,@EAA_pvgmI|h~~fAka@tT_VxN,,,,,,,24,#1464a5cc,#1464a5cc,,,,,,,"<div><strong>CLARKSON CLOSE</strong><br><span>Surface: sealed</span><br><span>Length: 0.10 km</span><br><span>Length rank: 1,652</span></div>"
road_3313965,path,Road centreline,hamilton_road_path,BIRCH HILL PLACE,,,,sealed,0.1047176999021176,1653,@EAAmonfmIh`cbgA{H`Ry@dGHnFhE~T,,,,,,,24,#1464a5cc,#1464a5cc,,,,,,,"<div><strong>BIRCH HILL PLACE</strong><br><span>Surface: sealed</span><br><span>Length: 0.10 km</span><br><span>Length rank: 1,653</span></div>"
road_3314638,path,Road centreline,hamilton_road_path,EUCALYPTUS PLACE,,,,sealed,0.1044697878458598,1654,@EAAcbrimIlti_gAfBbCtC~Bju@bU,,,,,,,23,#1464a5cc,#1464a5cc,,,,,,,"<div><strong>EUCALYPTUS PLACE</strong><br><span>Surface: sealed</span><br><span>Length: 0.10 km</span><br><span>Length rank: 1,654</span></div>"
road_3314762,path,Road centreline,hamilton_road_path,BARWICK PLACE,,,,sealed,0.1044253090504916,1655,@EAA_inimIx`p}fAsL}_@KiBOsC?{DHcEDcC,,,,,,,23,#1464a5cc,#1464a5cc,,,,,,,"<div><strong>BARWICK PLACE</strong><br><span>Surface: sealed</span><br><span>Length: 0.10 km</span><br><span>Length rank: 1,655</span></div>"
road_3314046,path,Road centreline,hamilton_road_path,GLENMORGAN PLACE,,,,sealed,0.1042900111281332,1656,@EAA{|wfmI~vlagAmCnI}Lj^eAfG\zD,,,,,,,23,#1464a5cc,#1464a5cc,,,,,,,"<div><strong>GLENMORGAN PLACE</strong><br><span>Surface: sealed</span><br><span>Length: 0.10 km</span><br><span>Length rank: 1,656</span></div>"
road_3314751,path,Road centreline,hamilton_road_path,TUPE LANE,,,,sealed,0.1042593562133939,1657,@EAA}dbimIhk{}fAq@mEeAqEgA_EoBaEcAmBeBoB_CuBuByA}Aw@eDqAyG{A,,,,,,,23,#1464a5cc,#1464a5cc,,,,,,,"<div><strong>TUPE LANE</strong><br><span>Surface: sealed</span><br><span>Length: 0.10 km</span><br><span>Length rank: 1,657</span></div>"
road_3314616,path,Road centreline,hamilton_road_path,SALE STREET,,,,sealed,0.1041837752167525,1658,@EAAkziimInjn`gAzSiw@,,,,,,,23,#1464a5cc,#1464a5cc,,,,,,,"<div><strong>SALE STREET</strong><br><span>Surface: sealed</span><br><span>Length: 0.10 km</span><br><span>Length rank: 1,658</span></div>"
road_3314640,path,Road centreline,hamilton_road_path,LYNWOOD PLACE,,,,sealed,0.1041464066671207,1659,@EAAodpimIj~c_gAe`AgAeDViB?,,,,,,,23,#1464a5cc,#1464a5cc,,,,,,,"<div><strong>LYNWOOD PLACE</strong><br><span>Surface: sealed</span><br><span>Length: 0.10 km</span><br><span>Length rank: 1,659</span></div>"
road_6064593,path,Road centreline,hamilton_road_path,RIGG PLACE,,,,sealed,0.1041379908765131,1660,@EAAghegmIt`e}fAbCUtCo@nBo@|CkAnB}@fB}@bDgBjI_FfSiL,,,,,,,23,#1464a5cc,#1464a5cc,,,,,,,"<div><strong>RIGG PLACE</strong><br><span>Surface: sealed</span><br><span>Length: 0.10 km</span><br><span>Length rank: 1,660</span></div>"
road_3314279,path,Road centreline,hamilton_road_path,BLEAKLEY PLACE,,,,sealed,0.1035751864987795,1661,@EAAkndkmI~boagAqIqKyDiDgFqB_FoAiJU{FJO?sHR,,,,,,,23,#1464a5cc,#1464a5cc,,,,,,,"<div><strong>BLEAKLEY PLACE</strong><br><span>Surface: sealed</span><br><span>Length: 0.10 km</span><br><span>Length rank: 1,661</span></div>"
road_3314454,path,Road centreline,hamilton_road_path,THE ROCKS,,,,sealed,0.103571854882131,1662,@EAAqmvfmI`__~fAoRzKiCnAsAh@_GvAeB`@uThL,,,,,,,23,#1464a5cc,#1464a5cc,,,,,,,"<div><strong>THE ROCKS</strong><br><span>Surface: sealed</span><br><span>Length: 0.10 km</span><br><span>Length rank: 1,662</span></div>"
road_3314041,path,Road centreline,hamilton_road_path,MOUNTBATTEN PLACE,,,,sealed,0.1034566448078496,1663,@EAAs`|fmI|}yagAcAbDmShq@,,,,,,,23,#1464a5cc,#1464a5cc,,,,,,,"<div><strong>MOUNTBATTEN PLACE</strong><br><span>Surface: sealed</span><br><span>Length: 0.10 km</span><br><span>Length rank: 1,663</span></div>"
road_3314175,path,Road centreline,hamilton_road_path,AMBER LANE,,,,sealed,0.1033188112008245,1664,@EAA_mkimI|xvbgA|`AlX,,,,,,,23,#1464a5cc,#1464a5cc,,,,,,,"<div><strong>AMBER LANE</strong><br><span>Surface: sealed</span><br><span>Length: 0.10 km</span><br><span>Length rank: 1,664</span></div>"
road_6064554,path,Road centreline,hamilton_road_path,PETER WAY PLACE,,,,sealed,0.1030519243264941,1665,@EAAeleimItzocgAlEwSRcE]{B_BoBwE}BwFmCmFsD,,,,,,,23,#1464a5cc,#1464a5cc,,,,,,,"<div><strong>PETER WAY PLACE</strong><br><span>Surface: sealed</span><br><span>Length: 0.10 km</span><br><span>Length rank: 1,665</span></div>"
road_3314211,path,Road centreline,hamilton_road_path,MOANA STREET,,,,sealed,0.1028975280423073,1666,@EAA{`vhmIlrmagA{z@b`@,,,,,,,23,#1464a5cc,#1464a5cc,,,,,,,"<div><strong>MOANA STREET</strong><br><span>Surface: sealed</span><br><span>Length: 0.10 km</span><br><span>Length rank: 1,666</span></div>"
road_3314101,path,Road centreline,hamilton_road_path,BRIGHTWELL PLACE,,,,sealed,0.1028389502619398,1667,@EAAgosfmIp~v`gAiMwHaD}AoDm@yDQsDRs\rD,,,,,,,23,#1464a5cc,#1464a5cc,,,,,,,"<div><strong>BRIGHTWELL PLACE</strong><br><span>Surface: sealed</span><br><span>Length: 0.10 km</span><br><span>Length rank: 1,667</span></div>"
road_7742813,path,Road centreline,hamilton_road_path,LYNN LANE,,,,sealed,0.1027674727822017,1668,@EAAudjfmInll}fAuR|KkBj@cCMeBw@gAyAo@eBH{BdD_P,,,,,,,23,#1464a5cc,#1464a5cc,,,,,,,"<div><strong>LYNN LANE</strong><br><span>Surface: sealed</span><br><span>Length: 0.10 km</span><br><span>Length rank: 1,668</span></div>"
road_3314414,path,Road centreline,hamilton_road_path,EMMA PLACE,,,,sealed,0.1027531181395689,1669,@EAAwvjfmIpld~fAgu@re@,,,,,,,23,#1464a5cc,#1464a5cc,,,,,,,"<div><strong>EMMA PLACE</strong><br><span>Surface: sealed</span><br><span>Length: 0.10 km</span><br><span>Length rank: 1,669</span></div>"
road_3314082,path,Road centreline,hamilton_road_path,TAHI STREET,,,,sealed,0.1025077834536602,1670,@EAAuhxgmItuaagAmLuw@,,,,,,,23,#1464a5cc,#1464a5cc,,,,,,,"<div><strong>TAHI STREET</strong><br><span>Surface: sealed</span><br><span>Length: 0.10 km</span><br><span>Length rank: 1,670</span></div>"
road_3314670,path,Road centreline,hamilton_road_path,READ PLACE,,,,sealed,0.1023890440766218,1671,@EAAc{vimIfyv_gAqCaLkAyBiCqDcHaHyQwN,,,,,,,23,#1464a5cc,#1464a5cc,,,,,,,"<div><strong>READ PLACE</strong><br><span>Surface: sealed</span><br><span>Length: 0.10 km</span><br><span>Length rank: 1,671</span></div>"
road_3313996,path,Road centreline,hamilton_road_path,MATLOCK LANE,,,,sealed,0.1020945262126242,1672,@EAA}ygfmIxpxagAoPpB_EnAyCrA_BzDm@xCFzCfCpO,,,,,,,23,#1464a5cc,#1464a5cc,,,,,,,"<div><strong>MATLOCK LANE</strong><br><span>Surface: sealed</span><br><span>Length: 0.10 km</span><br><span>Length rank: 1,672</span></div>"
road_3313972,path,Road centreline,hamilton_road_path,HARROGATE PLACE,,,,sealed,0.1018859322525738,1673,@EAAqusemIjo_agA~AfFxHpMtA~C`AfDnAfJ|ArI,,,,,,,23,#1464a5cc,#1464a5cc,,,,,,,"<div><strong>HARROGATE PLACE</strong><br><span>Surface: sealed</span><br><span>Length: 0.10 km</span><br><span>Length rank: 1,673</span></div>"
road_7742866,path,Road centreline,hamilton_road_path,KUKARI CLOSE,,,,sealed,0.1018004874439561,1674,@EAAovwfmIz~a}fAwSdAqc@~@oLkC,,,,,,,23,#1464a5cc,#1464a5cc,,,,,,,"<div><strong>KUKARI CLOSE</strong><br><span>Surface: sealed</span><br><span>Length: 0.10 km</span><br><span>Length rank: 1,674</span></div>"
road_3314738,path,Road centreline,hamilton_road_path,SHIRAZ PLACE,,,,sealed,0.1016127530137891,1675,@EAAwb}hmIrkd~fAmMqBeGiAmC]cDSyDCmETiFOkF[kFQ}BK,,,,,,,23,#1464a5cc,#1464a5cc,,,,,,,"<div><strong>SHIRAZ PLACE</strong><br><span>Surface: sealed</span><br><span>Length: 0.10 km</span><br><span>Length rank: 1,675</span></div>"
road_7742793,path,Road centreline,hamilton_road_path,SOO YONG PLACE,,,,sealed,0.1014271813507948,1676,@EAA_dojmIpyscgAUDkAh@uCpAcQrB{W|CuPtB,,,,,,,23,#1464a5cc,#1464a5cc,,,,,,,"<div><strong>SOO YONG PLACE</strong><br><span>Surface: sealed</span><br><span>Length: 0.10 km</span><br><span>Length rank: 1,676</span></div>"
road_3314722,path,Road centreline,hamilton_road_path,KIRK CLOSE,,,,sealed,0.1012709581376947,1677,@EAActxhmIl`b~fAgAsBeB_E}BkCwE}CwEqBwFeA{EA{BNyMpB,,,,,,,23,#1464a5cc,#1464a5cc,,,,,,,"<div><strong>KIRK CLOSE</strong><br><span>Surface: sealed</span><br><span>Length: 0.10 km</span><br><span>Length rank: 1,677</span></div>"
road_3314053,path,Road centreline,hamilton_road_path,MADISON PLACE,,,,sealed,0.1012185639846697,1678,@EAAg`dgmIvjabgA{eAeH,,,,,,,23,#1464a5cc,#1464a5cc,,,,,,,"<div><strong>MADISON PLACE</strong><br><span>Surface: sealed</span><br><span>Length: 0.10 km</span><br><span>Length rank: 1,678</span></div>"
road_3314373,path,Road centreline,hamilton_road_path,MAYFAIR AVENUE,,,,sealed,0.101120664016907,1679,@EAA_cphmIjjr_gAeMxv@,,,,,,,23,#1464a5cc,#1464a5cc,,,,,,,"<div><strong>MAYFAIR AVENUE</strong><br><span>Surface: sealed</span><br><span>Length: 0.10 km</span><br><span>Length rank: 1,679</span></div>"
road_3314084,path,Road centreline,hamilton_road_path,DUDLEY TERRACE,,,,sealed,0.1007343162678091,1680,@EAAeoahmIpkaagAqAhAm@|AExAuArn@,,,,,,,23,#1464a5cc,#1464a5cc,,,,,,,"<div><strong>DUDLEY TERRACE</strong><br><span>Surface: sealed</span><br><span>Length: 0.10 km</span><br><span>Length rank: 1,680</span></div>"
road_3314413,path,Road centreline,hamilton_road_path,JUDENA PLACE,,,,sealed,0.1005062548767739,1681,@EAAy`jfmIryf~fAuDlw@,,,,,,,23,#1464a5cc,#1464a5cc,,,,,,,"<div><strong>JUDENA PLACE</strong><br><span>Surface: sealed</span><br><span>Length: 0.10 km</span><br><span>Length rank: 1,681</span></div>"
road_6064546,path,Road centreline,hamilton_road_path,DERWENT PLACE,,,,sealed,0.1005020609039829,1682,@EAAkzogmI`qn}fA~NlBzBRzFHxCAbCDbD\tB\`BJ`C@fCe@nJ_D,,,,,,,23,#1464a5cc,#1464a5cc,,,,,,,"<div><strong>DERWENT PLACE</strong><br><span>Surface: sealed</span><br><span>Length: 0.10 km</span><br><span>Length rank: 1,682</span></div>"
road_3314140,path,Road centreline,hamilton_road_path,WANAKA PLACE,,,,sealed,0.1004272184587233,1683,@EAAqxzimIpllcgAcMcHgC_AiFa@{EJiPxAqNhB,,,,,,,23,#1464a5cc,#1464a5cc,,,,,,,"<div><strong>WANAKA PLACE</strong><br><span>Surface: sealed</span><br><span>Length: 0.10 km</span><br><span>Length rank: 1,683</span></div>"
road_6064590,path,Road centreline,hamilton_road_path,AUDREY PLACE,,,,sealed,0.1002844468156557,1684,@EAAanmfmIb}l}fATeFnAyDn]ub@,,,,,,,23,#1464a5cc,#1464a5cc,,,,,,,"<div><strong>AUDREY PLACE</strong><br><span>Surface: sealed</span><br><span>Length: 0.10 km</span><br><span>Length rank: 1,684</span></div>"
road_3314395,path,Road centreline,hamilton_road_path,MURRAY STREET,,,,sealed,0.1002735506099308,1685,@EAAu`ahmIpqo`gA}i@~k@,,,,,,,23,#1464a5cc,#1464a5cc,,,,,,,"<div><strong>MURRAY STREET</strong><br><span>Surface: sealed</span><br><span>Length: 0.10 km</span><br><span>Length rank: 1,685</span></div>"
road_3314694,path,Road centreline,hamilton_road_path,CHAPEL HILL,,,,sealed,0.0999818670852141,1686,@EAAutqhmIpk}}fASlNmA`UOhGVfDh@~C,,,,,,,23,#1464a5cc,#1464a5cc,,,,,,,"<div><strong>CHAPEL HILL</strong><br><span>Surface: sealed</span><br><span>Length: 0.10 km</span><br><span>Length rank: 1,686</span></div>"
road_8329708,path,Road centreline,hamilton_road_path,MANAWAROA CLOSE,,,,sealed,0.099742220142501,1687,@EAAedwemIjcs`gAUXwO~Q[t@Mv@Fz@v@lFVf@ZXx@^rPpC,,,,,,,23,#1464a5cc,#1464a5cc,,,,,,,"<div><strong>MANAWAROA CLOSE</strong><br><span>Surface: sealed</span><br><span>Length: 0.10 km</span><br><span>Length rank: 1,687</span></div>"
road_8329724,path,Road centreline,hamilton_road_path,PEDRO WAY,,,,sealed,0.0997276075759811,1688,@EAAifggmIj`k}fA^@pMLpHjBnk@}A,,,,,,,23,#1464a5cc,#1464a5cc,,,,,,,"<div><strong>PEDRO WAY</strong><br><span>Surface: sealed</span><br><span>Length: 0.10 km</span><br><span>Length rank: 1,688</span></div>"
road_3314039,path,Road centreline,hamilton_road_path,HARLECH PLACE,,,,sealed,0.0996497825728308,1689,@EAAgevfmIriyagAgRC}Fc@iYyEaGQoFb@,,,,,,,23,#1464a5cc,#1464a5cc,,,,,,,"<div><strong>HARLECH PLACE</strong><br><span>Surface: sealed</span><br><span>Length: 0.10 km</span><br><span>Length rank: 1,689</span></div>"
road_3314400,path,Road centreline,hamilton_road_path,GLASGOW STREET,,,,sealed,0.0993706311982112,1690,@EAAsvtgmI`jt_gAdt@`_@|Av@,,,,,,,23,#1464a5cc,#1464a5cc,,,,,,,"<div><strong>GLASGOW STREET</strong><br><span>Surface: sealed</span><br><span>Length: 0.10 km</span><br><span>Length rank: 1,690</span></div>"
road_3314168,path,Road centreline,hamilton_road_path,LORRAINE PLACE,,,,sealed,0.0991909498021865,1691,@EAAap~imIxrscgAz^xUvArCb@tCd@zJ,,,,,,,23,#1464a5cc,#1464a5cc,,,,,,,"<div><strong>LORRAINE PLACE</strong><br><span>Surface: sealed</span><br><span>Length: 0.10 km</span><br><span>Length rank: 1,691</span></div>"
road_3314274,path,Road centreline,hamilton_road_path,SOMME CRESCENT,,,,sealed,0.0990500653243251,1692,@EAA}bakmIxayagAaDfAqA|AqUbk@,,,,,,,23,#1464a5cc,#1464a5cc,,,,,,,"<div><strong>SOMME CRESCENT</strong><br><span>Surface: sealed</span><br><span>Length: 0.10 km</span><br><span>Length rank: 1,692</span></div>"
road_3283162,path,Road centreline,hamilton_road_path,COLONIAL LANE,,,,sealed,0.09886153741672,1693,@EAAagnjmIf}magAlbAhN,,,,,,,23,#1464a5cc,#1464a5cc,,,,,,,"<div><strong>COLONIAL LANE</strong><br><span>Surface: sealed</span><br><span>Length: 0.10 km</span><br><span>Length rank: 1,693</span></div>"
road_7742809,path,Road centreline,hamilton_road_path,ROTOKAURI ROAD,,,,sealed,0.0986631043604972,1694,@EAA{qyemIhj}_gARRtAv@tBVtB@zAW`Bw@b@i@d@i@XyACqAi@qAqByA}Be@eBMcBLgBr@[X}@v@_@vA?|A`@nAn@n@,,,,,,,23,#1464a5cc,#1464a5cc,,,,,,,"<div><strong>ROTOKAURI ROAD</strong><br><span>Surface: sealed</span><br><span>Length: 0.10 km</span><br><span>Length rank: 1,694</span></div>"
road_3314496,path,Road centreline,hamilton_road_path,WITEHIRA WAY,,,,sealed,0.0986501270492139,1695,@EAAu~tfmIbxp}fAkb@pN_NmB}CiI,,,,,,,23,#1464a5cc,#1464a5cc,,,,,,,"<div><strong>WITEHIRA WAY</strong><br><span>Surface: sealed</span><br><span>Length: 0.10 km</span><br><span>Length rank: 1,695</span></div>"
road_3314435,path,Road centreline,hamilton_road_path,MAKEPEACE PLACE,,,,sealed,0.0984728575648099,1696,@EAAinahmIjfj~fAsCpDaB`Dq@bFQxEG|BT~BhBzExDpEpDrB,,,,,,,23,#1464a5cc,#1464a5cc,,,,,,,"<div><strong>MAKEPEACE PLACE</strong><br><span>Surface: sealed</span><br><span>Length: 0.10 km</span><br><span>Length rank: 1,696</span></div>"
road_3314646,path,Road centreline,hamilton_road_path,RIVERTON PLACE,,,,sealed,0.0983895573829385,1697,@EAA{_qjmIxxw_gAnK_XxOeX,,,,,,,23,#1464a5cc,#1464a5cc,,,,,,,"<div><strong>RIVERTON PLACE</strong><br><span>Surface: sealed</span><br><span>Length: 0.10 km</span><br><span>Length rank: 1,697</span></div>"
road_3314723,path,Road centreline,hamilton_road_path,NORTHMEADOW DRIVE,,,,sealed,0.0983458237037111,1698,@EAA}ythmIvo~}fAn@nG[hDaBfFiB~Fq@~F{@dP,,,,,,,23,#1464a5cc,#1464a5cc,,,,,,,"<div><strong>NORTHMEADOW DRIVE</strong><br><span>Surface: sealed</span><br><span>Length: 0.10 km</span><br><span>Length rank: 1,698</span></div>"
road_3314282,path,Road centreline,hamilton_road_path,WILLOW ROAD,,,,sealed,0.0983332687679121,1699,@EAAyz~kmI`{zagAiPoCoD}@gCkAcCcBiCoCuL}Q,,,,,,,23,#1464a5cc,#1464a5cc,,,,,,,"<div><strong>WILLOW ROAD</strong><br><span>Surface: sealed</span><br><span>Length: 0.10 km</span><br><span>Length rank: 1,699</span></div>"
road_3314359,path,Road centreline,hamilton_road_path,ELIZABETH STREET,,,,sealed,0.0980434531455793,1700,@EAAkhbhmIlda`gAaYxj@_BfE,,,,,,,23,#1464a5cc,#1464a5cc,,,,,,,"<div><strong>ELIZABETH STREET</strong><br><span>Surface: sealed</span><br><span>Length: 0.10 km</span><br><span>Length rank: 1,700</span></div>"
road_6064565,path,Road centreline,hamilton_road_path,DALRAY CRESCENT,,,,sealed,0.0979613646754117,1701,@EAA_ijgmIzme`gAqBg@gB{@i@}BVyEPeGbBiQr@gJ,,,,,,,23,#1464a5cc,#1464a5cc,,,,,,,"<div><strong>DALRAY CRESCENT</strong><br><span>Surface: sealed</span><br><span>Length: 0.10 km</span><br><span>Length rank: 1,701</span></div>"
road_3314217,path,Road centreline,hamilton_road_path,DUNSFORD MEWS,,,,sealed,0.0979433847970027,1702,@EAAqmximItsvagArG`Dpc@lTpBh@`CJdD],,,,,,,23,#1464a5cc,#1464a5cc,,,,,,,"<div><strong>DUNSFORD MEWS</strong><br><span>Surface: sealed</span><br><span>Length: 0.10 km</span><br><span>Length rank: 1,702</span></div>"
road_3314661,path,Road centreline,hamilton_road_path,BLUE CEDAR LANE,,,,sealed,0.0974865577090281,1703,@EAAgkzimIhk|_gAuA~Dw@fEaBvC}@hCYzBFtAB|@GfAg@z@_Ah@uANuCWoCo@w@a@_Bc@sBM,,,,,,,23,#1464a5cc,#1464a5cc,,,,,,,"<div><strong>BLUE CEDAR LANE</strong><br><span>Surface: sealed</span><br><span>Length: 0.10 km</span><br><span>Length rank: 1,703</span></div>"
road_3283142,path,Road centreline,hamilton_road_path,LINTHORPE PLACE,,,,sealed,0.0974822323040688,1704,@EAAsaflmIbkkbgAkbAsK,,,,,,,23,#1464a5cc,#1464a5cc,,,,,,,"<div><strong>LINTHORPE PLACE</strong><br><span>Surface: sealed</span><br><span>Length: 0.10 km</span><br><span>Length rank: 1,704</span></div>"
road_3314635,path,Road centreline,hamilton_road_path,ARTHUR PLACE,,,,sealed,0.0972803391930458,1705,@EAAujgimI~dk_gAkA~EyPjl@,,,,,,,23,#1464a5cc,#1464a5cc,,,,,,,"<div><strong>ARTHUR PLACE</strong><br><span>Surface: sealed</span><br><span>Length: 0.10 km</span><br><span>Length rank: 1,705</span></div>"
road_3314061,path,Road centreline,hamilton_road_path,KRIPPNER PLACE,,,,sealed,0.0971144492482588,1706,@EAAukggmIbnoagAwAyCmOwd@aAsAqAw@wBeA,,,,,,,23,#1464a5cc,#1464a5cc,,,,,,,"<div><strong>KRIPPNER PLACE</strong><br><span>Surface: sealed</span><br><span>Length: 0.10 km</span><br><span>Length rank: 1,706</span></div>"
road_7742861,path,Road centreline,hamilton_road_path,BORMAN ROAD,,,,sealed,0.0970672800451329,1707,@EAAsgqimIj|l}fAuCgDiCgBcD_BKAel@{K,,,,,,,23,#1464a5cc,#1464a5cc,,,,,,,"<div><strong>BORMAN ROAD</strong><br><span>Surface: sealed</span><br><span>Length: 0.10 km</span><br><span>Length rank: 1,707</span></div>"
road_3314612,path,Road centreline,hamilton_road_path,CONWAY PLACE,,,,sealed,0.0968187730933082,1708,@EAAkvxhmIhfr_gArKqFzMiKpHgHxFkJ,,,,,,,23,#1464a5cc,#1464a5cc,,,,,,,"<div><strong>CONWAY PLACE</strong><br><span>Surface: sealed</span><br><span>Length: 0.10 km</span><br><span>Length rank: 1,708</span></div>"
road_3314181,path,Road centreline,hamilton_road_path,MCEWAN PLACE,,,,sealed,0.0967260080071815,1709,@EAA_zrjmItbxbgAD`Dp@rB~AtBlRtLfSzK,,,,,,,23,#1464a5cc,#1464a5cc,,,,,,,"<div><strong>MCEWAN PLACE</strong><br><span>Surface: sealed</span><br><span>Length: 0.10 km</span><br><span>Length rank: 1,709</span></div>"
road_3314412,path,Road centreline,hamilton_road_path,DE LEEUW PLACE,,,,sealed,0.0966557176175123,1710,@EAAeysemItij~fAaIiC}LiDgRqFaCoBiAsBuA{E,,,,,,,23,#1464a5cc,#1464a5cc,,,,,,,"<div><strong>DE LEEUW PLACE</strong><br><span>Surface: sealed</span><br><span>Length: 0.10 km</span><br><span>Length rank: 1,710</span></div>"
road_3314562,path,Road centreline,hamilton_road_path,LEANDER PLACE,,,,sealed,0.0966486797669846,1711,@EAAk}ogmIvoz}fAh@|H`AhDzBdExD`CpFlArPvDzCt@,,,,,,,23,#1464a5cc,#1464a5cc,,,,,,,"<div><strong>LEANDER PLACE</strong><br><span>Surface: sealed</span><br><span>Length: 0.10 km</span><br><span>Length rank: 1,711</span></div>"
road_3314512,path,Road centreline,hamilton_road_path,SAVANNAH PLACE,,,,sealed,0.0965914134845162,1712,@EAAkuchmIjlo}fAtCgHOgCmC{LWmCRkC~BsO,,,,,,,23,#1464a5cc,#1464a5cc,,,,,,,"<div><strong>SAVANNAH PLACE</strong><br><span>Surface: sealed</span><br><span>Length: 0.10 km</span><br><span>Length rank: 1,712</span></div>"
road_3314391,path,Road centreline,hamilton_road_path,BOLLARD STREET,,,,sealed,0.0965737615374198,1713,@EAAya}gmIfho`gAje@al@,,,,,,,23,#1464a5cc,#1464a5cc,,,,,,,"<div><strong>BOLLARD STREET</strong><br><span>Surface: sealed</span><br><span>Length: 0.10 km</span><br><span>Length rank: 1,713</span></div>"
road_6064583,path,Road centreline,hamilton_road_path,Road centreline,,,,sealed,0.0964962314703433,1714,@EAA_~`fmIda{~fAoAmBw@}@kAe@oDSyF_AeEoAuEoC}DmCeB_ByBkCkCsD,,,,,,,23,#1464a5cc,#1464a5cc,,,,,,,"<div><strong>Road 6064583</strong><br><span>Surface: sealed</span><br><span>Length: 0.10 km</span><br><span>Length rank: 1,714</span></div>"
road_3314005,path,Road centreline,hamilton_road_path,IRIS PLACE,,,,sealed,0.0962918924077871,1715,@EAAqjvemI|fw`gAoViLgB}@cT}DcFi@sDK,,,,,,,23,#1464a5cc,#1464a5cc,,,,,,,"<div><strong>IRIS PLACE</strong><br><span>Surface: sealed</span><br><span>Length: 0.10 km</span><br><span>Length rank: 1,715</span></div>"
road_8329691,path,Road centreline,hamilton_road_path,WHAKATIPU STREET,,,,sealed,0.0961293198480411,1716,@EAAkvbfmI~dlcgAmn@|e@,,,,,,,23,#1464a5cc,#1464a5cc,,,,,,,"<div><strong>WHAKATIPU STREET</strong><br><span>Surface: sealed</span><br><span>Length: 0.10 km</span><br><span>Length rank: 1,716</span></div>"
road_3314642,path,Road centreline,hamilton_road_path,LYDIARD PLACE,,,,sealed,0.0961150905469141,1717,@EAA{gcjmI`ju_gAlPkf@ZoBSoBy@aD,,,,,,,23,#1464a5cc,#1464a5cc,,,,,,,"<div><strong>LYDIARD PLACE</strong><br><span>Surface: sealed</span><br><span>Length: 0.10 km</span><br><span>Length rank: 1,717</span></div>"
road_7742831,path,Road centreline,hamilton_road_path,PLATINA PLACE,,,,sealed,0.0961004246695245,1718,@EAAo|egmI|vy}fA]jAuBxG]t@U\a@^a@Zk@Xy@PcAJ_BBsd@O,,,,,,,23,#1464a5cc,#1464a5cc,,,,,,,"<div><strong>PLATINA PLACE</strong><br><span>Surface: sealed</span><br><span>Length: 0.10 km</span><br><span>Length rank: 1,718</span></div>"
road_3314379,path,Road centreline,hamilton_road_path,AVALON DRIVE,,,,sealed,0.0960669995525142,1719,@EAAevwfmIdej`gA_Dv@uEfCmCrBkApAqKfJeDpBmHhCqE~@,,,,,,,23,#1464a5cc,#1464a5cc,,,,,,,"<div><strong>AVALON DRIVE</strong><br><span>Surface: sealed</span><br><span>Length: 0.10 km</span><br><span>Length rank: 1,719</span></div>"
road_3314156,path,Road centreline,hamilton_road_path,TRIGG PLACE,,,,sealed,0.0960468130765929,1720,@EAAweximIllqbgAsIlt@,,,,,,,23,#1464a5cc,#1464a5cc,,,,,,,"<div><strong>TRIGG PLACE</strong><br><span>Surface: sealed</span><br><span>Length: 0.10 km</span><br><span>Length rank: 1,720</span></div>"
road_8329720,path,Road centreline,hamilton_road_path,Road centreline,,,,sealed,0.0959196769944819,1721,@EAAar|fmIfr`~fAhp@iS|IwC,,,,,,,23,#1464a5cc,#1464a5cc,,,,,,,"<div><strong>Road 8329720</strong><br><span>Surface: sealed</span><br><span>Length: 0.10 km</span><br><span>Length rank: 1,721</span></div>"
road_3314641,path,Road centreline,hamilton_road_path,UPHAM PLACE,,,,sealed,0.095851721066666,1722,@EAAw|yimIjae_gAhM|Edm@nP,,,,,,,23,#1464a5cc,#1464a5cc,,,,,,,"<div><strong>UPHAM PLACE</strong><br><span>Surface: sealed</span><br><span>Length: 0.10 km</span><br><span>Length rank: 1,722</span></div>"
road_3314256,path,Road centreline,hamilton_road_path,TEDDY STREET,,,,sealed,0.0958125720322439,1723,@EAAktthmI`}r`gAmc@ol@,,,,,,,23,#1464a5cc,#1464a5cc,,,,,,,"<div><strong>TEDDY STREET</strong><br><span>Surface: sealed</span><br><span>Length: 0.10 km</span><br><span>Length rank: 1,723</span></div>"
road_3314546,path,Road centreline,hamilton_road_path,BURLEIGH PLACE,,,,sealed,0.0957278183053177,1724,@EAAk~jhmIhil~fAn\|DxPvCvPpC,,,,,,,23,#1464a5cc,#1464a5cc,,,,,,,"<div><strong>BURLEIGH PLACE</strong><br><span>Surface: sealed</span><br><span>Length: 0.10 km</span><br><span>Length rank: 1,724</span></div>"
road_3314785,path,Road centreline,hamilton_road_path,GRENACHE PLACE,,,,sealed,0.09569265103771,1725,@EAAyxcimItlc~fA_QwCqF_BeR{GgEyAcBkAy@qAs@_A,,,,,,,23,#1464a5cc,#1464a5cc,,,,,,,"<div><strong>GRENACHE PLACE</strong><br><span>Surface: sealed</span><br><span>Length: 0.10 km</span><br><span>Length rank: 1,725</span></div>"
road_7742828,path,Road centreline,hamilton_road_path,Road centreline,,,,sealed,0.0956268821279043,1726,@EAAopehmInsh~fAvMi\p@u@~@]pCOpASlAg@`DmH,,,,,,,23,#1464a5cc,#1464a5cc,,,,,,,"<div><strong>Road 7742828</strong><br><span>Surface: sealed</span><br><span>Length: 0.10 km</span><br><span>Length rank: 1,726</span></div>"
road_3314451,path,Road centreline,hamilton_road_path,RIVER OAKS PLACE,,,,sealed,0.0955946107901487,1727,@EAAuyvfmInfi~fAyX|C}G\wIHeFN{Cf@cGfB,,,,,,,23,#1464a5cc,#1464a5cc,,,,,,,"<div><strong>RIVER OAKS PLACE</strong><br><span>Surface: sealed</span><br><span>Length: 0.10 km</span><br><span>Length rank: 1,727</span></div>"
road_3314448,path,Road centreline,hamilton_road_path,RONALD COURT,,,,sealed,0.0955674403732867,1728,@EAAmwsfmIvwl~fAoaAiI,,,,,,,23,#1464a5cc,#1464a5cc,,,,,,,"<div><strong>RONALD COURT</strong><br><span>Surface: sealed</span><br><span>Length: 0.10 km</span><br><span>Length rank: 1,728</span></div>"
road_3314515,path,Road centreline,hamilton_road_path,JOHNNYBRO PLACE,,,,sealed,0.095447860229649,1729,@EAA_nhhmIltk}fArC_b@y@kDuEcDaEyA,,,,,,,23,#1464a5cc,#1464a5cc,,,,,,,"<div><strong>JOHNNYBRO PLACE</strong><br><span>Surface: sealed</span><br><span>Length: 0.10 km</span><br><span>Length rank: 1,729</span></div>"
road_7742845,path,Road centreline,hamilton_road_path,SQUIRE AVENUE,,,,sealed,0.095298007986737,1730,@EAAqehjmItqb_gAyQpr@,,,,,,,23,#1464a5cc,#1464a5cc,,,,,,,"<div><strong>SQUIRE AVENUE</strong><br><span>Surface: sealed</span><br><span>Length: 0.10 km</span><br><span>Length rank: 1,730</span></div>"
road_3314278,path,Road centreline,hamilton_road_path,PAGE PLACE,,,,sealed,0.0950047130120857,1731,@EAAwv~jmIjtqagAjS_h@hCwG,,,,,,,23,#1464a5cc,#1464a5cc,,,,,,,"<div><strong>PAGE PLACE</strong><br><span>Surface: sealed</span><br><span>Length: 0.10 km</span><br><span>Length rank: 1,731</span></div>"
road_3314133,path,Road centreline,hamilton_road_path,BREMRIDGE PLACE,,,,sealed,0.0948681285843225,1732,@EAAygthmIzwgcgAaw@s\,,,,,,,23,#1464a5cc,#1464a5cc,,,,,,,"<div><strong>BREMRIDGE PLACE</strong><br><span>Surface: sealed</span><br><span>Length: 0.09 km</span><br><span>Length rank: 1,732</span></div>"
road_3314149,path,Road centreline,hamilton_road_path,FITZROY AVENUE,,,,sealed,0.094816599938023,1733,@EAAqwojmIrq_cgArw@z[,,,,,,,23,#1464a5cc,#1464a5cc,,,,,,,"<div><strong>FITZROY AVENUE</strong><br><span>Surface: sealed</span><br><span>Length: 0.09 km</span><br><span>Length rank: 1,733</span></div>"
road_3314231,path,Road centreline,hamilton_road_path,WARR STREET,,,,sealed,0.0946612753515063,1734,@EAA{mdjmI|gaagAt_AfM,,,,,,,23,#1464a5cc,#1464a5cc,,,,,,,"<div><strong>WARR STREET</strong><br><span>Surface: sealed</span><br><span>Length: 0.09 km</span><br><span>Length rank: 1,734</span></div>"
road_3314080,path,Road centreline,hamilton_road_path,GOODFELLOW PLACE,,,,sealed,0.0946191292437459,1735,@EAAwhvgmIxkaagAy@}Ck@wByAmI{@wFRgDn@_CjAsBdAaB`BeA|DoA,,,,,,,23,#1464a5cc,#1464a5cc,,,,,,,"<div><strong>GOODFELLOW PLACE</strong><br><span>Surface: sealed</span><br><span>Length: 0.09 km</span><br><span>Length rank: 1,735</span></div>"
road_3314475,path,Road centreline,hamilton_road_path,ENSIGN PLACE,,,,sealed,0.0943007540659749,1736,@EAAmzvgmIpyd~fAc_A_N,,,,,,,23,#1464a5cc,#1464a5cc,,,,,,,"<div><strong>ENSIGN PLACE</strong><br><span>Surface: sealed</span><br><span>Length: 0.09 km</span><br><span>Length rank: 1,736</span></div>"
road_3314327,path,Road centreline,hamilton_road_path,FARNBOROUGH DRIVE,,,,sealed,0.0942584814564837,1737,@EAAq~~emIbsp`gAl[ae@@AlC_G,,,,,,,23,#1464a5cc,#1464a5cc,,,,,,,"<div><strong>FARNBOROUGH DRIVE</strong><br><span>Surface: sealed</span><br><span>Length: 0.09 km</span><br><span>Length rank: 1,737</span></div>"
road_3314472,path,Road centreline,hamilton_road_path,MILLENNIUM HEIGHTS,,,,sealed,0.0941587976962027,1738,@EAAwxhgmI`ad~fAjEb@~Eb@hEA~FExFYxPaCdDi@pEs@,,,,,,,23,#1464a5cc,#1464a5cc,,,,,,,"<div><strong>MILLENNIUM HEIGHTS</strong><br><span>Surface: sealed</span><br><span>Length: 0.09 km</span><br><span>Length rank: 1,738</span></div>"
road_3314162,path,Road centreline,hamilton_road_path,MELROSE PLACE,,,,sealed,0.0940412529625716,1739,@EAAcjljmI|fgbgAyr@k`@,,,,,,,23,#1464a5cc,#1464a5cc,,,,,,,"<div><strong>MELROSE PLACE</strong><br><span>Surface: sealed</span><br><span>Length: 0.09 km</span><br><span>Length rank: 1,739</span></div>"
road_3314324,path,Road centreline,hamilton_road_path,JOHANNES COURT,,,,sealed,0.0940115472968069,1740,@EAAunnfmIrzg`gAnBvDhB`CtBbCh^|Y,,,,,,,23,#1464a5cc,#1464a5cc,,,,,,,"<div><strong>JOHANNES COURT</strong><br><span>Surface: sealed</span><br><span>Length: 0.09 km</span><br><span>Length rank: 1,740</span></div>"
road_3314755,path,Road centreline,hamilton_road_path,LIMERICK LANE,,,,sealed,0.0938744169801682,1741,@EAAai{hmIjlu}fAg|@vFcCn@,,,,,,,23,#1464a5cc,#1464a5cc,,,,,,,"<div><strong>LIMERICK LANE</strong><br><span>Surface: sealed</span><br><span>Length: 0.09 km</span><br><span>Length rank: 1,741</span></div>"
road_3314889,path,Road centreline,hamilton_road_path,BERN ROAD,,,,sealed,0.0938615957612594,1742,@EAAi{|dmI`fw|fApDj@bB\zAd@fBh@lJhDxCpAvYbL,,,,,,,23,#1464a5cc,#1464a5cc,,,,,,,"<div><strong>BERN ROAD</strong><br><span>Surface: sealed</span><br><span>Length: 0.09 km</span><br><span>Length rank: 1,742</span></div>"
road_3314119,path,Road centreline,hamilton_road_path,OAK AVENUE,,,,sealed,0.0937076377400881,1743,@EAAiavfmInit`gAjDYvDkAx_@qa@,,,,,,,23,#1464a5cc,#1464a5cc,,,,,,,"<div><strong>OAK AVENUE</strong><br><span>Surface: sealed</span><br><span>Length: 0.09 km</span><br><span>Length rank: 1,743</span></div>"
road_6064587,path,Road centreline,hamilton_road_path,HELENSLEE COURT,,,,sealed,0.0932708493837238,1744,@EAAs~dgmI`vw}fAjG_AjHAnG^bFhBhVjO,,,,,,,23,#1464a5cc,#1464a5cc,,,,,,,"<div><strong>HELENSLEE COURT</strong><br><span>Surface: sealed</span><br><span>Length: 0.09 km</span><br><span>Length rank: 1,744</span></div>"
road_8329772,path,Road centreline,hamilton_road_path,WAITIHI WAY,,,,sealed,0.0932518300129787,1745,@EAA_`chmIf~s|fAj@pMx@jKlD`X,,,,,,,23,#1464a5cc,#1464a5cc,,,,,,,"<div><strong>WAITIHI WAY</strong><br><span>Surface: sealed</span><br><span>Length: 0.09 km</span><br><span>Length rank: 1,745</span></div>"
road_3314677,path,Road centreline,hamilton_road_path,WATTLE PLACE,,,,sealed,0.0929477890031567,1746,@EAA_akjmIxys_gAi|@gR,,,,,,,23,#1464a5cc,#1464a5cc,,,,,,,"<div><strong>WATTLE PLACE</strong><br><span>Surface: sealed</span><br><span>Length: 0.09 km</span><br><span>Length rank: 1,746</span></div>"
road_3313988,path,Road centreline,hamilton_road_path,ROSEHILL PLACE,,,,sealed,0.0927900338986029,1747,@EAAgsefmIrwz`gArj@cf@,,,,,,,23,#1464a5cc,#1464a5cc,,,,,,,"<div><strong>ROSEHILL PLACE</strong><br><span>Surface: sealed</span><br><span>Length: 0.09 km</span><br><span>Length rank: 1,747</span></div>"
road_3314481,path,Road centreline,hamilton_road_path,TELFORD PLACE,,,,sealed,0.0926971273294863,1748,@EAAsjdgmI`zt}fAsGq@aBqAy@eAWeDJ{Bj@{\,,,,,,,23,#1464a5cc,#1464a5cc,,,,,,,"<div><strong>TELFORD PLACE</strong><br><span>Surface: sealed</span><br><span>Length: 0.09 km</span><br><span>Length rank: 1,748</span></div>"
road_3314686,path,Road centreline,hamilton_road_path,CRAIG PLACE,,,,sealed,0.0924910044338359,1749,@EAAc{wjmIjb{_gAaU`p@,,,,,,,23,#1464a5cc,#1464a5cc,,,,,,,"<div><strong>CRAIG PLACE</strong><br><span>Surface: sealed</span><br><span>Length: 0.09 km</span><br><span>Length rank: 1,749</span></div>"
road_7742839,path,Road centreline,hamilton_road_path,Road centreline,,,,sealed,0.0924403608301101,1750,@EAAs|egmIbgn}fAuF^yGj@{DB}CI{GOuCIuHZgGt@}D`@,,,,,,,23,#1464a5cc,#1464a5cc,,,,,,,"<div><strong>Road 7742839</strong><br><span>Surface: sealed</span><br><span>Length: 0.09 km</span><br><span>Length rank: 1,750</span></div>"
road_3314478,path,Road centreline,hamilton_road_path,THE HAVEN,,,,sealed,0.0924333833783483,1751,@EAAomygmIbe`~fAoYeJoXiG_GI,,,,,,,23,#1464a5cc,#1464a5cc,,,,,,,"<div><strong>THE HAVEN</strong><br><span>Surface: sealed</span><br><span>Length: 0.09 km</span><br><span>Length rank: 1,751</span></div>"
road_3314718,path,Road centreline,hamilton_road_path,KILMUIR PLACE,,,,sealed,0.0919123101594468,1752,@EAAiurhmIbff~fAib@oj@,,,,,,,23,#1464a5cc,#1464a5cc,,,,,,,"<div><strong>KILMUIR PLACE</strong><br><span>Surface: sealed</span><br><span>Length: 0.09 km</span><br><span>Length rank: 1,752</span></div>"
road_3314624,path,Road centreline,hamilton_road_path,BEVAN LANE,,,,sealed,0.0918622140728864,1753,@EAAekfjmI~~m`gA{a@tj@,,,,,,,23,#1464a5cc,#1464a5cc,,,,,,,"<div><strong>BEVAN LANE</strong><br><span>Surface: sealed</span><br><span>Length: 0.09 km</span><br><span>Length rank: 1,753</span></div>"
road_3313948,path,Road centreline,hamilton_road_path,HARVARD COURT,,,,sealed,0.0917000007322756,1754,@EAAmprhmIxthcgAxIzEdFvCpEhAdS`CjLzA,,,,,,,23,#1464a5cc,#1464a5cc,,,,,,,"<div><strong>HARVARD COURT</strong><br><span>Surface: sealed</span><br><span>Length: 0.09 km</span><br><span>Length rank: 1,754</span></div>"
road_3314378,path,Road centreline,hamilton_road_path,KIM LANE,,,,sealed,0.0914993013230726,1755,@EAAmmtfmIrdl`gAce@th@,,,,,,,23,#1464a5cc,#1464a5cc,,,,,,,"<div><strong>KIM LANE</strong><br><span>Surface: sealed</span><br><span>Length: 0.09 km</span><br><span>Length rank: 1,755</span></div>"
road_3313942,path,Road centreline,hamilton_road_path,WISER PLACE,,,,sealed,0.0914063817604559,1756,@EAAmqnemIf_fcgApEpE|BlDh@tBGpCeA|CuM`S,,,,,,,23,#1464a5cc,#1464a5cc,,,,,,,"<div><strong>WISER PLACE</strong><br><span>Surface: sealed</span><br><span>Length: 0.09 km</span><br><span>Length rank: 1,756</span></div>"
road_3314094,path,Road centreline,hamilton_road_path,LEONARD PLACE,,,,sealed,0.0913605590254229,1757,@EAAqkxfmIdfqagAho@ha@,,,,,,,23,#1464a5cc,#1464a5cc,,,,,,,"<div><strong>LEONARD PLACE</strong><br><span>Surface: sealed</span><br><span>Length: 0.09 km</span><br><span>Length rank: 1,757</span></div>"
road_3314370,path,Road centreline,hamilton_road_path,MANGAKOEA PLACE,,,,sealed,0.0911280755961414,1758,@EAAgdsgmIdcc_gA`Zdg@RvAD|A,,,,,,,23,#1464a5cc,#1464a5cc,,,,,,,"<div><strong>MANGAKOEA PLACE</strong><br><span>Surface: sealed</span><br><span>Length: 0.09 km</span><br><span>Length rank: 1,758</span></div>"
road_3314403,path,Road centreline,hamilton_road_path,GOLF GROVE,,,,sealed,0.091113267209203,1759,@EAA{{zgmI|ig_gAej@aOiBu@eAuAm@wA_AyB,,,,,,,23,#1464a5cc,#1464a5cc,,,,,,,"<div><strong>GOLF GROVE</strong><br><span>Surface: sealed</span><br><span>Length: 0.09 km</span><br><span>Length rank: 1,759</span></div>"
road_3314551,path,Road centreline,hamilton_road_path,HALYARD CLOSE,,,,sealed,0.0909459300897776,1760,@EAAsoygmI|oi~fArMmPlJkO`DyI,,,,,,,23,#1464a5cc,#1464a5cc,,,,,,,"<div><strong>HALYARD CLOSE</strong><br><span>Surface: sealed</span><br><span>Length: 0.09 km</span><br><span>Length rank: 1,760</span></div>"
road_3314581,path,Road centreline,hamilton_road_path,SANDOWNE CLOSE,,,,sealed,0.0908290780644935,1761,@EAAujahmIv{s}fAvArJWfCo@`CcDrG{DjEgIrI,,,,,,,23,#1464a5cc,#1464a5cc,,,,,,,"<div><strong>SANDOWNE CLOSE</strong><br><span>Surface: sealed</span><br><span>Length: 0.09 km</span><br><span>Length rank: 1,761</span></div>"
road_3307453,path,Road centreline,hamilton_road_path,MCGREGOR PLACE,,,,sealed,0.0908130649025405,1762,@EAAe}nkmIryzagA{Ag@{A[sAQkAM}AEgB@yAHeBP_BZyA`@qBr@gXbL,,,,,,,23,#1464a5cc,#1464a5cc,,,,,,,"<div><strong>MCGREGOR PLACE</strong><br><span>Surface: sealed</span><br><span>Length: 0.09 km</span><br><span>Length rank: 1,762</span></div>"
road_3314625,path,Road centreline,hamilton_road_path,ENDERLEY LANE,,,,sealed,0.0906513728329962,1763,@EAA_yfjmIzwm`gAca@hj@,,,,,,,23,#1464a5cc,#1464a5cc,,,,,,,"<div><strong>ENDERLEY LANE</strong><br><span>Surface: sealed</span><br><span>Length: 0.09 km</span><br><span>Length rank: 1,763</span></div>"
road_3314487,path,Road centreline,hamilton_road_path,OAKMONT PLACE,,,,sealed,0.0906082083977302,1764,@EAAe{hhmInug~fAro@lLfKzA,,,,,,,23,#1464a5cc,#1464a5cc,,,,,,,"<div><strong>OAKMONT PLACE</strong><br><span>Surface: sealed</span><br><span>Length: 0.09 km</span><br><span>Length rank: 1,764</span></div>"
road_6064564,path,Road centreline,hamilton_road_path,DALRAY CRESCENT,,,,sealed,0.090512469608415,1765,@EAA}pigmIr~c`gAmAfDqA|D}IfUcGxL,,,,,,,23,#1464a5cc,#1464a5cc,,,,,,,"<div><strong>DALRAY CRESCENT</strong><br><span>Surface: sealed</span><br><span>Length: 0.09 km</span><br><span>Length rank: 1,765</span></div>"
road_3314381,path,Road centreline,hamilton_road_path,CRAWFORD STREET,,,,sealed,0.0903499275486093,1766,@EAAgxvfmIjhc`gAjS`Itb@rM,,,,,,,23,#1464a5cc,#1464a5cc,,,,,,,"<div><strong>CRAWFORD STREET</strong><br><span>Surface: sealed</span><br><span>Length: 0.09 km</span><br><span>Length rank: 1,766</span></div>"
road_3314409,path,Road centreline,hamilton_road_path,PARKINSON PLACE,,,,sealed,0.0902134254591674,1767,@EAA}bwemIrqp~fAmXvWaAxBe@`Db@nH,,,,,,,23,#1464a5cc,#1464a5cc,,,,,,,"<div><strong>PARKINSON PLACE</strong><br><span>Surface: sealed</span><br><span>Length: 0.09 km</span><br><span>Length rank: 1,767</span></div>"
road_6064589,path,Road centreline,hamilton_road_path,ROTOTUNA ROAD,,,,sealed,0.090116049271431,1768,@EAAmibhmIhsg~fAwLcGmKkFeDcB}NeHiC_A,,,,,,,23,#1464a5cc,#1464a5cc,,,,,,,"<div><strong>ROTOTUNA ROAD</strong><br><span>Surface: sealed</span><br><span>Length: 0.09 km</span><br><span>Length rank: 1,768</span></div>"
road_3314582,path,Road centreline,hamilton_road_path,ALDERWICK PLACE,,,,sealed,0.0899979268681373,1769,@EAA}tghmIvbu}fAiBiC{EoD}FiEkEcDeBoBaB{D_AgD{AcD,,,,,,,23,#1464a5cc,#1464a5cc,,,,,,,"<div><strong>ALDERWICK PLACE</strong><br><span>Surface: sealed</span><br><span>Length: 0.09 km</span><br><span>Length rank: 1,769</span></div>"
road_3314407,path,Road centreline,hamilton_road_path,BEADLE PLACE,,,,sealed,0.0899032770954412,1770,@EAAqm`gmIpa__gAuN`p@,,,,,,,23,#1464a5cc,#1464a5cc,,,,,,,"<div><strong>BEADLE PLACE</strong><br><span>Surface: sealed</span><br><span>Length: 0.09 km</span><br><span>Length rank: 1,770</span></div>"
road_3314351,path,Road centreline,hamilton_road_path,CHRISTIE STREET,,,,sealed,0.0898386718820125,1771,@EAA_xygmIxcg`gAug@|e@,,,,,,,23,#1464a5cc,#1464a5cc,,,,,,,"<div><strong>CHRISTIE STREET</strong><br><span>Surface: sealed</span><br><span>Length: 0.09 km</span><br><span>Length rank: 1,771</span></div>"
road_3314497,path,Road centreline,hamilton_road_path,DELIA COURT,,,,sealed,0.0897986889165974,1772,@EAAom{fmIliq}fAmA}@u@I{@GwHP}G`@gFb@_EZcJU_Lg@,,,,,,,23,#1464a5cc,#1464a5cc,,,,,,,"<div><strong>DELIA COURT</strong><br><span>Surface: sealed</span><br><span>Length: 0.09 km</span><br><span>Length rank: 1,772</span></div>"
road_3314688,path,Road centreline,hamilton_road_path,PLYMOUTH PLACE,,,,sealed,0.0897304792006911,1773,@EAA}b|jmIjvt_gA~HaHvJwGtKuDlOkD,,,,,,,23,#1464a5cc,#1464a5cc,,,,,,,"<div><strong>PLYMOUTH PLACE</strong><br><span>Surface: sealed</span><br><span>Length: 0.09 km</span><br><span>Length rank: 1,773</span></div>"
road_8329690,path,Road centreline,hamilton_road_path,MATUA STREET,,,,sealed,0.0893840851209638,1774,@EAAgtafmI`_mcgAEBak@|b@,,,,,,,23,#1464a5cc,#1464a5cc,,,,,,,"<div><strong>MATUA STREET</strong><br><span>Surface: sealed</span><br><span>Length: 0.09 km</span><br><span>Length rank: 1,774</span></div>"
road_3313992,path,Road centreline,hamilton_road_path,FLEMINGTON PLACE,,,,sealed,0.0893433182759457,1775,@EAAq{ifmIjxu`gA_MtNmBzDyCnKkAjJ,,,,,,,23,#1464a5cc,#1464a5cc,,,,,,,"<div><strong>FLEMINGTON PLACE</strong><br><span>Surface: sealed</span><br><span>Length: 0.09 km</span><br><span>Length rank: 1,775</span></div>"
road_3314194,path,Road centreline,hamilton_road_path,SHERIFF PLACE,,,,sealed,0.0892905939320344,1776,@EAAklskmInimbgANdPNdCXfDvDbV,,,,,,,23,#1464a5cc,#1464a5cc,,,,,,,"<div><strong>SHERIFF PLACE</strong><br><span>Surface: sealed</span><br><span>Length: 0.09 km</span><br><span>Length rank: 1,776</span></div>"
road_3314003,path,Road centreline,hamilton_road_path,SOUTHWORTH PLACE,,,,sealed,0.0892026491807435,1777,@EAAucremIzx~`gAbp@s^,,,,,,,23,#1464a5cc,#1464a5cc,,,,,,,"<div><strong>SOUTHWORTH PLACE</strong><br><span>Surface: sealed</span><br><span>Length: 0.09 km</span><br><span>Length rank: 1,777</span></div>"
road_3314767,path,Road centreline,hamilton_road_path,KENNETH PLACE,,,,sealed,0.0890737129852748,1778,@EAAumuhmIbao~fAaGeDwp@aM,,,,,,,23,#1464a5cc,#1464a5cc,,,,,,,"<div><strong>KENNETH PLACE</strong><br><span>Surface: sealed</span><br><span>Length: 0.09 km</span><br><span>Length rank: 1,778</span></div>"
road_3314623,path,Road centreline,hamilton_road_path,MCPHERSON PLACE,,,,sealed,0.0890710222793606,1779,@EAAmduimI~c~_gAbOmo@,,,,,,,23,#1464a5cc,#1464a5cc,,,,,,,"<div><strong>MCPHERSON PLACE</strong><br><span>Surface: sealed</span><br><span>Length: 0.09 km</span><br><span>Length rank: 1,779</span></div>"
road_3314410,path,Road centreline,hamilton_road_path,BARNETT PLACE,,,,sealed,0.0889343682266618,1780,@EAAo}uemIdol~fAyBiAkKwFyLcGkF_CyFcA}Fo@,,,,,,,23,#1464a5cc,#1464a5cc,,,,,,,"<div><strong>BARNETT PLACE</strong><br><span>Surface: sealed</span><br><span>Length: 0.09 km</span><br><span>Length rank: 1,780</span></div>"
road_3314220,path,Road centreline,hamilton_road_path,AKONA LANE,,,,sealed,0.0888298545666403,1781,@EAAqxmjmIpycbgAfPdCh@j@Dv@_FrRaCjJ,,,,,,,23,#1464a5cc,#1464a5cc,,,,,,,"<div><strong>AKONA LANE</strong><br><span>Surface: sealed</span><br><span>Length: 0.09 km</span><br><span>Length rank: 1,781</span></div>"
road_3313967,path,Road centreline,hamilton_road_path,PRINNBANK TERRACE,,,,sealed,0.0883292863002916,1782,@EAA}rmfmIb}`bgAjEkHvEyJ`KiW,,,,,,,23,#1464a5cc,#1464a5cc,,,,,,,"<div><strong>PRINNBANK TERRACE</strong><br><span>Surface: sealed</span><br><span>Length: 0.09 km</span><br><span>Length rank: 1,782</span></div>"
road_3314452,path,Road centreline,hamilton_road_path,JOSEPH LOVETT LANE,,,,sealed,0.0881422872079941,1783,@EAAexxfmIh`b~fAwNaVqIyOWaADoA,,,,,,,23,#1464a5cc,#1464a5cc,,,,,,,"<div><strong>JOSEPH LOVETT LANE</strong><br><span>Surface: sealed</span><br><span>Length: 0.09 km</span><br><span>Length rank: 1,783</span></div>"
road_3314000,path,Road centreline,hamilton_road_path,STRATA VIEW,,,,sealed,0.0880636830789974,1784,@EAAeajfmIfyragAaWTsNa@aDRiD|@kIjC,,,,,,,23,#1464a5cc,#1464a5cc,,,,,,,"<div><strong>STRATA VIEW</strong><br><span>Surface: sealed</span><br><span>Length: 0.09 km</span><br><span>Length rank: 1,784</span></div>"
road_3314159,path,Road centreline,hamilton_road_path,WAIORA TERRACE,,,,sealed,0.0879751827635403,1785,@EAAmtwjmIxfwbgAzf@ce@,,,,,,,23,#1464a5cc,#1464a5cc,,,,,,,"<div><strong>WAIORA TERRACE</strong><br><span>Surface: sealed</span><br><span>Length: 0.09 km</span><br><span>Length rank: 1,785</span></div>"
road_3314163,path,Road centreline,hamilton_road_path,COTTER PLACE,,,,sealed,0.0878484078401467,1786,@EAAkcpjmIzsfbgAqKaBcn@aJ,,,,,,,23,#1464a5cc,#1464a5cc,,,,,,,"<div><strong>COTTER PLACE</strong><br><span>Surface: sealed</span><br><span>Length: 0.09 km</span><br><span>Length rank: 1,786</span></div>"
road_3313978,path,Road centreline,hamilton_road_path,ELLA PLACE,,,,sealed,0.0878170428511789,1787,@EAAmytemIbex`gAcIkFmC}A}CmBiBiAaAa@}GsCsBu@sBw@aG_D,,,,,,,23,#1464a5cc,#1464a5cc,,,,,,,"<div><strong>ELLA PLACE</strong><br><span>Surface: sealed</span><br><span>Length: 0.09 km</span><br><span>Length rank: 1,787</span></div>"
road_3314617,path,Road centreline,hamilton_road_path,ARMITAGE PLACE,,,,sealed,0.087785115047075,1788,@EAAibcimIf`d`gAzOqn@,,,,,,,23,#1464a5cc,#1464a5cc,,,,,,,"<div><strong>ARMITAGE PLACE</strong><br><span>Surface: sealed</span><br><span>Length: 0.09 km</span><br><span>Length rank: 1,788</span></div>"
road_3314486,path,Road centreline,hamilton_road_path,BELLONA PLACE,,,,sealed,0.0876189324674435,1789,@EAA_jvgmIvfs}fAdKzNfC~BrCzAhEtAxHfArGn@,,,,,,,23,#1464a5cc,#1464a5cc,,,,,,,"<div><strong>BELLONA PLACE</strong><br><span>Surface: sealed</span><br><span>Length: 0.09 km</span><br><span>Length rank: 1,789</span></div>"
road_7742860,path,Road centreline,hamilton_road_path,SPRINGSIDE COURT,,,,sealed,0.0876030818335715,1790,@EAAixiimIbjl}fAsB}IqDeIkAuDkEgS,,,,,,,23,#1464a5cc,#1464a5cc,,,,,,,"<div><strong>SPRINGSIDE COURT</strong><br><span>Surface: sealed</span><br><span>Length: 0.09 km</span><br><span>Length rank: 1,790</span></div>"
road_3314689,path,Road centreline,hamilton_road_path,KIMIORA CLOSE,,,,sealed,0.0875784072431035,1791,@EAAitzjmI|ix_gAcMEkF_@aIqBuEeDsIqL,,,,,,,23,#1464a5cc,#1464a5cc,,,,,,,"<div><strong>KIMIORA CLOSE</strong><br><span>Surface: sealed</span><br><span>Length: 0.09 km</span><br><span>Length rank: 1,791</span></div>"
road_8329733,path,Road centreline,hamilton_road_path,MCHAFFIE WAY,,,,sealed,0.0875300936465578,1792,@EAAixnjmIzq~~fAiz@uM,,,,,,,23,#1464a5cc,#1464a5cc,,,,,,,"<div><strong>MCHAFFIE WAY</strong><br><span>Surface: sealed</span><br><span>Length: 0.09 km</span><br><span>Length rank: 1,792</span></div>"
road_3314477,path,Road centreline,hamilton_road_path,THE HAVEN,,,,sealed,0.0875260219338018,1793,@EAAoi{gmIhq_~fAsBx@aFvHqIdLgCtEmC|I,,,,,,,23,#1464a5cc,#1464a5cc,,,,,,,"<div><strong>THE HAVEN</strong><br><span>Surface: sealed</span><br><span>Length: 0.09 km</span><br><span>Length rank: 1,793</span></div>"
road_3314898,path,Road centreline,hamilton_road_path,EGTON LANE,,,,sealed,0.0874029091016493,1794,@EAA_xjgmIlxf}fA{Ev@}C|@eD|AyDbDgMpOiDtD,,,,,,,23,#1464a5cc,#1464a5cc,,,,,,,"<div><strong>EGTON LANE</strong><br><span>Surface: sealed</span><br><span>Length: 0.09 km</span><br><span>Length rank: 1,794</span></div>"
road_3314209,path,Road centreline,hamilton_road_path,TIDD STREET,,,,sealed,0.0873212914966272,1795,@EAAinjimItefbgA||@j@,,,,,,,23,#1464a5cc,#1464a5cc,,,,,,,"<div><strong>TIDD STREET</strong><br><span>Surface: sealed</span><br><span>Length: 0.09 km</span><br><span>Length rank: 1,795</span></div>"
road_8329763,path,Road centreline,hamilton_road_path,BRIOTI LANE,,,,sealed,0.0871647516454216,1796,@EAA}~mfmI|fa}fAbI_Ebj@tQ,,,,,,,23,#1464a5cc,#1464a5cc,,,,,,,"<div><strong>BRIOTI LANE</strong><br><span>Surface: sealed</span><br><span>Length: 0.09 km</span><br><span>Length rank: 1,796</span></div>"
road_3314165,path,Road centreline,hamilton_road_path,MARION PLACE,,,,sealed,0.0870948745587297,1797,@EAAuf{hmItkpcgArb@bEnGf@lHPdF],,,,,,,23,#1464a5cc,#1464a5cc,,,,,,,"<div><strong>MARION PLACE</strong><br><span>Surface: sealed</span><br><span>Length: 0.09 km</span><br><span>Length rank: 1,797</span></div>"
road_8329705,path,Road centreline,hamilton_road_path,MCGREGOR PLACE,,,,sealed,0.0868230960249335,1798,@EAAo{mkmI|a|agAu@aCsAqCy@iAoEsFuKeN{AaBcCsAk@[,,,,,,,23,#1464a5cc,#1464a5cc,,,,,,,"<div><strong>MCGREGOR PLACE</strong><br><span>Surface: sealed</span><br><span>Length: 0.09 km</span><br><span>Length rank: 1,798</span></div>"
road_8329738,path,Road centreline,hamilton_road_path,Road centreline,,,,sealed,0.0867969567158229,1799,@EAAulxhmIdeu~fAnByo@,,,,,,,23,#1464a5cc,#1464a5cc,,,,,,,"<div><strong>Road 8329738</strong><br><span>Surface: sealed</span><br><span>Length: 0.09 km</span><br><span>Length rank: 1,799</span></div>"
road_3314022,path,Road centreline,hamilton_road_path,CAULFIELD PLACE,,,,sealed,0.0867748998240882,1800,@EAAgmgfmI`{y`gAmDrFcC~BoAxAw@jAeChGo@pBcB|CgGdG,,,,,,,23,#1464a5cc,#1464a5cc,,,,,,,"<div><strong>CAULFIELD PLACE</strong><br><span>Surface: sealed</span><br><span>Length: 0.09 km</span><br><span>Length rank: 1,800</span></div>"
road_3314627,path,Road centreline,hamilton_road_path,CAISTOR STREET,,,,sealed,0.0867066594401839,1801,@EAAcmrjmIv|c`gAfCoAdA_BzMy_@PsBMsA,,,,,,,23,#1464a5cc,#1464a5cc,,,,,,,"<div><strong>CAISTOR STREET</strong><br><span>Surface: sealed</span><br><span>Length: 0.09 km</span><br><span>Length rank: 1,801</span></div>"
road_7742784,path,Road centreline,hamilton_road_path,Road centreline,,,,sealed,0.0865523525748339,1802,@EAAcg}emI~gucgAkLgDuk@dI,,,,,,,23,#1464a5cc,#1464a5cc,,,,,,,"<div><strong>Road 7742784</strong><br><span>Surface: sealed</span><br><span>Length: 0.09 km</span><br><span>Length rank: 1,802</span></div>"
road_3314630,path,Road centreline,hamilton_road_path,SEFTON CRESCENT,,,,sealed,0.0864470591932176,1803,@EAAiacimIpgq_gAjPum@,,,,,,,23,#1464a5cc,#1464a5cc,,,,,,,"<div><strong>SEFTON CRESCENT</strong><br><span>Surface: sealed</span><br><span>Length: 0.09 km</span><br><span>Length rank: 1,803</span></div>"
road_7742859,path,Road centreline,hamilton_road_path,OOLONG COURT,,,,sealed,0.0864285878246893,1804,@EAAiqeimI`so}fAd@qChBqFvQy_@,,,,,,,23,#1464a5cc,#1464a5cc,,,,,,,"<div><strong>OOLONG COURT</strong><br><span>Surface: sealed</span><br><span>Length: 0.09 km</span><br><span>Length rank: 1,804</span></div>"
road_8329742,path,Road centreline,hamilton_road_path,ODERINGS PLACE,,,,sealed,0.086214063402516,1805,@EAAaphimIpo_~fAfg@bHnGdBxFxC,,,,,,,23,#1464a5cc,#1464a5cc,,,,,,,"<div><strong>ODERINGS PLACE</strong><br><span>Surface: sealed</span><br><span>Length: 0.09 km</span><br><span>Length rank: 1,805</span></div>"
road_3314676,path,Road centreline,hamilton_road_path,SMART PLACE,,,,sealed,0.0861422193630156,1806,@EAAy_ojmIdex_gAlSul@,,,,,,,23,#1464a5cc,#1464a5cc,,,,,,,"<div><strong>SMART PLACE</strong><br><span>Surface: sealed</span><br><span>Length: 0.09 km</span><br><span>Length rank: 1,806</span></div>"
road_3314626,path,Road centreline,hamilton_road_path,MARLOWE PLACE,,,,sealed,0.0861193553385517,1807,@EAAof|imIn`~_gAsHdBaG|B{]rT,,,,,,,23,#1464a5cc,#1464a5cc,,,,,,,"<div><strong>MARLOWE PLACE</strong><br><span>Surface: sealed</span><br><span>Length: 0.09 km</span><br><span>Length rank: 1,807</span></div>"
road_3314584,path,Road centreline,hamilton_road_path,WORCESTER DRIVE,,,,sealed,0.0860139581665315,1808,@EAAelohmIppy}fAwHhVmA~HeApL,,,,,,,23,#1464a5cc,#1464a5cc,,,,,,,"<div><strong>WORCESTER DRIVE</strong><br><span>Surface: sealed</span><br><span>Length: 0.09 km</span><br><span>Length rank: 1,808</span></div>"
road_3314587,path,Road centreline,hamilton_road_path,EVERLEIGH COURT,,,,sealed,0.0859807039131323,1809,@EAA}zxfmIllp}fAoMnEsBt@wA~@aAnAsKnH_A`@_CbA{B`@{BD,,,,,,,23,#1464a5cc,#1464a5cc,,,,,,,"<div><strong>EVERLEIGH COURT</strong><br><span>Surface: sealed</span><br><span>Length: 0.09 km</span><br><span>Length rank: 1,809</span></div>"
road_7742834,path,Road centreline,hamilton_road_path,WETHERBY ROAD,,,,sealed,0.0859759967778467,1810,@EAAuu|fmIlgl}fAzEqDlDcDrBkBtCsAzBa@~GcAtPaA,,,,,,,23,#1464a5cc,#1464a5cc,,,,,,,"<div><strong>WETHERBY ROAD</strong><br><span>Surface: sealed</span><br><span>Length: 0.09 km</span><br><span>Length rank: 1,810</span></div>"
road_3314397,path,Road centreline,hamilton_road_path,PHILIP STREET,,,,sealed,0.0859146343462209,1811,@EAAkebhmIbp_`gAmAbCkSxa@gBvC,,,,,,,23,#1464a5cc,#1464a5cc,,,,,,,"<div><strong>PHILIP STREET</strong><br><span>Surface: sealed</span><br><span>Length: 0.09 km</span><br><span>Length rank: 1,811</span></div>"
road_3314081,path,Road centreline,hamilton_road_path,RUA STREET,,,,sealed,0.0858583254219633,1812,@EAA}`zgmIz}aagAuJmn@,,,,,,,23,#1464a5cc,#1464a5cc,,,,,,,"<div><strong>RUA STREET</strong><br><span>Surface: sealed</span><br><span>Length: 0.09 km</span><br><span>Length rank: 1,812</span></div>"
road_3314568,path,Road centreline,hamilton_road_path,CADMAN COURT,,,,sealed,0.0858322200313993,1813,@EAAmwihmI~ei~fAzQr@p[dElJpB,,,,,,,23,#1464a5cc,#1464a5cc,,,,,,,"<div><strong>CADMAN COURT</strong><br><span>Surface: sealed</span><br><span>Length: 0.09 km</span><br><span>Length rank: 1,813</span></div>"
road_3314064,path,Road centreline,hamilton_road_path,HAWK STREET,,,,sealed,0.0858281053183226,1814,@EAAwtzgmIbwoagAc\li@,,,,,,,23,#1464a5cc,#1464a5cc,,,,,,,"<div><strong>HAWK STREET</strong><br><span>Surface: sealed</span><br><span>Length: 0.09 km</span><br><span>Length rank: 1,814</span></div>"
road_3314198,path,Road centreline,hamilton_road_path,OLYMPIA PLACE,,,,sealed,0.0857980164763246,1815,@EAAgi~kmI|~mbgAxk@t_@,,,,,,,23,#1464a5cc,#1464a5cc,,,,,,,"<div><strong>OLYMPIA PLACE</strong><br><span>Surface: sealed</span><br><span>Length: 0.09 km</span><br><span>Length rank: 1,815</span></div>"
road_3314089,path,Road centreline,hamilton_road_path,MONIQUE PLACE,,,,sealed,0.0856411276844951,1816,@EAA{nyfmIppgbgAzF}AlE_B`FyD`AcCq@{CkBaC}BwCu@eBqAgB,,,,,,,23,#1464a5cc,#1464a5cc,,,,,,,"<div><strong>MONIQUE PLACE</strong><br><span>Surface: sealed</span><br><span>Length: 0.09 km</span><br><span>Length rank: 1,816</span></div>"
road_3314636,path,Road centreline,hamilton_road_path,DALMONT PLACE,,,,sealed,0.0855314428902504,1817,@EAA{cjimIxsg_gAxE|@hq@dM,,,,,,,23,#1464a5cc,#1464a5cc,,,,,,,"<div><strong>DALMONT PLACE</strong><br><span>Surface: sealed</span><br><span>Length: 0.09 km</span><br><span>Length rank: 1,817</span></div>"
road_3314013,path,Road centreline,hamilton_road_path,GLENSIDE RISE,,,,sealed,0.0854972763952888,1818,@EAAg|`fmIzmcagAqCcDgCyCcFcGgCkDiFuFgDsBuCuA,,,,,,,23,#1464a5cc,#1464a5cc,,,,,,,"<div><strong>GLENSIDE RISE</strong><br><span>Surface: sealed</span><br><span>Length: 0.09 km</span><br><span>Length rank: 1,818</span></div>"
road_3314752,path,Road centreline,hamilton_road_path,MILLIE PLACE,,,,sealed,0.0853741172613667,1819,@EAAm|eimIlv}}fAbBwChAmD?_Bm@wCgAoFoA{L[iF,,,,,,,23,#1464a5cc,#1464a5cc,,,,,,,"<div><strong>MILLIE PLACE</strong><br><span>Surface: sealed</span><br><span>Length: 0.09 km</span><br><span>Length rank: 1,819</span></div>"
road_3314161,path,Road centreline,hamilton_road_path,FREYBERG STREET,,,,sealed,0.0853430929810485,1820,@EAAm{ejmIptibgAcy@mL,,,,,,,23,#1464a5cc,#1464a5cc,,,,,,,"<div><strong>FREYBERG STREET</strong><br><span>Surface: sealed</span><br><span>Length: 0.09 km</span><br><span>Length rank: 1,820</span></div>"
road_3314589,path,Road centreline,hamilton_road_path,HAWTRY LANE,,,,sealed,0.0852548966391968,1821,@EAAk_yfmIjjm}fAuPx@uCTsAb@o@f@gEzOOrBfAhC,,,,,,,23,#1464a5cc,#1464a5cc,,,,,,,"<div><strong>HAWTRY LANE</strong><br><span>Surface: sealed</span><br><span>Length: 0.09 km</span><br><span>Length rank: 1,821</span></div>"
road_3314186,path,Road centreline,hamilton_road_path,GEOFFREY PLACE,,,,sealed,0.085203985797613,1822,@EAAggnkmIf_lbgAhAvFvPld@,,,,,,,23,#1464a5cc,#1464a5cc,,,,,,,"<div><strong>GEOFFREY PLACE</strong><br><span>Surface: sealed</span><br><span>Length: 0.09 km</span><br><span>Length rank: 1,822</span></div>"
road_3314498,path,Road centreline,hamilton_road_path,KINGSTON COURT,,,,sealed,0.0851876846276903,1823,@EAAwqwfmIjfo}fAaEuBkEaAwEe@_Ho@}Ds@aBg@sAaAeDcBkGaC,,,,,,,23,#1464a5cc,#1464a5cc,,,,,,,"<div><strong>KINGSTON COURT</strong><br><span>Surface: sealed</span><br><span>Length: 0.09 km</span><br><span>Length rank: 1,823</span></div>"
road_3314485,path,Road centreline,hamilton_road_path,DIOMEDE GLADE,,,,sealed,0.0850630630917272,1824,@EAAgpqgmIzqt}fApCj@xCp@fMvCdK`CzF`AbLl@,,,,,,,23,#1464a5cc,#1464a5cc,,,,,,,"<div><strong>DIOMEDE GLADE</strong><br><span>Surface: sealed</span><br><span>Length: 0.09 km</span><br><span>Length rank: 1,824</span></div>"
road_7742867,path,Road centreline,hamilton_road_path,EKARA ROAD,,,,sealed,0.0850047360261108,1825,@EAAkzwfmI|t`}fAdAtVt@fQNxD,,,,,,,23,#1464a5cc,#1464a5cc,,,,,,,"<div><strong>EKARA ROAD</strong><br><span>Surface: sealed</span><br><span>Length: 0.09 km</span><br><span>Length rank: 1,825</span></div>"
road_3314415,path,Road centreline,hamilton_road_path,UDY PLACE,,,,sealed,0.084792668903739,1826,@EAA}zyemI|dn~fApFPhF`@pCl@zH`DzQvJpB`A,,,,,,,23,#1464a5cc,#1464a5cc,,,,,,,"<div><strong>UDY PLACE</strong><br><span>Surface: sealed</span><br><span>Length: 0.08 km</span><br><span>Length rank: 1,826</span></div>"
road_3314632,path,Road centreline,hamilton_road_path,BREIDIS PLACE,,,,sealed,0.0846620510667204,1827,@EAAovwimIfcs_gAem@n],,,,,,,23,#1464a5cc,#1464a5cc,,,,,,,"<div><strong>BREIDIS PLACE</strong><br><span>Surface: sealed</span><br><span>Length: 0.08 km</span><br><span>Length rank: 1,827</span></div>"
road_3314289,path,Road centreline,hamilton_road_path,GADSBY PLACE,,,,sealed,0.0846169714721563,1828,@EAA}|_kmIv}eagAtx@`L,,,,,,,23,#1464a5cc,#1464a5cc,,,,,,,"<div><strong>GADSBY PLACE</strong><br><span>Surface: sealed</span><br><span>Length: 0.08 km</span><br><span>Length rank: 1,828</span></div>"
road_3314226,path,Road centreline,hamilton_road_path,ALMA STREET,,,,sealed,0.084564740045464,1829,@EAAuzjimIthhagAso@{Z,,,,,,,23,#1464a5cc,#1464a5cc,,,,,,,"<div><strong>ALMA STREET</strong><br><span>Surface: sealed</span><br><span>Length: 0.08 km</span><br><span>Length rank: 1,829</span></div>"
road_3314402,path,Road centreline,hamilton_road_path,MANGAKOEA PLACE,,,,sealed,0.0845437913795875,1830,@EAAynpgmIpgd_gAmG@oH~@yDjA_FbBkFt@uILwGE,,,,,,,23,#1464a5cc,#1464a5cc,,,,,,,"<div><strong>MANGAKOEA PLACE</strong><br><span>Surface: sealed</span><br><span>Length: 0.08 km</span><br><span>Length rank: 1,830</span></div>"
road_3314465,path,Road centreline,hamilton_road_path,PASCAL PLACE,,,,sealed,0.0845074450523885,1831,@EAAqnxgmItsl~fA\`CL|AQfA_CzFmEfJw@xBMhAJpC?jE,,,,,,,23,#1464a5cc,#1464a5cc,,,,,,,"<div><strong>PASCAL PLACE</strong><br><span>Surface: sealed</span><br><span>Length: 0.08 km</span><br><span>Length rank: 1,831</span></div>"
road_3314111,path,Road centreline,hamilton_road_path,DOMAIN VIEW LANE,,,,sealed,0.0842998257118322,1832,@EAAw{qhmIhawagA`TuFjAg@xBiA~@e@jAe@|S{G,,,,,,,23,#1464a5cc,#1464a5cc,,,,,,,"<div><strong>DOMAIN VIEW LANE</strong><br><span>Surface: sealed</span><br><span>Length: 0.08 km</span><br><span>Length rank: 1,832</span></div>"
road_3314187,path,Road centreline,hamilton_road_path,LOUISE PLACE,,,,sealed,0.0842730394052101,1833,@EAAwhrkmIfnmbgAhKsOt@sAf@qAXsATeBxAkO,,,,,,,23,#1464a5cc,#1464a5cc,,,,,,,"<div><strong>LOUISE PLACE</strong><br><span>Surface: sealed</span><br><span>Length: 0.08 km</span><br><span>Length rank: 1,833</span></div>"
road_3314561,path,Road centreline,hamilton_road_path,HORIZON PLACE,,,,sealed,0.084223591013331,1834,@EAAmwfgmIpmu}fA}CpD{AxCeBxI}AtG{EdM,,,,,,,23,#1464a5cc,#1464a5cc,,,,,,,"<div><strong>HORIZON PLACE</strong><br><span>Surface: sealed</span><br><span>Length: 0.08 km</span><br><span>Length rank: 1,834</span></div>"
road_6064585,path,Road centreline,hamilton_road_path,TE RAPA ROAD,,,,sealed,0.0840436836596147,1835,@EAAkgcfmIhpt~fAy@q@yBwCe@qDp@qDtBcCnCqA|@]~E_@|Ef@xDfB,,,,,,,23,#1464a5cc,#1464a5cc,,,,,,,"<div><strong>TE RAPA ROAD</strong><br><span>Surface: sealed</span><br><span>Length: 0.08 km</span><br><span>Length rank: 1,835</span></div>"
road_3314510,path,Road centreline,hamilton_road_path,WINCHESTER PLACE,,,,sealed,0.0838999180338286,1836,@EAAgq`hmI|gq}fAgHWaI@cE{@oDoB{CgBoDkB}Co@gFsA,,,,,,,23,#1464a5cc,#1464a5cc,,,,,,,"<div><strong>WINCHESTER PLACE</strong><br><span>Surface: sealed</span><br><span>Length: 0.08 km</span><br><span>Length rank: 1,836</span></div>"
road_8329693,path,Road centreline,hamilton_road_path,PUKATEA LANE,,,,sealed,0.0838649748643169,1837,@EAAgrqemI`{t`gALe@@AzCoLjGe^,,,,,,,23,#1464a5cc,#1464a5cc,,,,,,,"<div><strong>PUKATEA LANE</strong><br><span>Surface: sealed</span><br><span>Length: 0.08 km</span><br><span>Length rank: 1,837</span></div>"
road_7742844,path,Road centreline,hamilton_road_path,BOWERY LANE,,,,sealed,0.0837837132706786,1838,@EAAaqajmI`b`_gAxUShDkG`BaExGa@dF|@,,,,,,,23,#1464a5cc,#1464a5cc,,,,,,,"<div><strong>BOWERY LANE</strong><br><span>Surface: sealed</span><br><span>Length: 0.08 km</span><br><span>Length rank: 1,838</span></div>"
road_3313949,path,Road centreline,hamilton_road_path,SHELLEY JANE PLACE,,,,sealed,0.0835804443151154,1839,@EAAurogmInslbgAtw@yL,,,,,,,23,#1464a5cc,#1464a5cc,,,,,,,"<div><strong>SHELLEY JANE PLACE</strong><br><span>Surface: sealed</span><br><span>Length: 0.08 km</span><br><span>Length rank: 1,839</span></div>"
road_3313983,path,Road centreline,hamilton_road_path,JERSEY PLACE,,,,sealed,0.0832407064320359,1840,@EAAysbfmI~jfagApDtB`Fv@dk@nB,,,,,,,23,#1464a5cc,#1464a5cc,,,,,,,"<div><strong>JERSEY PLACE</strong><br><span>Surface: sealed</span><br><span>Length: 0.08 km</span><br><span>Length rank: 1,840</span></div>"
road_3314536,path,Road centreline,hamilton_road_path,OAKRIDGE GROVE,,,,sealed,0.0830659880810485,1841,@EAAqtngmIpqk~fA{GP}Bd@cFvAeC`@kC\sHtAsFjAmHtB,,,,,,,23,#1464a5cc,#1464a5cc,,,,,,,"<div><strong>OAKRIDGE GROVE</strong><br><span>Surface: sealed</span><br><span>Length: 0.08 km</span><br><span>Length rank: 1,841</span></div>"
road_3314017,path,Road centreline,hamilton_road_path,INVERARAY PLACE,,,,sealed,0.0829871845364807,1842,@EAA_qffmIl~~`gAhEfCp^`RbHxC,,,,,,,23,#1464a5cc,#1464a5cc,,,,,,,"<div><strong>INVERARAY PLACE</strong><br><span>Surface: sealed</span><br><span>Length: 0.08 km</span><br><span>Length rank: 1,842</span></div>"
road_3314778,path,Road centreline,hamilton_road_path,ASHMORE COURT,,,,sealed,0.0829107062226807,1843,@EAAsp`imIbsr~fAfE]bF[pCa@tBmAjAgAp@wA`E{T,,,,,,,23,#1464a5cc,#1464a5cc,,,,,,,"<div><strong>ASHMORE COURT</strong><br><span>Surface: sealed</span><br><span>Length: 0.08 km</span><br><span>Length rank: 1,843</span></div>"
road_3313981,path,Road centreline,hamilton_road_path,SUNNY DALE,,,,sealed,0.0828976730491941,1844,@EAAg`efmIvzmagA{Dn@kED_l@wG,,,,,,,23,#1464a5cc,#1464a5cc,,,,,,,"<div><strong>SUNNY DALE</strong><br><span>Surface: sealed</span><br><span>Length: 0.08 km</span><br><span>Length rank: 1,844</span></div>"
road_3314522,path,Road centreline,hamilton_road_path,RIVER OAKS PLACE,,,,sealed,0.082863185137023,1845,@EAAk{xfmItqi~fAbCpm@,,,,,,,23,#1464a5cc,#1464a5cc,,,,,,,"<div><strong>RIVER OAKS PLACE</strong><br><span>Surface: sealed</span><br><span>Length: 0.08 km</span><br><span>Length rank: 1,845</span></div>"
road_3314095,path,Road centreline,hamilton_road_path,DOVEDALE PLACE,,,,sealed,0.0827695334934118,1846,@EAAerwfmIripagAsPeDkDg@iC@{\dA,,,,,,,23,#1464a5cc,#1464a5cc,,,,,,,"<div><strong>DOVEDALE PLACE</strong><br><span>Surface: sealed</span><br><span>Length: 0.08 km</span><br><span>Length rank: 1,846</span></div>"
road_3314619,path,Road centreline,hamilton_road_path,SEARANCKE PLACE,,,,sealed,0.0826253874519473,1847,@EAAuchimIxsc`gArt@vQ,,,,,,,23,#1464a5cc,#1464a5cc,,,,,,,"<div><strong>SEARANCKE PLACE</strong><br><span>Surface: sealed</span><br><span>Length: 0.08 km</span><br><span>Length rank: 1,847</span></div>"
road_3314235,path,Road centreline,hamilton_road_path,FERGUSSON STREET,,,,sealed,0.082497256214654,1848,@EAAygyimIr~dbgAxu@fO,,,,,,,23,#1464a5cc,#1464a5cc,,,,,,,"<div><strong>FERGUSSON STREET</strong><br><span>Surface: sealed</span><br><span>Length: 0.08 km</span><br><span>Length rank: 1,848</span></div>"
road_3314458,path,Road centreline,hamilton_road_path,AMARIL LANE,,,,sealed,0.0824772367757854,1849,@EAAeoxfmIzmw}fA_Be@_Bc@wAWeAI_CIai@lD,,,,,,,23,#1464a5cc,#1464a5cc,,,,,,,"<div><strong>AMARIL LANE</strong><br><span>Surface: sealed</span><br><span>Length: 0.08 km</span><br><span>Length rank: 1,849</span></div>"
road_3314092,path,Road centreline,hamilton_road_path,BEAUMARIS PLACE,,,,sealed,0.0822672729392032,1850,@EAAozqfmIb|zagAkObTmAnBkB~DiBrI,,,,,,,23,#1464a5cc,#1464a5cc,,,,,,,"<div><strong>BEAUMARIS PLACE</strong><br><span>Surface: sealed</span><br><span>Length: 0.08 km</span><br><span>Length rank: 1,850</span></div>"
road_3314189,path,Road centreline,hamilton_road_path,BALFOUR CRESCENT,,,,sealed,0.0819983457721722,1851,@EAAqn_lmI~fsbgAxBhBtA`A`Ct@xDl@rCVnCDtF[~Hg@xIy@,,,,,,,23,#1464a5cc,#1464a5cc,,,,,,,"<div><strong>BALFOUR CRESCENT</strong><br><span>Surface: sealed</span><br><span>Length: 0.08 km</span><br><span>Length rank: 1,851</span></div>"
road_3314518,path,Road centreline,hamilton_road_path,FROST PLACE,,,,sealed,0.0819322862873837,1852,@EAAqpzfmI|oy~fAaJfl@,,,,,,,23,#1464a5cc,#1464a5cc,,,,,,,"<div><strong>FROST PLACE</strong><br><span>Surface: sealed</span><br><span>Length: 0.08 km</span><br><span>Length rank: 1,852</span></div>"
road_3314555,path,Road centreline,hamilton_road_path,PENNANT PLACE,,,,sealed,0.0818044355769014,1853,@EAAklqgmIb|c~fA|LaDbEkB|CkBbEyEfBoCzBuC`AgB,,,,,,,23,#1464a5cc,#1464a5cc,,,,,,,"<div><strong>PENNANT PLACE</strong><br><span>Surface: sealed</span><br><span>Length: 0.08 km</span><br><span>Length rank: 1,853</span></div>"
road_8329704,path,Road centreline,hamilton_road_path,MARJORIEFIELD MEWS,,,,sealed,0.0814412165093274,1854,@EAAqmyjmIp|jcgAoA_AiZkUaMeC,,,,,,,23,#1464a5cc,#1464a5cc,,,,,,,"<div><strong>MARJORIEFIELD MEWS</strong><br><span>Surface: sealed</span><br><span>Length: 0.08 km</span><br><span>Length rank: 1,854</span></div>"
road_7742872,path,Road centreline,hamilton_road_path,ESKDALE LANE,,,,sealed,0.0813495951389239,1855,@EAAck~fmIbji}fAmA_RqFeDyBoQ,,,,,,,23,#1464a5cc,#1464a5cc,,,,,,,"<div><strong>ESKDALE LANE</strong><br><span>Surface: sealed</span><br><span>Length: 0.08 km</span><br><span>Length rank: 1,855</span></div>"
road_3314073,path,Road centreline,hamilton_road_path,OLWYN GREEN,,,,sealed,0.0812601580139524,1856,@EAAwjigmIhjgagApNlHjD|Cf@jBb@fCj@fA`Ah@bCJ~HF,,,,,,,23,#1464a5cc,#1464a5cc,,,,,,,"<div><strong>OLWYN GREEN</strong><br><span>Surface: sealed</span><br><span>Length: 0.08 km</span><br><span>Length rank: 1,856</span></div>"
road_3314539,path,Road centreline,hamilton_road_path,LONGWOOD PLACE,,,,sealed,0.081234292317186,1857,@EAAyjfhmIz{t~fAdLrNrClDdDhAbE`@lLM,,,,,,,23,#1464a5cc,#1464a5cc,,,,,,,"<div><strong>LONGWOOD PLACE</strong><br><span>Surface: sealed</span><br><span>Length: 0.08 km</span><br><span>Length rank: 1,857</span></div>"
road_3314595,path,Road centreline,hamilton_road_path,HEMSBY PLACE,,,,sealed,0.0811710569759447,1858,@EAAwq~gmIn{m}fAyNqImKmD}EcAiGk@wEJ,,,,,,,23,#1464a5cc,#1464a5cc,,,,,,,"<div><strong>HEMSBY PLACE</strong><br><span>Surface: sealed</span><br><span>Length: 0.08 km</span><br><span>Length rank: 1,858</span></div>"
road_3314741,path,Road centreline,hamilton_road_path,REMBRANDT TERRACE,,,,sealed,0.0809830547104302,1859,@EAAkshimI|_h~fAqFgFgCiEoA}AoAcAgBsAeJmGkEiC,,,,,,,23,#1464a5cc,#1464a5cc,,,,,,,"<div><strong>REMBRANDT TERRACE</strong><br><span>Surface: sealed</span><br><span>Length: 0.08 km</span><br><span>Length rank: 1,859</span></div>"
road_3314309,path,Road centreline,hamilton_road_path,BURWOOD PLACE,,,,sealed,0.0809702078235092,1860,@EAAikilmIhk}agAjBfCvAtApA`ApAx@pB~@xLrDhQ`E,,,,,,,23,#1464a5cc,#1464a5cc,,,,,,,"<div><strong>BURWOOD PLACE</strong><br><span>Surface: sealed</span><br><span>Length: 0.08 km</span><br><span>Length rank: 1,860</span></div>"
road_3314529,path,Road centreline,hamilton_road_path,CHESTNUT PLACE,,,,sealed,0.0809547476628813,1861,@EAA{pjgmIhlv~fAjDqAlEeDxTm[,,,,,,,23,#1464a5cc,#1464a5cc,,,,,,,"<div><strong>CHESTNUT PLACE</strong><br><span>Surface: sealed</span><br><span>Length: 0.08 km</span><br><span>Length rank: 1,861</span></div>"
road_3313999,path,Road centreline,hamilton_road_path,COUNTRY LANE,,,,sealed,0.0808796574309902,1862,@EAAujdfmIdpoagA~@lDbAvI\hF_@bDu@|AqAjAcH`F,,,,,,,23,#1464a5cc,#1464a5cc,,,,,,,"<div><strong>COUNTRY LANE</strong><br><span>Surface: sealed</span><br><span>Length: 0.08 km</span><br><span>Length rank: 1,862</span></div>"
road_3314576,path,Road centreline,hamilton_road_path,MCKENZIE PLACE,,,,sealed,0.0808213142650053,1863,@EAAkxchmIrqz}fAcCzFeAhDGrB`A|AnAv@zF~@|Ar@jEnBvE`B,,,,,,,23,#1464a5cc,#1464a5cc,,,,,,,"<div><strong>MCKENZIE PLACE</strong><br><span>Surface: sealed</span><br><span>Length: 0.08 km</span><br><span>Length rank: 1,863</span></div>"
road_3314083,path,Road centreline,hamilton_road_path,TORU STREET,,,,sealed,0.0807824775318994,1864,@EAAw~}gmIdx`agAxk@{ElJw@,,,,,,,23,#1464a5cc,#1464a5cc,,,,,,,"<div><strong>TORU STREET</strong><br><span>Surface: sealed</span><br><span>Length: 0.08 km</span><br><span>Length rank: 1,864</span></div>"
road_7742823,path,Road centreline,hamilton_road_path,Road centreline,,,,sealed,0.0806927741457877,1865,@EAA{z~gmIrld~fAxBcF|@{AnAgAzEmDlKwIzAcAhEkB,,,,,,,23,#1464a5cc,#1464a5cc,,,,,,,"<div><strong>Road 7742823</strong><br><span>Surface: sealed</span><br><span>Length: 0.08 km</span><br><span>Length rank: 1,865</span></div>"
road_3314044,path,Road centreline,hamilton_road_path,STIRLING PLACE,,,,sealed,0.0806390221670234,1866,@EAAmyqfmItmoagA@iJqBePmBcGwA{BwBeA,,,,,,,23,#1464a5cc,#1464a5cc,,,,,,,"<div><strong>STIRLING PLACE</strong><br><span>Surface: sealed</span><br><span>Length: 0.08 km</span><br><span>Length rank: 1,866</span></div>"
road_3314805,path,Road centreline,hamilton_road_path,STANTON PLACE,,,,sealed,0.0805921144095424,1867,@EAA_buimIvlq}fA}NgEoKuBcFHwQp@,,,,,,,23,#1464a5cc,#1464a5cc,,,,,,,"<div><strong>STANTON PLACE</strong><br><span>Surface: sealed</span><br><span>Length: 0.08 km</span><br><span>Length rank: 1,867</span></div>"
road_3314556,path,Road centreline,hamilton_road_path,CASHMERE PLACE,,,,sealed,0.0805166766468007,1868,@EAA}}ngmIppa~fAtWeUhEgEfAoB^uB,,,,,,,23,#1464a5cc,#1464a5cc,,,,,,,"<div><strong>CASHMERE PLACE</strong><br><span>Surface: sealed</span><br><span>Length: 0.08 km</span><br><span>Length rank: 1,868</span></div>"
road_3314491,path,Road centreline,hamilton_road_path,AYLESBURY COURT,,,,sealed,0.0798504441076054,1869,@EAAia|gmIfov}fAoFiCwGyBmLaBgV_A,,,,,,,23,#1464a5cc,#1464a5cc,,,,,,,"<div><strong>AYLESBURY COURT</strong><br><span>Surface: sealed</span><br><span>Length: 0.08 km</span><br><span>Length rank: 1,869</span></div>"
road_3314164,path,Road centreline,hamilton_road_path,SUNNYHILLS AVENUE,,,,sealed,0.0797947784921359,1870,@EAAu_ximIbnycgAqWwBuGiAwBeAiBmAuA_CiAwD,,,,,,,23,#1464a5cc,#1464a5cc,,,,,,,"<div><strong>SUNNYHILLS AVENUE</strong><br><span>Surface: sealed</span><br><span>Length: 0.08 km</span><br><span>Length rank: 1,870</span></div>"
road_3314221,path,Road centreline,hamilton_road_path,NATLAND STREET,,,,sealed,0.0797717224929617,1871,@EAAybqjmIzbyagAau@kL,,,,,,,23,#1464a5cc,#1464a5cc,,,,,,,"<div><strong>NATLAND STREET</strong><br><span>Surface: sealed</span><br><span>Length: 0.08 km</span><br><span>Length rank: 1,871</span></div>"
road_3314788,path,Road centreline,hamilton_road_path,ROSE LANE,,,,sealed,0.0796997876180182,1872,@EAAoqaimIhj{}fAmR^{c@xA,,,,,,,23,#1464a5cc,#1464a5cc,,,,,,,"<div><strong>ROSE LANE</strong><br><span>Surface: sealed</span><br><span>Length: 0.08 km</span><br><span>Length rank: 1,872</span></div>"
road_3314169,path,Road centreline,hamilton_road_path,PARKDALE PLACE,,,,sealed,0.0794989510797812,1873,@EAAsa_jmIv_icgAwg@|],,,,,,,23,#1464a5cc,#1464a5cc,,,,,,,"<div><strong>PARKDALE PLACE</strong><br><span>Surface: sealed</span><br><span>Length: 0.08 km</span><br><span>Length rank: 1,873</span></div>"
road_3314749,path,Road centreline,hamilton_road_path,BAYSWATER COURT,,,,sealed,0.0793283571923953,1874,@EAAo~nimInl_~fAj@|B|AtGjB`GlBbElI~Jh@n@,,,,,,,23,#1464a5cc,#1464a5cc,,,,,,,"<div><strong>BAYSWATER COURT</strong><br><span>Surface: sealed</span><br><span>Length: 0.08 km</span><br><span>Length rank: 1,874</span></div>"
road_3314527,path,Road centreline,hamilton_road_path,BRAMBER STREET,,,,sealed,0.0793193937230914,1875,@EAAelzfmIrur}fAeEdCcDtCmCzDcBxA_B`AcGxDkCp@wBWkA{@,,,,,,,23,#1464a5cc,#1464a5cc,,,,,,,"<div><strong>BRAMBER STREET</strong><br><span>Surface: sealed</span><br><span>Length: 0.08 km</span><br><span>Length rank: 1,875</span></div>"
road_8329726,path,Road centreline,hamilton_road_path,LE QUESNE PLACE,,,,sealed,0.0790077759082474,1876,@EAA{baimI|p_`gAAFeBvGiHhXeBjG,,,,,,,23,#1464a5cc,#1464a5cc,,,,,,,"<div><strong>LE QUESNE PLACE</strong><br><span>Surface: sealed</span><br><span>Length: 0.08 km</span><br><span>Length rank: 1,876</span></div>"
road_7742869,path,Road centreline,hamilton_road_path,MAIA PLACE,,,,sealed,0.0788241632859059,1877,@EAAkctfmItse}fAgAg`@OaJ,,,,,,,23,#1464a5cc,#1464a5cc,,,,,,,"<div><strong>MAIA PLACE</strong><br><span>Surface: sealed</span><br><span>Length: 0.08 km</span><br><span>Length rank: 1,877</span></div>"
road_7742802,path,Road centreline,hamilton_road_path,Road centreline,,,,sealed,0.0785701419596583,1878,@EAAwpqimI`dcagAlAbBDvBqCbDwY|T,,,,,,,23,#1464a5cc,#1464a5cc,,,,,,,"<div><strong>Road 7742802</strong><br><span>Surface: sealed</span><br><span>Length: 0.08 km</span><br><span>Length rank: 1,878</span></div>"
road_3314665,path,Road centreline,hamilton_road_path,BURNS COURT,,,,sealed,0.0785372125087722,1879,@EAAsckjmIzkd`gAig@p],,,,,,,23,#1464a5cc,#1464a5cc,,,,,,,"<div><strong>BURNS COURT</strong><br><span>Surface: sealed</span><br><span>Length: 0.08 km</span><br><span>Length rank: 1,879</span></div>"
road_3314110,path,Road centreline,hamilton_road_path,FRENCH STREET,,,,sealed,0.0785030164930887,1880,@EAAszohmIt}vagA~f@eOrH{B,,,,,,,23,#1464a5cc,#1464a5cc,,,,,,,"<div><strong>FRENCH STREET</strong><br><span>Surface: sealed</span><br><span>Length: 0.08 km</span><br><span>Length rank: 1,880</span></div>"
road_3314525,path,Road centreline,hamilton_road_path,ARIE LANE,,,,sealed,0.0785025673627428,1881,@EAA_ltfmItgu}fAxLeL`@kAT{AMqAqIaP,,,,,,,23,#1464a5cc,#1464a5cc,,,,,,,"<div><strong>ARIE LANE</strong><br><span>Surface: sealed</span><br><span>Length: 0.08 km</span><br><span>Length rank: 1,881</span></div>"
road_3314093,path,Road centreline,hamilton_road_path,RICCARTON PLACE,,,,sealed,0.0783584408592303,1882,@EAA{j_gmInr~agAcIjj@,,,,,,,23,#1464a5cc,#1464a5cc,,,,,,,"<div><strong>RICCARTON PLACE</strong><br><span>Surface: sealed</span><br><span>Length: 0.08 km</span><br><span>Length rank: 1,882</span></div>"
road_8329718,path,Road centreline,hamilton_road_path,Road centreline,,,,sealed,0.0782726597862423,1883,@EAAmqzfmI~t`~fAcp@nS,,,,,,,23,#1464a5cc,#1464a5cc,,,,,,,"<div><strong>Road 8329718</strong><br><span>Surface: sealed</span><br><span>Length: 0.08 km</span><br><span>Length rank: 1,883</span></div>"
road_3314172,path,Road centreline,hamilton_road_path,CAROLYN PLACE,,,,sealed,0.0782421422470371,1884,@EAAyfgjmIp}_cgArIkDjQqHtDmCfB}CZuC,,,,,,,23,#1464a5cc,#1464a5cc,,,,,,,"<div><strong>CAROLYN PLACE</strong><br><span>Surface: sealed</span><br><span>Length: 0.08 km</span><br><span>Length rank: 1,884</span></div>"
road_7742851,path,Road centreline,hamilton_road_path,PORTLAND LANE,,,,sealed,0.0779678893538134,1885,@EAAwedjmId|a_gAoAhKz@zBbAdBv@|@tC`D|EjHp@|B,,,,,,,23,#1464a5cc,#1464a5cc,,,,,,,"<div><strong>PORTLAND LANE</strong><br><span>Surface: sealed</span><br><span>Length: 0.08 km</span><br><span>Length rank: 1,885</span></div>"
road_3314659,path,Road centreline,hamilton_road_path,HUME PLACE,,,,sealed,0.0778521759424016,1886,@EAAajvimIj{a`gAwCy@mFCkg@nI,,,,,,,23,#1464a5cc,#1464a5cc,,,,,,,"<div><strong>HUME PLACE</strong><br><span>Surface: sealed</span><br><span>Length: 0.08 km</span><br><span>Length rank: 1,886</span></div>"
road_3314692,path,Road centreline,hamilton_road_path,ADA PLACE,,,,sealed,0.0777309621175955,1887,@EAAab`kmId~x_gA`GvA`GXde@_@,,,,,,,23,#1464a5cc,#1464a5cc,,,,,,,"<div><strong>ADA PLACE</strong><br><span>Surface: sealed</span><br><span>Length: 0.08 km</span><br><span>Length rank: 1,887</span></div>"
road_3314096,path,Road centreline,hamilton_road_path,LEYTON PLACE,,,,sealed,0.0775835040385167,1888,@EAAulyfmIhyfagAaGaCaHy@ac@cA,,,,,,,23,#1464a5cc,#1464a5cc,,,,,,,"<div><strong>LEYTON PLACE</strong><br><span>Surface: sealed</span><br><span>Length: 0.08 km</span><br><span>Length rank: 1,888</span></div>"
road_8329739,path,Road centreline,hamilton_road_path,Road centreline,,,,sealed,0.0774120094556897,1889,@EAAufwhmInnr~fAgG`j@,,,,,,,23,#1464a5cc,#1464a5cc,,,,,,,"<div><strong>Road 8329739</strong><br><span>Surface: sealed</span><br><span>Length: 0.08 km</span><br><span>Length rank: 1,889</span></div>"
road_3313975,path,Road centreline,hamilton_road_path,ELENORA CLOSE,,,,sealed,0.0773379344009851,1890,@EAAq}remIta{`gAqFhAuWxJuFjDgDnC,,,,,,,23,#1464a5cc,#1464a5cc,,,,,,,"<div><strong>ELENORA CLOSE</strong><br><span>Surface: sealed</span><br><span>Length: 0.08 km</span><br><span>Length rank: 1,890</span></div>"
road_3314730,path,Road centreline,hamilton_road_path,APOLLO PLACE,,,,sealed,0.0771894726862423,1891,@EAAodyhmIzsr}fAdEoFjDcJ@iAKmAqCuFuCqG,,,,,,,23,#1464a5cc,#1464a5cc,,,,,,,"<div><strong>APOLLO PLACE</strong><br><span>Surface: sealed</span><br><span>Length: 0.08 km</span><br><span>Length rank: 1,891</span></div>"
road_3314394,path,Road centreline,hamilton_road_path,CARBINE CLOSE,,,,sealed,0.0771743425513325,1892,@EAAoqlgmIdba`gA_D^qB^mBn@iB\wBPwAOo@k@Hy@bAe@jBaAbBkA`DsC|EqB,,,,,,,23,#1464a5cc,#1464a5cc,,,,,,,"<div><strong>CARBINE CLOSE</strong><br><span>Surface: sealed</span><br><span>Length: 0.08 km</span><br><span>Length rank: 1,892</span></div>"
road_3314637,path,Road centreline,hamilton_road_path,SUTCLIFFE PLACE,,,,sealed,0.0771669600999004,1893,@EAAy{nimIduk_gAwo@wR,,,,,,,23,#1464a5cc,#1464a5cc,,,,,,,"<div><strong>SUTCLIFFE PLACE</strong><br><span>Surface: sealed</span><br><span>Length: 0.08 km</span><br><span>Length rank: 1,893</span></div>"
road_8329725,path,Road centreline,hamilton_road_path,MICAH PLACE,,,,sealed,0.0769417216554616,1894,@EAAwp_hmIhsi}fAeD|EsBtB}BzAuHnDeFxB{HfE,,,,,,,23,#1464a5cc,#1464a5cc,,,,,,,"<div><strong>MICAH PLACE</strong><br><span>Surface: sealed</span><br><span>Length: 0.08 km</span><br><span>Length rank: 1,894</span></div>"
road_8329737,path,Road centreline,hamilton_road_path,Road centreline,,,,sealed,0.076823163475565,1895,@EAA{zuhmIvcu~fAgBo`@oCmFc@a@,,,,,,,23,#1464a5cc,#1464a5cc,,,,,,,"<div><strong>Road 8329737</strong><br><span>Surface: sealed</span><br><span>Length: 0.08 km</span><br><span>Length rank: 1,895</span></div>"
road_6064584,path,Road centreline,hamilton_road_path,TE RAPA ROAD,,,,sealed,0.0767013549266864,1896,@EAAwnbfmIvzs~fAxBvCf@rDq@nDyBjCoBz@yBp@_EX}Eg@aCu@,,,,,,,23,#1464a5cc,#1464a5cc,,,,,,,"<div><strong>TE RAPA ROAD</strong><br><span>Surface: sealed</span><br><span>Length: 0.08 km</span><br><span>Length rank: 1,896</span></div>"
road_3314786,path,Road centreline,hamilton_road_path,CABERNET CLOSE,,,,sealed,0.0766354997759796,1897,@EAAo|bimIvdb~fAmNiFmK}EwFwDk@}AEgD,,,,,,,23,#1464a5cc,#1464a5cc,,,,,,,"<div><strong>CABERNET CLOSE</strong><br><span>Surface: sealed</span><br><span>Length: 0.08 km</span><br><span>Length rank: 1,897</span></div>"
road_3314691,path,Road centreline,hamilton_road_path,ARIA COURT,,,,sealed,0.0764103684179165,1898,@EAAm~{jmIzwz_gABqZ}AwBiKaD,,,,,,,23,#1464a5cc,#1464a5cc,,,,,,,"<div><strong>ARIA COURT</strong><br><span>Surface: sealed</span><br><span>Length: 0.08 km</span><br><span>Length rank: 1,898</span></div>"
road_3314297,path,Road centreline,hamilton_road_path,ARCHER COURT,,,,sealed,0.0763253203322494,1899,@EAAk|gkmIrt~`gAjE|Lj@lCe@bD}DvP,,,,,,,23,#1464a5cc,#1464a5cc,,,,,,,"<div><strong>ARCHER COURT</strong><br><span>Surface: sealed</span><br><span>Length: 0.08 km</span><br><span>Length rank: 1,899</span></div>"
road_3314474,path,Road centreline,hamilton_road_path,HALYARD CLOSE,,,,sealed,0.0761132604066706,1900,@EAAwpwgmIjdf~fAcQnU}EdN,,,,,,,23,#1464a5cc,#1464a5cc,,,,,,,"<div><strong>HALYARD CLOSE</strong><br><span>Surface: sealed</span><br><span>Length: 0.08 km</span><br><span>Length rank: 1,900</span></div>"
road_3314802,path,Road centreline,hamilton_road_path,WESTBURY MEWS,,,,sealed,0.0760611421160126,1901,@EAAaxjimIzky}fAsIQaHDqFn@_GrBiLrG,,,,,,,23,#1464a5cc,#1464a5cc,,,,,,,"<div><strong>WESTBURY MEWS</strong><br><span>Surface: sealed</span><br><span>Length: 0.08 km</span><br><span>Length rank: 1,901</span></div>"
road_3314673,path,Road centreline,hamilton_road_path,MCCONNELL LANE,,,,sealed,0.0760139268384064,1902,@EAAg``jmIzjx_gAaB[mBu@uKwCsBgA}@mA[iBCmA?UR{AvCeH,,,,,,,23,#1464a5cc,#1464a5cc,,,,,,,"<div><strong>MCCONNELL LANE</strong><br><span>Surface: sealed</span><br><span>Length: 0.08 km</span><br><span>Length rank: 1,902</span></div>"
road_7742854,path,Road centreline,hamilton_road_path,FORGE STREET,,,,sealed,0.076005722859431,1903,@EAA{ahimI`d~}fAtHjBvVbEpPbC,,,,,,,23,#1464a5cc,#1464a5cc,,,,,,,"<div><strong>FORGE STREET</strong><br><span>Surface: sealed</span><br><span>Length: 0.08 km</span><br><span>Length rank: 1,903</span></div>"
road_3314681,path,Road centreline,hamilton_road_path,AOTEA PLACE,,,,sealed,0.0758942649827203,1904,@EAAqeqimInya_gAil@aV,,,,,,,23,#1464a5cc,#1464a5cc,,,,,,,"<div><strong>AOTEA PLACE</strong><br><span>Surface: sealed</span><br><span>Length: 0.08 km</span><br><span>Length rank: 1,904</span></div>"
road_3314666,path,Road centreline,hamilton_road_path,SHELLEY COURT,,,,sealed,0.0758771214281064,1905,@EAAehkjmIzwb`gAtq@jM,,,,,,,23,#1464a5cc,#1464a5cc,,,,,,,"<div><strong>SHELLEY COURT</strong><br><span>Surface: sealed</span><br><span>Length: 0.08 km</span><br><span>Length rank: 1,905</span></div>"
road_3314717,path,Road centreline,hamilton_road_path,DUGALD COURT,,,,sealed,0.0756798478814898,1906,@EAAi~xhmIxgk~fAq@bEu@`EFjC`BrHdCbIRdD,,,,,,,23,#1464a5cc,#1464a5cc,,,,,,,"<div><strong>DUGALD COURT</strong><br><span>Surface: sealed</span><br><span>Length: 0.08 km</span><br><span>Length rank: 1,906</span></div>"
road_3314177,path,Road centreline,hamilton_road_path,ST LUKES PLACE,,,,sealed,0.0756239991278176,1907,@EAAaprimIrtybgAk`@k`@,,,,,,,23,#1464a5cc,#1464a5cc,,,,,,,"<div><strong>ST LUKES PLACE</strong><br><span>Surface: sealed</span><br><span>Length: 0.08 km</span><br><span>Length rank: 1,907</span></div>"
road_3314390,path,Road centreline,hamilton_road_path,BROUGH PLACE,,,,sealed,0.0756162939362495,1908,@EAA}_}fmI`e~~fApVs@bLk@pFqAxEaC,,,,,,,23,#1464a5cc,#1464a5cc,,,,,,,"<div><strong>BROUGH PLACE</strong><br><span>Surface: sealed</span><br><span>Length: 0.08 km</span><br><span>Length rank: 1,908</span></div>"
road_3314721,path,Road centreline,hamilton_road_path,IAIN COURT,,,,sealed,0.0754687755492369,1909,@EAAasuhmIpua~fAkCjCs@zCmDp^,,,,,,,23,#1464a5cc,#1464a5cc,,,,,,,"<div><strong>IAIN COURT</strong><br><span>Surface: sealed</span><br><span>Length: 0.08 km</span><br><span>Length rank: 1,909</span></div>"
road_3314280,path,Road centreline,hamilton_road_path,SCOTLAND PLACE,,,,sealed,0.0753919943636731,1910,@EAAkqukmIhmoagAvp@uN,,,,,,,23,#1464a5cc,#1464a5cc,,,,,,,"<div><strong>SCOTLAND PLACE</strong><br><span>Surface: sealed</span><br><span>Length: 0.08 km</span><br><span>Length rank: 1,910</span></div>"
road_3314528,path,Road centreline,hamilton_road_path,HOROEKA COURT,,,,sealed,0.0752373187817784,1911,@EAA}xbgmIp~w~fAtPyTzAgExAoH,,,,,,,23,#1464a5cc,#1464a5cc,,,,,,,"<div><strong>HOROEKA COURT</strong><br><span>Surface: sealed</span><br><span>Length: 0.08 km</span><br><span>Length rank: 1,911</span></div>"
road_3314290,path,Road centreline,hamilton_road_path,JUNE PLACE,,,,sealed,0.0750643786818985,1912,@EAAc|ckmIp}bagA_Kt^wAxB}CvA,,,,,,,23,#1464a5cc,#1464a5cc,,,,,,,"<div><strong>JUNE PLACE</strong><br><span>Surface: sealed</span><br><span>Length: 0.08 km</span><br><span>Length rank: 1,912</span></div>"
road_8329721,path,Road centreline,hamilton_road_path,LIGHTER PLACE,,,,sealed,0.0750319432842827,1913,@EAAsrdgmIxi`~fA_OyCqa@gG,,,,,,,23,#1464a5cc,#1464a5cc,,,,,,,"<div><strong>LIGHTER PLACE</strong><br><span>Surface: sealed</span><br><span>Length: 0.08 km</span><br><span>Length rank: 1,913</span></div>"
road_3314634,path,Road centreline,hamilton_road_path,SHARPLEY PLACE,,,,sealed,0.0749323784101921,1914,@EAA_xvimI|`q_gA{d@s\,,,,,,,23,#1464a5cc,#1464a5cc,,,,,,,"<div><strong>SHARPLEY PLACE</strong><br><span>Surface: sealed</span><br><span>Length: 0.07 km</span><br><span>Length rank: 1,914</span></div>"
road_3314761,path,Road centreline,hamilton_road_path,ASHTON WAY,,,,sealed,0.0748038997765752,1915,@EAA{g_imIvzp}fAgAsE}AqFiDsIuFuJBwA,,,,,,,23,#1464a5cc,#1464a5cc,,,,,,,"<div><strong>ASHTON WAY</strong><br><span>Surface: sealed</span><br><span>Length: 0.07 km</span><br><span>Length rank: 1,915</span></div>"
road_8329770,path,Road centreline,hamilton_road_path,GALLANTS PLACE,,,,sealed,0.0746745381991199,1916,@EAAqmdgmI~ib}fAaHr@kTjAsGfC_FtF,,,,,,,23,#1464a5cc,#1464a5cc,,,,,,,"<div><strong>GALLANTS PLACE</strong><br><span>Surface: sealed</span><br><span>Length: 0.07 km</span><br><span>Length rank: 1,916</span></div>"
road_3314405,path,Road centreline,hamilton_road_path,TIFFINEY PLACE,,,,sealed,0.0746681193582164,1917,@EAA{mnhmIz_o_gA{Cm@qBqAyC{BgMiY,,,,,,,23,#1464a5cc,#1464a5cc,,,,,,,"<div><strong>TIFFINEY PLACE</strong><br><span>Surface: sealed</span><br><span>Length: 0.07 km</span><br><span>Length rank: 1,917</span></div>"
road_8329728,path,Road centreline,hamilton_road_path,PIPPA LANE,,,,sealed,0.074616472445872,1918,@EAAahbjmI|j__gAxQif@,,,,,,,23,#1464a5cc,#1464a5cc,,,,,,,"<div><strong>PIPPA LANE</strong><br><span>Surface: sealed</span><br><span>Length: 0.07 km</span><br><span>Length rank: 1,918</span></div>"
road_3314594,path,Road centreline,hamilton_road_path,WOBURN COURT,,,,sealed,0.0746136871075032,1919,@EAAwg~gmIlzo}fAeBfDyFnJy@lCWdDQrCiBdG,,,,,,,23,#1464a5cc,#1464a5cc,,,,,,,"<div><strong>WOBURN COURT</strong><br><span>Surface: sealed</span><br><span>Length: 0.07 km</span><br><span>Length rank: 1,919</span></div>"
road_3314476,path,Road centreline,hamilton_road_path,MERIDIAN PLACE,,,,sealed,0.0744660570331859,1920,@EAAmhngmI`lc~fA`CaCn@kBRmBn@mCjA}C~BiEzEoJ,,,,,,,23,#1464a5cc,#1464a5cc,,,,,,,"<div><strong>MERIDIAN PLACE</strong><br><span>Surface: sealed</span><br><span>Length: 0.07 km</span><br><span>Length rank: 1,920</span></div>"
road_8329703,path,Road centreline,hamilton_road_path,SELKIRK LANE,,,,sealed,0.0744653356274216,1921,@EAAo{qhmI|ojbgAPzh@,,,,,,,23,#1464a5cc,#1464a5cc,,,,,,,"<div><strong>SELKIRK LANE</strong><br><span>Surface: sealed</span><br><span>Length: 0.07 km</span><br><span>Length rank: 1,921</span></div>"
road_7742785,path,Road centreline,hamilton_road_path,BEEHIVE LANE,,,,sealed,0.0744522019318501,1922,@EAAku|emIf|hcgAh@wAtEsLd@eH@aEu@_H,,,,,,,23,#1464a5cc,#1464a5cc,,,,,,,"<div><strong>BEEHIVE LANE</strong><br><span>Surface: sealed</span><br><span>Length: 0.07 km</span><br><span>Length rank: 1,922</span></div>"
road_3314170,path,Road centreline,hamilton_road_path,GWENDOLINE PLACE,,,,sealed,0.0740586622752713,1923,@EAAub_jmIfpbcgAg[{UyDs@aEA,,,,,,,23,#1464a5cc,#1464a5cc,,,,,,,"<div><strong>GWENDOLINE PLACE</strong><br><span>Surface: sealed</span><br><span>Length: 0.07 km</span><br><span>Length rank: 1,923</span></div>"
road_3314768,path,Road centreline,hamilton_road_path,THE PALMS,,,,sealed,0.0740368038421355,1924,@EAAiuyhmIvvg~fAgJg@uL}@kG_@eAFaAXy@t@o@xA]fB]rA,,,,,,,23,#1464a5cc,#1464a5cc,,,,,,,"<div><strong>THE PALMS</strong><br><span>Surface: sealed</span><br><span>Length: 0.07 km</span><br><span>Length rank: 1,924</span></div>"
road_3314782,path,Road centreline,hamilton_road_path,PENINSULA POINT,,,,sealed,0.0738157031862856,1925,@EAAeatimIxar~fAySuGaLwCkCuAiCgE,,,,,,,23,#1464a5cc,#1464a5cc,,,,,,,"<div><strong>PENINSULA POINT</strong><br><span>Surface: sealed</span><br><span>Length: 0.07 km</span><br><span>Length rank: 1,925</span></div>"
road_3314519,path,Road centreline,hamilton_road_path,NORFOLK PLACE,,,,sealed,0.0737168847681021,1926,@EAA_`}fmIbdr~fAiE~ZHrDz@fF,,,,,,,23,#1464a5cc,#1464a5cc,,,,,,,"<div><strong>NORFOLK PLACE</strong><br><span>Surface: sealed</span><br><span>Length: 0.07 km</span><br><span>Length rank: 1,926</span></div>"
road_3314633,path,Road centreline,hamilton_road_path,BELLWOOD PLACE,,,,sealed,0.0733097599028538,1927,@EAAqrtimI|_o_gA{_@_LkFi@sFT,,,,,,,22,#1464a5cc,#1464a5cc,,,,,,,"<div><strong>BELLWOOD PLACE</strong><br><span>Surface: sealed</span><br><span>Length: 0.07 km</span><br><span>Length rank: 1,927</span></div>"
road_3314142,path,Road centreline,hamilton_road_path,GREVILLEA PLACE,,,,sealed,0.0732386074487636,1928,@EAA_fbimIl|acgAt@iE?oCwKq[,,,,,,,22,#1464a5cc,#1464a5cc,,,,,,,"<div><strong>GREVILLEA PLACE</strong><br><span>Surface: sealed</span><br><span>Length: 0.07 km</span><br><span>Length rank: 1,928</span></div>"
road_3314783,path,Road centreline,hamilton_road_path,JARVIS COURT,,,,sealed,0.073026005092887,1929,@EAAe`pimI|yk~fAJch@,,,,,,,22,#1464a5cc,#1464a5cc,,,,,,,"<div><strong>JARVIS COURT</strong><br><span>Surface: sealed</span><br><span>Length: 0.07 km</span><br><span>Length rank: 1,929</span></div>"
road_3314195,path,Road centreline,hamilton_road_path,LORIMER LANE,,,,sealed,0.0730092340875929,1930,@EAAsrokmI~bebgAuTv[aDlE,,,,,,,22,#1464a5cc,#1464a5cc,,,,,,,"<div><strong>LORIMER LANE</strong><br><span>Surface: sealed</span><br><span>Length: 0.07 km</span><br><span>Length rank: 1,930</span></div>"
road_3314307,path,Road centreline,hamilton_road_path,BRENNAN PLACE,,,,sealed,0.0728054570192096,1931,@EAA}ltkmIxxragApq@kG,,,,,,,22,#1464a5cc,#1464a5cc,,,,,,,"<div><strong>BRENNAN PLACE</strong><br><span>Surface: sealed</span><br><span>Length: 0.07 km</span><br><span>Length rank: 1,931</span></div>"
road_3314675,path,Road centreline,hamilton_road_path,CHAMBERLAIN PLACE,,,,sealed,0.0728042216806593,1932,@EAAoaajmIdfs_gA`h@yW,,,,,,,22,#1464a5cc,#1464a5cc,,,,,,,"<div><strong>CHAMBERLAIN PLACE</strong><br><span>Surface: sealed</span><br><span>Length: 0.07 km</span><br><span>Length rank: 1,932</span></div>"
road_3314559,path,Road centreline,hamilton_road_path,KENTWOOD PLACE,,,,sealed,0.0726610164947724,1933,@EAAmo~fmIpt|}fAo[aa@,,,,,,,22,#1464a5cc,#1464a5cc,,,,,,,"<div><strong>KENTWOOD PLACE</strong><br><span>Surface: sealed</span><br><span>Length: 0.07 km</span><br><span>Length rank: 1,933</span></div>"
road_3314806,path,Road centreline,hamilton_road_path,GALAHAD COURT,,,,sealed,0.072329658549629,1934,@EAAmxyhmIptq}fAeTad@,,,,,,,22,#1464a5cc,#1464a5cc,,,,,,,"<div><strong>GALAHAD COURT</strong><br><span>Surface: sealed</span><br><span>Length: 0.07 km</span><br><span>Length rank: 1,934</span></div>"
road_3314012,path,Road centreline,hamilton_road_path,HEREFORD PLACE,,,,sealed,0.0722905802437836,1935,@EAA_j`fmIroeagAq[gPuDoAyGa@,,,,,,,22,#1464a5cc,#1464a5cc,,,,,,,"<div><strong>HEREFORD PLACE</strong><br><span>Surface: sealed</span><br><span>Length: 0.07 km</span><br><span>Length rank: 1,935</span></div>"
road_3314680,path,Road centreline,hamilton_road_path,FLEMING PLACE,,,,sealed,0.0720861416249272,1936,@EAAizgimIj{__gA_\eSeEeAuDW,,,,,,,22,#1464a5cc,#1464a5cc,,,,,,,"<div><strong>FLEMING PLACE</strong><br><span>Surface: sealed</span><br><span>Length: 0.07 km</span><br><span>Length rank: 1,936</span></div>"
road_3314789,path,Road centreline,hamilton_road_path,PLOVER COURT,,,,sealed,0.0720015690522078,1937,@EAAqo}hmIdvz}fAk@wG{CuJ}GaQ,,,,,,,22,#1464a5cc,#1464a5cc,,,,,,,"<div><strong>PLOVER COURT</strong><br><span>Surface: sealed</span><br><span>Length: 0.07 km</span><br><span>Length rank: 1,937</span></div>"
road_7742837,path,Road centreline,hamilton_road_path,FALCON COURT,,,,sealed,0.0718300970984002,1938,@EAAwa~fmI~zs}fAuO~HsFfBsFn@mLf@,,,,,,,22,#1464a5cc,#1464a5cc,,,,,,,"<div><strong>FALCON COURT</strong><br><span>Surface: sealed</span><br><span>Length: 0.07 km</span><br><span>Length rank: 1,938</span></div>"
road_8329699,path,Road centreline,hamilton_road_path,MILA PAIGE CLOSE,,,,sealed,0.0716218220563161,1939,@EAAcdpjmIhtpcgAkd@pHgEtF,,,,,,,22,#1464a5cc,#1464a5cc,,,,,,,"<div><strong>MILA PAIGE CLOSE</strong><br><span>Surface: sealed</span><br><span>Length: 0.07 km</span><br><span>Length rank: 1,939</span></div>"
road_3314543,path,Road centreline,hamilton_road_path,MACARTHUR MEWS,,,,sealed,0.0715972522075769,1940,@EAAo_ihmI|zn~fAgESqDu@sBsA}PqU,,,,,,,22,#1464a5cc,#1464a5cc,,,,,,,"<div><strong>MACARTHUR MEWS</strong><br><span>Surface: sealed</span><br><span>Length: 0.07 km</span><br><span>Length rank: 1,940</span></div>"
road_3314157,path,Road centreline,hamilton_road_path,DILLON PLACE,,,,sealed,0.071555217325861,1941,@EAAeo~imIr`ibgAs@rAkLxb@,,,,,,,22,#1464a5cc,#1464a5cc,,,,,,,"<div><strong>DILLON PLACE</strong><br><span>Surface: sealed</span><br><span>Length: 0.07 km</span><br><span>Length rank: 1,941</span></div>"
road_3314098,path,Road centreline,hamilton_road_path,CLANCY PLACE,,,,sealed,0.0715116100533385,1942,@EAAy|pfmIxm|`gAsDj@mFhCkTrU,,,,,,,22,#1464a5cc,#1464a5cc,,,,,,,"<div><strong>CLANCY PLACE</strong><br><span>Surface: sealed</span><br><span>Length: 0.07 km</span><br><span>Length rank: 1,942</span></div>"
road_3314521,path,Road centreline,hamilton_road_path,JEAN PLACE,,,,sealed,0.0715054878582096,1943,@EAAcbpfmI~uh~fAwj@iS,,,,,,,22,#1464a5cc,#1464a5cc,,,,,,,"<div><strong>JEAN PLACE</strong><br><span>Surface: sealed</span><br><span>Length: 0.07 km</span><br><span>Length rank: 1,943</span></div>"
road_3314719,path,Road centreline,hamilton_road_path,DINGWALL COURT,,,,sealed,0.0713238723617686,1944,@EAAatwhmIlxh~fAiTrQ_AtBK~AP|F,,,,,,,22,#1464a5cc,#1464a5cc,,,,,,,"<div><strong>DINGWALL COURT</strong><br><span>Surface: sealed</span><br><span>Length: 0.07 km</span><br><span>Length rank: 1,944</span></div>"
road_3314608,path,Road centreline,hamilton_road_path,MILFORD PLACE,,,,sealed,0.0712878077447636,1945,@EAA_t_jmIbz`_gAvHgC|EaBrDs@`E[~Gs@rHmA,,,,,,,22,#1464a5cc,#1464a5cc,,,,,,,"<div><strong>MILFORD PLACE</strong><br><span>Surface: sealed</span><br><span>Length: 0.07 km</span><br><span>Length rank: 1,945</span></div>"
road_8329700,path,Road centreline,hamilton_road_path,HEKE LANE,,,,sealed,0.071255239816577,1946,@EAAmvmjmI~umcgAHZvK|d@,,,,,,,22,#1464a5cc,#1464a5cc,,,,,,,"<div><strong>HEKE LANE</strong><br><span>Surface: sealed</span><br><span>Length: 0.07 km</span><br><span>Length rank: 1,946</span></div>"
road_3313966,path,Road centreline,hamilton_road_path,HARTINGTON LANE,,,,sealed,0.0712475863595021,1947,@EAAylifmI`q{agAMvP[jDqAnBcDpBaGxB,,,,,,,22,#1464a5cc,#1464a5cc,,,,,,,"<div><strong>HARTINGTON LANE</strong><br><span>Surface: sealed</span><br><span>Length: 0.07 km</span><br><span>Length rank: 1,947</span></div>"
road_7742832,path,Road centreline,hamilton_road_path,CORDELIA COURT,,,,sealed,0.0711639879395752,1948,@EAAeplgmIjfy}fAcFuDyE{IwEsJ_CiE,,,,,,,22,#1464a5cc,#1464a5cc,,,,,,,"<div><strong>CORDELIA COURT</strong><br><span>Surface: sealed</span><br><span>Length: 0.07 km</span><br><span>Length rank: 1,948</span></div>"
road_3314376,path,Road centreline,hamilton_road_path,OLIVE PLACE,,,,sealed,0.0711198201135114,1949,@EAAwrsfmId_r`gA|EgAlDaCdU_U,,,,,,,22,#1464a5cc,#1464a5cc,,,,,,,"<div><strong>OLIVE PLACE</strong><br><span>Surface: sealed</span><br><span>Length: 0.07 km</span><br><span>Length rank: 1,949</span></div>"
road_3314072,path,Road centreline,hamilton_road_path,WEDGEWOOD PLACE,,,,sealed,0.0710114726884418,1950,@EAAmiagmIftjagAmDS}BDiGh@c^jF,,,,,,,22,#1464a5cc,#1464a5cc,,,,,,,"<div><strong>WEDGEWOOD PLACE</strong><br><span>Surface: sealed</span><br><span>Length: 0.07 km</span><br><span>Length rank: 1,950</span></div>"
road_3314134,path,Road centreline,hamilton_road_path,GUY PLACE,,,,sealed,0.0709351617474105,1951,@EAA{}`imIv~ecgA{Gjf@,,,,,,,22,#1464a5cc,#1464a5cc,,,,,,,"<div><strong>GUY PLACE</strong><br><span>Surface: sealed</span><br><span>Length: 0.07 km</span><br><span>Length rank: 1,951</span></div>"
road_3314248,path,Road centreline,hamilton_road_path,COLLINGWOOD LANE,,,,sealed,0.0708477784395936,1952,@EAAunkimIv`lagAsEhFgHhHUt@jIlFhEpB,,,,,,,22,#1464a5cc,#1464a5cc,,,,,,,"<div><strong>COLLINGWOOD LANE</strong><br><span>Surface: sealed</span><br><span>Length: 0.07 km</span><br><span>Length rank: 1,952</span></div>"
road_7742850,path,Road centreline,hamilton_road_path,MCGARRIDLE ROAD,,,,sealed,0.070739745530298,1953,@EAAm|gjmIfuh_gAwn@eK,,,,,,,22,#1464a5cc,#1464a5cc,,,,,,,"<div><strong>MCGARRIDLE ROAD</strong><br><span>Surface: sealed</span><br><span>Length: 0.07 km</span><br><span>Length rank: 1,953</span></div>"
road_3314074,path,Road centreline,hamilton_road_path,KOTUKU STREET,,,,sealed,0.070576649354183,1954,@EAAssxgmI~hnagAsMae@,,,,,,,22,#1464a5cc,#1464a5cc,,,,,,,"<div><strong>KOTUKU STREET</strong><br><span>Surface: sealed</span><br><span>Length: 0.07 km</span><br><span>Length rank: 1,954</span></div>"
road_3314404,path,Road centreline,hamilton_road_path,GLADING PLACE,,,,sealed,0.070556237528498,1955,@EAAyjxgmIzoe_gAnFjBjG|Al]nG,,,,,,,22,#1464a5cc,#1464a5cc,,,,,,,"<div><strong>GLADING PLACE</strong><br><span>Surface: sealed</span><br><span>Length: 0.07 km</span><br><span>Length rank: 1,955</span></div>"
road_3314155,path,Road centreline,hamilton_road_path,PERRY PLACE,,,,sealed,0.0705004663774603,1956,@EAAwhzimIzwubgAmm@yM,,,,,,,22,#1464a5cc,#1464a5cc,,,,,,,"<div><strong>PERRY PLACE</strong><br><span>Surface: sealed</span><br><span>Length: 0.07 km</span><br><span>Length rank: 1,956</span></div>"
road_3314657,path,Road centreline,hamilton_road_path,DAVEY PLACE,,,,sealed,0.0701073300084695,1957,@EAAsxrimIb_g`gAfEAlDYrAq@xZmO,,,,,,,22,#1464a5cc,#1464a5cc,,,,,,,"<div><strong>DAVEY PLACE</strong><br><span>Surface: sealed</span><br><span>Length: 0.07 km</span><br><span>Length rank: 1,957</span></div>"
road_3314777,path,Road centreline,hamilton_road_path,BADMINTON COURT,,,,sealed,0.0700667830149085,1958,@EAAwjbimInas~fAV~Db@`BxAdDjEnNdA`G,,,,,,,22,#1464a5cc,#1464a5cc,,,,,,,"<div><strong>BADMINTON COURT</strong><br><span>Surface: sealed</span><br><span>Length: 0.07 km</span><br><span>Length rank: 1,958</span></div>"
road_8329767,path,Road centreline,hamilton_road_path,FRESHWATER DRIVE,,,,sealed,0.0700050009946749,1959,@EAAqnyfmIrzd}fAvFa@h`@cAzFcA,,,,,,,22,#1464a5cc,#1464a5cc,,,,,,,"<div><strong>FRESHWATER DRIVE</strong><br><span>Surface: sealed</span><br><span>Length: 0.07 km</span><br><span>Length rank: 1,959</span></div>"
road_3314787,path,Road centreline,hamilton_road_path,GRACEFIELD PLACE,,,,sealed,0.0699776827141973,1960,@EAAa{nimIvbh~fAwFjC_FxBsCtAkB`BgA|Bm@zA_@`H,,,,,,,22,#1464a5cc,#1464a5cc,,,,,,,"<div><strong>GRACEFIELD PLACE</strong><br><span>Surface: sealed</span><br><span>Length: 0.07 km</span><br><span>Length rank: 1,960</span></div>"
road_3314356,path,Road centreline,hamilton_road_path,AIRDRIE LANE,,,,sealed,0.069846946441014,1961,@EAA{cmhmItkl`gANuByAgFwJgPcDkF,,,,,,,22,#1464a5cc,#1464a5cc,,,,,,,"<div><strong>AIRDRIE LANE</strong><br><span>Surface: sealed</span><br><span>Length: 0.07 km</span><br><span>Length rank: 1,961</span></div>"
road_8329741,path,Road centreline,hamilton_road_path,Road centreline,,,,sealed,0.0695573181673661,1962,@EAAwowimI~ll~fAsAtEQvCz@jHF|Am@jBoEbI,,,,,,,22,#1464a5cc,#1464a5cc,,,,,,,"<div><strong>Road 8329741</strong><br><span>Surface: sealed</span><br><span>Length: 0.07 km</span><br><span>Length rank: 1,962</span></div>"
road_3314306,path,Road centreline,hamilton_road_path,DOROTHY PLACE,,,,sealed,0.0694853336780534,1963,@EAAcqskmInnuagAnSwDrDm@hCs@rBcAvAgA`B{Av@qA,,,,,,,22,#1464a5cc,#1464a5cc,,,,,,,"<div><strong>DOROTHY PLACE</strong><br><span>Surface: sealed</span><br><span>Length: 0.07 km</span><br><span>Length rank: 1,963</span></div>"
road_3314034,path,Road centreline,hamilton_road_path,CHILCOTT ROAD,,,,sealed,0.0694051718577285,1964,@EAAuewgmIdggagA_EeBwBqCuAaCcBaFgBqDsBgH,,,,,,,22,#1464a5cc,#1464a5cc,,,,,,,"<div><strong>CHILCOTT ROAD</strong><br><span>Surface: sealed</span><br><span>Length: 0.07 km</span><br><span>Length rank: 1,964</span></div>"
road_3314903,path,Road centreline,hamilton_road_path,ARNCLIFFE TERRACE,,,,sealed,0.0693970782089625,1965,@EAAmnhgmInye}fAwJdBkFhAaFzBmFtE_D~D,,,,,,,22,#1464a5cc,#1464a5cc,,,,,,,"<div><strong>ARNCLIFFE TERRACE</strong><br><span>Surface: sealed</span><br><span>Length: 0.07 km</span><br><span>Length rank: 1,965</span></div>"
road_7742868,path,Road centreline,hamilton_road_path,JASON LANE,,,,sealed,0.0693559437051328,1966,@EAAmknfmIflc}fAyQrHeDdA{@XaATaANqADwAEsCYeC[,,,,,,,22,#1464a5cc,#1464a5cc,,,,,,,"<div><strong>JASON LANE</strong><br><span>Surface: sealed</span><br><span>Length: 0.07 km</span><br><span>Length rank: 1,966</span></div>"
road_6064557,path,Road centreline,hamilton_road_path,QUEENS PARK CRESCENT,,,,sealed,0.0693280980247652,1967,@EAAa}mhmI|dtagAif@`OeC`A,,,,,,,22,#1464a5cc,#1464a5cc,,,,,,,"<div><strong>QUEENS PARK CRESCENT</strong><br><span>Surface: sealed</span><br><span>Length: 0.07 km</span><br><span>Length rank: 1,967</span></div>"
road_3314252,path,Road centreline,hamilton_road_path,ROBERT GRIGG PLACE,,,,sealed,0.069311796398198,1968,@EAAeisjmIv`hagAbZtBrTW,,,,,,,22,#1464a5cc,#1464a5cc,,,,,,,"<div><strong>ROBERT GRIGG PLACE</strong><br><span>Surface: sealed</span><br><span>Length: 0.07 km</span><br><span>Length rank: 1,968</span></div>"
road_3314291,path,Road centreline,hamilton_road_path,LOCKSLEY LANE,,,,sealed,0.069105664950763,1969,@EAAcn`kmIvl`agAqLld@,,,,,,,22,#1464a5cc,#1464a5cc,,,,,,,"<div><strong>LOCKSLEY LANE</strong><br><span>Surface: sealed</span><br><span>Length: 0.07 km</span><br><span>Length rank: 1,969</span></div>"
road_3314011,path,Road centreline,hamilton_road_path,SUNSET CLOSE,,,,sealed,0.0688537618012628,1970,@EAA{rlfmInwmagAkTaXeE}E,,,,,,,22,#1464a5cc,#1464a5cc,,,,,,,"<div><strong>SUNSET CLOSE</strong><br><span>Surface: sealed</span><br><span>Length: 0.07 km</span><br><span>Length rank: 1,970</span></div>"
road_3314775,path,Road centreline,hamilton_road_path,KINNAIRD PLACE,,,,sealed,0.0687982006411741,1971,@EAAkwyimIf`y~fAwa@xGkJvB,,,,,,,22,#1464a5cc,#1464a5cc,,,,,,,"<div><strong>KINNAIRD PLACE</strong><br><span>Surface: sealed</span><br><span>Length: 0.07 km</span><br><span>Length rank: 1,971</span></div>"
road_3314067,path,Road centreline,hamilton_road_path,FRASER STREET,,,,sealed,0.0687107361154181,1972,@EAAwgnhmIzvvagAzj@yO,,,,,,,22,#1464a5cc,#1464a5cc,,,,,,,"<div><strong>FRASER STREET</strong><br><span>Surface: sealed</span><br><span>Length: 0.07 km</span><br><span>Length rank: 1,972</span></div>"
road_3314554,path,Road centreline,hamilton_road_path,MERIDIAN PLACE,,,,sealed,0.0686893814976103,1973,@EAA{umgmIfod~fA}@cEwAcCcCsC_BeBo@cBYiASaCq@}BgAuB,,,,,,,22,#1464a5cc,#1464a5cc,,,,,,,"<div><strong>MERIDIAN PLACE</strong><br><span>Surface: sealed</span><br><span>Length: 0.07 km</span><br><span>Length rank: 1,973</span></div>"
road_3314160,path,Road centreline,hamilton_road_path,ONSLOW STREET,,,,sealed,0.0685098161977973,1974,@EAA{_ajmItcfbgApm@bJ,,,,,,,22,#1464a5cc,#1464a5cc,,,,,,,"<div><strong>ONSLOW STREET</strong><br><span>Surface: sealed</span><br><span>Length: 0.07 km</span><br><span>Length rank: 1,974</span></div>"
road_3314246,path,Road centreline,hamilton_road_path,SAPPER MOORE-JONES PLACE,,,,sealed,0.0684818363099944,1975,@EAAq{qimI`xmagAbf@zU,,,,,,,22,#1464a5cc,#1464a5cc,,,,,,,"<div><strong>SAPPER MOORE-JONES PLACE</strong><br><span>Surface: sealed</span><br><span>Length: 0.07 km</span><br><span>Length rank: 1,975</span></div>"
road_7742829,path,Road centreline,hamilton_road_path,BENTLEY RISE,,,,sealed,0.068322836897769,1976,@EAA{uxfmIpjz}fAuHyAeAU}@[iEwBmNmHeDuA,,,,,,,22,#1464a5cc,#1464a5cc,,,,,,,"<div><strong>BENTLEY RISE</strong><br><span>Surface: sealed</span><br><span>Length: 0.07 km</span><br><span>Length rank: 1,976</span></div>"
road_3314108,path,Road centreline,hamilton_road_path,TAKAHE STREET,,,,sealed,0.0682283356766352,1977,@EAAga|gmInwmagAeYh_@,,,,,,,22,#1464a5cc,#1464a5cc,,,,,,,"<div><strong>TAKAHE STREET</strong><br><span>Surface: sealed</span><br><span>Length: 0.07 km</span><br><span>Length rank: 1,977</span></div>"
road_3314103,path,Road centreline,hamilton_road_path,SUMMIT TERRACE,,,,sealed,0.0681362276935479,1978,@EAAeragmIl|sagAfItYzBpB|DfB,,,,,,,22,#1464a5cc,#1464a5cc,,,,,,,"<div><strong>SUMMIT TERRACE</strong><br><span>Surface: sealed</span><br><span>Length: 0.07 km</span><br><span>Length rank: 1,978</span></div>"
road_3314790,path,Road centreline,hamilton_road_path,EDDLEWOOD COURT,,,,sealed,0.0680389579637311,1979,@EAAw~}hmItoy}fAgAuF[_DeAoDyFsQ,,,,,,,22,#1464a5cc,#1464a5cc,,,,,,,"<div><strong>EDDLEWOOD COURT</strong><br><span>Surface: sealed</span><br><span>Length: 0.07 km</span><br><span>Length rank: 1,979</span></div>"
road_3314544,path,Road centreline,hamilton_road_path,VEREKER COURT,,,,sealed,0.0679990521553867,1980,@EAAsekhmIpmn~fA\pUv@jDtAlCjD`B,,,,,,,22,#1464a5cc,#1464a5cc,,,,,,,"<div><strong>VEREKER COURT</strong><br><span>Surface: sealed</span><br><span>Length: 0.07 km</span><br><span>Length rank: 1,980</span></div>"
road_3314015,path,Road centreline,hamilton_road_path,BRUTON PLACE,,,,sealed,0.0678341873135506,1981,@EAAqiofmIxoeagAw`@fZ,,,,,,,22,#1464a5cc,#1464a5cc,,,,,,,"<div><strong>BRUTON PLACE</strong><br><span>Surface: sealed</span><br><span>Length: 0.07 km</span><br><span>Length rank: 1,981</span></div>"
road_3314018,path,Road centreline,hamilton_road_path,BEN NEVIS PLACE,,,,sealed,0.0678131384939963,1982,@EAAofafmIfe}`gAcEyEgDoCsFaC_QcG,,,,,,,22,#1464a5cc,#1464a5cc,,,,,,,"<div><strong>BEN NEVIS PLACE</strong><br><span>Surface: sealed</span><br><span>Length: 0.07 km</span><br><span>Length rank: 1,982</span></div>"
road_3314180,path,Road centreline,hamilton_road_path,PLATEAU DRIVE,,,,sealed,0.0676603740009837,1983,@EAAy~qjmIxm|bgAfZk^,,,,,,,22,#1464a5cc,#1464a5cc,,,,,,,"<div><strong>PLATEAU DRIVE</strong><br><span>Surface: sealed</span><br><span>Length: 0.07 km</span><br><span>Length rank: 1,983</span></div>"
road_7742842,path,Road centreline,hamilton_road_path,ALDERSON ROAD,,,,sealed,0.0675926406552366,1984,@EAAyejjmI|yz_gAyg@kJkCg@,,,,,,,22,#1464a5cc,#1464a5cc,,,,,,,"<div><strong>ALDERSON ROAD</strong><br><span>Surface: sealed</span><br><span>Length: 0.07 km</span><br><span>Length rank: 1,984</span></div>"
road_3314106,path,Road centreline,hamilton_road_path,MAGENTA PLACE,,,,sealed,0.0675340124260316,1985,@EAAk{dgmIhdqagAvEl@fGKh^gF,,,,,,,22,#1464a5cc,#1464a5cc,,,,,,,"<div><strong>MAGENTA PLACE</strong><br><span>Surface: sealed</span><br><span>Length: 0.07 km</span><br><span>Length rank: 1,985</span></div>"
road_3314597,path,Road centreline,hamilton_road_path,ALLGOOD PLACE,,,,sealed,0.0671966590803787,1986,@EAAqtghmIbam}fAiBlEqCrEsUxM,,,,,,,22,#1464a5cc,#1464a5cc,,,,,,,"<div><strong>ALLGOOD PLACE</strong><br><span>Surface: sealed</span><br><span>Length: 0.07 km</span><br><span>Length rank: 1,986</span></div>"
road_3314545,path,Road centreline,hamilton_road_path,MCLEOD MEWS,,,,sealed,0.0669962700007127,1987,@EAAiyjhmIdln~fAwMiSoDyB{HgB,,,,,,,22,#1464a5cc,#1464a5cc,,,,,,,"<div><strong>MCLEOD MEWS</strong><br><span>Surface: sealed</span><br><span>Length: 0.07 km</span><br><span>Length rank: 1,987</span></div>"
road_8329702,path,Road centreline,hamilton_road_path,GECKO LANE,,,,sealed,0.0669826568482525,1988,@EAAyfphmInqjbgARtd@,,,,,,,22,#1464a5cc,#1464a5cc,,,,,,,"<div><strong>GECKO LANE</strong><br><span>Surface: sealed</span><br><span>Length: 0.07 km</span><br><span>Length rank: 1,988</span></div>"
road_3314672,path,Road centreline,hamilton_road_path,EPSOM PLACE,,,,sealed,0.0668941868057527,1989,@EAAo~yimI~sh_gAcKkB}DuBaFgE_DuAyH}A,,,,,,,22,#1464a5cc,#1464a5cc,,,,,,,"<div><strong>EPSOM PLACE</strong><br><span>Surface: sealed</span><br><span>Length: 0.07 km</span><br><span>Length rank: 1,989</span></div>"
road_3314548,path,Road centreline,hamilton_road_path,CALYPSO RISE,,,,sealed,0.0668806816020793,1990,@EAAqqigmIr|~}fAmHlI{BpCgBz@cGxAuE`@qCP,,,,,,,22,#1464a5cc,#1464a5cc,,,,,,,"<div><strong>CALYPSO RISE</strong><br><span>Surface: sealed</span><br><span>Length: 0.07 km</span><br><span>Length rank: 1,990</span></div>"
road_3314468,path,Road centreline,hamilton_road_path,RADFORD PLACE,,,,sealed,0.066792578185706,1991,@EAAak`hmInct~fAq@nUX|Ft@~E,,,,,,,22,#1464a5cc,#1464a5cc,,,,,,,"<div><strong>RADFORD PLACE</strong><br><span>Surface: sealed</span><br><span>Length: 0.07 km</span><br><span>Length rank: 1,991</span></div>"
road_7742824,path,Road centreline,hamilton_road_path,Road centreline,,,,sealed,0.0665865298561386,1992,@EAAcu~gmIrbd~fAaGgK{F_LUmAZuE,,,,,,,22,#1464a5cc,#1464a5cc,,,,,,,"<div><strong>Road 7742824</strong><br><span>Surface: sealed</span><br><span>Length: 0.07 km</span><br><span>Length rank: 1,992</span></div>"
road_3314179,path,Road centreline,hamilton_road_path,ANNABEL PLACE,,,,sealed,0.0664589443959046,1993,@EAAgnkjmIjazbgAhj@{M,,,,,,,22,#1464a5cc,#1464a5cc,,,,,,,"<div><strong>ANNABEL PLACE</strong><br><span>Surface: sealed</span><br><span>Length: 0.07 km</span><br><span>Length rank: 1,993</span></div>"
road_6064591,path,Road centreline,hamilton_road_path,BORMAN ROAD,,,,sealed,0.0664452102040507,1994,@EAAoqtgmIxul}fA]nBd@`DlAhBnCvA`Gr@dBOtBe@tA_AhAeAf@aA,,,,,,,22,#1464a5cc,#1464a5cc,,,,,,,"<div><strong>BORMAN ROAD</strong><br><span>Surface: sealed</span><br><span>Length: 0.07 km</span><br><span>Length rank: 1,994</span></div>"
road_3314115,path,Road centreline,hamilton_road_path,HAROLD LANE,,,,sealed,0.0662647977357219,1995,@EAAqnogmInlbagAmFnBkD~@{RhDc@HwHpA,,,,,,,22,#1464a5cc,#1464a5cc,,,,,,,"<div><strong>HAROLD LANE</strong><br><span>Surface: sealed</span><br><span>Length: 0.07 km</span><br><span>Length rank: 1,995</span></div>"
road_3314253,path,Road centreline,hamilton_road_path,GRIFFITHS PLACE,,,,sealed,0.066182673252069,1996,@EAAgkgjmIjzw`gAam@cF,,,,,,,22,#1464a5cc,#1464a5cc,,,,,,,"<div><strong>GRIFFITHS PLACE</strong><br><span>Surface: sealed</span><br><span>Length: 0.07 km</span><br><span>Length rank: 1,996</span></div>"
road_6064553,path,Road centreline,hamilton_road_path,SOUTHBROOK CLOSE,,,,sealed,0.0661481757048385,1997,@EAAwyfimIr}qcgAt@kD|AeH|B_U,,,,,,,22,#1464a5cc,#1464a5cc,,,,,,,"<div><strong>SOUTHBROOK CLOSE</strong><br><span>Surface: sealed</span><br><span>Length: 0.07 km</span><br><span>Length rank: 1,997</span></div>"
road_3314052,path,Road centreline,hamilton_road_path,EVELYN COURT,,,,sealed,0.0661351795719397,1998,@EAAkpjgmIbkhbgA_Mqb@,,,,,,,22,#1464a5cc,#1464a5cc,,,,,,,"<div><strong>EVELYN COURT</strong><br><span>Surface: sealed</span><br><span>Length: 0.07 km</span><br><span>Length rank: 1,998</span></div>"
road_6064291,path,Road centreline,hamilton_road_path,TE RAPA ROAD,,,,sealed,0.0658779146979023,1999,@EAAkxxdmIhco|fAoGVsFRkI`@uIb@sCX_Ct@,,,,,,,22,#1464a5cc,#1464a5cc,,,,,,,"<div><strong>TE RAPA ROAD</strong><br><span>Surface: sealed</span><br><span>Length: 0.07 km</span><br><span>Length rank: 1,999</span></div>"
road_3314540,path,Road centreline,hamilton_road_path,LONGWOOD PLACE,,,,sealed,0.0657704075050537,2000,@EAAqaghmIj|s~fAlBtIvB`EpNvM,,,,,,,22,#1464a5cc,#1464a5cc,,,,,,,"<div><strong>LONGWOOD PLACE</strong><br><span>Surface: sealed</span><br><span>Length: 0.07 km</span><br><span>Length rank: 2,000</span></div>"
road_6064592,path,Road centreline,hamilton_road_path,BORMAN ROAD,,,,sealed,0.0656743098084776,2001,@EAAcusgmIb~l}fAXqBQuBm@cBmA}@qBiA{@KeAOeCKaCb@qCz@iCpC,,,,,,,22,#1464a5cc,#1464a5cc,,,,,,,"<div><strong>BORMAN ROAD</strong><br><span>Surface: sealed</span><br><span>Length: 0.07 km</span><br><span>Length rank: 2,001</span></div>"
road_7742791,path,Road centreline,hamilton_road_path,STAN HEATHER DRIVE,,,,sealed,0.0655807224462982,2002,@EAAorhimIl}ocgAdBgDvB}CfDcCtIqDtI_C,,,,,,,22,#1464a5cc,#1464a5cc,,,,,,,"<div><strong>STAN HEATHER DRIVE</strong><br><span>Surface: sealed</span><br><span>Length: 0.07 km</span><br><span>Length rank: 2,002</span></div>"
road_3314377,path,Road centreline,hamilton_road_path,MCKINLEY PLACE,,,,sealed,0.0655152440667219,2003,@EAAgnufmIhqo`gAuObRq@nAcAjBo@tB[bB,,,,,,,22,#1464a5cc,#1464a5cc,,,,,,,"<div><strong>MCKINLEY PLACE</strong><br><span>Surface: sealed</span><br><span>Length: 0.07 km</span><br><span>Length rank: 2,003</span></div>"
road_3314558,path,Road centreline,hamilton_road_path,CAMBRIAN LANE,,,,sealed,0.0655077666868531,2004,@EAAmlygmIvbb~fArYvEvP~B,,,,,,,22,#1464a5cc,#1464a5cc,,,,,,,"<div><strong>CAMBRIAN LANE</strong><br><span>Surface: sealed</span><br><span>Length: 0.07 km</span><br><span>Length rank: 2,004</span></div>"
road_3314192,path,Road centreline,hamilton_road_path,BALFOUR CRESCENT,,,,sealed,0.0655018179629789,2005,@EAAqx}kmInlsbgArYkBrCUzB[hBi@|Ai@~Aw@,,,,,,,22,#1464a5cc,#1464a5cc,,,,,,,"<div><strong>BALFOUR CRESCENT</strong><br><span>Surface: sealed</span><br><span>Length: 0.07 km</span><br><span>Length rank: 2,005</span></div>"
road_8329735,path,Road centreline,hamilton_road_path,GREENHILL ROAD,,,,sealed,0.0653320317255411,2006,@EAA_z{jmI|v{~fAo]gKaIkD,,,,,,,22,#1464a5cc,#1464a5cc,,,,,,,"<div><strong>GREENHILL ROAD</strong><br><span>Surface: sealed</span><br><span>Length: 0.07 km</span><br><span>Length rank: 2,006</span></div>"
road_6064595,path,Road centreline,hamilton_road_path,Road centreline,,,,sealed,0.0652329315648927,2007,@EAA}{`hmI|il}fAh@_Gd@eHb@yDXsAp@wAx@qAn@WvBy@,,,,,,,22,#1464a5cc,#1464a5cc,,,,,,,"<div><strong>Road 6064595</strong><br><span>Surface: sealed</span><br><span>Length: 0.07 km</span><br><span>Length rank: 2,007</span></div>"
road_3314757,path,Road centreline,hamilton_road_path,CHRISTOBEL CIRCLE,,,,sealed,0.0651668458654339,2008,@EAAmy_imIzvr}fAiGxAkHh@uGi@sEu@aJgB,,,,,,,22,#1464a5cc,#1464a5cc,,,,,,,"<div><strong>CHRISTOBEL CIRCLE</strong><br><span>Surface: sealed</span><br><span>Length: 0.07 km</span><br><span>Length rank: 2,008</span></div>"
road_3314360,path,Road centreline,hamilton_road_path,SUNSHINE AVENUE,,,,sealed,0.0648527215865124,2009,@EAA_adgmIncp_gAt@lP`KjO,,,,,,,22,#1464a5cc,#1464a5cc,,,,,,,"<div><strong>SUNSHINE AVENUE</strong><br><span>Surface: sealed</span><br><span>Length: 0.06 km</span><br><span>Length rank: 2,009</span></div>"
road_3314401,path,Road centreline,hamilton_road_path,DALE PLACE,,,,sealed,0.0647544075231053,2010,@EAA{ungmIrmg_gAxUxKpBpAlBnAnDbD,,,,,,,22,#1464a5cc,#1464a5cc,,,,,,,"<div><strong>DALE PLACE</strong><br><span>Surface: sealed</span><br><span>Length: 0.06 km</span><br><span>Length rank: 2,010</span></div>"
road_3314803,path,Road centreline,hamilton_road_path,KNAPDALE MEWS,,,,sealed,0.0647510384865546,2011,@EAA{iqimIdpx}fA}BrBuAlAeBp@gCHiZ}B,,,,,,,22,#1464a5cc,#1464a5cc,,,,,,,"<div><strong>KNAPDALE MEWS</strong><br><span>Surface: sealed</span><br><span>Length: 0.06 km</span><br><span>Length rank: 2,011</span></div>"
road_3314308,path,Road centreline,hamilton_road_path,BAFFLES CRESCENT,,,,sealed,0.0647496711640568,2012,@EAAie{kmInpoagAk_@|X,,,,,,,22,#1464a5cc,#1464a5cc,,,,,,,"<div><strong>BAFFLES CRESCENT</strong><br><span>Surface: sealed</span><br><span>Length: 0.06 km</span><br><span>Length rank: 2,012</span></div>"
road_3314618,path,Road centreline,hamilton_road_path,GARDINER PLACE,,,,sealed,0.0647354166677137,2013,@EAAkvgimIfeg`gA~Qe`@,,,,,,,22,#1464a5cc,#1464a5cc,,,,,,,"<div><strong>GARDINER PLACE</strong><br><span>Surface: sealed</span><br><span>Length: 0.06 km</span><br><span>Length rank: 2,013</span></div>"
road_3313995,path,Road centreline,hamilton_road_path,KENILWORTH PLACE,,,,sealed,0.0645983712147574,2014,@EAAatofmIztzagAsClAoCpBqCfD}ApCeG~L,,,,,,,22,#1464a5cc,#1464a5cc,,,,,,,"<div><strong>KENILWORTH PLACE</strong><br><span>Surface: sealed</span><br><span>Length: 0.06 km</span><br><span>Length rank: 2,014</span></div>"
road_3314311,path,Road centreline,hamilton_road_path,SNEAD PLACE,,,,sealed,0.0642770935795545,2015,@EAAoubkmIpyjagAfToGjGuC~B_CbBgB,,,,,,,22,#1464a5cc,#1464a5cc,,,,,,,"<div><strong>SNEAD PLACE</strong><br><span>Surface: sealed</span><br><span>Length: 0.06 km</span><br><span>Length rank: 2,015</span></div>"
road_3313954,path,Road centreline,hamilton_road_path,JESSICA COURT,,,,sealed,0.0638025388576083,2016,@EAAilrgmInijbgAy@uDw@_Bo@oDmA_EaAaBcBiBcAiBAoB,,,,,,,22,#1464a5cc,#1464a5cc,,,,,,,"<div><strong>JESSICA COURT</strong><br><span>Surface: sealed</span><br><span>Length: 0.06 km</span><br><span>Length rank: 2,016</span></div>"
road_3314776,path,Road centreline,hamilton_road_path,SHIRLEY PLACE,,,,sealed,0.0635750926819894,2017,@EAAww{imIpvv~fAhAv@|@l@Xt@XrA@|C{ArT,,,,,,,22,#1464a5cc,#1464a5cc,,,,,,,"<div><strong>SHIRLEY PLACE</strong><br><span>Surface: sealed</span><br><span>Length: 0.06 km</span><br><span>Length rank: 2,017</span></div>"
road_3314575,path,Road centreline,hamilton_road_path,WINDERMERE RISE,,,,sealed,0.0635226441342756,2018,@EAAylihmI|fb~fA~B|ItBrKnB`J,,,,,,,22,#1464a5cc,#1464a5cc,,,,,,,"<div><strong>WINDERMERE RISE</strong><br><span>Surface: sealed</span><br><span>Length: 0.06 km</span><br><span>Length rank: 2,018</span></div>"
road_6064597,path,Road centreline,hamilton_road_path,ASTELIA LANE,,,,sealed,0.0635213371858105,2019,@EAA}xrhmI|rj}fAo@rE@bBJ~BpBpG`DfK,,,,,,,22,#1464a5cc,#1464a5cc,,,,,,,"<div><strong>ASTELIA LANE</strong><br><span>Surface: sealed</span><br><span>Length: 0.06 km</span><br><span>Length rank: 2,019</span></div>"
road_3314674,path,Road centreline,hamilton_road_path,SWART LANE,,,,sealed,0.0634161183883579,2020,@EAAoubjmItou_gAmMx`@,,,,,,,22,#1464a5cc,#1464a5cc,,,,,,,"<div><strong>SWART LANE</strong><br><span>Surface: sealed</span><br><span>Length: 0.06 km</span><br><span>Length rank: 2,020</span></div>"
road_3314322,path,Road centreline,hamilton_road_path,WEXFORD RISE,,,,sealed,0.0633817246385385,2021,@EAAaeafmIntm`gAgDhFuAtBwBvD{G|M,,,,,,,22,#1464a5cc,#1464a5cc,,,,,,,"<div><strong>WEXFORD RISE</strong><br><span>Surface: sealed</span><br><span>Length: 0.06 km</span><br><span>Length rank: 2,021</span></div>"
road_3314236,path,Road centreline,hamilton_road_path,FERGUSSON STREET,,,,sealed,0.0632744388216653,2022,@EAAygyimIr~dbgAiW~\,,,,,,,22,#1464a5cc,#1464a5cc,,,,,,,"<div><strong>FERGUSSON STREET</strong><br><span>Surface: sealed</span><br><span>Length: 0.06 km</span><br><span>Length rank: 2,022</span></div>"
road_8329729,path,Road centreline,hamilton_road_path,LETFORD ROAD,,,,sealed,0.0631623725200535,2023,@EAAkxkjmIxng_gAqi@_J,,,,,,,22,#1464a5cc,#1464a5cc,,,,,,,"<div><strong>LETFORD ROAD</strong><br><span>Surface: sealed</span><br><span>Length: 0.06 km</span><br><span>Length rank: 2,023</span></div>"
road_3314178,path,Road centreline,hamilton_road_path,LEE PLACE,,,,sealed,0.0631332145471717,2024,@EAAozximIdmwbgAl_@qW,,,,,,,22,#1464a5cc,#1464a5cc,,,,,,,"<div><strong>LEE PLACE</strong><br><span>Surface: sealed</span><br><span>Length: 0.06 km</span><br><span>Length rank: 2,024</span></div>"
road_3314583,path,Road centreline,hamilton_road_path,GREENWICH PLACE,,,,sealed,0.0630726594027924,2025,@EAAcsohmIjj|}fAsBlb@,,,,,,,22,#1464a5cc,#1464a5cc,,,,,,,"<div><strong>GREENWICH PLACE</strong><br><span>Surface: sealed</span><br><span>Length: 0.06 km</span><br><span>Length rank: 2,025</span></div>"
road_3314019,path,Road centreline,hamilton_road_path,TAMAR PLACE,,,,sealed,0.0630388030886968,2026,@EAAolkfmIv`~`gAuYn[,,,,,,,22,#1464a5cc,#1464a5cc,,,,,,,"<div><strong>TAMAR PLACE</strong><br><span>Surface: sealed</span><br><span>Length: 0.06 km</span><br><span>Length rank: 2,026</span></div>"
road_7742858,path,Road centreline,hamilton_road_path,TEAVIEW COURT,,,,sealed,0.0624715669723088,2027,@EAA_r`imI`pn}fAgSlFmDfBqCjB_EfD,,,,,,,22,#1464a5cc,#1464a5cc,,,,,,,"<div><strong>TEAVIEW COURT</strong><br><span>Surface: sealed</span><br><span>Length: 0.06 km</span><br><span>Length rank: 2,027</span></div>"
road_3314801,path,Road centreline,hamilton_road_path,HENLEY COURT,,,,sealed,0.0624560013563788,2028,@EAAuumimIhp|}fAeIga@,,,,,,,22,#1464a5cc,#1464a5cc,,,,,,,"<div><strong>HENLEY COURT</strong><br><span>Surface: sealed</span><br><span>Length: 0.06 km</span><br><span>Length rank: 2,028</span></div>"
road_3314729,path,Road centreline,hamilton_road_path,ACTON VALE,,,,sealed,0.0622082931792709,2029,@EAAyxshmI~qs}fAkCgFoAeEcB}DaDoFkB{C,,,,,,,22,#1464a5cc,#1464a5cc,,,,,,,"<div><strong>ACTON VALE</strong><br><span>Surface: sealed</span><br><span>Length: 0.06 km</span><br><span>Length rank: 2,029</span></div>"
road_3314655,path,Road centreline,hamilton_road_path,MOULE PLACE,,,,sealed,0.0621822139851718,2030,@EAAss_imIbtl`gAiZoZ,,,,,,,22,#1464a5cc,#1464a5cc,,,,,,,"<div><strong>MOULE PLACE</strong><br><span>Surface: sealed</span><br><span>Length: 0.06 km</span><br><span>Length rank: 2,030</span></div>"
road_8329740,path,Road centreline,hamilton_road_path,Road centreline,,,,sealed,0.0621599457849109,2031,@EAAchyhmIrfr~fAqIn`@EL,,,,,,,22,#1464a5cc,#1464a5cc,,,,,,,"<div><strong>Road 8329740</strong><br><span>Surface: sealed</span><br><span>Length: 0.06 km</span><br><span>Length rank: 2,031</span></div>"
road_7742852,path,Road centreline,hamilton_road_path,HAILWOOD ROAD,,,,sealed,0.0620215497921002,2032,@EAA}_jjmIx~b_gA{SoD{SoD,,,,,,,22,#1464a5cc,#1464a5cc,,,,,,,"<div><strong>HAILWOOD ROAD</strong><br><span>Surface: sealed</span><br><span>Length: 0.06 km</span><br><span>Length rank: 2,032</span></div>"
road_3314240,path,Road centreline,hamilton_road_path,GWYNNE PLACE,,,,sealed,0.0619466129480385,2033,@EAAg}|hmI`yv`gAz@{IkSsP,,,,,,,22,#1464a5cc,#1464a5cc,,,,,,,"<div><strong>GWYNNE PLACE</strong><br><span>Surface: sealed</span><br><span>Length: 0.06 km</span><br><span>Length rank: 2,033</span></div>"
road_3314669,path,Road centreline,hamilton_road_path,BALMORAL STREET,,,,sealed,0.0618974701092603,2034,@EAAksbimIh~u_gAei@uH,,,,,,,22,#1464a5cc,#1464a5cc,,,,,,,"<div><strong>BALMORAL STREET</strong><br><span>Surface: sealed</span><br><span>Length: 0.06 km</span><br><span>Length rank: 2,034</span></div>"
road_7742843,path,Road centreline,hamilton_road_path,LISSAMAN PLACE,,,,sealed,0.061691333347215,2035,@EAA}sijmIb~h_gAwh@iI,,,,,,,22,#1464a5cc,#1464a5cc,,,,,,,"<div><strong>LISSAMAN PLACE</strong><br><span>Surface: sealed</span><br><span>Length: 0.06 km</span><br><span>Length rank: 2,035</span></div>"
road_6064596,path,Road centreline,hamilton_road_path,CAPRICORN PLACE,,,,sealed,0.0615938440415939,2036,@EAAwvqhmIvql}fAqD{CoC}B_CuDeByFuAwF,,,,,,,22,#1464a5cc,#1464a5cc,,,,,,,"<div><strong>CAPRICORN PLACE</strong><br><span>Surface: sealed</span><br><span>Length: 0.06 km</span><br><span>Length rank: 2,036</span></div>"
road_3314447,path,Road centreline,hamilton_road_path,ASH PLACE,,,,sealed,0.0614417700179618,2037,@EAAmryfmIjur~fAgj@dC,,,,,,,22,#1464a5cc,#1464a5cc,,,,,,,"<div><strong>ASH PLACE</strong><br><span>Surface: sealed</span><br><span>Length: 0.06 km</span><br><span>Length rank: 2,037</span></div>"
road_3313956,path,Road centreline,hamilton_road_path,GRASSLANDS PLACE,,,,sealed,0.0613689693151441,2038,@EAA}wchmIxlnbgAyJg`@,,,,,,,22,#1464a5cc,#1464a5cc,,,,,,,"<div><strong>GRASSLANDS PLACE</strong><br><span>Surface: sealed</span><br><span>Length: 0.06 km</span><br><span>Length rank: 2,038</span></div>"
road_8329701,path,Road centreline,hamilton_road_path,SAPLING LANE,,,,sealed,0.0613082836562589,2039,@EAAg`jjmI~pmcgAwJXyFDkEpAgAnCFlG,,,,,,,22,#1464a5cc,#1464a5cc,,,,,,,"<div><strong>SAPLING LANE</strong><br><span>Surface: sealed</span><br><span>Length: 0.06 km</span><br><span>Length rank: 2,039</span></div>"
road_3314671,path,Road centreline,hamilton_road_path,CASCADE PLACE,,,,sealed,0.0612675662263767,2040,@EAAovrimIfvp_gAs^rV,,,,,,,22,#1464a5cc,#1464a5cc,,,,,,,"<div><strong>CASCADE PLACE</strong><br><span>Surface: sealed</span><br><span>Length: 0.06 km</span><br><span>Length rank: 2,040</span></div>"
road_3314167,path,Road centreline,hamilton_road_path,WINDLEBORN LANE,,,,sealed,0.0611542317505759,2041,@EAAsh|hmI|bubgAjC{C`B{Da@uEg@aFk@eG,,,,,,,22,#1464a5cc,#1464a5cc,,,,,,,"<div><strong>WINDLEBORN LANE</strong><br><span>Surface: sealed</span><br><span>Length: 0.06 km</span><br><span>Length rank: 2,041</span></div>"
road_3314099,path,Road centreline,hamilton_road_path,NYANZA STREET,,,,sealed,0.0610849771404934,2042,@EAA}y~fmIlw`agA_BuAwX_V,,,,,,,22,#1464a5cc,#1464a5cc,,,,,,,"<div><strong>NYANZA STREET</strong><br><span>Surface: sealed</span><br><span>Length: 0.06 km</span><br><span>Length rank: 2,042</span></div>"
road_3314585,path,Road centreline,hamilton_road_path,NICKS WAY,,,,sealed,0.0610569970318118,2043,@EAAijsfmIjip}fAoI_BcG}C{BaD}AuDaAaD,,,,,,,22,#1464a5cc,#1464a5cc,,,,,,,"<div><strong>NICKS WAY</strong><br><span>Surface: sealed</span><br><span>Length: 0.06 km</span><br><span>Length rank: 2,043</span></div>"
road_3314313,path,Road centreline,hamilton_road_path,DENVER PLACE,,,,sealed,0.0606864143338602,2044,@EAA_k`kmI~jgagAcM`EuSvL,,,,,,,22,#1464a5cc,#1464a5cc,,,,,,,"<div><strong>DENVER PLACE</strong><br><span>Surface: sealed</span><br><span>Length: 0.06 km</span><br><span>Length rank: 2,044</span></div>"
road_3314158,path,Road centreline,hamilton_road_path,KERRS COURT,,,,sealed,0.0606640373118348,2045,@EAAclgjmIbg{bgAiGp`@,,,,,,,22,#1464a5cc,#1464a5cc,,,,,,,"<div><strong>KERRS COURT</strong><br><span>Surface: sealed</span><br><span>Length: 0.06 km</span><br><span>Length rank: 2,045</span></div>"
road_3314021,path,Road centreline,hamilton_road_path,CAULFIELD PLACE,,,,sealed,0.0605776815709208,2046,@EAAclhfmIzd{`gAdBrAtBfBnZhM,,,,,,,22,#1464a5cc,#1464a5cc,,,,,,,"<div><strong>CAULFIELD PLACE</strong><br><span>Surface: sealed</span><br><span>Length: 0.06 km</span><br><span>Length rank: 2,046</span></div>"
road_3314667,path,Road centreline,hamilton_road_path,BUXTON COURT,,,,sealed,0.0605023566934052,2047,@EAAef~imIhi{_gAkBdGa@bACjAt@lC^t@Nt@Iv@Yr@Ft@j@jAfB|B,,,,,,,22,#1464a5cc,#1464a5cc,,,,,,,"<div><strong>BUXTON COURT</strong><br><span>Surface: sealed</span><br><span>Length: 0.06 km</span><br><span>Length rank: 2,047</span></div>"
road_7742838,path,Road centreline,hamilton_road_path,HARRIER COURT,,,,sealed,0.0604749682191443,2048,@EAAib`gmIrvr}fA}ZxX,,,,,,,22,#1464a5cc,#1464a5cc,,,,,,,"<div><strong>HARRIER COURT</strong><br><span>Surface: sealed</span><br><span>Length: 0.06 km</span><br><span>Length rank: 2,048</span></div>"
road_3314361,path,Road centreline,hamilton_road_path,BRYANT ROAD,,,,sealed,0.0604459603060641,2049,@EAA_adgmIncp_gAkRdD}SmE,,,,,,,22,#1464a5cc,#1464a5cc,,,,,,,"<div><strong>BRYANT ROAD</strong><br><span>Surface: sealed</span><br><span>Length: 0.06 km</span><br><span>Length rank: 2,049</span></div>"
road_3314563,path,Road centreline,hamilton_road_path,GENOA CLOSE,,,,sealed,0.0603154107914975,2050,@EAAotwgmI~}y}fAmGvE_DvBcChCcDtDiD`D,,,,,,,22,#1464a5cc,#1464a5cc,,,,,,,"<div><strong>GENOA CLOSE</strong><br><span>Surface: sealed</span><br><span>Length: 0.06 km</span><br><span>Length rank: 2,050</span></div>"
road_8329765,path,Road centreline,hamilton_road_path,TEAL WAY,,,,sealed,0.0602646859753984,2051,@EAAekyfmI~xe}fApGEhGSpD}@vQ{C,,,,,,,22,#1464a5cc,#1464a5cc,,,,,,,"<div><strong>TEAL WAY</strong><br><span>Surface: sealed</span><br><span>Length: 0.06 km</span><br><span>Length rank: 2,051</span></div>"
road_7742816,path,Road centreline,hamilton_road_path,PARITAI PLACE,,,,sealed,0.0602386360677265,2052,@EAAgz~fmIdpc~fAt@~E\zD~@|Dt@zCtC|G,,,,,,,22,#1464a5cc,#1464a5cc,,,,,,,"<div><strong>PARITAI PLACE</strong><br><span>Surface: sealed</span><br><span>Length: 0.06 km</span><br><span>Length rank: 2,052</span></div>"
road_8329697,path,Road centreline,hamilton_road_path,HAHAWARU LANE,,,,sealed,0.0602108718810594,2053,@EAAovkjmIjbocgAqQpFeThC,,,,,,,22,#1464a5cc,#1464a5cc,,,,,,,"<div><strong>HAHAWARU LANE</strong><br><span>Surface: sealed</span><br><span>Length: 0.06 km</span><br><span>Length rank: 2,053</span></div>"
road_3314242,path,Road centreline,hamilton_road_path,FERGUSSON STREET,,,,sealed,0.0601104411461674,2054,@EAAa`yimIj}cbgAwFf`@,,,,,,,22,#1464a5cc,#1464a5cc,,,,,,,"<div><strong>FERGUSSON STREET</strong><br><span>Surface: sealed</span><br><span>Length: 0.06 km</span><br><span>Length rank: 2,054</span></div>"
road_3314398,path,Road centreline,hamilton_road_path,SUNSHINE AVENUE,,,,sealed,0.0600720728593958,2055,@EAAgscgmIheq_gAcTqEwRt@,,,,,,,22,#1464a5cc,#1464a5cc,,,,,,,"<div><strong>SUNSHINE AVENUE</strong><br><span>Surface: sealed</span><br><span>Length: 0.06 km</span><br><span>Length rank: 2,055</span></div>"
road_3314553,path,Road centreline,hamilton_road_path,FARNAH GREEN,,,,sealed,0.0600417546603783,2056,@EAA{vygmIpli~fAkBhDoBbEeGbS,,,,,,,22,#1464a5cc,#1464a5cc,,,,,,,"<div><strong>FARNAH GREEN</strong><br><span>Surface: sealed</span><br><span>Length: 0.06 km</span><br><span>Length rank: 2,056</span></div>"
road_3314251,path,Road centreline,hamilton_road_path,ROTHBROOK STREET,,,,sealed,0.0599148776386983,2057,@EAA{suimIfggagAqZ{DcCk@yEgD,,,,,,,22,#1464a5cc,#1464a5cc,,,,,,,"<div><strong>ROTHBROOK STREET</strong><br><span>Surface: sealed</span><br><span>Length: 0.06 km</span><br><span>Length rank: 2,057</span></div>"
road_3314406,path,Road centreline,hamilton_road_path,HUGH PLACE,,,,sealed,0.0598911153489093,2058,@EAAqrfgmIpua_gAe@t`@,,,,,,,22,#1464a5cc,#1464a5cc,,,,,,,"<div><strong>HUGH PLACE</strong><br><span>Surface: sealed</span><br><span>Length: 0.06 km</span><br><span>Length rank: 2,058</span></div>"
road_3314792,path,Road centreline,hamilton_road_path,TAUNTON COURT,,,,sealed,0.0597991895775372,2059,@EAAwriimIru{}fAm@mDoBoJoAqDkAgDs@sC,,,,,,,22,#1464a5cc,#1464a5cc,,,,,,,"<div><strong>TAUNTON COURT</strong><br><span>Surface: sealed</span><br><span>Length: 0.06 km</span><br><span>Length rank: 2,059</span></div>"
road_3314010,path,Road centreline,hamilton_road_path,SUNNY DALE,,,,sealed,0.0594308711669041,2060,@EAAg`efmIvzmagA~BkCt@sC\}DP}BzAqGd@iC,,,,,,,22,#1464a5cc,#1464a5cc,,,,,,,"<div><strong>SUNNY DALE</strong><br><span>Surface: sealed</span><br><span>Length: 0.06 km</span><br><span>Length rank: 2,060</span></div>"
road_3314774,path,Road centreline,hamilton_road_path,TAKAPU PLACE,,,,sealed,0.0593805909817392,2061,@EAA}zeimItxx~fAl@nGAnFO|DmAfJ,,,,,,,22,#1464a5cc,#1464a5cc,,,,,,,"<div><strong>TAKAPU PLACE</strong><br><span>Surface: sealed</span><br><span>Length: 0.06 km</span><br><span>Length rank: 2,061</span></div>"
road_7742790,path,Road centreline,hamilton_road_path,VILLAGE QUARTER LANE,,,,sealed,0.0591174674356027,2062,@EAAoqihmIdahagA}XyTcCO,,,,,,,22,#1464a5cc,#1464a5cc,,,,,,,"<div><strong>VILLAGE QUARTER LANE</strong><br><span>Surface: sealed</span><br><span>Length: 0.06 km</span><br><span>Length rank: 2,062</span></div>"
road_7742800,path,Road centreline,hamilton_road_path,MOIRAS LANE,,,,sealed,0.058949636262931,2063,@EAAupxjmI`}kcgA{CtBaK~GcAt@wBHuA{@uDuC,,,,,,,22,#1464a5cc,#1464a5cc,,,,,,,"<div><strong>MOIRAS LANE</strong><br><span>Surface: sealed</span><br><span>Length: 0.06 km</span><br><span>Length rank: 2,063</span></div>"
road_3314517,path,Road centreline,hamilton_road_path,O'CONNELL COURT,,,,sealed,0.0589050718914327,2064,@EAA_wvfmIt`{~fAoa@tQ,,,,,,,22,#1464a5cc,#1464a5cc,,,,,,,"<div><strong>O&#x27;CONNELL COURT</strong><br><span>Surface: sealed</span><br><span>Length: 0.06 km</span><br><span>Length rank: 2,064</span></div>"
road_3314664,path,Road centreline,hamilton_road_path,EMERSON PLACE,,,,sealed,0.0588331441567694,2065,@EAAwz}imI|}d`gAog@~F,,,,,,,22,#1464a5cc,#1464a5cc,,,,,,,"<div><strong>EMERSON PLACE</strong><br><span>Surface: sealed</span><br><span>Length: 0.06 km</span><br><span>Length rank: 2,065</span></div>"
road_3314328,path,Road centreline,hamilton_road_path,STABLE LANE,,,,sealed,0.0585967397471726,2066,@EAAm~hfmIv~k`gAvg@nE,,,,,,,22,#1464a5cc,#1464a5cc,,,,,,,"<div><strong>STABLE LANE</strong><br><span>Surface: sealed</span><br><span>Length: 0.06 km</span><br><span>Length rank: 2,066</span></div>"
road_8329723,path,Road centreline,hamilton_road_path,CREST RISE,,,,sealed,0.0585122470483725,2067,@EAAisdgmI`~k}fAfBzOhBtN,,,,,,,22,#1464a5cc,#1464a5cc,,,,,,,"<div><strong>CREST RISE</strong><br><span>Surface: sealed</span><br><span>Length: 0.06 km</span><br><span>Length rank: 2,067</span></div>"
road_6064563,path,Road centreline,hamilton_road_path,DALRAY CRESCENT,,,,sealed,0.0584114832076423,2068,@EAAc{jgmIhkf`gAfBcBv@wAbLqV,,,,,,,22,#1464a5cc,#1464a5cc,,,,,,,"<div><strong>DALRAY CRESCENT</strong><br><span>Surface: sealed</span><br><span>Length: 0.06 km</span><br><span>Length rank: 2,068</span></div>"
road_3314166,path,Road centreline,hamilton_road_path,LANGDON LANE,,,,sealed,0.0582670288095912,2069,@EAAwa{hmIf{tbgAfGcKD_Dc@}DU_G,,,,,,,22,#1464a5cc,#1464a5cc,,,,,,,"<div><strong>LANGDON LANE</strong><br><span>Surface: sealed</span><br><span>Length: 0.06 km</span><br><span>Length rank: 2,069</span></div>"
road_3314579,path,Road centreline,hamilton_road_path,LANSBURY COURT,,,,sealed,0.0582426744769084,2070,@EAAmighmInow}fAqG~GsMbQ,,,,,,,22,#1464a5cc,#1464a5cc,,,,,,,"<div><strong>LANSBURY COURT</strong><br><span>Surface: sealed</span><br><span>Length: 0.06 km</span><br><span>Length rank: 2,070</span></div>"
road_3314016,path,Road centreline,hamilton_road_path,GLENORCHY PLACE,,,,sealed,0.0582043722818585,2071,@EAAozbfmIfraagAsG_DmHoCuFcDsAaBiAmB,,,,,,,22,#1464a5cc,#1464a5cc,,,,,,,"<div><strong>GLENORCHY PLACE</strong><br><span>Surface: sealed</span><br><span>Length: 0.06 km</span><br><span>Length rank: 2,071</span></div>"
road_7742840,path,Road centreline,hamilton_road_path,Road centreline,,,,sealed,0.0579909363579967,2072,@EAAweigmIvjn}fArG\dAD|CJhEFtIh@tA@lASnAc@,,,,,,,22,#1464a5cc,#1464a5cc,,,,,,,"<div><strong>Road 7742840</strong><br><span>Surface: sealed</span><br><span>Length: 0.06 km</span><br><span>Length rank: 2,072</span></div>"
road_3314654,path,Road centreline,hamilton_road_path,WESLEY COURT,,,,sealed,0.0578575780714022,2073,@EAAkwlimIhum`gAsLv],,,,,,,22,#1464a5cc,#1464a5cc,,,,,,,"<div><strong>WESLEY COURT</strong><br><span>Surface: sealed</span><br><span>Length: 0.06 km</span><br><span>Length rank: 2,073</span></div>"
road_3314750,path,Road centreline,hamilton_road_path,KINGFISHER PLACE,,,,sealed,0.0576608954829006,2074,@EAAw~}hmItoy}fAkc@zF_BT,,,,,,,22,#1464a5cc,#1464a5cc,,,,,,,"<div><strong>KINGFISHER PLACE</strong><br><span>Surface: sealed</span><br><span>Length: 0.06 km</span><br><span>Length rank: 2,074</span></div>"
road_3314315,path,Road centreline,hamilton_road_path,WILLSCARLET LANE,,,,sealed,0.0575689568090639,2075,@EAAeoakmIrk`agAmIj^,,,,,,,22,#1464a5cc,#1464a5cc,,,,,,,"<div><strong>WILLSCARLET LANE</strong><br><span>Surface: sealed</span><br><span>Length: 0.06 km</span><br><span>Length rank: 2,075</span></div>"
road_3314399,path,Road centreline,hamilton_road_path,BRYANT ROAD,,,,sealed,0.0574493778741856,2076,@EAAiiegmIfbp_gA~HbNdB`N,,,,,,,22,#1464a5cc,#1464a5cc,,,,,,,"<div><strong>BRYANT ROAD</strong><br><span>Surface: sealed</span><br><span>Length: 0.06 km</span><br><span>Length rank: 2,076</span></div>"
road_3314660,path,Road centreline,hamilton_road_path,WILLIAMS PLACE,,,,sealed,0.0572647718918124,2077,@EAA}rwimIz_c`gAue@zH,,,,,,,22,#1464a5cc,#1464a5cc,,,,,,,"<div><strong>WILLIAMS PLACE</strong><br><span>Surface: sealed</span><br><span>Length: 0.06 km</span><br><span>Length rank: 2,077</span></div>"
road_3314520,path,Road centreline,hamilton_road_path,COTTAGE LANE,,,,sealed,0.0570124929896974,2078,@EAAexvfmIpdp~fA_D_@qa@sD,,,,,,,22,#1464a5cc,#1464a5cc,,,,,,,"<div><strong>COTTAGE LANE</strong><br><span>Surface: sealed</span><br><span>Length: 0.06 km</span><br><span>Length rank: 2,078</span></div>"
road_6097140,path,Road centreline,hamilton_road_path,COUNTY CRESCENT,,,,sealed,0.0569947813727212,2079,@EAA}selmIb_qbgA|Fs@fGg@vGc@zMm@,,,,,,,22,#1464a5cc,#1464a5cc,,,,,,,"<div><strong>COUNTY CRESCENT</strong><br><span>Surface: sealed</span><br><span>Length: 0.06 km</span><br><span>Length rank: 2,079</span></div>"
road_3313998,path,Road centreline,hamilton_road_path,SMYTH PLACE,,,,sealed,0.0569480746074936,2080,@EAA}lifmIljuagAz@yDTaEs@}R,,,,,,,22,#1464a5cc,#1464a5cc,,,,,,,"<div><strong>SMYTH PLACE</strong><br><span>Surface: sealed</span><br><span>Length: 0.06 km</span><br><span>Length rank: 2,080</span></div>"
road_7742836,path,Road centreline,hamilton_road_path,TOFTS LANE,,,,sealed,0.0567251071415828,2081,@EAA}}{fmIfrj}fAyCu^,,,,,,,22,#1464a5cc,#1464a5cc,,,,,,,"<div><strong>TOFTS LANE</strong><br><span>Surface: sealed</span><br><span>Length: 0.06 km</span><br><span>Length rank: 2,081</span></div>"
road_3314591,path,Road centreline,hamilton_road_path,SUTHERLAND COURT,,,,sealed,0.056699442970118,2082,@EAAyr}fmInfr}fA_FC_Es@mEeAmH{CmEoC,,,,,,,22,#1464a5cc,#1464a5cc,,,,,,,"<div><strong>SUTHERLAND COURT</strong><br><span>Surface: sealed</span><br><span>Length: 0.06 km</span><br><span>Length rank: 2,082</span></div>"
road_6082279,path,Road centreline,hamilton_road_path,PEAR TREE LANE,,,,sealed,0.0566306796826565,2083,@EAAuhkjmI`vscgAp@gEl@yDn@wGCwI,,,,,,,22,#1464a5cc,#1464a5cc,,,,,,,"<div><strong>PEAR TREE LANE</strong><br><span>Surface: sealed</span><br><span>Length: 0.06 km</span><br><span>Length rank: 2,083</span></div>"
road_6064576,path,Road centreline,hamilton_road_path,JULIE COURT,,,,sealed,0.0564435304247144,2084,@EAA{urimIvh|~fAe@mDe@kC{E}KcC_F,,,,,,,22,#1464a5cc,#1464a5cc,,,,,,,"<div><strong>JULIE COURT</strong><br><span>Surface: sealed</span><br><span>Length: 0.06 km</span><br><span>Length rank: 2,084</span></div>"
road_3314668,path,Road centreline,hamilton_road_path,BALMORAL RISE,,,,sealed,0.056381189222376,2085,@EAAe~aimInvv_gAcBOmB]kDkB}AkBm@yA{CeL,,,,,,,22,#1464a5cc,#1464a5cc,,,,,,,"<div><strong>BALMORAL RISE</strong><br><span>Surface: sealed</span><br><span>Length: 0.06 km</span><br><span>Length rank: 2,085</span></div>"
road_3314541,path,Road centreline,hamilton_road_path,LANDELL PLACE,,,,sealed,0.056191458211378,2086,@EAAk_~gmItlp~fAwGtAyEnEgBdEqCfG,,,,,,,22,#1464a5cc,#1464a5cc,,,,,,,"<div><strong>LANDELL PLACE</strong><br><span>Surface: sealed</span><br><span>Length: 0.06 km</span><br><span>Length rank: 2,086</span></div>"
road_3314658,path,Road centreline,hamilton_road_path,BUTLER PLACE,,,,sealed,0.0561706893932275,2087,@EAA}myimIhce`gA`RxZ,,,,,,,22,#1464a5cc,#1464a5cc,,,,,,,"<div><strong>BUTLER PLACE</strong><br><span>Surface: sealed</span><br><span>Length: 0.06 km</span><br><span>Length rank: 2,087</span></div>"
road_3314679,path,Road centreline,hamilton_road_path,Road centreline,,,,sealed,0.0561533090969561,2088,@EAA{ncimIpt`_gAyPiJoKcH,,,,,,,22,#1464a5cc,#1464a5cc,,,,,,,"<div><strong>Road 3314679</strong><br><span>Surface: sealed</span><br><span>Length: 0.06 km</span><br><span>Length rank: 2,088</span></div>"
road_3314808,path,Road centreline,hamilton_road_path,BRAEDAN LANE,,,,sealed,0.0560947687533097,2089,@EAAqq_imIldq}fAuB_@iGoAs@e@M}@HeBV}ATcBO_Cc@eC,,,,,,,22,#1464a5cc,#1464a5cc,,,,,,,"<div><strong>BRAEDAN LANE</strong><br><span>Surface: sealed</span><br><span>Length: 0.06 km</span><br><span>Length rank: 2,089</span></div>"
road_3314298,path,Road centreline,hamilton_road_path,WOODGREEN WAY,,,,sealed,0.0560393759305379,2090,@EAAkyvjmIv__agA_Bl^,,,,,,,22,#1464a5cc,#1464a5cc,,,,,,,"<div><strong>WOODGREEN WAY</strong><br><span>Surface: sealed</span><br><span>Length: 0.06 km</span><br><span>Length rank: 2,090</span></div>"
road_3314257,path,Road centreline,hamilton_road_path,TRELOAR STREET,,,,sealed,0.0559755335738207,2091,@EAA_|eimIx~q`gAzd@lH,,,,,,,22,#1464a5cc,#1464a5cc,,,,,,,"<div><strong>TRELOAR STREET</strong><br><span>Surface: sealed</span><br><span>Length: 0.06 km</span><br><span>Length rank: 2,091</span></div>"
road_3314779,path,Road centreline,hamilton_road_path,JAEMONT COURT,,,,sealed,0.0559333783126814,2092,@EAAueeimIhlu~fA}BuD}E{I{CwDuBaD,,,,,,,22,#1464a5cc,#1464a5cc,,,,,,,"<div><strong>JAEMONT COURT</strong><br><span>Surface: sealed</span><br><span>Length: 0.06 km</span><br><span>Length rank: 2,092</span></div>"
road_3314117,path,Road centreline,hamilton_road_path,ATLANTIC STREET,,,,sealed,0.055737893174853,2093,@EAA_regmIhpv`gAqV}HcKkB,,,,,,,22,#1464a5cc,#1464a5cc,,,,,,,"<div><strong>ATLANTIC STREET</strong><br><span>Surface: sealed</span><br><span>Length: 0.06 km</span><br><span>Length rank: 2,093</span></div>"
road_3314578,path,Road centreline,hamilton_road_path,WYCHBURY COURT,,,,sealed,0.0557077836183962,2094,@EAAu{chmIrvw}fAwIsBmJ{AsN{@,,,,,,,22,#1464a5cc,#1464a5cc,,,,,,,"<div><strong>WYCHBURY COURT</strong><br><span>Surface: sealed</span><br><span>Length: 0.06 km</span><br><span>Length rank: 2,094</span></div>"
road_3314118,path,Road centreline,hamilton_road_path,ROACH STREET,,,,sealed,0.055690360965691,2095,@EAAsnahmIrg}`gAAj^,,,,,,,22,#1464a5cc,#1464a5cc,,,,,,,"<div><strong>ROACH STREET</strong><br><span>Surface: sealed</span><br><span>Length: 0.06 km</span><br><span>Length rank: 2,095</span></div>"
road_6064560,path,Road centreline,hamilton_road_path,OLLY CLOSE,,,,sealed,0.0556354423049473,2096,@EAAwmzemIrdr`gAzLvFxClA~A`@rBXpBLxDn@,,,,,,,22,#1464a5cc,#1464a5cc,,,,,,,"<div><strong>OLLY CLOSE</strong><br><span>Surface: sealed</span><br><span>Length: 0.06 km</span><br><span>Length rank: 2,096</span></div>"
road_3314662,path,Road centreline,hamilton_road_path,HALIFAX STREET,,,,sealed,0.0553187004103954,2097,@EAAg`jjmI~cl`gAqMtQaExF,,,,,,,22,#1464a5cc,#1464a5cc,,,,,,,"<div><strong>HALIFAX STREET</strong><br><span>Surface: sealed</span><br><span>Length: 0.06 km</span><br><span>Length rank: 2,097</span></div>"
road_3314020,path,Road centreline,hamilton_road_path,WHINFELL LANE,,,,sealed,0.0551936261796582,2098,@EAAscnfmIvl|`gAeV`X,,,,,,,22,#1464a5cc,#1464a5cc,,,,,,,"<div><strong>WHINFELL LANE</strong><br><span>Surface: sealed</span><br><span>Length: 0.06 km</span><br><span>Length rank: 2,098</span></div>"
road_3314769,path,Road centreline,hamilton_road_path,FARNHAM CLOSE,,,,sealed,0.0549485406011834,2099,@EAAmnshmIn`|}fAfAaXDyD,,,,,,,22,#1464a5cc,#1464a5cc,,,,,,,"<div><strong>FARNHAM CLOSE</strong><br><span>Surface: sealed</span><br><span>Length: 0.05 km</span><br><span>Length rank: 2,099</span></div>"
road_3314598,path,Road centreline,hamilton_road_path,WYNONA WAY,,,,sealed,0.0549293462374269,2100,@EAAc_mhmIfhm}fAiEm@kDSaDPqDh@wHx@yDf@,,,,,,,22,#1464a5cc,#1464a5cc,,,,,,,"<div><strong>WYNONA WAY</strong><br><span>Surface: sealed</span><br><span>Length: 0.05 km</span><br><span>Length rank: 2,100</span></div>"
road_3314574,path,Road centreline,hamilton_road_path,JOHNSFIELD PLACE,,,,sealed,0.0547507123973982,2101,@EAAwthhmI~wa~fAq[}S,,,,,,,22,#1464a5cc,#1464a5cc,,,,,,,"<div><strong>JOHNSFIELD PLACE</strong><br><span>Surface: sealed</span><br><span>Length: 0.05 km</span><br><span>Length rank: 2,101</span></div>"
road_3314690,path,Road centreline,hamilton_road_path,POUNAMU PLACE,,,,sealed,0.054607208315819,2102,@EAAkt|jmI|zz_gAhArLn@xCnAxBnBfF,,,,,,,22,#1464a5cc,#1464a5cc,,,,,,,"<div><strong>POUNAMU PLACE</strong><br><span>Surface: sealed</span><br><span>Length: 0.05 km</span><br><span>Length rank: 2,102</span></div>"
road_3314653,path,Road centreline,hamilton_road_path,CHELSEA PLACE,,,,sealed,0.0545563648494197,2103,@EAAkfrhmIddq_gAy@eCkX}O,,,,,,,22,#1464a5cc,#1464a5cc,,,,,,,"<div><strong>CHELSEA PLACE</strong><br><span>Surface: sealed</span><br><span>Length: 0.05 km</span><br><span>Length rank: 2,103</span></div>"
road_3313955,path,Road centreline,hamilton_road_path,Road centreline,,,,sealed,0.0543318558904021,2104,@EAAcbfhmIncqbgAaP`C_KpAyExB,,,,,,,22,#1464a5cc,#1464a5cc,,,,,,,"<div><strong>Road 3313955</strong><br><span>Surface: sealed</span><br><span>Length: 0.05 km</span><br><span>Length rank: 2,104</span></div>"
road_8329747,path,Road centreline,hamilton_road_path,PRAGMA RISE,,,,sealed,0.0542065937801165,2105,@EAAab`imIryj}fAy@XuSrG{IrD,,,,,,,22,#1464a5cc,#1464a5cc,,,,,,,"<div><strong>PRAGMA RISE</strong><br><span>Surface: sealed</span><br><span>Length: 0.05 km</span><br><span>Length rank: 2,105</span></div>"
road_8329766,path,Road centreline,hamilton_road_path,TEAL WAY,,,,sealed,0.0541782842794423,2106,@EAAqnyfmIrzd}fAjBj],,,,,,,22,#1464a5cc,#1464a5cc,,,,,,,"<div><strong>TEAL WAY</strong><br><span>Surface: sealed</span><br><span>Length: 0.05 km</span><br><span>Length rank: 2,106</span></div>"
road_3314593,path,Road centreline,hamilton_road_path,WELWYN PLACE,,,,sealed,0.0541180920937217,2107,@EAAid{gmIbqn}fA{A{H_AcFLwCt@aChAqB,,,,,,,22,#1464a5cc,#1464a5cc,,,,,,,"<div><strong>WELWYN PLACE</strong><br><span>Surface: sealed</span><br><span>Length: 0.05 km</span><br><span>Length rank: 2,107</span></div>"
road_3314107,path,Road centreline,hamilton_road_path,GARY JOHN LANE,,,,sealed,0.0541027944089443,2108,@EAA_vugmIbozagAoF}Q_CcI,,,,,,,22,#1464a5cc,#1464a5cc,,,,,,,"<div><strong>GARY JOHN LANE</strong><br><span>Surface: sealed</span><br><span>Length: 0.05 km</span><br><span>Length rank: 2,108</span></div>"
road_3314758,path,Road centreline,hamilton_road_path,ASHINGTON GROVE,,,,sealed,0.0539826678626368,2109,@EAAganimI|jq}fAkDb],,,,,,,22,#1464a5cc,#1464a5cc,,,,,,,"<div><strong>ASHINGTON GROVE</strong><br><span>Surface: sealed</span><br><span>Length: 0.05 km</span><br><span>Length rank: 2,109</span></div>"
road_3314090,path,Road centreline,hamilton_road_path,DEBORAH PLACE,,,,sealed,0.0536306881298459,2110,@EAAqkxfmIzeebgA_AfENlEbFjO,,,,,,,22,#1464a5cc,#1464a5cc,,,,,,,"<div><strong>DEBORAH PLACE</strong><br><span>Surface: sealed</span><br><span>Length: 0.05 km</span><br><span>Length rank: 2,110</span></div>"
road_3314006,path,Road centreline,hamilton_road_path,BECKHAM CLOSE,,,,sealed,0.0534740536547299,2111,@EAAeoxemIrgy`gA{TuAyHS_E@,,,,,,,22,#1464a5cc,#1464a5cc,,,,,,,"<div><strong>BECKHAM CLOSE</strong><br><span>Surface: sealed</span><br><span>Length: 0.05 km</span><br><span>Length rank: 2,111</span></div>"
road_3314791,path,Road centreline,hamilton_road_path,NEWBURY PLACE,,,,sealed,0.0534586179011012,2112,@EAAqx`imIj`y}fA_GFsC\mFhAyElA_GhC,,,,,,,22,#1464a5cc,#1464a5cc,,,,,,,"<div><strong>NEWBURY PLACE</strong><br><span>Surface: sealed</span><br><span>Length: 0.05 km</span><br><span>Length rank: 2,112</span></div>"
road_3314097,path,Road centreline,hamilton_road_path,LEYTON PLACE,,,,sealed,0.0533866747886439,2113,@EAA{a{fmIhqfagAuMeE}F{@}KP,,,,,,,22,#1464a5cc,#1464a5cc,,,,,,,"<div><strong>LEYTON PLACE</strong><br><span>Surface: sealed</span><br><span>Length: 0.05 km</span><br><span>Length rank: 2,113</span></div>"
road_3314663,path,Road centreline,hamilton_road_path,NEWPORT PLACE,,,,sealed,0.0532251441517172,2114,@EAAg{pjmI~ln`gA`B|BxBpBtD|@|QpC,,,,,,,22,#1464a5cc,#1464a5cc,,,,,,,"<div><strong>NEWPORT PLACE</strong><br><span>Surface: sealed</span><br><span>Length: 0.05 km</span><br><span>Length rank: 2,114</span></div>"
road_7742833,path,Road centreline,hamilton_road_path,SENTINEL COURT,,,,sealed,0.052891727088079,2115,@EAAwe|fmIv{t}fAoCcA_BY{BWwCKkSM,,,,,,,22,#1464a5cc,#1464a5cc,,,,,,,"<div><strong>SENTINEL COURT</strong><br><span>Surface: sealed</span><br><span>Length: 0.05 km</span><br><span>Length rank: 2,115</span></div>"
road_8329734,path,Road centreline,hamilton_road_path,PARDOA BOULEVARD,,,,sealed,0.0528811921250329,2116,@EAAazzjmIjf|~fAyCgBmCkAuUyH,,,,,,,22,#1464a5cc,#1464a5cc,,,,,,,"<div><strong>PARDOA BOULEVARD</strong><br><span>Surface: sealed</span><br><span>Length: 0.05 km</span><br><span>Length rank: 2,116</span></div>"
road_3314773,path,Road centreline,hamilton_road_path,BRUNSWICK PLACE,,,,sealed,0.0525344892983274,2117,@EAAc`shmIzuu}fAj@sJJoHi@iG,,,,,,,22,#1464a5cc,#1464a5cc,,,,,,,"<div><strong>BRUNSWICK PLACE</strong><br><span>Surface: sealed</span><br><span>Length: 0.05 km</span><br><span>Length rank: 2,117</span></div>"
road_3314557,path,Road centreline,hamilton_road_path,CASHMERE PLACE,,,,sealed,0.0524880396571894,2118,@EAAyvlgmIrp`~fAgOgA{FUwKW,,,,,,,22,#1464a5cc,#1464a5cc,,,,,,,"<div><strong>CASHMERE PLACE</strong><br><span>Surface: sealed</span><br><span>Length: 0.05 km</span><br><span>Length rank: 2,118</span></div>"
road_6064555,path,Road centreline,hamilton_road_path,EPPING PLACE,,,,sealed,0.0519494868774124,2119,@EAAg_pgmIxhgbgAsFr@wEXwDzAaHfBcDd@,,,,,,,22,#1464a5cc,#1464a5cc,,,,,,,"<div><strong>EPPING PLACE</strong><br><span>Surface: sealed</span><br><span>Length: 0.05 km</span><br><span>Length rank: 2,119</span></div>"
road_8329692,path,Road centreline,hamilton_road_path,LAINE PLACE,,,,sealed,0.0515994064860874,2120,@EAAgwehmIbxmbgAsJqZ,,,,,,,22,#1464a5cc,#1464a5cc,,,,,,,"<div><strong>LAINE PLACE</strong><br><span>Surface: sealed</span><br><span>Length: 0.05 km</span><br><span>Length rank: 2,120</span></div>"
road_3314809,path,Road centreline,hamilton_road_path,FASHAM LANE,,,,sealed,0.0514462758734745,2121,@EAAsl_imIb|n}fA`@|D^nCKjA}@~@aJvE_Ax@,,,,,,,22,#1464a5cc,#1464a5cc,,,,,,,"<div><strong>FASHAM LANE</strong><br><span>Surface: sealed</span><br><span>Length: 0.05 km</span><br><span>Length rank: 2,121</span></div>"
road_3314312,path,Road centreline,hamilton_road_path,LITTLER PLACE,,,,sealed,0.0513466222819234,2122,@EAAexbkmIlwhagAq_@|K,,,,,,,22,#1464a5cc,#1464a5cc,,,,,,,"<div><strong>LITTLER PLACE</strong><br><span>Surface: sealed</span><br><span>Length: 0.05 km</span><br><span>Length rank: 2,122</span></div>"
road_3314804,path,Road centreline,hamilton_road_path,CLEEVE CLOSE,,,,sealed,0.0511887377611824,2123,@EAA}ooimIr{q}fAoAlBkC|DuDtFoChG,,,,,,,22,#1464a5cc,#1464a5cc,,,,,,,"<div><strong>CLEEVE CLOSE</strong><br><span>Surface: sealed</span><br><span>Length: 0.05 km</span><br><span>Length rank: 2,123</span></div>"
road_7742827,path,Road centreline,hamilton_road_path,Road centreline,,,,sealed,0.0509988672232972,2124,@EAAqeehmIjkj~fAia@}G,,,,,,,22,#1464a5cc,#1464a5cc,,,,,,,"<div><strong>Road 7742827</strong><br><span>Surface: sealed</span><br><span>Length: 0.05 km</span><br><span>Length rank: 2,124</span></div>"
road_8329713,path,Road centreline,hamilton_road_path,Road centreline,,,,sealed,0.0499144525043419,2125,@EAAsvegmIhnh`gAaBjD}@xDQfCBnBLtAl@pD,,,,,,,22,#1464a5cc,#1464a5cc,,,,,,,"<div><strong>Road 8329713</strong><br><span>Surface: sealed</span><br><span>Length: 0.05 km</span><br><span>Length rank: 2,125</span></div>"
road_3314024,path,Road centreline,hamilton_road_path,CAULFIELD GREEN,,,,sealed,0.0498362525110947,2126,@EAAeljfmI`sx`gAUzRYdG,,,,,,,22,#1464a5cc,#1464a5cc,,,,,,,"<div><strong>CAULFIELD GREEN</strong><br><span>Surface: sealed</span><br><span>Length: 0.05 km</span><br><span>Length rank: 2,126</span></div>"
road_8329698,path,Road centreline,hamilton_road_path,HOURUA LANE,,,,sealed,0.0498055491599644,2127,@EAAqtnjmI~}ocgAx`@cG,,,,,,,22,#1464a5cc,#1464a5cc,,,,,,,"<div><strong>HOURUA LANE</strong><br><span>Surface: sealed</span><br><span>Length: 0.05 km</span><br><span>Length rank: 2,127</span></div>"
road_3314569,path,Road centreline,hamilton_road_path,MERIVALE COURT,,,,sealed,0.0494179864643588,2128,@EAAibdhmI`lb~fAhCr@`Cd@pGh@`DApD`@vDdA,,,,,,,22,#1464a5cc,#1464a5cc,,,,,,,"<div><strong>MERIVALE COURT</strong><br><span>Surface: sealed</span><br><span>Length: 0.05 km</span><br><span>Length rank: 2,128</span></div>"
road_3314530,path,Road centreline,hamilton_road_path,ASHFORD MEWS,,,,metalled,0.0492812070713984,2129,@EAAg`kgmInek~fA`@z@zAdBhAz@pBz@nOtG,,,,,,,22,#bb7f22cc,#bb7f22cc,,,,,,,"<div><strong>ASHFORD MEWS</strong><br><span>Surface: metalled</span><br><span>Length: 0.05 km</span><br><span>Length rank: 2,129</span></div>"
road_3314902,path,Road centreline,hamilton_road_path,GLYLL CLOSE,,,,sealed,0.0490011180702967,2130,@EAAkqfgmI|wg}fA{@k@k@k@o@gA_H_S,,,,,,,22,#1464a5cc,#1464a5cc,,,,,,,"<div><strong>GLYLL CLOSE</strong><br><span>Surface: sealed</span><br><span>Length: 0.05 km</span><br><span>Length rank: 2,130</span></div>"
road_3314249,path,Road centreline,hamilton_road_path,BRYCE LANE,,,,sealed,0.0487802963535364,2131,@EAAw|fimIf_dagA_KeFsNkH,,,,,,,22,#1464a5cc,#1464a5cc,,,,,,,"<div><strong>BRYCE LANE</strong><br><span>Surface: sealed</span><br><span>Length: 0.05 km</span><br><span>Length rank: 2,131</span></div>"
road_3314531,path,Road centreline,hamilton_road_path,CHELTENHAM CLOSE,,,,sealed,0.0486946963143221,2132,@EAAivigmI~mk~fAyEeCsF}A_Ac@mBeAmBqAkBm@m@c@,,,,,,,22,#1464a5cc,#1464a5cc,,,,,,,"<div><strong>CHELTENHAM CLOSE</strong><br><span>Surface: sealed</span><br><span>Length: 0.05 km</span><br><span>Length rank: 2,132</span></div>"
road_3314781,path,Road centreline,hamilton_road_path,MEADOWBANK COURT,,,,sealed,0.0486805617553733,2133,@EAAehkimItrn~fAEbBUvAu@rA}HzImBfC,,,,,,,22,#1464a5cc,#1464a5cc,,,,,,,"<div><strong>MEADOWBANK COURT</strong><br><span>Surface: sealed</span><br><span>Length: 0.05 km</span><br><span>Length rank: 2,133</span></div>"
road_3314523,path,Road centreline,hamilton_road_path,RIPPLE LANE,,,,sealed,0.0485026537439393,2134,@EAAijtfmI~s}}fA{T`T,,,,,,,22,#1464a5cc,#1464a5cc,,,,,,,"<div><strong>RIPPLE LANE</strong><br><span>Surface: sealed</span><br><span>Length: 0.05 km</span><br><span>Length rank: 2,134</span></div>"
road_3314416,path,Road centreline,hamilton_road_path,KUPE PLACE,,,,sealed,0.0484668827495841,2135,@EAAudsemI|jt}fAJgEe@gMi@sE,,,,,,,22,#1464a5cc,#1464a5cc,,,,,,,"<div><strong>KUPE PLACE</strong><br><span>Surface: sealed</span><br><span>Length: 0.05 km</span><br><span>Length rank: 2,135</span></div>"
road_3314112,path,Road centreline,hamilton_road_path,OLWYN GREEN,,,,sealed,0.0484338886703667,2136,@EAAwjigmIhjgagAfHcH~@kBn@wBrAsF,,,,,,,22,#1464a5cc,#1464a5cc,,,,,,,"<div><strong>OLWYN GREEN</strong><br><span>Surface: sealed</span><br><span>Length: 0.05 km</span><br><span>Length rank: 2,136</span></div>"
road_3314463,path,Road centreline,hamilton_road_path,ROBERTS WAY,,,,sealed,0.0478960866672975,2137,@EAAw`tgmIfpp~fA_VuF_GkB,,,,,,,22,#1464a5cc,#1464a5cc,,,,,,,"<div><strong>ROBERTS WAY</strong><br><span>Surface: sealed</span><br><span>Length: 0.05 km</span><br><span>Length rank: 2,137</span></div>"
road_3314577,path,Road centreline,hamilton_road_path,KINGSBURY COURT,,,,sealed,0.0476082176917432,2138,@EAAev~gmIxvy}fAxHnLtEzH,,,,,,,22,#1464a5cc,#1464a5cc,,,,,,,"<div><strong>KINGSBURY COURT</strong><br><span>Surface: sealed</span><br><span>Length: 0.05 km</span><br><span>Length rank: 2,138</span></div>"
road_3314566,path,Road centreline,hamilton_road_path,ABBIE LANE,,,,sealed,0.0476010330682612,2139,@EAAq|ghmIjqi~fAfBdA`DfA~TzE,,,,,,,22,#1464a5cc,#1464a5cc,,,,,,,"<div><strong>ABBIE LANE</strong><br><span>Surface: sealed</span><br><span>Length: 0.05 km</span><br><span>Length rank: 2,139</span></div>"
road_3314196,path,Road centreline,hamilton_road_path,HUDSON COURT,,,,sealed,0.046774239417134,2140,@EAAwdclmIdfrbgAfAhE`F|Q,,,,,,,22,#1464a5cc,#1464a5cc,,,,,,,"<div><strong>HUDSON COURT</strong><br><span>Surface: sealed</span><br><span>Length: 0.05 km</span><br><span>Length rank: 2,140</span></div>"
road_3314314,path,Road centreline,hamilton_road_path,KINGROYAL LANE,,,,sealed,0.046683864415665,2141,@EAAkvbkmI~h`agAiHdX,,,,,,,22,#1464a5cc,#1464a5cc,,,,,,,"<div><strong>KINGROYAL LANE</strong><br><span>Surface: sealed</span><br><span>Length: 0.05 km</span><br><span>Length rank: 2,141</span></div>"
road_3314547,path,Road centreline,hamilton_road_path,SELBY MEWS,,,,sealed,0.0466711364749717,2142,@EAAgekgmIvgj~fAbPrHpHzD,,,,,,,22,#1464a5cc,#1464a5cc,,,,,,,"<div><strong>SELBY MEWS</strong><br><span>Surface: sealed</span><br><span>Length: 0.05 km</span><br><span>Length rank: 2,142</span></div>"
road_3314807,path,Road centreline,hamilton_road_path,SAMANTHA WAY,,,,sealed,0.0464981177930335,2143,@EAAs~}hmIldp}fA}E`CsFnCcAr@{AtBmAvC,,,,,,,22,#1464a5cc,#1464a5cc,,,,,,,"<div><strong>SAMANTHA WAY</strong><br><span>Surface: sealed</span><br><span>Length: 0.05 km</span><br><span>Length rank: 2,143</span></div>"
road_3314732,path,Road centreline,hamilton_road_path,CHARLBURY PLACE,,,,sealed,0.046038756682546,2144,@EAA}wyimIrzz~fAe@lAYdBUnBBtCXrCbA|E,,,,,,,22,#1464a5cc,#1464a5cc,,,,,,,"<div><strong>CHARLBURY PLACE</strong><br><span>Surface: sealed</span><br><span>Length: 0.05 km</span><br><span>Length rank: 2,144</span></div>"
road_8329769,path,Road centreline,hamilton_road_path,FRESHWATER DRIVE,,,,sealed,0.0459895373840412,2145,@EAAcnzfmI~`e}fA`ZwDnCS,,,,,,,22,#1464a5cc,#1464a5cc,,,,,,,"<div><strong>FRESHWATER DRIVE</strong><br><span>Surface: sealed</span><br><span>Length: 0.05 km</span><br><span>Length rank: 2,145</span></div>"
road_3314550,path,Road centreline,hamilton_road_path,HALYARD CLOSE,,,,sealed,0.0458420260239737,2146,@EAAopxgmIhch~fAtEgX,,,,,,,22,#1464a5cc,#1464a5cc,,,,,,,"<div><strong>HALYARD CLOSE</strong><br><span>Surface: sealed</span><br><span>Length: 0.05 km</span><br><span>Length rank: 2,146</span></div>"
road_3314570,path,Road centreline,hamilton_road_path,STANFIELD COURT,,,,sealed,0.0453134688581026,2147,@EAAischmIdla~fApPFlEQvF}@,,,,,,,22,#1464a5cc,#1464a5cc,,,,,,,"<div><strong>STANFIELD COURT</strong><br><span>Surface: sealed</span><br><span>Length: 0.05 km</span><br><span>Length rank: 2,147</span></div>"
road_3314001,path,Road centreline,hamilton_road_path,SOUTHWORTH PLACE,,,,sealed,0.0450780375197852,2148,@EAAo}oemIjl~`gAaTcR,,,,,,,22,#1464a5cc,#1464a5cc,,,,,,,"<div><strong>SOUTHWORTH PLACE</strong><br><span>Surface: sealed</span><br><span>Length: 0.05 km</span><br><span>Length rank: 2,148</span></div>"
road_3314316,path,Road centreline,hamilton_road_path,MAY STREET,,,,sealed,0.04457813110599,2149,@EAAagfkmIdjeagAgAiCwCqBaOkG,,,,,,,22,#1464a5cc,#1464a5cc,,,,,,,"<div><strong>MAY STREET</strong><br><span>Surface: sealed</span><br><span>Length: 0.04 km</span><br><span>Length rank: 2,149</span></div>"
road_8329714,path,Road centreline,hamilton_road_path,Road centreline,,,,sealed,0.0444739896523865,2150,@EAAysfgmIteh`gAcItV,,,,,,,22,#1464a5cc,#1464a5cc,,,,,,,"<div><strong>Road 8329714</strong><br><span>Surface: sealed</span><br><span>Length: 0.04 km</span><br><span>Length rank: 2,150</span></div>"
road_3314300,path,Road centreline,hamilton_road_path,ASHGROVE COURT,,,,sealed,0.0441402635861888,2151,@EAAeezjmIfq_agA?cHNwN,,,,,,,22,#1464a5cc,#1464a5cc,,,,,,,"<div><strong>ASHGROVE COURT</strong><br><span>Surface: sealed</span><br><span>Length: 0.04 km</span><br><span>Length rank: 2,151</span></div>"
road_3314299,path,Road centreline,hamilton_road_path,ROCHFORD COURT,,,,sealed,0.0440879029325234,2152,@EAAkoxjmId{~`gAUjF_@`Cw@`BeErG,,,,,,,22,#1464a5cc,#1464a5cc,,,,,,,"<div><strong>ROCHFORD COURT</strong><br><span>Surface: sealed</span><br><span>Length: 0.04 km</span><br><span>Length rank: 2,152</span></div>"
road_3314656,path,Road centreline,hamilton_road_path,ST CLAIR COURT,,,,sealed,0.0440845867159819,2153,@EAAihzimI|pn`gAwGxV,,,,,,,22,#1464a5cc,#1464a5cc,,,,,,,"<div><strong>ST CLAIR COURT</strong><br><span>Surface: sealed</span><br><span>Length: 0.04 km</span><br><span>Length rank: 2,153</span></div>"
road_3314241,path,Road centreline,hamilton_road_path,Road centreline,,,,sealed,0.0438025891813278,2154,@EAAi|himIzc_bgAlCh@tH^xEY|GyA,,,,,,,22,#1464a5cc,#1464a5cc,,,,,,,"<div><strong>Road 3314241</strong><br><span>Surface: sealed</span><br><span>Length: 0.04 km</span><br><span>Length rank: 2,154</span></div>"
road_3314549,path,Road centreline,hamilton_road_path,HALYARD CLOSE,,,,sealed,0.0437924941841588,2155,@EAAopxgmIhch~fAj\`G,,,,,,,22,#1464a5cc,#1464a5cc,,,,,,,"<div><strong>HALYARD CLOSE</strong><br><span>Surface: sealed</span><br><span>Length: 0.04 km</span><br><span>Length rank: 2,155</span></div>"
road_3314494,path,Road centreline,hamilton_road_path,HARWICH COURT,,,,sealed,0.0437767762655757,2156,@EAAwjohmI~wx}fAQ|Ec@vHFzF,,,,,,,22,#1464a5cc,#1464a5cc,,,,,,,"<div><strong>HARWICH COURT</strong><br><span>Surface: sealed</span><br><span>Length: 0.04 km</span><br><span>Length rank: 2,156</span></div>"
road_3313957,path,Road centreline,hamilton_road_path,HASTINGS PLACE,,,,sealed,0.0437548641511493,2157,@EAAaanhmIt~hbgAsDj@oQfDaDz@,,,,,,,22,#1464a5cc,#1464a5cc,,,,,,,"<div><strong>HASTINGS PLACE</strong><br><span>Surface: sealed</span><br><span>Length: 0.04 km</span><br><span>Length rank: 2,157</span></div>"
road_3314392,path,Road centreline,hamilton_road_path,HYPERION COURT,,,,sealed,0.0437111642019919,2158,@EAAs`jgmIh_``gAmHpMeCpF,,,,,,,22,#1464a5cc,#1464a5cc,,,,,,,"<div><strong>HYPERION COURT</strong><br><span>Surface: sealed</span><br><span>Length: 0.04 km</span><br><span>Length rank: 2,158</span></div>"
road_6064594,path,Road centreline,hamilton_road_path,CARR END LANE,,,,sealed,0.0433836933959888,2159,@EAAcfjgmInie}fAiE`Em@x@g@~@Yx@Y`AKlABrD,,,,,,,21,#1464a5cc,#1464a5cc,,,,,,,"<div><strong>CARR END LANE</strong><br><span>Surface: sealed</span><br><span>Length: 0.04 km</span><br><span>Length rank: 2,159</span></div>"
road_6064569,path,Road centreline,hamilton_road_path,Road centreline,,,,sealed,0.0433310426266894,2160,@EAAm_tjmInsn`gAvIpB|BTzDBjCEtCW,,,,,,,21,#1464a5cc,#1464a5cc,,,,,,,"<div><strong>Road 6064569</strong><br><span>Surface: sealed</span><br><span>Length: 0.04 km</span><br><span>Length rank: 2,160</span></div>"
road_3314552,path,Road centreline,hamilton_road_path,HALYARD CLOSE,,,,sealed,0.0430942123932228,2161,@EAAyixgmI`jg~fA{\_D,,,,,,,21,#1464a5cc,#1464a5cc,,,,,,,"<div><strong>HALYARD CLOSE</strong><br><span>Surface: sealed</span><br><span>Length: 0.04 km</span><br><span>Length rank: 2,161</span></div>"
road_8329764,path,Road centreline,hamilton_road_path,TEAL WAY,,,,sealed,0.0430644350344876,2162,@EAAekyfmI~xe}fAwAfBsEvAcQR,,,,,,,21,#1464a5cc,#1464a5cc,,,,,,,"<div><strong>TEAL WAY</strong><br><span>Surface: sealed</span><br><span>Length: 0.04 km</span><br><span>Length rank: 2,162</span></div>"
road_8329768,path,Road centreline,hamilton_road_path,FRESHWATER DRIVE,,,,sealed,0.0430063579795674,2163,@EAAqnyfmIrzd}fAiAcW,,,,,,,21,#1464a5cc,#1464a5cc,,,,,,,"<div><strong>FRESHWATER DRIVE</strong><br><span>Surface: sealed</span><br><span>Length: 0.04 km</span><br><span>Length rank: 2,163</span></div>"
road_7742819,path,Road centreline,hamilton_road_path,Road centreline,,,,sealed,0.0424993106634881,2164,@EAA{i}gmIf`g~fAhHq@lDc@|A[|Ay@`DaD,,,,,,,21,#1464a5cc,#1464a5cc,,,,,,,"<div><strong>Road 7742819</strong><br><span>Surface: sealed</span><br><span>Length: 0.04 km</span><br><span>Length rank: 2,164</span></div>"
road_3313997,path,Road centreline,hamilton_road_path,PAMPAS PLACE,,,,sealed,0.0423327174051522,2165,@EAAu|ffmIxbvagA}F}U,,,,,,,21,#1464a5cc,#1464a5cc,,,,,,,"<div><strong>PAMPAS PLACE</strong><br><span>Surface: sealed</span><br><span>Length: 0.04 km</span><br><span>Length rank: 2,165</span></div>"
road_3314002,path,Road centreline,hamilton_road_path,SOUTHWORTH PLACE,,,,sealed,0.0423200122402443,2166,@EAAqrpemIfy}`gAaOcS,,,,,,,21,#1464a5cc,#1464a5cc,,,,,,,"<div><strong>SOUTHWORTH PLACE</strong><br><span>Surface: sealed</span><br><span>Length: 0.04 km</span><br><span>Length rank: 2,166</span></div>"
road_3314573,path,Road centreline,hamilton_road_path,HIGHGATE,,,,sealed,0.0420855920442994,2167,@EAAmofhmIxyc~fAaHcC{HqC{EgB,,,,,,,21,#1464a5cc,#1464a5cc,,,,,,,"<div><strong>HIGHGATE</strong><br><span>Surface: sealed</span><br><span>Length: 0.04 km</span><br><span>Length rank: 2,167</span></div>"
road_3314678,path,Road centreline,hamilton_road_path,HUBERT PLACE,,,,sealed,0.0414692941268592,2168,@EAAij`jmIncf_gAwFlAkRpE,,,,,,,21,#1464a5cc,#1464a5cc,,,,,,,"<div><strong>HUBERT PLACE</strong><br><span>Surface: sealed</span><br><span>Length: 0.04 km</span><br><span>Length rank: 2,168</span></div>"
road_3314173,path,Road centreline,hamilton_road_path,MALABAR STREET,,,,sealed,0.0414136406583077,2169,@EAAk_ljmIxyacgAiGtEeDdCcBbB}@xB,,,,,,,21,#1464a5cc,#1464a5cc,,,,,,,"<div><strong>MALABAR STREET</strong><br><span>Surface: sealed</span><br><span>Length: 0.04 km</span><br><span>Length rank: 2,169</span></div>"
road_7742874,path,Road centreline,hamilton_road_path,RETALLICK PLACE,,,,sealed,0.041122245538651,2170,@EAAi~kgmI`nc}fArC@zF~AfLzE,,,,,,,21,#1464a5cc,#1464a5cc,,,,,,,"<div><strong>RETALLICK PLACE</strong><br><span>Surface: sealed</span><br><span>Length: 0.04 km</span><br><span>Length rank: 2,170</span></div>"
road_3314797,path,Road centreline,hamilton_road_path,JANE WAY,,,,sealed,0.0408408268091419,2171,@EAAod}hmIzjq}fAoKt@gHn@qEr@,,,,,,,21,#1464a5cc,#1464a5cc,,,,,,,"<div><strong>JANE WAY</strong><br><span>Surface: sealed</span><br><span>Length: 0.04 km</span><br><span>Length rank: 2,171</span></div>"
road_3314100,path,Road centreline,hamilton_road_path,WARWICKSON LANE,,,,sealed,0.0408340748945136,2172,@EAAc}rfmIplv`gAcQ~P,,,,,,,21,#1464a5cc,#1464a5cc,,,,,,,"<div><strong>WARWICKSON LANE</strong><br><span>Surface: sealed</span><br><span>Length: 0.04 km</span><br><span>Length rank: 2,172</span></div>"
road_3314780,path,Road centreline,hamilton_road_path,HELMSDALE COURT,,,,sealed,0.0408211044697943,2173,@EAAcp`imIrrl~fAqBJcXlA,,,,,,,21,#1464a5cc,#1464a5cc,,,,,,,"<div><strong>HELMSDALE COURT</strong><br><span>Surface: sealed</span><br><span>Length: 0.04 km</span><br><span>Length rank: 2,173</span></div>"
road_3314526,path,Road centreline,hamilton_road_path,MARU WAY,,,,sealed,0.0400797603772111,2174,@EAA}wrfmIbis}fAuEbEy@lC{@tH,,,,,,,21,#1464a5cc,#1464a5cc,,,,,,,"<div><strong>MARU WAY</strong><br><span>Surface: sealed</span><br><span>Length: 0.04 km</span><br><span>Length rank: 2,174</span></div>"
road_3314014,path,Road centreline,hamilton_road_path,LYNBRAE COURT,,,,sealed,0.0397655415194392,2175,@EAAsggfmIddbagAfJnErDlBvDlB,,,,,,,21,#1464a5cc,#1464a5cc,,,,,,,"<div><strong>LYNBRAE COURT</strong><br><span>Surface: sealed</span><br><span>Length: 0.04 km</span><br><span>Length rank: 2,175</span></div>"
road_7742835,path,Road centreline,hamilton_road_path,MARGROVE LANE,,,,sealed,0.039487227571975,2176,@EAAi_{fmItnj}fAgBcU,,,,,,,21,#1464a5cc,#1464a5cc,,,,,,,"<div><strong>MARGROVE LANE</strong><br><span>Surface: sealed</span><br><span>Length: 0.04 km</span><br><span>Length rank: 2,176</span></div>"
road_3314596,path,Road centreline,hamilton_road_path,SARAH COURT,,,,sealed,0.0393395102367269,2177,@EAAqiehmI`ao}fAwEQqLa@mFE,,,,,,,21,#1464a5cc,#1464a5cc,,,,,,,"<div><strong>SARAH COURT</strong><br><span>Surface: sealed</span><br><span>Length: 0.04 km</span><br><span>Length rank: 2,177</span></div>"
road_7742799,path,Road centreline,hamilton_road_path,Road centreline,,,,sealed,0.0381866836812064,2178,@EAAicvjmIrfhcgAdQ|N,,,,,,,21,#1464a5cc,#1464a5cc,,,,,,,"<div><strong>Road 7742799</strong><br><span>Surface: sealed</span><br><span>Length: 0.04 km</span><br><span>Length rank: 2,178</span></div>"
road_8329743,path,Road centreline,hamilton_road_path,JASPERS WAY,,,,sealed,0.037797530352727,2179,@EAAy{aimI~_|}fAl@fT,,,,,,,21,#1464a5cc,#1464a5cc,,,,,,,"<div><strong>JASPERS WAY</strong><br><span>Surface: sealed</span><br><span>Length: 0.04 km</span><br><span>Length rank: 2,179</span></div>"
road_3314590,path,Road centreline,hamilton_road_path,HAWTRY LANE,,,,sealed,0.0374625805730341,2180,@EAAcgyfmIxqn}fAeCQkBg@uN}F,,,,,,,21,#1464a5cc,#1464a5cc,,,,,,,"<div><strong>HAWTRY LANE</strong><br><span>Surface: sealed</span><br><span>Length: 0.04 km</span><br><span>Length rank: 2,180</span></div>"
road_6064558,path,Road centreline,hamilton_road_path,QUEENS PARK CRESCENT,,,,sealed,0.0372503927426994,2181,@EAA{emhmIxzsagAeVbI,,,,,,,21,#1464a5cc,#1464a5cc,,,,,,,"<div><strong>QUEENS PARK CRESCENT</strong><br><span>Surface: sealed</span><br><span>Length: 0.04 km</span><br><span>Length rank: 2,181</span></div>"
road_3314537,path,Road centreline,hamilton_road_path,OAKRIDGE GROVE,,,,sealed,0.0371187493334829,2182,@EAAwkpgmIx`l~fAgFi@wBBaBNuJfA,,,,,,,21,#1464a5cc,#1464a5cc,,,,,,,"<div><strong>OAKRIDGE GROVE</strong><br><span>Surface: sealed</span><br><span>Length: 0.04 km</span><br><span>Length rank: 2,182</span></div>"
road_8329707,path,Road centreline,hamilton_road_path,OKU CLOSE,,,,sealed,0.0368339943503391,2183,@EAAehmkmI|vtagAnClS,,,,,,,21,#1464a5cc,#1464a5cc,,,,,,,"<div><strong>OKU CLOSE</strong><br><span>Surface: sealed</span><br><span>Length: 0.04 km</span><br><span>Length rank: 2,183</span></div>"
road_3314532,path,Road centreline,hamilton_road_path,KENDALL PLACE,,,,sealed,0.0368208826260579,2184,@EAAcalgmI`}j~fAxAt@jDhAzDdBxEbD,,,,,,,21,#1464a5cc,#1464a5cc,,,,,,,"<div><strong>KENDALL PLACE</strong><br><span>Surface: sealed</span><br><span>Length: 0.04 km</span><br><span>Length rank: 2,184</span></div>"
road_3314770,path,Road centreline,hamilton_road_path,SUDBURY COURT,,,,sealed,0.036270651536028,2185,@EAA{hwhmIdc|}fAw@kS,,,,,,,21,#1464a5cc,#1464a5cc,,,,,,,"<div><strong>SUDBURY COURT</strong><br><span>Surface: sealed</span><br><span>Length: 0.04 km</span><br><span>Length rank: 2,185</span></div>"
road_8329715,path,Road centreline,hamilton_road_path,Road centreline,,,,sealed,0.0356868269828594,2186,@EAA}oggmIx|g`gAc@iCo@uAgAmAsG{E,,,,,,,21,#1464a5cc,#1464a5cc,,,,,,,"<div><strong>Road 8329715</strong><br><span>Surface: sealed</span><br><span>Length: 0.04 km</span><br><span>Length rank: 2,186</span></div>"
road_8329711,path,Road centreline,hamilton_road_path,PUKAKI PLACE,,,,sealed,0.0355993682187368,2187,@EAA{qgfmI~}~_gAvRqK,,,,,,,21,#1464a5cc,#1464a5cc,,,,,,,"<div><strong>PUKAKI PLACE</strong><br><span>Surface: sealed</span><br><span>Length: 0.04 km</span><br><span>Length rank: 2,187</span></div>"
road_6064556,path,Road centreline,hamilton_road_path,ETNA WAY,,,,sealed,0.0348279573231471,2188,@EAAeusgmIbdgbgAiCtAqBfAcBR{AVmBd@gCn@,,,,,,,21,#1464a5cc,#1464a5cc,,,,,,,"<div><strong>ETNA WAY</strong><br><span>Surface: sealed</span><br><span>Length: 0.03 km</span><br><span>Length rank: 2,188</span></div>"
road_3313952,path,Road centreline,hamilton_road_path,SHELLEY JANE PLACE,,,,sealed,0.0343881292249852,2189,@EAA}smgmIlxlbgAaEwQ,,,,,,,21,#1464a5cc,#1464a5cc,,,,,,,"<div><strong>SHELLEY JANE PLACE</strong><br><span>Surface: sealed</span><br><span>Length: 0.03 km</span><br><span>Length rank: 2,189</span></div>"
road_3314114,path,Road centreline,hamilton_road_path,HAROLD LANE,,,,sealed,0.0329133667105558,2190,@EAAqnogmInlbagAuDqBgGmBkEy@,,,,,,,21,#1464a5cc,#1464a5cc,,,,,,,"<div><strong>HAROLD LANE</strong><br><span>Surface: sealed</span><br><span>Length: 0.03 km</span><br><span>Length rank: 2,190</span></div>"
road_7742807,path,Road centreline,hamilton_road_path,CHIEFS COURT,,,,sealed,0.0307063650575765,2191,@EAA_x}jmIxjgagAaFq@iIkAsBW,,,,,,,21,#1464a5cc,#1464a5cc,,,,,,,"<div><strong>CHIEFS COURT</strong><br><span>Surface: sealed</span><br><span>Length: 0.03 km</span><br><span>Length rank: 2,191</span></div>"
road_3314303,path,Road centreline,hamilton_road_path,SOMME CRESCENT,,,,sealed,0.030590605204275,2192,@EAAa`bkmIhd{agAa@eP,,,,,,,21,#1464a5cc,#1464a5cc,,,,,,,"<div><strong>SOMME CRESCENT</strong><br><span>Surface: sealed</span><br><span>Length: 0.03 km</span><br><span>Length rank: 2,192</span></div>"
road_3314535,path,Road centreline,hamilton_road_path,OAKRIDGE GROVE,,,,sealed,0.0297258499711032,2193,@EAAwkpgmIx`l~fAY|@\~@tBdBnBjBfCz@,,,,,,,21,#1464a5cc,#1464a5cc,,,,,,,"<div><strong>OAKRIDGE GROVE</strong><br><span>Surface: sealed</span><br><span>Length: 0.03 km</span><br><span>Length rank: 2,193</span></div>"
road_3314586,path,Road centreline,hamilton_road_path,EMERY WAY,,,,sealed,0.028797266220475,2194,@EAAwbyfmIrcq}fAsIqGiAo@eAM,,,,,,,21,#1464a5cc,#1464a5cc,,,,,,,"<div><strong>EMERY WAY</strong><br><span>Surface: sealed</span><br><span>Length: 0.03 km</span><br><span>Length rank: 2,194</span></div>"
road_3314004,path,Road centreline,hamilton_road_path,MELFORT PLACE,,,,sealed,0.0284911268649359,2195,@EAAyp_fmIhq|`gAxCsHf@_Bj@iA,,,,,,,21,#1464a5cc,#1464a5cc,,,,,,,"<div><strong>MELFORT PLACE</strong><br><span>Surface: sealed</span><br><span>Length: 0.03 km</span><br><span>Length rank: 2,195</span></div>"
road_3314250,path,Road centreline,hamilton_road_path,BRYCE LANE,,,,sealed,0.0283107368593141,2196,@EAAmlgimIzacagA}JxK,,,,,,,21,#1464a5cc,#1464a5cc,,,,,,,"<div><strong>BRYCE LANE</strong><br><span>Surface: sealed</span><br><span>Length: 0.03 km</span><br><span>Length rank: 2,196</span></div>"
road_3314795,path,Road centreline,hamilton_road_path,REWITI LANE,,,,sealed,0.0281967420280016,2197,@EAAgq}hmIrur}fAkQgE,,,,,,,21,#1464a5cc,#1464a5cc,,,,,,,"<div><strong>REWITI LANE</strong><br><span>Surface: sealed</span><br><span>Length: 0.03 km</span><br><span>Length rank: 2,197</span></div>"
road_3314176,path,Road centreline,hamilton_road_path,THORBURN COURT,,,,sealed,0.0277037912651729,2198,@EAAiinimId`rbgAxCcN,,,,,,,21,#1464a5cc,#1464a5cc,,,,,,,"<div><strong>THORBURN COURT</strong><br><span>Surface: sealed</span><br><span>Length: 0.03 km</span><br><span>Length rank: 2,198</span></div>"
road_3314796,path,Road centreline,hamilton_road_path,TRIMMER LANE,,,,sealed,0.0272161118395752,2199,@EAAqx~hmItyr}fAOiN,,,,,,,21,#1464a5cc,#1464a5cc,,,,,,,"<div><strong>TRIMMER LANE</strong><br><span>Surface: sealed</span><br><span>Length: 0.03 km</span><br><span>Length rank: 2,199</span></div>"
road_3314009,path,Road centreline,hamilton_road_path,SUNNY DALE,,,,sealed,0.0271947991741615,2200,@EAAwvdfmIbhnagA_CsDoDwF,,,,,,,21,#1464a5cc,#1464a5cc,,,,,,,"<div><strong>SUNNY DALE</strong><br><span>Surface: sealed</span><br><span>Length: 0.03 km</span><br><span>Length rank: 2,200</span></div>"
road_3314794,path,Road centreline,hamilton_road_path,WAIMA LANE,,,,sealed,0.0269653605305273,2201,@EAAyoeimIjfx}fAiPjE,,,,,,,21,#1464a5cc,#1464a5cc,,,,,,,"<div><strong>WAIMA LANE</strong><br><span>Surface: sealed</span><br><span>Length: 0.03 km</span><br><span>Length rank: 2,201</span></div>"
road_3314793,path,Road centreline,hamilton_road_path,WAIMA LANE,,,,sealed,0.0262449685205057,2202,@EAAq_eimIb_x}fAgOfF,,,,,,,21,#1464a5cc,#1464a5cc,,,,,,,"<div><strong>WAIMA LANE</strong><br><span>Surface: sealed</span><br><span>Length: 0.03 km</span><br><span>Length rank: 2,202</span></div>"
road_8329712,path,Road centreline,hamilton_road_path,Road centreline,,,,sealed,0.0252807230931808,2203,@EAAswbgmIvqi`gAiDWmDQuEu@,,,,,,,21,#1464a5cc,#1464a5cc,,,,,,,"<div><strong>Road 8329712</strong><br><span>Surface: sealed</span><br><span>Length: 0.03 km</span><br><span>Length rank: 2,203</span></div>"
road_3314393,path,Road centreline,hamilton_road_path,GALILEE GROVE,,,,sealed,0.0252589978650887,2204,@EAA}xjgmIj|_`gAFgM,,,,,,,21,#1464a5cc,#1464a5cc,,,,,,,"<div><strong>GALILEE GROVE</strong><br><span>Surface: sealed</span><br><span>Length: 0.03 km</span><br><span>Length rank: 2,204</span></div>"
road_3314798,path,Road centreline,hamilton_road_path,SHAUN LANE,,,,sealed,0.0199111351427348,2205,@EAAkz_imIpir}fA{LcA,,,,,,,21,#1464a5cc,#1464a5cc,,,,,,,"<div><strong>SHAUN LANE</strong><br><span>Surface: sealed</span><br><span>Length: 0.02 km</span><br><span>Length rank: 2,205</span></div>"
road_3314113,path,Road centreline,hamilton_road_path,HAROLD LANE,,,,sealed,0.0179635342883927,2206,@EAA{eogmIzsbagAuGkF,,,,,,,21,#1464a5cc,#1464a5cc,,,,,,,"<div><strong>HAROLD LANE</strong><br><span>Surface: sealed</span><br><span>Length: 0.02 km</span><br><span>Length rank: 2,206</span></div>"
nzta_tms_site_01c00552,point,Traffic count site,hamilton_nzta_traffic_count_site_point,145m West of railway crossing Kahikatea Dr,,,31534,,,,,-37.8062527,175.2640877,,,,,,,,564,31534,31534,#feb77fcc,#feb77fff,20.0,"<div><strong>145m West of railway crossing Kahikatea Dr</strong><br><span>Site ref: 01C00552</span><br><span>Region: 03 - Waikato</span><br><span>State highway: SH 1C</span><br><span>Site type: Regional Non-Continuous</span><br><span>Latest AADT: 31,534</span><br><span>Heavy vehicles: 6.8%</span></div>"
nzta_tms_site_01c00555,point,Traffic count site,hamilton_nzta_traffic_count_site_point,50m East of Cobham Dr Bridge,,,30234,,,,,-37.8048682,175.2954556,,,,,,,,561,30234,30234,#feb47dcc,#feb47dff,20.0,"<div><strong>50m East of Cobham Dr Bridge</strong><br><span>Site ref: 01C00555</span><br><span>Region: 03 - Waikato</span><br><span>State highway: SH 1C</span><br><span>Site type: Regional Non-Continuous</span><br><span>Latest AADT: 30,234</span><br><span>Heavy vehicles: 4.4%</span></div>"
nzta_tms_site_01c90552,point,Traffic count site,hamilton_nzta_traffic_count_site_point,GREENWOOD - Telemetry Site 97,,,23860,,,,,-37.801491,175.2602297,,,,,,,,544,23860,23860,#fea572cc,#fea572ff,20.0,"<div><strong>GREENWOOD - Telemetry Site 97</strong><br><span>Site ref: 01C90552</span><br><span>Region: 03 - Waikato</span><br><span>State highway: SH 1C</span><br><span>Site type: Telemetry</span><br><span>Latest AADT: 23,860</span><br><span>Heavy vehicles: 5.4%</span></div>"
nzta_tms_site_01c00549,point,Traffic count site,hamilton_nzta_traffic_count_site_point,410m Nth of Rifle Range Rd / Avalon Drive RAB,,,23420,,,,,-37.7795888,175.2499689,,,,,,,,542,23420,23420,#fea471cc,#fea471ff,20.0,"<div><strong>410m Nth of Rifle Range Rd / Avalon Drive RAB</strong><br><span>Site ref: 01C00549</span><br><span>Region: 03 - Waikato</span><br><span>State highway: SH 1C</span><br><span>Site type: Regional Non-Continuous</span><br><span>Latest AADT: 23,420</span><br><span>Heavy vehicles: 5.4%</span></div>"
nzta_tms_site_01c20554,point,Traffic count site,hamilton_nzta_traffic_count_site_point,200m West of Cobham Drive intersection,,,20840,,,,,-37.8056324,175.2872667,,,,,,,,534,20840,20840,#fe9d6ccc,#fe9d6cff,20.0,"<div><strong>200m West of Cobham Drive intersection</strong><br><span>Site ref: 01C20554</span><br><span>Region: 03 - Waikato</span><br><span>State highway: SH 1C</span><br><span>Site type: Regional Non-Continuous</span><br><span>Latest AADT: 20,840</span><br><span>Heavy vehicles: Not available</span></div>"
nzta_tms_site_01c00553,point,Traffic count site,hamilton_nzta_traffic_count_site_point,200m east of Lorne Ohaupo intersection (SH1\3 Int),,,17897,,,,,-37.8076198,175.2826851,,,,,,,,522,17897,17897,#fc9469cc,#fc9469ff,20.0,"<div><strong>200m east of Lorne Ohaupo intersection (SH1\3 Int)</strong><br><span>Site ref: 01C00553</span><br><span>Region: 03 - Waikato</span><br><span>State highway: SH 1C</span><br><span>Site type: Regional Non-Continuous</span><br><span>Latest AADT: 17,897</span><br><span>Heavy vehicles: 5.4%</span></div>"
nzta_tms_site_01c20548,point,Traffic count site,hamilton_nzta_traffic_count_site_point,340m South Forman Rd,,,16933,,,,,-37.7648618,175.2356527,,,,,,,,518,16933,16933,#fc9068cc,#fc9068ff,20.0,"<div><strong>340m South Forman Rd</strong><br><span>Site ref: 01C20548</span><br><span>Region: 03 - Waikato</span><br><span>State highway: SH 1C</span><br><span>Site type: Regional Non-Continuous</span><br><span>Latest AADT: 16,933</span><br><span>Heavy vehicles: 5.4%</span></div>"
nzta_tms_site_01n20549,point,Traffic count site,hamilton_nzta_traffic_count_site_point,WexHam - Ruakura (NB),,,14711,,,,,-37.765962,175.3258002,,,,,,,,508,14711,14711,#fb8865cc,#fb8865ff,20.0,"<div><strong>WexHam - Ruakura (NB)</strong><br><span>Site ref: 01N20549</span><br><span>Region: 03 - Waikato</span><br><span>State highway: SH 1N</span><br><span>Site type: Regional Non-Continuous</span><br><span>Latest AADT: 14,711</span><br><span>Heavy vehicles: 0.0%</span></div>"
nzta_tms_site_02300000,point,Traffic count site,hamilton_nzta_traffic_count_site_point,20m West of Hawk St,,,14432,,,,,-37.7901854,175.2572395,,,,,,,,506,14432,14432,#fa8664cc,#fa8664ff,20.0,"<div><strong>20m West of Hawk St</strong><br><span>Site ref: 02300000</span><br><span>Region: 03 - Waikato</span><br><span>State highway: SH 23</span><br><span>Site type: Regional Non-Continuous</span><br><span>Latest AADT: 14,432</span><br><span>Heavy vehicles: 5.4%</span></div>"
nzta_tms_site_01n10549,point,Traffic count site,hamilton_nzta_traffic_count_site_point,WexHam - Ruakura (SB),,,14397,,,,,-37.765962,175.3258002,,,,,,,,506,14397,14397,#fa8664cc,#fa8664ff,20.0,"<div><strong>WexHam - Ruakura (SB)</strong><br><span>Site ref: 01N10549</span><br><span>Region: 03 - Waikato</span><br><span>State highway: SH 1N</span><br><span>Site type: Regional Non-Continuous</span><br><span>Latest AADT: 14,397</span><br><span>Heavy vehicles: 0.0%</span></div>"
nzta_tms_site_01c20551,point,Traffic count site,hamilton_nzta_traffic_count_site_point,Sth of Massey St - Dec,,,13699,,,,,-37.7972528,175.2607512,,,,,,,,502,13699,13699,#fa8363cc,#fa8363ff,20.0,"<div><strong>Sth of Massey St - Dec</strong><br><span>Site ref: 01C20551</span><br><span>Region: 03 - Waikato</span><br><span>State highway: SH 1C</span><br><span>Site type: Regional Non-Continuous</span><br><span>Latest AADT: 13,699</span><br><span>Heavy vehicles: 8.1%</span></div>"
nzta_tms_site_00300003,point,Traffic count site,hamilton_nzta_traffic_count_site_point,285m Sth of Dixons Rd,,,13554,,,,,-37.8283975,175.2970707,,,,,,,,502,13554,13554,#fa8363cc,#fa8363ff,20.0,"<div><strong>285m Sth of Dixons Rd</strong><br><span>Site ref: 00300003</span><br><span>Region: 03 - Waikato</span><br><span>State highway: SH 3</span><br><span>Site type: Regional Non-Continuous</span><br><span>Latest AADT: 13,554</span><br><span>Heavy vehicles: 5.4%</span></div>"
nzta_tms_site_01n20552,point,Traffic count site,hamilton_nzta_traffic_count_site_point,WexHam - Newstead NB (Mangaonua Bridge) (NB),,,13432,,,,,-37.7923577,175.3432521,,,,,,,,501,13432,13432,#fa8263cc,#fa8263ff,20.0,"<div><strong>WexHam - Newstead NB (Mangaonua Bridge) (NB)</strong><br><span>Site ref: 01N20552</span><br><span>Region: 03 - Waikato</span><br><span>State highway: SH 1N</span><br><span>Site type: Regional Non-Continuous</span><br><span>Latest AADT: 13,432</span><br><span>Heavy vehicles: 0.0%</span></div>"
nzta_tms_site_02300004,point,Traffic count site,hamilton_nzta_traffic_count_site_point,40m East of Newcastle Rd,,,13275,,,,,-37.7972834,175.2343753,,,,,,,,500,13275,13275,#fa8162cc,#fa8162ff,20.0,"<div><strong>40m East of Newcastle Rd</strong><br><span>Site ref: 02300004</span><br><span>Region: 03 - Waikato</span><br><span>State highway: SH 23</span><br><span>Site type: Regional Non-Continuous</span><br><span>Latest AADT: 13,275</span><br><span>Heavy vehicles: 5.4%</span></div>"
nzta_tms_site_01c10551,point,Traffic count site,hamilton_nzta_traffic_count_site_point,Sth of Massey St - Inc,,,13033,,,,,-37.7972528,175.2607512,,,,,,,,499,13033,13033,#f98062cc,#f98062ff,20.0,"<div><strong>Sth of Massey St - Inc</strong><br><span>Site ref: 01C10551</span><br><span>Region: 03 - Waikato</span><br><span>State highway: SH 1C</span><br><span>Site type: Regional Non-Continuous</span><br><span>Latest AADT: 13,033</span><br><span>Heavy vehicles: 5.4%</span></div>"
nzta_tms_site_01c20558,point,Traffic count site,hamilton_nzta_traffic_count_site_point,105m Nth of Riverlea Rd,,,11908,,,,,-37.8046138,175.3258377,,,,,,,,492,11908,11908,#f97b60cc,#f97b60ff,20.0,"<div><strong>105m Nth of Riverlea Rd</strong><br><span>Site ref: 01C20558</span><br><span>Region: 03 - Waikato</span><br><span>State highway: SH 1C</span><br><span>Site type: Regional Non-Continuous</span><br><span>Latest AADT: 11,908</span><br><span>Heavy vehicles: 5.4%</span></div>"
nzta_tms_site_01c10550,point,Traffic count site,hamilton_nzta_traffic_count_site_point,55m Sth of Edgar St - Inc,,,11772,,,,,-37.7869811,175.2570109,,,,,,,,491,11772,11772,#f87a60cc,#f87a60ff,20.0,"<div><strong>55m Sth of Edgar St - Inc</strong><br><span>Site ref: 01C10550</span><br><span>Region: 03 - Waikato</span><br><span>State highway: SH 1C</span><br><span>Site type: Regional Non-Continuous</span><br><span>Latest AADT: 11,772</span><br><span>Heavy vehicles: 5.4%</span></div>"
nzta_tms_site_01c40540,point,Traffic count site,hamilton_nzta_traffic_count_site_point,GILCHRIST NORTHBOUND OFF RAMP,,,11104,,,,,-37.7568493,175.2302528,,,,,,,,487,11104,11104,#f8765ecc,#f8765eff,20.0,"<div><strong>GILCHRIST NORTHBOUND OFF RAMP</strong><br><span>Site ref: 01C40540</span><br><span>Region: 03 - Waikato</span><br><span>State highway: SH 1C</span><br><span>Site type: Virtual</span><br><span>Latest AADT: 11,104</span><br><span>Heavy vehicles: 2.1%</span></div>"
nzta_tms_site_01n10541,point,Traffic count site,hamilton_nzta_traffic_count_site_point,WexHam - Rototuna (SB),,,10281,,,,,-37.7150708,175.2665662,,,,,,,,481,10281,10281,#f7725dcc,#f7725dff,20.0,"<div><strong>WexHam - Rototuna (SB)</strong><br><span>Site ref: 01N10541</span><br><span>Region: 03 - Waikato</span><br><span>State highway: SH 1N</span><br><span>Site type: Regional Non-Continuous</span><br><span>Latest AADT: 10,281</span><br><span>Heavy vehicles: 0.0%</span></div>"
nzta_tms_site_01c10544,point,Traffic count site,hamilton_nzta_traffic_count_site_point,820m south of Koura Dr over bridge-Inc,,,6346,,,,,-37.7397615,175.212635,,,,,,,,445,6346,6346,#e85963cc,#e85963ff,20.0,"<div><strong>820m south of Koura Dr over bridge-Inc</strong><br><span>Site ref: 01C10544</span><br><span>Region: 03 - Waikato</span><br><span>State highway: SH 1C</span><br><span>Site type: Regional Non-Continuous</span><br><span>Latest AADT: 6,346</span><br><span>Heavy vehicles: 7.2%</span></div>"
nzta_tms_site_01c20544,point,Traffic count site,hamilton_nzta_traffic_count_site_point,820m south of Kopra Dr over bridge-Dec,,,5829,,,,,-37.7397381,175.2124526,,,,,,,,439,5829,5829,#e55564cc,#e55564ff,20.0,"<div><strong>820m south of Kopra Dr over bridge-Dec</strong><br><span>Site ref: 01C20544</span><br><span>Region: 03 - Waikato</span><br><span>State highway: SH 1C</span><br><span>Site type: Regional Non-Continuous</span><br><span>Latest AADT: 5,829</span><br><span>Heavy vehicles: 11.5%</span></div>"
nzta_tms_site_00300000,point,Traffic count site,hamilton_nzta_traffic_count_site_point,Start of SH3 - Virtual,,,,,,,,-37.8090235,175.2806177,,,,,,,,0,,,#000004cc,#000004ff,20.0,<div><strong>Start of SH3 - Virtual</strong><br><span>Site ref: 00300000</span><br><span>Region: 03 - Waikato</span><br><span>State highway: SH 3</span><br><span>Site type: Virtual</span><br><span>Latest AADT: Not available</span><br><span>Heavy vehicles: Not available</span></div>
nzta_tms_site_00310001,point,Traffic count site,hamilton_nzta_traffic_count_site_point,Collins Rd Int (Inc Lanes),,,,,,,,-37.8136341,175.2830296,,,,,,,,0,,,#000004cc,#000004ff,20.0,<div><strong>Collins Rd Int (Inc Lanes)</strong><br><span>Site ref: 00310001</span><br><span>Region: 03 - Waikato</span><br><span>State highway: SH 3</span><br><span>Site type: Regional Non-Continuous</span><br><span>Latest AADT: Not available</span><br><span>Heavy vehicles: Not available</span></div>
nzta_tms_site_00320001,point,Traffic count site,hamilton_nzta_traffic_count_site_point,Collins Rd Int (Dec Lanes),,,,,,,,-37.8136341,175.2830296,,,,,,,,0,,,#000004cc,#000004ff,20.0,<div><strong>Collins Rd Int (Dec Lanes)</strong><br><span>Site ref: 00320001</span><br><span>Region: 03 - Waikato</span><br><span>State highway: SH 3</span><br><span>Site type: Regional Non-Continuous</span><br><span>Latest AADT: Not available</span><br><span>Heavy vehicles: Not available</span></div>
nzta_tms_site_01c00550,point,Traffic count site,hamilton_nzta_traffic_count_site_point,Sth of Edgar St,,,,,,,,-37.7872359,175.2573372,,,,,,,,0,,,#000004cc,#000004ff,20.0,<div><strong>Sth of Edgar St</strong><br><span>Site ref: 01C00550</span><br><span>Region: 03 - Waikato</span><br><span>State highway: SH 1C</span><br><span>Site type: Virtual</span><br><span>Latest AADT: Not available</span><br><span>Heavy vehicles: Not available</span></div>
nzta_tms_site_01c00551,point,Traffic count site,hamilton_nzta_traffic_count_site_point,Sth of Massey St,,,,,,,,-37.7972528,175.2607512,,,,,,,,0,,,#000004cc,#000004ff,20.0,<div><strong>Sth of Massey St</strong><br><span>Site ref: 01C00551</span><br><span>Region: 03 - Waikato</span><br><span>State highway: SH 1C</span><br><span>Site type: Virtual</span><br><span>Latest AADT: Not available</span><br><span>Heavy vehicles: Not available</span></div>
nzta_tms_site_01c10548,point,Traffic count site,hamilton_nzta_traffic_count_site_point,340m South Forman Rd,,,,,,,,-37.7647962,175.2357755,,,,,,,,0,,,#000004cc,#000004ff,20.0,<div><strong>340m South Forman Rd</strong><br><span>Site ref: 01C10548</span><br><span>Region: 03 - Waikato</span><br><span>State highway: SH 1C</span><br><span>Site type: Regional Non-Continuous</span><br><span>Latest AADT: Not available</span><br><span>Heavy vehicles: Not available</span></div>
nzta_tms_site_01c10554,point,Traffic count site,hamilton_nzta_traffic_count_site_point,150m West of Cobham Drive intersection,,,,,,,,-37.805239,175.2875492,,,,,,,,0,,,#000004cc,#000004ff,20.0,<div><strong>150m West of Cobham Drive intersection</strong><br><span>Site ref: 01C10554</span><br><span>Region: 03 - Waikato</span><br><span>State highway: SH 1C</span><br><span>Site type: Regional Non-Continuous</span><br><span>Latest AADT: Not available</span><br><span>Heavy vehicles: Not available</span></div>
nzta_tms_site_01c10556,point,Traffic count site,hamilton_nzta_traffic_count_site_point,150m West of Johnsview Tce,,,,,,,,-37.8021518,175.3164173,,,,,,,,0,,,#000004cc,#000004ff,20.0,<div><strong>150m West of Johnsview Tce</strong><br><span>Site ref: 01C10556</span><br><span>Region: 03 - Waikato</span><br><span>State highway: SH 1C</span><br><span>Site type: Regional Non-Continuous</span><br><span>Latest AADT: Not available</span><br><span>Heavy vehicles: Not available</span></div>
nzta_tms_site_01c10557,point,Traffic count site,hamilton_nzta_traffic_count_site_point,75m East of Cambridge Rd RAB,,,,,,,,-37.8007683,175.3200749,,,,,,,,0,,,#000004cc,#000004ff,20.0,<div><strong>75m East of Cambridge Rd RAB</strong><br><span>Site ref: 01C10557</span><br><span>Region: 03 - Waikato</span><br><span>State highway: SH 1C</span><br><span>Site type: Regional Non-Continuous</span><br><span>Latest AADT: Not available</span><br><span>Heavy vehicles: Not available</span></div>
nzta_tms_site_01c10558,point,Traffic count site,hamilton_nzta_traffic_count_site_point,135m Nth of Riverlea Rd,,,,,,,,-37.8046138,175.3258377,,,,,,,,0,,,#000004cc,#000004ff,20.0,<div><strong>135m Nth of Riverlea Rd</strong><br><span>Site ref: 01C10558</span><br><span>Region: 03 - Waikato</span><br><span>State highway: SH 1C</span><br><span>Site type: Regional Non-Continuous</span><br><span>Latest AADT: Not available</span><br><span>Heavy vehicles: Not available</span></div>
nzta_tms_site_01c20550,point,Traffic count site,hamilton_nzta_traffic_count_site_point,20m Sth of Edgar St - Dec,,,,,,,,-37.7872973,175.2574186,,,,,,,,0,,,#000004cc,#000004ff,20.0,<div><strong>20m Sth of Edgar St - Dec</strong><br><span>Site ref: 01C20550</span><br><span>Region: 03 - Waikato</span><br><span>State highway: SH 1C</span><br><span>Site type: Regional Non-Continuous</span><br><span>Latest AADT: Not available</span><br><span>Heavy vehicles: Not available</span></div>
nzta_tms_site_01c20556,point,Traffic count site,hamilton_nzta_traffic_count_site_point,100m West of Johnsview Tce,,,,,,,,-37.8019251,175.3169096,,,,,,,,0,,,#000004cc,#000004ff,20.0,<div><strong>100m West of Johnsview Tce</strong><br><span>Site ref: 01C20556</span><br><span>Region: 03 - Waikato</span><br><span>State highway: SH 1C</span><br><span>Site type: Regional Non-Continuous</span><br><span>Latest AADT: Not available</span><br><span>Heavy vehicles: Not available</span></div>
nzta_tms_site_01c20557,point,Traffic count site,hamilton_nzta_traffic_count_site_point,70m East of Cambridge Rd RAB,,,,,,,,-37.8007616,175.319961,,,,,,,,0,,,#000004cc,#000004ff,20.0,<div><strong>70m East of Cambridge Rd RAB</strong><br><span>Site ref: 01C20557</span><br><span>Region: 03 - Waikato</span><br><span>State highway: SH 1C</span><br><span>Site type: Regional Non-Continuous</span><br><span>Latest AADT: Not available</span><br><span>Heavy vehicles: Not available</span></div>
nzta_tms_site_01c30540,point,Traffic count site,hamilton_nzta_traffic_count_site_point,GILCHRIST SOUTHBOUND ON RAMP,,,,,,,,-37.755937,175.2303485,,,,,,,,0,,,#000004cc,#000004ff,20.0,<div><strong>GILCHRIST SOUTHBOUND ON RAMP</strong><br><span>Site ref: 01C30540</span><br><span>Region: 03 - Waikato</span><br><span>State highway: SH 1C</span><br><span>Site type: Virtual</span><br><span>Latest AADT: Not available</span><br><span>Heavy vehicles: Not available</span></div>
nzta_tms_site_01n20541,point,Traffic count site,hamilton_nzta_traffic_count_site_point,WexHam - Rototuna (NB),,,,,,,,-37.7150708,175.2665662,,,,,,,,0,,,#000004cc,#000004ff,20.0,<div><strong>WexHam - Rototuna (NB)</strong><br><span>Site ref: 01N20541</span><br><span>Region: 03 - Waikato</span><br><span>State highway: SH 1N</span><br><span>Site type: Regional Non-Continuous</span><br><span>Latest AADT: Not available</span><br><span>Heavy vehicles: Not available</span></div>
nzta_tms_site_02600000,point,Traffic count site,hamilton_nzta_traffic_count_site_point,50m East of Mullane St,,,,,,,,-37.8000452,175.3253334,,,,,,,,0,,,#000004cc,#000004ff,20.0,<div><strong>50m East of Mullane St</strong><br><span>Site ref: 02600000</span><br><span>Region: 03 - Waikato</span><br><span>State highway: SH 26</span><br><span>Site type: Regional Non-Continuous</span><br><span>Latest AADT: Not available</span><br><span>Heavy vehicles: Not available</span></div>
nzta_tms_site_02610000,point,Traffic count site,hamilton_nzta_traffic_count_site_point,50m East of Mullane St (Inc Lane),,,,,,,,-37.8000452,175.3253334,,,,,,,,0,,,#000004cc,#000004ff,20.0,<div><strong>50m East of Mullane St (Inc Lane)</strong><br><span>Site ref: 02610000</span><br><span>Region: 03 - Waikato</span><br><span>State highway: SH 26</span><br><span>Site type: Regional Non-Continuous</span><br><span>Latest AADT: Not available</span><br><span>Heavy vehicles: Not available</span></div>
nzta_tms_site_02620000,point,Traffic count site,hamilton_nzta_traffic_count_site_point,50m East of Mullane St (Dec Lane),,,,,,,,-37.8000452,175.3253334,,,,,,,,0,,,#000004cc,#000004ff,20.0,<div><strong>50m East of Mullane St (Dec Lane)</strong><br><span>Site ref: 02620000</span><br><span>Region: 03 - Waikato</span><br><span>State highway: SH 26</span><br><span>Site type: Regional Non-Continuous</span><br><span>Latest AADT: Not available</span><br><span>Heavy vehicles: Not available</span></div>
