geometry_id,layer_type,wkt,sa2_code,sa2_name,year,floor_index,building_category,consents_total,polygon_fill_color_hex,polygon_line_color_hex,polygon_line_width_m,polygon_extrude_elevation_m,base_elevation_m,valid_from,valid_to,timestamp,tooltip_html
tower_175901_2019,polygon,"POLYGON Z ((175.262402 -37.727984 0.0, 175.263992 -37.727984 0.0, 175.263992 -37.726727 0.0, 175.262402 -37.726727 0.0, 175.262402 -37.727984 0.0))",175901,Rototuna West,2019,0,Houses,41,#2c7fb8cc,#1a1a1aff,10,120.0,0.0,2019-01-01T00:00:00.000Z,2019-12-31T00:00:00.000Z,1546300800,<div><strong>Rototuna West</strong><br><span>Year: 2019</span><br><span>Consents issued: 41</span><br><span>Dominant type: Houses</span></div>
tower_175901_2020,polygon,"POLYGON Z ((175.262402 -37.727984 120.0, 175.263992 -37.727984 120.0, 175.263992 -37.726727 120.0, 175.262402 -37.726727 120.0, 175.262402 -37.727984 120.0))",175901,Rototuna West,2020,1,Houses,54,#2c7fb8cc,#1a1a1aff,10,120.0,120.0,2020-01-01T00:00:00.000Z,2020-12-31T00:00:00.000Z,1577836800,<div><strong>Rototuna West</strong><br><span>Year: 2020</span><br><span>Consents issued: 54</span><br><span>Dominant type: Houses</span></div>
tower_175901_2021,polygon,"POLYGON Z ((175.262402 -37.727984 240.0, 175.263992 -37.727984 240.0, 175.263992 -37.726727 240.0, 175.262402 -37.726727 240.0, 175.262402 -37.727984 240.0))",175901,Rototuna West,2021,2,Houses,66,#2c7fb8cc,#1a1a1aff,10,120.0,240.0,2021-01-01T00:00:00.000Z,2021-12-31T00:00:00.000Z,1609459200,<div><strong>Rototuna West</strong><br><span>Year: 2021</span><br><span>Consents issued: 66</span><br><span>Dominant type: Houses</span></div>
tower_175901_2022,polygon,"POLYGON Z ((175.262402 -37.727984 360.0, 175.263992 -37.727984 360.0, 175.263992 -37.726727 360.0, 175.262402 -37.726727 360.0, 175.262402 -37.727984 360.0))",175901,Rototuna West,2022,3,Townhouses,74,#7fbc41cc,#1a1a1aff,10,120.0,360.0,2022-01-01T00:00:00.000Z,2022-12-31T00:00:00.000Z,1640995200,<div><strong>Rototuna West</strong><br><span>Year: 2022</span><br><span>Consents issued: 74</span><br><span>Dominant type: Townhouses</span></div>
tower_175901_2023,polygon,"POLYGON Z ((175.262402 -37.727984 480.0, 175.263992 -37.727984 480.0, 175.263992 -37.726727 480.0, 175.262402 -37.726727 480.0, 175.262402 -37.727984 480.0))",175901,Rototuna West,2023,4,Townhouses,83,#7fbc41cc,#1a1a1aff,10,120.0,480.0,2023-01-01T00:00:00.000Z,2023-12-31T00:00:00.000Z,1672531200,<div><strong>Rototuna West</strong><br><span>Year: 2023</span><br><span>Consents issued: 83</span><br><span>Dominant type: Townhouses</span></div>
tower_175302_2019,polygon,"POLYGON Z ((175.247303 -37.722928 0.0, 175.248893 -37.722928 0.0, 175.248893 -37.721670 0.0, 175.247303 -37.721670 0.0, 175.247303 -37.722928 0.0))",175302,Flagstaff North East,2019,0,Houses,19,#2c7fb8cc,#1a1a1aff,10,120.0,0.0,2019-01-01T00:00:00.000Z,2019-12-31T00:00:00.000Z,1546300800,<div><strong>Flagstaff North East</strong><br><span>Year: 2019</span><br><span>Consents issued: 19</span><br><span>Dominant type: Houses</span></div>
tower_175302_2020,polygon,"POLYGON Z ((175.247303 -37.722928 120.0, 175.248893 -37.722928 120.0, 175.248893 -37.721670 120.0, 175.247303 -37.721670 120.0, 175.247303 -37.722928 120.0))",175302,Flagstaff North East,2020,1,Houses,18,#2c7fb8cc,#1a1a1aff,10,120.0,120.0,2020-01-01T00:00:00.000Z,2020-12-31T00:00:00.000Z,1577836800,<div><strong>Flagstaff North East</strong><br><span>Year: 2020</span><br><span>Consents issued: 18</span><br><span>Dominant type: Houses</span></div>
tower_175302_2021,polygon,"POLYGON Z ((175.247303 -37.722928 240.0, 175.248893 -37.722928 240.0, 175.248893 -37.721670 240.0, 175.247303 -37.721670 240.0, 175.247303 -37.722928 240.0))",175302,Flagstaff North East,2021,2,Houses,16,#2c7fb8cc,#1a1a1aff,10,120.0,240.0,2021-01-01T00:00:00.000Z,2021-12-31T00:00:00.000Z,1609459200,<div><strong>Flagstaff North East</strong><br><span>Year: 2021</span><br><span>Consents issued: 16</span><br><span>Dominant type: Houses</span></div>
tower_175302_2022,polygon,"POLYGON Z ((175.247303 -37.722928 360.0, 175.248893 -37.722928 360.0, 175.248893 -37.721670 360.0, 175.247303 -37.721670 360.0, 175.247303 -37.722928 360.0))",175302,Flagstaff North East,2022,3,Houses,17,#2c7fb8cc,#1a1a1aff,10,120.0,360.0,2022-01-01T00:00:00.000Z,2022-12-31T00:00:00.000Z,1640995200,<div><strong>Flagstaff North East</strong><br><span>Year: 2022</span><br><span>Consents issued: 17</span><br><span>Dominant type: Houses</span></div>
tower_175302_2023,polygon,"POLYGON Z ((175.247303 -37.722928 480.0, 175.248893 -37.722928 480.0, 175.248893 -37.721670 480.0, 175.247303 -37.721670 480.0, 175.247303 -37.722928 480.0))",175302,Flagstaff North East,2023,4,Houses,18,#2c7fb8cc,#1a1a1aff,10,120.0,480.0,2023-01-01T00:00:00.000Z,2023-12-31T00:00:00.000Z,1672531200,<div><strong>Flagstaff North East</strong><br><span>Year: 2023</span><br><span>Consents issued: 18</span><br><span>Dominant type: Houses</span></div>
tower_178500_2019,polygon,"POLYGON Z ((175.304630 -37.759319 0.0, 175.306221 -37.759319 0.0, 175.306221 -37.758062 0.0, 175.304630 -37.758062 0.0, 175.304630 -37.759319 0.0))",178500,Fairview Downs,2019,0,Houses,12,#2c7fb8cc,#1a1a1aff,10,120.0,0.0,2019-01-01T00:00:00.000Z,2019-12-31T00:00:00.000Z,1546300800,<div><strong>Fairview Downs</strong><br><span>Year: 2019</span><br><span>Consents issued: 12</span><br><span>Dominant type: Houses</span></div>
tower_178500_2020,polygon,"POLYGON Z ((175.304630 -37.759319 120.0, 175.306221 -37.759319 120.0, 175.306221 -37.758062 120.0, 175.304630 -37.758062 120.0, 175.304630 -37.759319 120.0))",178500,Fairview Downs,2020,1,Houses,15,#2c7fb8cc,#1a1a1aff,10,120.0,120.0,2020-01-01T00:00:00.000Z,2020-12-31T00:00:00.000Z,1577836800,<div><strong>Fairview Downs</strong><br><span>Year: 2020</span><br><span>Consents issued: 15</span><br><span>Dominant type: Houses</span></div>
tower_178500_2021,polygon,"POLYGON Z ((175.304630 -37.759319 240.0, 175.306221 -37.759319 240.0, 175.306221 -37.758062 240.0, 175.304630 -37.758062 240.0, 175.304630 -37.759319 240.0))",178500,Fairview Downs,2021,2,Houses,19,#2c7fb8cc,#1a1a1aff,10,120.0,240.0,2021-01-01T00:00:00.000Z,2021-12-31T00:00:00.000Z,1609459200,<div><strong>Fairview Downs</strong><br><span>Year: 2021</span><br><span>Consents issued: 19</span><br><span>Dominant type: Houses</span></div>
tower_178500_2022,polygon,"POLYGON Z ((175.304630 -37.759319 360.0, 175.306221 -37.759319 360.0, 175.306221 -37.758062 360.0, 175.304630 -37.758062 360.0, 175.304630 -37.759319 360.0))",178500,Fairview Downs,2022,3,Houses,23,#2c7fb8cc,#1a1a1aff,10,120.0,360.0,2022-01-01T00:00:00.000Z,2022-12-31T00:00:00.000Z,1640995200,<div><strong>Fairview Downs</strong><br><span>Year: 2022</span><br><span>Consents issued: 23</span><br><span>Dominant type: Houses</span></div>
tower_178500_2023,polygon,"POLYGON Z ((175.304630 -37.759319 480.0, 175.306221 -37.759319 480.0, 175.306221 -37.758062 480.0, 175.304630 -37.758062 480.0, 175.304630 -37.759319 480.0))",178500,Fairview Downs,2023,4,Townhouses,24,#7fbc41cc,#1a1a1aff,10,120.0,480.0,2023-01-01T00:00:00.000Z,2023-12-31T00:00:00.000Z,1672531200,<div><strong>Fairview Downs</strong><br><span>Year: 2023</span><br><span>Consents issued: 24</span><br><span>Dominant type: Townhouses</span></div>
tower_176101_2019,polygon,"POLYGON Z ((175.280450 -37.727041 0.0, 175.282040 -37.727041 0.0, 175.282040 -37.725784 0.0, 175.280450 -37.725784 0.0, 175.280450 -37.727041 0.0))",176101,Te Manatu,2019,0,Houses,17,#2c7fb8cc,#1a1a1aff,10,120.0,0.0,2019-01-01T00:00:00.000Z,2019-12-31T00:00:00.000Z,1546300800,<div><strong>Te Manatu</strong><br><span>Year: 2019</span><br><span>Consents issued: 17</span><br><span>Dominant type: Houses</span></div>
tower_176101_2020,polygon,"POLYGON Z ((175.280450 -37.727041 120.0, 175.282040 -37.727041 120.0, 175.282040 -37.725784 120.0, 175.280450 -37.725784 120.0, 175.280450 -37.727041 120.0))",176101,Te Manatu,2020,1,Houses,28,#2c7fb8cc,#1a1a1aff,10,120.0,120.0,2020-01-01T00:00:00.000Z,2020-12-31T00:00:00.000Z,1577836800,<div><strong>Te Manatu</strong><br><span>Year: 2020</span><br><span>Consents issued: 28</span><br><span>Dominant type: Houses</span></div>
tower_176101_2021,polygon,"POLYGON Z ((175.280450 -37.727041 240.0, 175.282040 -37.727041 240.0, 175.282040 -37.725784 240.0, 175.280450 -37.725784 240.0, 175.280450 -37.727041 240.0))",176101,Te Manatu,2021,2,Houses,36,#2c7fb8cc,#1a1a1aff,10,120.0,240.0,2021-01-01T00:00:00.000Z,2021-12-31T00:00:00.000Z,1609459200,<div><strong>Te Manatu</strong><br><span>Year: 2021</span><br><span>Consents issued: 36</span><br><span>Dominant type: Houses</span></div>
tower_176101_2022,polygon,"POLYGON Z ((175.280450 -37.727041 360.0, 175.282040 -37.727041 360.0, 175.282040 -37.725784 360.0, 175.280450 -37.725784 360.0, 175.280450 -37.727041 360.0))",176101,Te Manatu,2022,3,Houses,47,#2c7fb8cc,#1a1a1aff,10,120.0,360.0,2022-01-01T00:00:00.000Z,2022-12-31T00:00:00.000Z,1640995200,<div><strong>Te Manatu</strong><br><span>Year: 2022</span><br><span>Consents issued: 47</span><br><span>Dominant type: Houses</span></div>
tower_176101_2023,polygon,"POLYGON Z ((175.280450 -37.727041 480.0, 175.282040 -37.727041 480.0, 175.282040 -37.725784 480.0, 175.280450 -37.725784 480.0, 175.280450 -37.727041 480.0))",176101,Te Manatu,2023,4,Townhouses,57,#7fbc41cc,#1a1a1aff,10,120.0,480.0,2023-01-01T00:00:00.000Z,2023-12-31T00:00:00.000Z,1672531200,<div><strong>Te Manatu</strong><br><span>Year: 2023</span><br><span>Consents issued: 57</span><br><span>Dominant type: Townhouses</span></div>
tower_178400_2019,polygon,"POLYGON Z ((175.292938 -37.762335 0.0, 175.294529 -37.762335 0.0, 175.294529 -37.761078 0.0, 175.292938 -37.761078 0.0, 175.292938 -37.762335 0.0))",178400,Enderley North,2019,0,Houses,34,#2c7fb8cc,#1a1a1aff,10,120.0,0.0,2019-01-01T00:00:00.000Z,2019-12-31T00:00:00.000Z,1546300800,<div><strong>Enderley North</strong><br><span>Year: 2019</span><br><span>Consents issued: 34</span><br><span>Dominant type: Houses</span></div>
tower_178400_2020,polygon,"POLYGON Z ((175.292938 -37.762335 120.0, 175.294529 -37.762335 120.0, 175.294529 -37.761078 120.0, 175.292938 -37.761078 120.0, 175.292938 -37.762335 120.0))",178400,Enderley North,2020,1,Houses,44,#2c7fb8cc,#1a1a1aff,10,120.0,120.0,2020-01-01T00:00:00.000Z,2020-12-31T00:00:00.000Z,1577836800,<div><strong>Enderley North</strong><br><span>Year: 2020</span><br><span>Consents issued: 44</span><br><span>Dominant type: Houses</span></div>
tower_178400_2021,polygon,"POLYGON Z ((175.292938 -37.762335 240.0, 175.294529 -37.762335 240.0, 175.294529 -37.761078 240.0, 175.292938 -37.761078 240.0, 175.292938 -37.762335 240.0))",178400,Enderley North,2021,2,Houses,48,#2c7fb8cc,#1a1a1aff,10,120.0,240.0,2021-01-01T00:00:00.000Z,2021-12-31T00:00:00.000Z,1609459200,<div><strong>Enderley North</strong><br><span>Year: 2021</span><br><span>Consents issued: 48</span><br><span>Dominant type: Houses</span></div>
tower_178400_2022,polygon,"POLYGON Z ((175.292938 -37.762335 360.0, 175.294529 -37.762335 360.0, 175.294529 -37.761078 360.0, 175.292938 -37.761078 360.0, 175.292938 -37.762335 360.0))",178400,Enderley North,2022,3,Houses,59,#2c7fb8cc,#1a1a1aff,10,120.0,360.0,2022-01-01T00:00:00.000Z,2022-12-31T00:00:00.000Z,1640995200,<div><strong>Enderley North</strong><br><span>Year: 2022</span><br><span>Consents issued: 59</span><br><span>Dominant type: Houses</span></div>
tower_178400_2023,polygon,"POLYGON Z ((175.292938 -37.762335 480.0, 175.294529 -37.762335 480.0, 175.294529 -37.761078 480.0, 175.292938 -37.761078 480.0, 175.292938 -37.762335 480.0))",178400,Enderley North,2023,4,Houses,63,#2c7fb8cc,#1a1a1aff,10,120.0,480.0,2023-01-01T00:00:00.000Z,2023-12-31T00:00:00.000Z,1672531200,<div><strong>Enderley North</strong><br><span>Year: 2023</span><br><span>Consents issued: 63</span><br><span>Dominant type: Houses</span></div>
tower_175902_2019,polygon,"POLYGON Z ((175.268564 -37.725811 0.0, 175.270154 -37.725811 0.0, 175.270154 -37.724554 0.0, 175.268564 -37.724554 0.0, 175.268564 -37.725811 0.0))",175902,Rototuna East,2019,0,Houses,29,#2c7fb8cc,#1a1a1aff,10,120.0,0.0,2019-01-01T00:00:00.000Z,2019-12-31T00:00:00.000Z,1546300800,<div><strong>Rototuna East</strong><br><span>Year: 2019</span><br><span>Consents issued: 29</span><br><span>Dominant type: Houses</span></div>
tower_175902_2020,polygon,"POLYGON Z ((175.268564 -37.725811 120.0, 175.270154 -37.725811 120.0, 175.270154 -37.724554 120.0, 175.268564 -37.724554 120.0, 175.268564 -37.725811 120.0))",175902,Rototuna East,2020,1,Houses,43,#2c7fb8cc,#1a1a1aff,10,120.0,120.0,2020-01-01T00:00:00.000Z,2020-12-31T00:00:00.000Z,1577836800,<div><strong>Rototuna East</strong><br><span>Year: 2020</span><br><span>Consents issued: 43</span><br><span>Dominant type: Houses</span></div>
tower_175902_2021,polygon,"POLYGON Z ((175.268564 -37.725811 240.0, 175.270154 -37.725811 240.0, 175.270154 -37.724554 240.0, 175.268564 -37.724554 240.0, 175.268564 -37.725811 240.0))",175902,Rototuna East,2021,2,Houses,53,#2c7fb8cc,#1a1a1aff,10,120.0,240.0,2021-01-01T00:00:00.000Z,2021-12-31T00:00:00.000Z,1609459200,<div><strong>Rototuna East</strong><br><span>Year: 2021</span><br><span>Consents issued: 53</span><br><span>Dominant type: Houses</span></div>
tower_175902_2022,polygon,"POLYGON Z ((175.268564 -37.725811 360.0, 175.270154 -37.725811 360.0, 175.270154 -37.724554 360.0, 175.268564 -37.724554 360.0, 175.268564 -37.725811 360.0))",175902,Rototuna East,2022,3,Houses,65,#2c7fb8cc,#1a1a1aff,10,120.0,360.0,2022-01-01T00:00:00.000Z,2022-12-31T00:00:00.000Z,1640995200,<div><strong>Rototuna East</strong><br><span>Year: 2022</span><br><span>Consents issued: 65</span><br><span>Dominant type: Houses</span></div>
tower_175902_2023,polygon,"POLYGON Z ((175.268564 -37.725811 480.0, 175.270154 -37.725811 480.0, 175.270154 -37.724554 480.0, 175.268564 -37.724554 480.0, 175.268564 -37.725811 480.0))",175902,Rototuna East,2023,4,Townhouses,72,#7fbc41cc,#1a1a1aff,10,120.0,480.0,2023-01-01T00:00:00.000Z,2023-12-31T00:00:00.000Z,1672531200,<div><strong>Rototuna East</strong><br><span>Year: 2023</span><br><span>Consents issued: 72</span><br><span>Dominant type: Townhouses</span></div>
tower_176202_2019,polygon,"POLYGON Z ((175.273029 -37.736551 0.0, 175.274619 -37.736551 0.0, 175.274619 -37.735293 0.0, 175.273029 -37.735293 0.0, 175.273029 -37.736551 0.0))",176202,Rototuna South East,2019,0,Houses,28,#2c7fb8cc,#1a1a1aff,10,120.0,0.0,2019-01-01T00:00:00.000Z,2019-12-31T00:00:00.000Z,1546300800,<div><strong>Rototuna South East</strong><br><span>Year: 2019</span><br><span>Consents issued: 28</span><br><span>Dominant type: Houses</span></div>
tower_176202_2020,polygon,"POLYGON Z ((175.273029 -37.736551 120.0, 175.274619 -37.736551 120.0, 175.274619 -37.735293 120.0, 175.273029 -37.735293 120.0, 175.273029 -37.736551 120.0))",176202,Rototuna South East,2020,1,Houses,34,#2c7fb8cc,#1a1a1aff,10,120.0,120.0,2020-01-01T00:00:00.000Z,2020-12-31T00:00:00.000Z,1577836800,<div><strong>Rototuna South East</strong><br><span>Year: 2020</span><br><span>Consents issued: 34</span><br><span>Dominant type: Houses</span></div>
tower_176202_2021,polygon,"POLYGON Z ((175.273029 -37.736551 240.0, 175.274619 -37.736551 240.0, 175.274619 -37.735293 240.0, 175.273029 -37.735293 240.0, 175.273029 -37.736551 240.0))",176202,Rototuna South East,2021,2,Houses,36,#2c7fb8cc,#1a1a1aff,10,120.0,240.0,2021-01-01T00:00:00.000Z,2021-12-31T00:00:00.000Z,1609459200,<div><strong>Rototuna South East</strong><br><span>Year: 2021</span><br><span>Consents issued: 36</span><br><span>Dominant type: Houses</span></div>
tower_176202_2022,polygon,"POLYGON Z ((175.273029 -37.736551 360.0, 175.274619 -37.736551 360.0, 175.274619 -37.735293 360.0, 175.273029 -37.735293 360.0, 175.273029 -37.736551 360.0))",176202,Rototuna South East,2022,3,Houses,37,#2c7fb8cc,#1a1a1aff,10,120.0,360.0,2022-01-01T00:00:00.000Z,2022-12-31T00:00:00.000Z,1640995200,<div><strong>Rototuna South East</strong><br><span>Year: 2022</span><br><span>Consents issued: 37</span><br><span>Dominant type: Houses</span></div>
tower_176202_2023,polygon,"POLYGON Z ((175.273029 -37.736551 480.0, 175.274619 -37.736551 480.0, 175.274619 -37.735293 480.0, 175.273029 -37.735293 480.0, 175.273029 -37.736551 480.0))",176202,Rototuna South East,2023,4,Houses,42,#2c7fb8cc,#1a1a1aff,10,120.0,480.0,2023-01-01T00:00:00.000Z,2023-12-31T00:00:00.000Z,1672531200,<div><strong>Rototuna South East</strong><br><span>Year: 2023</span><br><span>Consents issued: 42</span><br><span>Dominant type: Houses</span></div>
tower_178000_2019,polygon,"POLYGON Z ((175.257358 -37.777941 0.0, 175.258950 -37.777941 0.0, 175.258950 -37.776684 0.0, 175.257358 -37.776684 0.0, 175.257358 -37.777941 0.0))",178000,Maeroa,2019,0,Houses,10,#2c7fb8cc,#1a1a1aff,10,120.0,0.0,2019-01-01T00:00:00.000Z,2019-12-31T00:00:00.000Z,1546300800,<div><strong>Maeroa</strong><br><span>Year: 2019</span><br><span>Consents issued: 10</span><br><span>Dominant type: Houses</span></div>
tower_178000_2020,polygon,"POLYGON Z ((175.257358 -37.777941 120.0, 175.258950 -37.777941 120.0, 175.258950 -37.776684 120.0, 175.257358 -37.776684 120.0, 175.257358 -37.777941 120.0))",178000,Maeroa,2020,1,Houses,13,#2c7fb8cc,#1a1a1aff,10,120.0,120.0,2020-01-01T00:00:00.000Z,2020-12-31T00:00:00.000Z,1577836800,<div><strong>Maeroa</strong><br><span>Year: 2020</span><br><span>Consents issued: 13</span><br><span>Dominant type: Houses</span></div>
tower_178000_2021,polygon,"POLYGON Z ((175.257358 -37.777941 240.0, 175.258950 -37.777941 240.0, 175.258950 -37.776684 240.0, 175.257358 -37.776684 240.0, 175.257358 -37.777941 240.0))",178000,Maeroa,2021,2,Houses,12,#2c7fb8cc,#1a1a1aff,10,120.0,240.0,2021-01-01T00:00:00.000Z,2021-12-31T00:00:00.000Z,1609459200,<div><strong>Maeroa</strong><br><span>Year: 2021</span><br><span>Consents issued: 12</span><br><span>Dominant type: Houses</span></div>
tower_178000_2022,polygon,"POLYGON Z ((175.257358 -37.777941 360.0, 175.258950 -37.777941 360.0, 175.258950 -37.776684 360.0, 175.257358 -37.776684 360.0, 175.257358 -37.777941 360.0))",178000,Maeroa,2022,3,Houses,14,#2c7fb8cc,#1a1a1aff,10,120.0,360.0,2022-01-01T00:00:00.000Z,2022-12-31T00:00:00.000Z,1640995200,<div><strong>Maeroa</strong><br><span>Year: 2022</span><br><span>Consents issued: 14</span><br><span>Dominant type: Houses</span></div>
tower_178000_2023,polygon,"POLYGON Z ((175.257358 -37.777941 480.0, 175.258950 -37.777941 480.0, 175.258950 -37.776684 480.0, 175.257358 -37.776684 480.0, 175.257358 -37.777941 480.0))",178000,Maeroa,2023,4,Houses,16,#2c7fb8cc,#1a1a1aff,10,120.0,480.0,2023-01-01T00:00:00.000Z,2023-12-31T00:00:00.000Z,1672531200,<div><strong>Maeroa</strong><br><span>Year: 2023</span><br><span>Consents issued: 16</span><br><span>Dominant type: Houses</span></div>
tower_176400_2019,polygon,"POLYGON Z ((175.250678 -37.755879 0.0, 175.252269 -37.755879 0.0, 175.252269 -37.754621 0.0, 175.250678 -37.754621 0.0, 175.250678 -37.755879 0.0))",176400,Saint Andrews West,2019,0,Houses,23,#2c7fb8cc,#1a1a1aff,10,120.0,0.0,2019-01-01T00:00:00.000Z,2019-12-31T00:00:00.000Z,1546300800,<div><strong>Saint Andrews West</strong><br><span>Year: 2019</span><br><span>Consents issued: 23</span><br><span>Dominant type: Houses</span></div>
tower_176400_2020,polygon,"POLYGON Z ((175.250678 -37.755879 120.0, 175.252269 -37.755879 120.0, 175.252269 -37.754621 120.0, 175.250678 -37.754621 120.0, 175.250678 -37.755879 120.0))",176400,Saint Andrews West,2020,1,Houses,25,#2c7fb8cc,#1a1a1aff,10,120.0,120.0,2020-01-01T00:00:00.000Z,2020-12-31T00:00:00.000Z,1577836800,<div><strong>Saint Andrews West</strong><br><span>Year: 2020</span><br><span>Consents issued: 25</span><br><span>Dominant type: Houses</span></div>
tower_176400_2021,polygon,"POLYGON Z ((175.250678 -37.755879 240.0, 175.252269 -37.755879 240.0, 175.252269 -37.754621 240.0, 175.250678 -37.754621 240.0, 175.250678 -37.755879 240.0))",176400,Saint Andrews West,2021,2,Houses,34,#2c7fb8cc,#1a1a1aff,10,120.0,240.0,2021-01-01T00:00:00.000Z,2021-12-31T00:00:00.000Z,1609459200,<div><strong>Saint Andrews West</strong><br><span>Year: 2021</span><br><span>Consents issued: 34</span><br><span>Dominant type: Houses</span></div>
tower_176400_2022,polygon,"POLYGON Z ((175.250678 -37.755879 360.0, 175.252269 -37.755879 360.0, 175.252269 -37.754621 360.0, 175.250678 -37.754621 360.0, 175.250678 -37.755879 360.0))",176400,Saint Andrews West,2022,3,Houses,43,#2c7fb8cc,#1a1a1aff,10,120.0,360.0,2022-01-01T00:00:00.000Z,2022-12-31T00:00:00.000Z,1640995200,<div><strong>Saint Andrews West</strong><br><span>Year: 2022</span><br><span>Consents issued: 43</span><br><span>Dominant type: Houses</span></div>
tower_176400_2023,polygon,"POLYGON Z ((175.250678 -37.755879 480.0, 175.252269 -37.755879 480.0, 175.252269 -37.754621 480.0, 175.250678 -37.754621 480.0, 175.250678 -37.755879 480.0))",176400,Saint Andrews West,2023,4,Townhouses,51,#7fbc41cc,#1a1a1aff,10,120.0,480.0,2023-01-01T00:00:00.000Z,2023-12-31T00:00:00.000Z,1672531200,<div><strong>Saint Andrews West</strong><br><span>Year: 2023</span><br><span>Consents issued: 51</span><br><span>Dominant type: Townhouses</span></div>
tower_178701_2019,polygon,"POLYGON Z ((175.252109 -37.791278 0.0, 175.253700 -37.791278 0.0, 175.253700 -37.790021 0.0, 175.252109 -37.790021 0.0, 175.252109 -37.791278 0.0))",178701,Swarbrick,2019,0,Houses,31,#2c7fb8cc,#1a1a1aff,10,120.0,0.0,2019-01-01T00:00:00.000Z,2019-12-31T00:00:00.000Z,1546300800,<div><strong>Swarbrick</strong><br><span>Year: 2019</span><br><span>Consents issued: 31</span><br><span>Dominant type: Houses</span></div>
tower_178701_2020,polygon,"POLYGON Z ((175.252109 -37.791278 120.0, 175.253700 -37.791278 120.0, 175.253700 -37.790021 120.0, 175.252109 -37.790021 120.0, 175.252109 -37.791278 120.0))",178701,Swarbrick,2020,1,Houses,41,#2c7fb8cc,#1a1a1aff,10,120.0,120.0,2020-01-01T00:00:00.000Z,2020-12-31T00:00:00.000Z,1577836800,<div><strong>Swarbrick</strong><br><span>Year: 2020</span><br><span>Consents issued: 41</span><br><span>Dominant type: Houses</span></div>
tower_178701_2021,polygon,"POLYGON Z ((175.252109 -37.791278 240.0, 175.253700 -37.791278 240.0, 175.253700 -37.790021 240.0, 175.252109 -37.790021 240.0, 175.252109 -37.791278 240.0))",178701,Swarbrick,2021,2,Houses,54,#2c7fb8cc,#1a1a1aff,10,120.0,240.0,2021-01-01T00:00:00.000Z,2021-12-31T00:00:00.000Z,1609459200,<div><strong>Swarbrick</strong><br><span>Year: 2021</span><br><span>Consents issued: 54</span><br><span>Dominant type: Houses</span></div>
tower_178701_2022,polygon,"POLYGON Z ((175.252109 -37.791278 360.0, 175.253700 -37.791278 360.0, 175.253700 -37.790021 360.0, 175.252109 -37.790021 360.0, 175.252109 -37.791278 360.0))",178701,Swarbrick,2022,3,Townhouses,67,#7fbc41cc,#1a1a1aff,10,120.0,360.0,2022-01-01T00:00:00.000Z,2022-12-31T00:00:00.000Z,1640995200,<div><strong>Swarbrick</strong><br><span>Year: 2022</span><br><span>Consents issued: 67</span><br><span>Dominant type: Townhouses</span></div>
tower_178701_2023,polygon,"POLYGON Z ((175.252109 -37.791278 480.0, 175.253700 -37.791278 480.0, 175.253700 -37.790021 480.0, 175.252109 -37.790021 480.0, 175.252109 -37.791278 480.0))",178701,Swarbrick,2023,4,Townhouses,79,#7fbc41cc,#1a1a1aff,10,120.0,480.0,2023-01-01T00:00:00.000Z,2023-12-31T00:00:00.000Z,1672531200,<div><strong>Swarbrick</strong><br><span>Year: 2023</span><br><span>Consents issued: 79</span><br><span>Dominant type: Townhouses</span></div>
tower_179901_2019,polygon,"POLYGON Z ((175.308711 -37.786594 0.0, 175.310302 -37.786594 0.0, 175.310302 -37.785336 0.0, 175.308711 -37.785336 0.0, 175.308711 -37.786594 0.0))",179901,Greensboro,2019,0,Houses,31,#2c7fb8cc,#1a1a1aff,10,120.0,0.0,2019-01-01T00:00:00.000Z,2019-12-31T00:00:00.000Z,1546300800,<div><strong>Greensboro</strong><br><span>Year: 2019</span><br><span>Consents issued: 31</span><br><span>Dominant type: Houses</span></div>
tower_179901_2020,polygon,"POLYGON Z ((175.308711 -37.786594 120.0, 175.310302 -37.786594 120.0, 175.310302 -37.785336 120.0, 175.308711 -37.785336 120.0, 175.308711 -37.786594 120.0))",179901,Greensboro,2020,1,Houses,40,#2c7fb8cc,#1a1a1aff,10,120.0,120.0,2020-01-01T00:00:00.000Z,2020-12-31T00:00:00.000Z,1577836800,<div><strong>Greensboro</strong><br><span>Year: 2020</span><br><span>Consents issued: 40</span><br><span>Dominant type: Houses</span></div>
tower_179901_2021,polygon,"POLYGON Z ((175.308711 -37.786594 240.0, 175.310302 -37.786594 240.0, 175.310302 -37.785336 240.0, 175.308711 -37.785336 240.0, 175.308711 -37.786594 240.0))",179901,Greensboro,2021,2,Houses,45,#2c7fb8cc,#1a1a1aff,10,120.0,240.0,2021-01-01T00:00:00.000Z,2021-12-31T00:00:00.000Z,1609459200,<div><strong>Greensboro</strong><br><span>Year: 2021</span><br><span>Consents issued: 45</span><br><span>Dominant type: Houses</span></div>
tower_179901_2022,polygon,"POLYGON Z ((175.308711 -37.786594 360.0, 175.310302 -37.786594 360.0, 175.310302 -37.785336 360.0, 175.308711 -37.785336 360.0, 175.308711 -37.786594 360.0))",179901,Greensboro,2022,3,Houses,53,#2c7fb8cc,#1a1a1aff,10,120.0,360.0,2022-01-01T00:00:00.000Z,2022-12-31T00:00:00.000Z,1640995200,<div><strong>Greensboro</strong><br><span>Year: 2022</span><br><span>Consents issued: 53</span><br><span>Dominant type: Houses</span></div>
tower_179901_2023,polygon,"POLYGON Z ((175.308711 -37.786594 480.0, 175.310302 -37.786594 480.0, 175.310302 -37.785336 480.0, 175.308711 -37.785336 480.0, 175.308711 -37.786594 480.0))",179901,Greensboro,2023,4,Townhouses,55,#7fbc41cc,#1a1a1aff,10,120.0,480.0,2023-01-01T00:00:00.000Z,2023-12-31T00:00:00.000Z,1672531200,<div><strong>Greensboro</strong><br><span>Year: 2023</span><br><span>Consents issued: 55</span><br><span>Dominant type: Townhouses</span></div>
tower_178800_2019,polygon,"POLYGON Z ((175.249547 -37.798882 0.0, 175.251138 -37.798882 0.0, 175.251138 -37.797624 0.0, 175.249547 -37.797624 0.0, 175.249547 -37.798882 0.0))",178800,Kahikatea,2019,0,Houses,42,#2c7fb8cc,#1a1a1aff,10,120.0,0.0,2019-01-01T00:00:00.000Z,2019-12-31T00:00:00.000Z,1546300800,<div><strong>Kahikatea</strong><br><span>Year: 2019</span><br><span>Consents issued: 42</span><br><span>Dominant type: Houses</span></div>
tower_178800_2020,polygon,"POLYGON Z ((175.249547 -37.798882 120.0, 175.251138 -37.798882 120.0, 175.251138 -37.797624 120.0, 175.249547 -37.797624 120.0, 175.249547 -37.798882 120.0))",178800,Kahikatea,2020,1,Houses,45,#2c7fb8cc,#1a1a1aff,10,120.0,120.0,2020-01-01T00:00:00.000Z,2020-12-31T00:00:00.000Z,1577836800,<div><strong>Kahikatea</strong><br><span>Year: 2020</span><br><span>Consents issued: 45</span><br><span>Dominant type: Houses</span></div>
tower_178800_2021,polygon,"POLYGON Z ((175.249547 -37.798882 240.0, 175.251138 -37.798882 240.0, 175.251138 -37.797624 240.0, 175.249547 -37.797624 240.0, 175.249547 -37.798882 240.0))",178800,Kahikatea,2021,2,Houses,58,#2c7fb8cc,#1a1a1aff,10,120.0,240.0,2021-01-01T00:00:00.000Z,2021-12-31T00:00:00.000Z,1609459200,<div><strong>Kahikatea</strong><br><span>Year: 2021</span><br><span>Consents issued: 58</span><br><span>Dominant type: Houses</span></div>
tower_178800_2022,polygon,"POLYGON Z ((175.249547 -37.798882 360.0, 175.251138 -37.798882 360.0, 175.251138 -37.797624 360.0, 175.249547 -37.797624 360.0, 175.249547 -37.798882 360.0))",178800,Kahikatea,2022,3,Houses,63,#2c7fb8cc,#1a1a1aff,10,120.0,360.0,2022-01-01T00:00:00.000Z,2022-12-31T00:00:00.000Z,1640995200,<div><strong>Kahikatea</strong><br><span>Year: 2022</span><br><span>Consents issued: 63</span><br><span>Dominant type: Houses</span></div>
tower_178800_2023,polygon,"POLYGON Z ((175.249547 -37.798882 480.0, 175.251138 -37.798882 480.0, 175.251138 -37.797624 480.0, 175.249547 -37.797624 480.0, 175.249547 -37.798882 480.0))",178800,Kahikatea,2023,4,Townhouses,69,#7fbc41cc,#1a1a1aff,10,120.0,480.0,2023-01-01T00:00:00.000Z,2023-12-31T00:00:00.000Z,1672531200,<div><strong>Kahikatea</strong><br><span>Year: 2023</span><br><span>Consents issued: 69</span><br><span>Dominant type: Townhouses</span></div>
tower_176700_2019,polygon,"POLYGON Z ((175.283039 -37.736596 0.0, 175.284629 -37.736596 0.0, 175.284629 -37.735339 0.0, 175.283039 -37.735339 0.0, 175.283039 -37.736596 0.0))",176700,St James,2019,0,Houses,22,#2c7fb8cc,#1a1a1aff,10,120.0,0.0,2019-01-01T00:00:00.000Z,2019-12-31T00:00:00.000Z,1546300800,<div><strong>St James</strong><br><span>Year: 2019</span><br><span>Consents issued: 22</span><br><span>Dominant type: Houses</span></div>
tower_176700_2020,polygon,"POLYGON Z ((175.283039 -37.736596 120.0, 175.284629 -37.736596 120.0, 175.284629 -37.735339 120.0, 175.283039 -37.735339 120.0, 175.283039 -37.736596 120.0))",176700,St James,2020,1,Houses,21,#2c7fb8cc,#1a1a1aff,10,120.0,120.0,2020-01-01T00:00:00.000Z,2020-12-31T00:00:00.000Z,1577836800,<div><strong>St James</strong><br><span>Year: 2020</span><br><span>Consents issued: 21</span><br><span>Dominant type: Houses</span></div>
tower_176700_2021,polygon,"POLYGON Z ((175.283039 -37.736596 240.0, 175.284629 -37.736596 240.0, 175.284629 -37.735339 240.0, 175.283039 -37.735339 240.0, 175.283039 -37.736596 240.0))",176700,St James,2021,2,Houses,27,#2c7fb8cc,#1a1a1aff,10,120.0,240.0,2021-01-01T00:00:00.000Z,2021-12-31T00:00:00.000Z,1609459200,<div><strong>St James</strong><br><span>Year: 2021</span><br><span>Consents issued: 27</span><br><span>Dominant type: Houses</span></div>
tower_176700_2022,polygon,"POLYGON Z ((175.283039 -37.736596 360.0, 175.284629 -37.736596 360.0, 175.284629 -37.735339 360.0, 175.283039 -37.735339 360.0, 175.283039 -37.736596 360.0))",176700,St James,2022,3,Houses,32,#2c7fb8cc,#1a1a1aff,10,120.0,360.0,2022-01-01T00:00:00.000Z,2022-12-31T00:00:00.000Z,1640995200,<div><strong>St James</strong><br><span>Year: 2022</span><br><span>Consents issued: 32</span><br><span>Dominant type: Houses</span></div>
tower_176700_2023,polygon,"POLYGON Z ((175.283039 -37.736596 480.0, 175.284629 -37.736596 480.0, 175.284629 -37.735339 480.0, 175.283039 -37.735339 480.0, 175.283039 -37.736596 480.0))",176700,St James,2023,4,Houses,37,#2c7fb8cc,#1a1a1aff,10,120.0,480.0,2023-01-01T00:00:00.000Z,2023-12-31T00:00:00.000Z,1672531200,<div><strong>St James</strong><br><span>Year: 2023</span><br><span>Consents issued: 37</span><br><span>Dominant type: Houses</span></div>
tower_177100_2019,polygon,"POLYGON Z ((175.226208 -37.780882 0.0, 175.227799 -37.780882 0.0, 175.227799 -37.779624 0.0, 175.226208 -37.779624 0.0, 175.226208 -37.780882 0.0))",177100,Nawton West,2019,0,Houses,13,#2c7fb8cc,#1a1a1aff,10,120.0,0.0,2019-01-01T00:00:00.000Z,2019-12-31T00:00:00.000Z,1546300800,<div><strong>Nawton West</strong><br><span>Year: 2019</span><br><span>Consents issued: 13</span><br><span>Dominant type: Houses</span></div>
tower_177100_2020,polygon,"POLYGON Z ((175.226208 -37.780882 120.0, 175.227799 -37.780882 120.0, 175.227799 -37.779624 120.0, 175.226208 -37.779624 120.0, 175.226208 -37.780882 120.0))",177100,Nawton West,2020,1,Houses,16,#2c7fb8cc,#1a1a1aff,10,120.0,120.0,2020-01-01T00:00:00.000Z,2020-12-31T00:00:00.000Z,1577836800,<div><strong>Nawton West</strong><br><span>Year: 2020</span><br><span>Consents issued: 16</span><br><span>Dominant type: Houses</span></div>
tower_177100_2021,polygon,"POLYGON Z ((175.226208 -37.780882 240.0, 175.227799 -37.780882 240.0, 175.227799 -37.779624 240.0, 175.226208 -37.779624 240.0, 175.226208 -37.780882 240.0))",177100,Nawton West,2021,2,Houses,17,#2c7fb8cc,#1a1a1aff,10,120.0,240.0,2021-01-01T00:00:00.000Z,2021-12-31T00:00:00.000Z,1609459200,<div><strong>Nawton West</strong><br><span>Year: 2021</span><br><span>Consents issued: 17</span><br><span>Dominant type: Houses</span></div>
tower_177100_2022,polygon,"POLYGON Z ((175.226208 -37.780882 360.0, 175.227799 -37.780882 360.0, 175.227799 -37.779624 360.0, 175.226208 -37.779624 360.0, 175.226208 -37.780882 360.0))",177100,Nawton West,2022,3,Houses,22,#2c7fb8cc,#1a1a1aff,10,120.0,360.0,2022-01-01T00:00:00.000Z,2022-12-31T00:00:00.000Z,1640995200,<div><strong>Nawton West</strong><br><span>Year: 2022</span><br><span>Consents issued: 22</span><br><span>Dominant type: Houses</span></div>
tower_177100_2023,polygon,"POLYGON Z ((175.226208 -37.780882 480.0, 175.227799 -37.780882 480.0, 175.227799 -37.779624 480.0, 175.226208 -37.779624 480.0, 175.226208 -37.780882 480.0))",177100,Nawton West,2023,4,Houses,23,#2c7fb8cc,#1a1a1aff,10,120.0,480.0,2023-01-01T00:00:00.000Z,2023-12-31T00:00:00.000Z,1672531200,<div><strong>Nawton West</strong><br><span>Year: 2023</span><br><span>Consents issued: 23</span><br><span>Dominant type: Houses</span></div>
tower_175301_2019,polygon,"POLYGON Z ((175.235929 -37.722116 0.0, 175.237519 -37.722116 0.0, 175.237519 -37.720858 0.0, 175.235929 -37.720858 0.0, 175.235929 -37.722116 0.0))",175301,Flagstaff North West,2019,0,Houses,35,#2c7fb8cc,#1a1a1aff,10,120.0,0.0,2019-01-01T00:00:00.000Z,2019-12-31T00:00:00.000Z,1546300800,<div><strong>Flagstaff North West</strong><br><span>Year: 2019</span><br><span>Consents issued: 35</span><br><span>Dominant type: Houses</span></div>
tower_175301_2020,polygon,"POLYGON Z ((175.235929 -37.722116 120.0, 175.237519 -37.722116 120.0, 175.237519 -37.720858 120.0, 175.235929 -37.720858 120.0, 175.235929 -37.722116 120.0))",175301,Flagstaff North West,2020,1,Houses,43,#2c7fb8cc,#1a1a1aff,10,120.0,120.0,2020-01-01T00:00:00.000Z,2020-12-31T00:00:00.000Z,1577836800,<div><strong>Flagstaff North West</strong><br><span>Year: 2020</span><br><span>Consents issued: 43</span><br><span>Dominant type: Houses</span></div>
tower_175301_2021,polygon,"POLYGON Z ((175.235929 -37.722116 240.0, 175.237519 -37.722116 240.0, 175.237519 -37.720858 240.0, 175.235929 -37.720858 240.0, 175.235929 -37.722116 240.0))",175301,Flagstaff North West,2021,2,Houses,53,#2c7fb8cc,#1a1a1aff,10,120.0,240.0,2021-01-01T00:00:00.000Z,2021-12-31T00:00:00.000Z,1609459200,<div><strong>Flagstaff North West</strong><br><span>Year: 2021</span><br><span>Consents issued: 53</span><br><span>Dominant type: Houses</span></div>
tower_175301_2022,polygon,"POLYGON Z ((175.235929 -37.722116 360.0, 175.237519 -37.722116 360.0, 175.237519 -37.720858 360.0, 175.235929 -37.720858 360.0, 175.235929 -37.722116 360.0))",175301,Flagstaff North West,2022,3,Townhouses,65,#7fbc41cc,#1a1a1aff,10,120.0,360.0,2022-01-01T00:00:00.000Z,2022-12-31T00:00:00.000Z,1640995200,<div><strong>Flagstaff North West</strong><br><span>Year: 2022</span><br><span>Consents issued: 65</span><br><span>Dominant type: Townhouses</span></div>
tower_175301_2023,polygon,"POLYGON Z ((175.235929 -37.722116 480.0, 175.237519 -37.722116 480.0, 175.237519 -37.720858 480.0, 175.235929 -37.720858 480.0, 175.235929 -37.722116 480.0))",175301,Flagstaff North West,2023,4,Townhouses,77,#7fbc41cc,#1a1a1aff,10,120.0,480.0,2023-01-01T00:00:00.000Z,2023-12-31T00:00:00.000Z,1672531200,<div><strong>Flagstaff North West</strong><br><span>Year: 2023</span><br><span>Consents issued: 77</span><br><span>Dominant type: Townhouses</span></div>
tower_179401_2019,polygon,"POLYGON Z ((175.282005 -37.789688 0.0, 175.283597 -37.789688 0.0, 175.283597 -37.788431 0.0, 175.282005 -37.788431 0.0, 175.282005 -37.789688 0.0))",179401,Hamilton Central,2019,0,Houses,31,#2c7fb8cc,#1a1a1aff,10,120.0,0.0,2019-01-01T00:00:00.000Z,2019-12-31T00:00:00.000Z,1546300800,<div><strong>Hamilton Central</strong><br><span>Year: 2019</span><br><span>Consents issued: 31</span><br><span>Dominant type: Houses</span></div>
tower_179401_2020,polygon,"POLYGON Z ((175.282005 -37.789688 120.0, 175.283597 -37.789688 120.0, 175.283597 -37.788431 120.0, 175.282005 -37.788431 120.0, 175.282005 -37.789688 120.0))",179401,Hamilton Central,2020,1,Houses,37,#2c7fb8cc,#1a1a1aff,10,120.0,120.0,2020-01-01T00:00:00.000Z,2020-12-31T00:00:00.000Z,1577836800,<div><strong>Hamilton Central</strong><br><span>Year: 2020</span><br><span>Consents issued: 37</span><br><span>Dominant type: Houses</span></div>
tower_179401_2021,polygon,"POLYGON Z ((175.282005 -37.789688 240.0, 175.283597 -37.789688 240.0, 175.283597 -37.788431 240.0, 175.282005 -37.788431 240.0, 175.282005 -37.789688 240.0))",179401,Hamilton Central,2021,2,Houses,47,#2c7fb8cc,#1a1a1aff,10,120.0,240.0,2021-01-01T00:00:00.000Z,2021-12-31T00:00:00.000Z,1609459200,<div><strong>Hamilton Central</strong><br><span>Year: 2021</span><br><span>Consents issued: 47</span><br><span>Dominant type: Houses</span></div>
tower_179401_2022,polygon,"POLYGON Z ((175.282005 -37.789688 360.0, 175.283597 -37.789688 360.0, 175.283597 -37.788431 360.0, 175.282005 -37.788431 360.0, 175.282005 -37.789688 360.0))",179401,Hamilton Central,2022,3,Houses,55,#2c7fb8cc,#1a1a1aff,10,120.0,360.0,2022-01-01T00:00:00.000Z,2022-12-31T00:00:00.000Z,1640995200,<div><strong>Hamilton Central</strong><br><span>Year: 2022</span><br><span>Consents issued: 55</span><br><span>Dominant type: Houses</span></div>
tower_179401_2023,polygon,"POLYGON Z ((175.282005 -37.789688 480.0, 175.283597 -37.789688 480.0, 175.283597 -37.788431 480.0, 175.282005 -37.788431 480.0, 175.282005 -37.789688 480.0))",179401,Hamilton Central,2023,4,Townhouses,66,#7fbc41cc,#1a1a1aff,10,120.0,480.0,2023-01-01T00:00:00.000Z,2023-12-31T00:00:00.000Z,1672531200,<div><strong>Hamilton Central</strong><br><span>Year: 2023</span><br><span>Consents issued: 66</span><br><span>Dominant type: Townhouses</span></div>
tower_180000_2019,polygon,"POLYGON Z ((175.302383 -37.791810 0.0, 175.303974 -37.791810 0.0, 175.303974 -37.790553 0.0, 175.302383 -37.790553 0.0, 175.302383 -37.791810 0.0))",180000,Hamilton East Cook,2019,0,Houses,32,#2c7fb8cc,#1a1a1aff,10,120.0,0.0,2019-01-01T00:00:00.000Z,2019-12-31T00:00:00.000Z,1546300800,<div><strong>Hamilton East Cook</strong><br><span>Year: 2019</span><br><span>Consents issued: 32</span><br><span>Dominant type: Houses</span></div>
tower_180000_2020,polygon,"POLYGON Z ((175.302383 -37.791810 120.0, 175.303974 -37.791810 120.0, 175.303974 -37.790553 120.0, 175.302383 -37.790553 120.0, 175.302383 -37.791810 120.0))",180000,Hamilton East Cook,2020,1,Houses,43,#2c7fb8cc,#1a1a1aff,10,120.0,120.0,2020-01-01T00:00:00.000Z,2020-12-31T00:00:00.000Z,1577836800,<div><strong>Hamilton East Cook</strong><br><span>Year: 2020</span><br><span>Consents issued: 43</span><br><span>Dominant type: Houses</span></div>
tower_180000_2021,polygon,"POLYGON Z ((175.302383 -37.791810 240.0, 175.303974 -37.791810 240.0, 175.303974 -37.790553 240.0, 175.302383 -37.790553 240.0, 175.302383 -37.791810 240.0))",180000,Hamilton East Cook,2021,2,Houses,47,#2c7fb8cc,#1a1a1aff,10,120.0,240.0,2021-01-01T00:00:00.000Z,2021-12-31T00:00:00.000Z,1609459200,<div><strong>Hamilton East Cook</strong><br><span>Year: 2021</span><br><span>Consents issued: 47</span><br><span>Dominant type: Houses</span></div>
tower_180000_2022,polygon,"POLYGON Z ((175.302383 -37.791810 360.0, 175.303974 -37.791810 360.0, 175.303974 -37.790553 360.0, 175.302383 -37.790553 360.0, 175.302383 -37.791810 360.0))",180000,Hamilton East Cook,2022,3,Houses,62,#2c7fb8cc,#1a1a1aff,10,120.0,360.0,2022-01-01T00:00:00.000Z,2022-12-31T00:00:00.000Z,1640995200,<div><strong>Hamilton East Cook</strong><br><span>Year: 2022</span><br><span>Consents issued: 62</span><br><span>Dominant type: Houses</span></div>
tower_180000_2023,polygon,"POLYGON Z ((175.302383 -37.791810 480.0, 175.303974 -37.791810 480.0, 175.303974 -37.790553 480.0, 175.302383 -37.790553 480.0, 175.302383 -37.791810 480.0))",180000,Hamilton East Cook,2023,4,Townhouses,67,#7fbc41cc,#1a1a1aff,10,120.0,480.0,2023-01-01T00:00:00.000Z,2023-12-31T00:00:00.000Z,1672531200,<div><strong>Hamilton East Cook</strong><br><span>Year: 2023</span><br><span>Consents issued: 67</span><br><span>Dominant type: Townhouses</span></div>
tower_178202_2019,polygon,"POLYGON Z ((175.285073 -37.771016 0.0, 175.286664 -37.771016 0.0, 175.286664 -37.769759 0.0, 175.285073 -37.769759 0.0, 175.285073 -37.771016 0.0))",178202,Fairfield South (Hamilton City),2019,0,Houses,43,#2c7fb8cc,#1a1a1aff,10,120.0,0.0,2019-01-01T00:00:00.000Z,2019-12-31T00:00:00.000Z,1546300800,<div><strong>Fairfield South (Hamilton City)</strong><br><span>Year: 2019</span><br><span>Consents issued: 43</span><br><span>Dominant type: Houses</span></div>
tower_178202_2020,polygon,"POLYGON Z ((175.285073 -37.771016 120.0, 175.286664 -37.771016 120.0, 175.286664 -37.769759 120.0, 175.285073 -37.769759 120.0, 175.285073 -37.771016 120.0))",178202,Fairfield South (Hamilton City),2020,1,Houses,47,#2c7fb8cc,#1a1a1aff,10,120.0,120.0,2020-01-01T00:00:00.000Z,2020-12-31T00:00:00.000Z,1577836800,<div><strong>Fairfield South (Hamilton City)</strong><br><span>Year: 2020</span><br><span>Consents issued: 47</span><br><span>Dominant type: Houses</span></div>
tower_178202_2021,polygon,"POLYGON Z ((175.285073 -37.771016 240.0, 175.286664 -37.771016 240.0, 175.286664 -37.769759 240.0, 175.285073 -37.769759 240.0, 175.285073 -37.771016 240.0))",178202,Fairfield South (Hamilton City),2021,2,Houses,51,#2c7fb8cc,#1a1a1aff,10,120.0,240.0,2021-01-01T00:00:00.000Z,2021-12-31T00:00:00.000Z,1609459200,<div><strong>Fairfield South (Hamilton City)</strong><br><span>Year: 2021</span><br><span>Consents issued: 51</span><br><span>Dominant type: Houses</span></div>
tower_178202_2022,polygon,"POLYGON Z ((175.285073 -37.771016 360.0, 175.286664 -37.771016 360.0, 175.286664 -37.769759 360.0, 175.285073 -37.769759 360.0, 175.285073 -37.771016 360.0))",178202,Fairfield South (Hamilton City),2022,3,Houses,55,#2c7fb8cc,#1a1a1aff,10,120.0,360.0,2022-01-01T00:00:00.000Z,2022-12-31T00:00:00.000Z,1640995200,<div><strong>Fairfield South (Hamilton City)</strong><br><span>Year: 2022</span><br><span>Consents issued: 55</span><br><span>Dominant type: Houses</span></div>
tower_178202_2023,polygon,"POLYGON Z ((175.285073 -37.771016 480.0, 175.286664 -37.771016 480.0, 175.286664 -37.769759 480.0, 175.285073 -37.769759 480.0, 175.285073 -37.771016 480.0))",178202,Fairfield South (Hamilton City),2023,4,Townhouses,64,#7fbc41cc,#1a1a1aff,10,120.0,480.0,2023-01-01T00:00:00.000Z,2023-12-31T00:00:00.000Z,1672531200,<div><strong>Fairfield South (Hamilton City)</strong><br><span>Year: 2023</span><br><span>Consents issued: 64</span><br><span>Dominant type: Townhouses</span></div>
tower_177000_2019,polygon,"POLYGON Z ((175.226477 -37.786212 0.0, 175.228069 -37.786212 0.0, 175.228069 -37.784954 0.0, 175.226477 -37.784954 0.0, 175.226477 -37.786212 0.0))",177000,Western Heights (Hamilton City),2019,0,Houses,17,#2c7fb8cc,#1a1a1aff,10,120.0,0.0,2019-01-01T00:00:00.000Z,2019-12-31T00:00:00.000Z,1546300800,<div><strong>Western Heights (Hamilton City)</strong><br><span>Year: 2019</span><br><span>Consents issued: 17</span><br><span>Dominant type: Houses</span></div>
tower_177000_2020,polygon,"POLYGON Z ((175.226477 -37.786212 120.0, 175.228069 -37.786212 120.0, 175.228069 -37.784954 120.0, 175.226477 -37.784954 120.0, 175.226477 -37.786212 120.0))",177000,Western Heights (Hamilton City),2020,1,Houses,22,#2c7fb8cc,#1a1a1aff,10,120.0,120.0,2020-01-01T00:00:00.000Z,2020-12-31T00:00:00.000Z,1577836800,<div><strong>Western Heights (Hamilton City)</strong><br><span>Year: 2020</span><br><span>Consents issued: 22</span><br><span>Dominant type: Houses</span></div>
tower_177000_2021,polygon,"POLYGON Z ((175.226477 -37.786212 240.0, 175.228069 -37.786212 240.0, 175.228069 -37.784954 240.0, 175.226477 -37.784954 240.0, 175.226477 -37.786212 240.0))",177000,Western Heights (Hamilton City),2021,2,Houses,31,#2c7fb8cc,#1a1a1aff,10,120.0,240.0,2021-01-01T00:00:00.000Z,2021-12-31T00:00:00.000Z,1609459200,<div><strong>Western Heights (Hamilton City)</strong><br><span>Year: 2021</span><br><span>Consents issued: 31</span><br><span>Dominant type: Houses</span></div>
tower_177000_2022,polygon,"POLYGON Z ((175.226477 -37.786212 360.0, 175.228069 -37.786212 360.0, 175.228069 -37.784954 360.0, 175.226477 -37.784954 360.0, 175.226477 -37.786212 360.0))",177000,Western Heights (Hamilton City),2022,3,Houses,36,#2c7fb8cc,#1a1a1aff,10,120.0,360.0,2022-01-01T00:00:00.000Z,2022-12-31T00:00:00.000Z,1640995200,<div><strong>Western Heights (Hamilton City)</strong><br><span>Year: 2022</span><br><span>Consents issued: 36</span><br><span>Dominant type: Houses</span></div>
tower_177000_2023,polygon,"POLYGON Z ((175.226477 -37.786212 480.0, 175.228069 -37.786212 480.0, 175.228069 -37.784954 480.0, 175.226477 -37.784954 480.0, 175.226477 -37.786212 480.0))",177000,Western Heights (Hamilton City),2023,4,Houses,41,#2c7fb8cc,#1a1a1aff,10,120.0,480.0,2023-01-01T00:00:00.000Z,2023-12-31T00:00:00.000Z,1672531200,<div><strong>Western Heights (Hamilton City)</strong><br><span>Year: 2023</span><br><span>Consents issued: 41</span><br><span>Dominant type: Houses</span></div>
tower_177300_2019,polygon,"POLYGON Z ((175.277263 -37.753615 0.0, 175.278854 -37.753615 0.0, 175.278854 -37.752358 0.0, 175.277263 -37.752358 0.0, 175.277263 -37.753615 0.0))",177300,Chartwell,2019,0,Houses,41,#2c7fb8cc,#1a1a1aff,10,120.0,0.0,2019-01-01T00:00:00.000Z,2019-12-31T00:00:00.000Z,1546300800,<div><strong>Chartwell</strong><br><span>Year: 2019</span><br><span>Consents issued: 41</span><br><span>Dominant type: Houses</span></div>
tower_177300_2020,polygon,"POLYGON Z ((175.277263 -37.753615 120.0, 175.278854 -37.753615 120.0, 175.278854 -37.752358 120.0, 175.277263 -37.752358 120.0, 175.277263 -37.753615 120.0))",177300,Chartwell,2020,1,Houses,57,#2c7fb8cc,#1a1a1aff,10,120.0,120.0,2020-01-01T00:00:00.000Z,2020-12-31T00:00:00.000Z,1577836800,<div><strong>Chartwell</strong><br><span>Year: 2020</span><br><span>Consents issued: 57</span><br><span>Dominant type: Houses</span></div>
tower_177300_2021,polygon,"POLYGON Z ((175.277263 -37.753615 240.0, 175.278854 -37.753615 240.0, 175.278854 -37.752358 240.0, 175.277263 -37.752358 240.0, 175.277263 -37.753615 240.0))",177300,Chartwell,2021,2,Houses,66,#2c7fb8cc,#1a1a1aff,10,120.0,240.0,2021-01-01T00:00:00.000Z,2021-12-31T00:00:00.000Z,1609459200,<div><strong>Chartwell</strong><br><span>Year: 2021</span><br><span>Consents issued: 66</span><br><span>Dominant type: Houses</span></div>
tower_177300_2022,polygon,"POLYGON Z ((175.277263 -37.753615 360.0, 175.278854 -37.753615 360.0, 175.278854 -37.752358 360.0, 175.277263 -37.752358 360.0, 175.277263 -37.753615 360.0))",177300,Chartwell,2022,3,Houses,78,#2c7fb8cc,#1a1a1aff,10,120.0,360.0,2022-01-01T00:00:00.000Z,2022-12-31T00:00:00.000Z,1640995200,<div><strong>Chartwell</strong><br><span>Year: 2022</span><br><span>Consents issued: 78</span><br><span>Dominant type: Houses</span></div>
tower_177300_2023,polygon,"POLYGON Z ((175.277263 -37.753615 480.0, 175.278854 -37.753615 480.0, 175.278854 -37.752358 480.0, 175.277263 -37.752358 480.0, 175.277263 -37.753615 480.0))",177300,Chartwell,2023,4,Houses,87,#2c7fb8cc,#1a1a1aff,10,120.0,480.0,2023-01-01T00:00:00.000Z,2023-12-31T00:00:00.000Z,1672531200,<div><strong>Chartwell</strong><br><span>Year: 2023</span><br><span>Consents issued: 87</span><br><span>Dominant type: Houses</span></div>
tower_175700_2019,polygon,"POLYGON Z ((175.234566 -37.740685 0.0, 175.236156 -37.740685 0.0, 175.236156 -37.739427 0.0, 175.234566 -37.739427 0.0, 175.234566 -37.740685 0.0))",175700,Pukete West,2019,0,Houses,42,#2c7fb8cc,#1a1a1aff,10,120.0,0.0,2019-01-01T00:00:00.000Z,2019-12-31T00:00:00.000Z,1546300800,<div><strong>Pukete West</strong><br><span>Year: 2019</span><br><span>Consents issued: 42</span><br><span>Dominant type: Houses</span></div>
tower_175700_2020,polygon,"POLYGON Z ((175.234566 -37.740685 120.0, 175.236156 -37.740685 120.0, 175.236156 -37.739427 120.0, 175.234566 -37.739427 120.0, 175.234566 -37.740685 120.0))",175700,Pukete West,2020,1,Houses,50,#2c7fb8cc,#1a1a1aff,10,120.0,120.0,2020-01-01T00:00:00.000Z,2020-12-31T00:00:00.000Z,1577836800,<div><strong>Pukete West</strong><br><span>Year: 2020</span><br><span>Consents issued: 50</span><br><span>Dominant type: Houses</span></div>
tower_175700_2021,polygon,"POLYGON Z ((175.234566 -37.740685 240.0, 175.236156 -37.740685 240.0, 175.236156 -37.739427 240.0, 175.234566 -37.739427 240.0, 175.234566 -37.740685 240.0))",175700,Pukete West,2021,2,Houses,54,#2c7fb8cc,#1a1a1aff,10,120.0,240.0,2021-01-01T00:00:00.000Z,2021-12-31T00:00:00.000Z,1609459200,<div><strong>Pukete West</strong><br><span>Year: 2021</span><br><span>Consents issued: 54</span><br><span>Dominant type: Houses</span></div>
tower_175700_2022,polygon,"POLYGON Z ((175.234566 -37.740685 360.0, 175.236156 -37.740685 360.0, 175.236156 -37.739427 360.0, 175.234566 -37.739427 360.0, 175.234566 -37.740685 360.0))",175700,Pukete West,2022,3,Houses,62,#2c7fb8cc,#1a1a1aff,10,120.0,360.0,2022-01-01T00:00:00.000Z,2022-12-31T00:00:00.000Z,1640995200,<div><strong>Pukete West</strong><br><span>Year: 2022</span><br><span>Consents issued: 62</span><br><span>Dominant type: Houses</span></div>
tower_175700_2023,polygon,"POLYGON Z ((175.234566 -37.740685 480.0, 175.236156 -37.740685 480.0, 175.236156 -37.739427 480.0, 175.234566 -37.739427 480.0, 175.234566 -37.740685 480.0))",175700,Pukete West,2023,4,Townhouses,67,#7fbc41cc,#1a1a1aff,10,120.0,480.0,2023-01-01T00:00:00.000Z,2023-12-31T00:00:00.000Z,1672531200,<div><strong>Pukete West</strong><br><span>Year: 2023</span><br><span>Consents issued: 67</span><br><span>Dominant type: Townhouses</span></div>
tower_179001_2019,polygon,"POLYGON Z ((175.275551 -37.781824 0.0, 175.277143 -37.781824 0.0, 175.277143 -37.780566 0.0, 175.275551 -37.780566 0.0, 175.275551 -37.781824 0.0))",179001,Kirikiriroa,2019,0,Houses,22,#2c7fb8cc,#1a1a1aff,10,120.0,0.0,2019-01-01T00:00:00.000Z,2019-12-31T00:00:00.000Z,1546300800,<div><strong>Kirikiriroa</strong><br><span>Year: 2019</span><br><span>Consents issued: 22</span><br><span>Dominant type: Houses</span></div>
tower_179001_2020,polygon,"POLYGON Z ((175.275551 -37.781824 120.0, 175.277143 -37.781824 120.0, 175.277143 -37.780566 120.0, 175.275551 -37.780566 120.0, 175.275551 -37.781824 120.0))",179001,Kirikiriroa,2020,1,Houses,33,#2c7fb8cc,#1a1a1aff,10,120.0,120.0,2020-01-01T00:00:00.000Z,2020-12-31T00:00:00.000Z,1577836800,<div><strong>Kirikiriroa</strong><br><span>Year: 2020</span><br><span>Consents issued: 33</span><br><span>Dominant type: Houses</span></div>
tower_179001_2021,polygon,"POLYGON Z ((175.275551 -37.781824 240.0, 175.277143 -37.781824 240.0, 175.277143 -37.780566 240.0, 175.275551 -37.780566 240.0, 175.275551 -37.781824 240.0))",179001,Kirikiriroa,2021,2,Houses,43,#2c7fb8cc,#1a1a1aff,10,120.0,240.0,2021-01-01T00:00:00.000Z,2021-12-31T00:00:00.000Z,1609459200,<div><strong>Kirikiriroa</strong><br><span>Year: 2021</span><br><span>Consents issued: 43</span><br><span>Dominant type: Houses</span></div>
tower_179001_2022,polygon,"POLYGON Z ((175.275551 -37.781824 360.0, 175.277143 -37.781824 360.0, 175.277143 -37.780566 360.0, 175.275551 -37.780566 360.0, 175.275551 -37.781824 360.0))",179001,Kirikiriroa,2022,3,Houses,55,#2c7fb8cc,#1a1a1aff,10,120.0,360.0,2022-01-01T00:00:00.000Z,2022-12-31T00:00:00.000Z,1640995200,<div><strong>Kirikiriroa</strong><br><span>Year: 2022</span><br><span>Consents issued: 55</span><br><span>Dominant type: Houses</span></div>
tower_179001_2023,polygon,"POLYGON Z ((175.275551 -37.781824 480.0, 175.277143 -37.781824 480.0, 175.277143 -37.780566 480.0, 175.275551 -37.780566 480.0, 175.275551 -37.781824 480.0))",179001,Kirikiriroa,2023,4,Houses,65,#2c7fb8cc,#1a1a1aff,10,120.0,480.0,2023-01-01T00:00:00.000Z,2023-12-31T00:00:00.000Z,1672531200,<div><strong>Kirikiriroa</strong><br><span>Year: 2023</span><br><span>Consents issued: 65</span><br><span>Dominant type: Houses</span></div>
tower_178100_2019,polygon,"POLYGON Z ((175.239532 -37.799695 0.0, 175.241124 -37.799695 0.0, 175.241124 -37.798437 0.0, 175.239532 -37.798437 0.0, 175.239532 -37.799695 0.0))",178100,Dinsdale South,2019,0,Houses,29,#2c7fb8cc,#1a1a1aff,10,120.0,0.0,2019-01-01T00:00:00.000Z,2019-12-31T00:00:00.000Z,1546300800,<div><strong>Dinsdale South</strong><br><span>Year: 2019</span><br><span>Consents issued: 29</span><br><span>Dominant type: Houses</span></div>
tower_178100_2020,polygon,"POLYGON Z ((175.239532 -37.799695 120.0, 175.241124 -37.799695 120.0, 175.241124 -37.798437 120.0, 175.239532 -37.798437 120.0, 175.239532 -37.799695 120.0))",178100,Dinsdale South,2020,1,Houses,38,#2c7fb8cc,#1a1a1aff,10,120.0,120.0,2020-01-01T00:00:00.000Z,2020-12-31T00:00:00.000Z,1577836800,<div><strong>Dinsdale South</strong><br><span>Year: 2020</span><br><span>Consents issued: 38</span><br><span>Dominant type: Houses</span></div>
tower_178100_2021,polygon,"POLYGON Z ((175.239532 -37.799695 240.0, 175.241124 -37.799695 240.0, 175.241124 -37.798437 240.0, 175.239532 -37.798437 240.0, 175.239532 -37.799695 240.0))",178100,Dinsdale South,2021,2,Houses,45,#2c7fb8cc,#1a1a1aff,10,120.0,240.0,2021-01-01T00:00:00.000Z,2021-12-31T00:00:00.000Z,1609459200,<div><strong>Dinsdale South</strong><br><span>Year: 2021</span><br><span>Consents issued: 45</span><br><span>Dominant type: Houses</span></div>
tower_178100_2022,polygon,"POLYGON Z ((175.239532 -37.799695 360.0, 175.241124 -37.799695 360.0, 175.241124 -37.798437 360.0, 175.239532 -37.798437 360.0, 175.239532 -37.799695 360.0))",178100,Dinsdale South,2022,3,Houses,57,#2c7fb8cc,#1a1a1aff,10,120.0,360.0,2022-01-01T00:00:00.000Z,2022-12-31T00:00:00.000Z,1640995200,<div><strong>Dinsdale South</strong><br><span>Year: 2022</span><br><span>Consents issued: 57</span><br><span>Dominant type: Houses</span></div>
tower_178100_2023,polygon,"POLYGON Z ((175.239532 -37.799695 480.0, 175.241124 -37.799695 480.0, 175.241124 -37.798437 480.0, 175.239532 -37.798437 480.0, 175.239532 -37.799695 480.0))",178100,Dinsdale South,2023,4,Houses,66,#2c7fb8cc,#1a1a1aff,10,120.0,480.0,2023-01-01T00:00:00.000Z,2023-12-31T00:00:00.000Z,1672531200,<div><strong>Dinsdale South</strong><br><span>Year: 2023</span><br><span>Consents issued: 66</span><br><span>Dominant type: Houses</span></div>
tower_176201_2019,polygon,"POLYGON Z ((175.265116 -37.738174 0.0, 175.266706 -37.738174 0.0, 175.266706 -37.736916 0.0, 175.265116 -37.736916 0.0, 175.265116 -37.738174 0.0))",176201,Rototuna South West,2019,0,Houses,26,#2c7fb8cc,#1a1a1aff,10,120.0,0.0,2019-01-01T00:00:00.000Z,2019-12-31T00:00:00.000Z,1546300800,<div><strong>Rototuna South West</strong><br><span>Year: 2019</span><br><span>Consents issued: 26</span><br><span>Dominant type: Houses</span></div>
tower_176201_2020,polygon,"POLYGON Z ((175.265116 -37.738174 120.0, 175.266706 -37.738174 120.0, 175.266706 -37.736916 120.0, 175.265116 -37.736916 120.0, 175.265116 -37.738174 120.0))",176201,Rototuna South West,2020,1,Houses,28,#2c7fb8cc,#1a1a1aff,10,120.0,120.0,2020-01-01T00:00:00.000Z,2020-12-31T00:00:00.000Z,1577836800,<div><strong>Rototuna South West</strong><br><span>Year: 2020</span><br><span>Consents issued: 28</span><br><span>Dominant type: Houses</span></div>
tower_176201_2021,polygon,"POLYGON Z ((175.265116 -37.738174 240.0, 175.266706 -37.738174 240.0, 175.266706 -37.736916 240.0, 175.265116 -37.736916 240.0, 175.265116 -37.738174 240.0))",176201,Rototuna South West,2021,2,Houses,33,#2c7fb8cc,#1a1a1aff,10,120.0,240.0,2021-01-01T00:00:00.000Z,2021-12-31T00:00:00.000Z,1609459200,<div><strong>Rototuna South West</strong><br><span>Year: 2021</span><br><span>Consents issued: 33</span><br><span>Dominant type: Houses</span></div>
tower_176201_2022,polygon,"POLYGON Z ((175.265116 -37.738174 360.0, 175.266706 -37.738174 360.0, 175.266706 -37.736916 360.0, 175.265116 -37.736916 360.0, 175.265116 -37.738174 360.0))",176201,Rototuna South West,2022,3,Houses,37,#2c7fb8cc,#1a1a1aff,10,120.0,360.0,2022-01-01T00:00:00.000Z,2022-12-31T00:00:00.000Z,1640995200,<div><strong>Rototuna South West</strong><br><span>Year: 2022</span><br><span>Consents issued: 37</span><br><span>Dominant type: Houses</span></div>
tower_176201_2023,polygon,"POLYGON Z ((175.265116 -37.738174 480.0, 175.266706 -37.738174 480.0, 175.266706 -37.736916 480.0, 175.265116 -37.736916 480.0, 175.265116 -37.738174 480.0))",176201,Rototuna South West,2023,4,Townhouses,45,#7fbc41cc,#1a1a1aff,10,120.0,480.0,2023-01-01T00:00:00.000Z,2023-12-31T00:00:00.000Z,1672531200,<div><strong>Rototuna South West</strong><br><span>Year: 2023</span><br><span>Consents issued: 45</span><br><span>Dominant type: Townhouses</span></div>
tower_180601_2019,polygon,"POLYGON Z ((175.311831 -37.796418 0.0, 175.313422 -37.796418 0.0, 175.313422 -37.795160 0.0, 175.311831 -37.795160 0.0, 175.311831 -37.796418 0.0))",180601,Hillcrest West (Hamilton City),2019,0,Houses,42,#2c7fb8cc,#1a1a1aff,10,120.0,0.0,2019-01-01T00:00:00.000Z,2019-12-31T00:00:00.000Z,1546300800,<div><strong>Hillcrest West (Hamilton City)</strong><br><span>Year: 2019</span><br><span>Consents issued: 42</span><br><span>Dominant type: Houses</span></div>
tower_180601_2020,polygon,"POLYGON Z ((175.311831 -37.796418 120.0, 175.313422 -37.796418 120.0, 175.313422 -37.795160 120.0, 175.311831 -37.795160 120.0, 175.311831 -37.796418 120.0))",180601,Hillcrest West (Hamilton City),2020,1,Houses,52,#2c7fb8cc,#1a1a1aff,10,120.0,120.0,2020-01-01T00:00:00.000Z,2020-12-31T00:00:00.000Z,1577836800,<div><strong>Hillcrest West (Hamilton City)</strong><br><span>Year: 2020</span><br><span>Consents issued: 52</span><br><span>Dominant type: Houses</span></div>
tower_180601_2021,polygon,"POLYGON Z ((175.311831 -37.796418 240.0, 175.313422 -37.796418 240.0, 175.313422 -37.795160 240.0, 175.311831 -37.795160 240.0, 175.311831 -37.796418 240.0))",180601,Hillcrest West (Hamilton City),2021,2,Houses,67,#2c7fb8cc,#1a1a1aff,10,120.0,240.0,2021-01-01T00:00:00.000Z,2021-12-31T00:00:00.000Z,1609459200,<div><strong>Hillcrest West (Hamilton City)</strong><br><span>Year: 2021</span><br><span>Consents issued: 67</span><br><span>Dominant type: Houses</span></div>
tower_180601_2022,polygon,"POLYGON Z ((175.311831 -37.796418 360.0, 175.313422 -37.796418 360.0, 175.313422 -37.795160 360.0, 175.311831 -37.795160 360.0, 175.311831 -37.796418 360.0))",180601,Hillcrest West (Hamilton City),2022,3,Townhouses,75,#7fbc41cc,#1a1a1aff,10,120.0,360.0,2022-01-01T00:00:00.000Z,2022-12-31T00:00:00.000Z,1640995200,<div><strong>Hillcrest West (Hamilton City)</strong><br><span>Year: 2022</span><br><span>Consents issued: 75</span><br><span>Dominant type: Townhouses</span></div>
tower_180601_2023,polygon,"POLYGON Z ((175.311831 -37.796418 480.0, 175.313422 -37.796418 480.0, 175.313422 -37.795160 480.0, 175.311831 -37.795160 480.0, 175.311831 -37.796418 480.0))",180601,Hillcrest West (Hamilton City),2023,4,Townhouses,87,#7fbc41cc,#1a1a1aff,10,120.0,480.0,2023-01-01T00:00:00.000Z,2023-12-31T00:00:00.000Z,1672531200,<div><strong>Hillcrest West (Hamilton City)</strong><br><span>Year: 2023</span><br><span>Consents issued: 87</span><br><span>Dominant type: Townhouses</span></div>
tower_175801_2019,polygon,"POLYGON Z ((175.252608 -37.733717 0.0, 175.254198 -37.733717 0.0, 175.254198 -37.732459 0.0, 175.252608 -37.732459 0.0, 175.252608 -37.733717 0.0))",175801,Flagstaff East,2019,0,Houses,35,#2c7fb8cc,#1a1a1aff,10,120.0,0.0,2019-01-01T00:00:00.000Z,2019-12-31T00:00:00.000Z,1546300800,<div><strong>Flagstaff East</strong><br><span>Year: 2019</span><br><span>Consents issued: 35</span><br><span>Dominant type: Houses</span></div>
tower_175801_2020,polygon,"POLYGON Z ((175.252608 -37.733717 120.0, 175.254198 -37.733717 120.0, 175.254198 -37.732459 120.0, 175.252608 -37.732459 120.0, 175.252608 -37.733717 120.0))",175801,Flagstaff East,2020,1,Houses,50,#2c7fb8cc,#1a1a1aff,10,120.0,120.0,2020-01-01T00:00:00.000Z,2020-12-31T00:00:00.000Z,1577836800,<div><strong>Flagstaff East</strong><br><span>Year: 2020</span><br><span>Consents issued: 50</span><br><span>Dominant type: Houses</span></div>
tower_175801_2021,polygon,"POLYGON Z ((175.252608 -37.733717 240.0, 175.254198 -37.733717 240.0, 175.254198 -37.732459 240.0, 175.252608 -37.732459 240.0, 175.252608 -37.733717 240.0))",175801,Flagstaff East,2021,2,Houses,68,#2c7fb8cc,#1a1a1aff,10,120.0,240.0,2021-01-01T00:00:00.000Z,2021-12-31T00:00:00.000Z,1609459200,<div><strong>Flagstaff East</strong><br><span>Year: 2021</span><br><span>Consents issued: 68</span><br><span>Dominant type: Houses</span></div>
tower_175801_2022,polygon,"POLYGON Z ((175.252608 -37.733717 360.0, 175.254198 -37.733717 360.0, 175.254198 -37.732459 360.0, 175.252608 -37.732459 360.0, 175.252608 -37.733717 360.0))",175801,Flagstaff East,2022,3,Houses,79,#2c7fb8cc,#1a1a1aff,10,120.0,360.0,2022-01-01T00:00:00.000Z,2022-12-31T00:00:00.000Z,1640995200,<div><strong>Flagstaff East</strong><br><span>Year: 2022</span><br><span>Consents issued: 79</span><br><span>Dominant type: Houses</span></div>
tower_175801_2023,polygon,"POLYGON Z ((175.252608 -37.733717 480.0, 175.254198 -37.733717 480.0, 175.254198 -37.732459 480.0, 175.252608 -37.732459 480.0, 175.252608 -37.733717 480.0))",175801,Flagstaff East,2023,4,Townhouses,93,#7fbc41cc,#1a1a1aff,10,120.0,480.0,2023-01-01T00:00:00.000Z,2023-12-31T00:00:00.000Z,1672531200,<div><strong>Flagstaff East</strong><br><span>Year: 2023</span><br><span>Consents issued: 93</span><br><span>Dominant type: Townhouses</span></div>
tower_176900_2019,polygon,"POLYGON Z ((175.282788 -37.744907 0.0, 175.284379 -37.744907 0.0, 175.284379 -37.743650 0.0, 175.282788 -37.743650 0.0, 175.282788 -37.744907 0.0))",176900,Huntington,2019,0,Houses,32,#2c7fb8cc,#1a1a1aff,10,120.0,0.0,2019-01-01T00:00:00.000Z,2019-12-31T00:00:00.000Z,1546300800,<div><strong>Huntington</strong><br><span>Year: 2019</span><br><span>Consents issued: 32</span><br><span>Dominant type: Houses</span></div>
tower_176900_2020,polygon,"POLYGON Z ((175.282788 -37.744907 120.0, 175.284379 -37.744907 120.0, 175.284379 -37.743650 120.0, 175.282788 -37.743650 120.0, 175.282788 -37.744907 120.0))",176900,Huntington,2020,1,Houses,37,#2c7fb8cc,#1a1a1aff,10,120.0,120.0,2020-01-01T00:00:00.000Z,2020-12-31T00:00:00.000Z,1577836800,<div><strong>Huntington</strong><br><span>Year: 2020</span><br><span>Consents issued: 37</span><br><span>Dominant type: Houses</span></div>
tower_176900_2021,polygon,"POLYGON Z ((175.282788 -37.744907 240.0, 175.284379 -37.744907 240.0, 175.284379 -37.743650 240.0, 175.282788 -37.743650 240.0, 175.282788 -37.744907 240.0))",176900,Huntington,2021,2,Houses,40,#2c7fb8cc,#1a1a1aff,10,120.0,240.0,2021-01-01T00:00:00.000Z,2021-12-31T00:00:00.000Z,1609459200,<div><strong>Huntington</strong><br><span>Year: 2021</span><br><span>Consents issued: 40</span><br><span>Dominant type: Houses</span></div>
tower_176900_2022,polygon,"POLYGON Z ((175.282788 -37.744907 360.0, 175.284379 -37.744907 360.0, 175.284379 -37.743650 360.0, 175.282788 -37.743650 360.0, 175.282788 -37.744907 360.0))",176900,Huntington,2022,3,Houses,43,#2c7fb8cc,#1a1a1aff,10,120.0,360.0,2022-01-01T00:00:00.000Z,2022-12-31T00:00:00.000Z,1640995200,<div><strong>Huntington</strong><br><span>Year: 2022</span><br><span>Consents issued: 43</span><br><span>Dominant type: Houses</span></div>
tower_176900_2023,polygon,"POLYGON Z ((175.282788 -37.744907 480.0, 175.284379 -37.744907 480.0, 175.284379 -37.743650 480.0, 175.282788 -37.743650 480.0, 175.282788 -37.744907 480.0))",176900,Huntington,2023,4,Houses,50,#2c7fb8cc,#1a1a1aff,10,120.0,480.0,2023-01-01T00:00:00.000Z,2023-12-31T00:00:00.000Z,1672531200,<div><strong>Huntington</strong><br><span>Year: 2023</span><br><span>Consents issued: 50</span><br><span>Dominant type: Houses</span></div>
tower_179600_2019,polygon,"POLYGON Z ((175.297563 -37.780669 0.0, 175.299154 -37.780669 0.0, 175.299154 -37.779412 0.0, 175.297563 -37.779412 0.0, 175.297563 -37.780669 0.0))",179600,Peachgrove,2019,0,Houses,21,#2c7fb8cc,#1a1a1aff,10,120.0,0.0,2019-01-01T00:00:00.000Z,2019-12-31T00:00:00.000Z,1546300800,<div><strong>Peachgrove</strong><br><span>Year: 2019</span><br><span>Consents issued: 21</span><br><span>Dominant type: Houses</span></div>
tower_179600_2020,polygon,"POLYGON Z ((175.297563 -37.780669 120.0, 175.299154 -37.780669 120.0, 175.299154 -37.779412 120.0, 175.297563 -37.779412 120.0, 175.297563 -37.780669 120.0))",179600,Peachgrove,2020,1,Houses,32,#2c7fb8cc,#1a1a1aff,10,120.0,120.0,2020-01-01T00:00:00.000Z,2020-12-31T00:00:00.000Z,1577836800,<div><strong>Peachgrove</strong><br><span>Year: 2020</span><br><span>Consents issued: 32</span><br><span>Dominant type: Houses</span></div>
tower_179600_2021,polygon,"POLYGON Z ((175.297563 -37.780669 240.0, 175.299154 -37.780669 240.0, 175.299154 -37.779412 240.0, 175.297563 -37.779412 240.0, 175.297563 -37.780669 240.0))",179600,Peachgrove,2021,2,Houses,39,#2c7fb8cc,#1a1a1aff,10,120.0,240.0,2021-01-01T00:00:00.000Z,2021-12-31T00:00:00.000Z,1609459200,<div><strong>Peachgrove</strong><br><span>Year: 2021</span><br><span>Consents issued: 39</span><br><span>Dominant type: Houses</span></div>
tower_179600_2022,polygon,"POLYGON Z ((175.297563 -37.780669 360.0, 175.299154 -37.780669 360.0, 175.299154 -37.779412 360.0, 175.297563 -37.779412 360.0, 175.297563 -37.780669 360.0))",179600,Peachgrove,2022,3,Houses,44,#2c7fb8cc,#1a1a1aff,10,120.0,360.0,2022-01-01T00:00:00.000Z,2022-12-31T00:00:00.000Z,1640995200,<div><strong>Peachgrove</strong><br><span>Year: 2022</span><br><span>Consents issued: 44</span><br><span>Dominant type: Houses</span></div>
tower_179600_2023,polygon,"POLYGON Z ((175.297563 -37.780669 480.0, 175.299154 -37.780669 480.0, 175.299154 -37.779412 480.0, 175.297563 -37.779412 480.0, 175.297563 -37.780669 480.0))",179600,Peachgrove,2023,4,Houses,54,#2c7fb8cc,#1a1a1aff,10,120.0,480.0,2023-01-01T00:00:00.000Z,2023-12-31T00:00:00.000Z,1672531200,<div><strong>Peachgrove</strong><br><span>Year: 2023</span><br><span>Consents issued: 54</span><br><span>Dominant type: Houses</span></div>
tower_179801_2019,polygon,"POLYGON Z ((175.284415 -37.797271 0.0, 175.286007 -37.797271 0.0, 175.286007 -37.796013 0.0, 175.284415 -37.796013 0.0, 175.284415 -37.797271 0.0))",179801,Hamilton West,2019,0,Houses,32,#2c7fb8cc,#1a1a1aff,10,120.0,0.0,2019-01-01T00:00:00.000Z,2019-12-31T00:00:00.000Z,1546300800,<div><strong>Hamilton West</strong><br><span>Year: 2019</span><br><span>Consents issued: 32</span><br><span>Dominant type: Houses</span></div>
tower_179801_2020,polygon,"POLYGON Z ((175.284415 -37.797271 120.0, 175.286007 -37.797271 120.0, 175.286007 -37.796013 120.0, 175.284415 -37.796013 120.0, 175.284415 -37.797271 120.0))",179801,Hamilton West,2020,1,Houses,36,#2c7fb8cc,#1a1a1aff,10,120.0,120.0,2020-01-01T00:00:00.000Z,2020-12-31T00:00:00.000Z,1577836800,<div><strong>Hamilton West</strong><br><span>Year: 2020</span><br><span>Consents issued: 36</span><br><span>Dominant type: Houses</span></div>
tower_179801_2021,polygon,"POLYGON Z ((175.284415 -37.797271 240.0, 175.286007 -37.797271 240.0, 175.286007 -37.796013 240.0, 175.284415 -37.796013 240.0, 175.284415 -37.797271 240.0))",179801,Hamilton West,2021,2,Houses,42,#2c7fb8cc,#1a1a1aff,10,120.0,240.0,2021-01-01T00:00:00.000Z,2021-12-31T00:00:00.000Z,1609459200,<div><strong>Hamilton West</strong><br><span>Year: 2021</span><br><span>Consents issued: 42</span><br><span>Dominant type: Houses</span></div>
tower_179801_2022,polygon,"POLYGON Z ((175.284415 -37.797271 360.0, 175.286007 -37.797271 360.0, 175.286007 -37.796013 360.0, 175.284415 -37.796013 360.0, 175.284415 -37.797271 360.0))",179801,Hamilton West,2022,3,Houses,41,#2c7fb8cc,#1a1a1aff,10,120.0,360.0,2022-01-01T00:00:00.000Z,2022-12-31T00:00:00.000Z,1640995200,<div><strong>Hamilton West</strong><br><span>Year: 2022</span><br><span>Consents issued: 41</span><br><span>Dominant type: Houses</span></div>
tower_179801_2023,polygon,"POLYGON Z ((175.284415 -37.797271 480.0, 175.286007 -37.797271 480.0, 175.286007 -37.796013 480.0, 175.284415 -37.796013 480.0, 175.284415 -37.797271 480.0))",179801,Hamilton West,2023,4,Townhouses,43,#7fbc41cc,#1a1a1aff,10,120.0,480.0,2023-01-01T00:00:00.000Z,2023-12-31T00:00:00.000Z,1672531200,<div><strong>Hamilton West</strong><br><span>Year: 2023</span><br><span>Consents issued: 43</span><br><span>Dominant type: Townhouses</span></div>
tower_180400_2019,polygon,"POLYGON Z ((175.274662 -37.821349 0.0, 175.276255 -37.821349 0.0, 175.276255 -37.820091 0.0, 175.274662 -37.820091 0.0, 175.274662 -37.821349 0.0))",180400,Deanwell,2019,0,Houses,15,#2c7fb8cc,#1a1a1aff,10,120.0,0.0,2019-01-01T00:00:00.000Z,2019-12-31T00:00:00.000Z,1546300800,<div><strong>Deanwell</strong><br><span>Year: 2019</span><br><span>Consents issued: 15</span><br><span>Dominant type: Houses</span></div>
tower_180400_2020,polygon,"POLYGON Z ((175.274662 -37.821349 120.0, 175.276255 -37.821349 120.0, 175.276255 -37.820091 120.0, 175.274662 -37.820091 120.0, 175.274662 -37.821349 120.0))",180400,Deanwell,2020,1,Houses,16,#2c7fb8cc,#1a1a1aff,10,120.0,120.0,2020-01-01T00:00:00.000Z,2020-12-31T00:00:00.000Z,1577836800,<div><strong>Deanwell</strong><br><span>Year: 2020</span><br><span>Consents issued: 16</span><br><span>Dominant type: Houses</span></div>
tower_180400_2021,polygon,"POLYGON Z ((175.274662 -37.821349 240.0, 175.276255 -37.821349 240.0, 175.276255 -37.820091 240.0, 175.274662 -37.820091 240.0, 175.274662 -37.821349 240.0))",180400,Deanwell,2021,2,Houses,20,#2c7fb8cc,#1a1a1aff,10,120.0,240.0,2021-01-01T00:00:00.000Z,2021-12-31T00:00:00.000Z,1609459200,<div><strong>Deanwell</strong><br><span>Year: 2021</span><br><span>Consents issued: 20</span><br><span>Dominant type: Houses</span></div>
tower_180400_2022,polygon,"POLYGON Z ((175.274662 -37.821349 360.0, 175.276255 -37.821349 360.0, 175.276255 -37.820091 360.0, 175.274662 -37.820091 360.0, 175.274662 -37.821349 360.0))",180400,Deanwell,2022,3,Townhouses,20,#7fbc41cc,#1a1a1aff,10,120.0,360.0,2022-01-01T00:00:00.000Z,2022-12-31T00:00:00.000Z,1640995200,<div><strong>Deanwell</strong><br><span>Year: 2022</span><br><span>Consents issued: 20</span><br><span>Dominant type: Townhouses</span></div>
tower_180400_2023,polygon,"POLYGON Z ((175.274662 -37.821349 480.0, 175.276255 -37.821349 480.0, 175.276255 -37.820091 480.0, 175.274662 -37.820091 480.0, 175.274662 -37.821349 480.0))",180400,Deanwell,2023,4,Townhouses,24,#7fbc41cc,#1a1a1aff,10,120.0,480.0,2023-01-01T00:00:00.000Z,2023-12-31T00:00:00.000Z,1672531200,<div><strong>Deanwell</strong><br><span>Year: 2023</span><br><span>Consents issued: 24</span><br><span>Dominant type: Townhouses</span></div>
tower_176000_2019,polygon,"POLYGON Z ((175.244368 -37.741713 0.0, 175.245958 -37.741713 0.0, 175.245958 -37.740456 0.0, 175.244368 -37.740456 0.0, 175.244368 -37.741713 0.0))",176000,Pukete East,2019,0,Houses,17,#2c7fb8cc,#1a1a1aff,10,120.0,0.0,2019-01-01T00:00:00.000Z,2019-12-31T00:00:00.000Z,1546300800,<div><strong>Pukete East</strong><br><span>Year: 2019</span><br><span>Consents issued: 17</span><br><span>Dominant type: Houses</span></div>
tower_176000_2020,polygon,"POLYGON Z ((175.244368 -37.741713 120.0, 175.245958 -37.741713 120.0, 175.245958 -37.740456 120.0, 175.244368 -37.740456 120.0, 175.244368 -37.741713 120.0))",176000,Pukete East,2020,1,Houses,25,#2c7fb8cc,#1a1a1aff,10,120.0,120.0,2020-01-01T00:00:00.000Z,2020-12-31T00:00:00.000Z,1577836800,<div><strong>Pukete East</strong><br><span>Year: 2020</span><br><span>Consents issued: 25</span><br><span>Dominant type: Houses</span></div>
tower_176000_2021,polygon,"POLYGON Z ((175.244368 -37.741713 240.0, 175.245958 -37.741713 240.0, 175.245958 -37.740456 240.0, 175.244368 -37.740456 240.0, 175.244368 -37.741713 240.0))",176000,Pukete East,2021,2,Houses,34,#2c7fb8cc,#1a1a1aff,10,120.0,240.0,2021-01-01T00:00:00.000Z,2021-12-31T00:00:00.000Z,1609459200,<div><strong>Pukete East</strong><br><span>Year: 2021</span><br><span>Consents issued: 34</span><br><span>Dominant type: Houses</span></div>
tower_176000_2022,polygon,"POLYGON Z ((175.244368 -37.741713 360.0, 175.245958 -37.741713 360.0, 175.245958 -37.740456 360.0, 175.244368 -37.740456 360.0, 175.244368 -37.741713 360.0))",176000,Pukete East,2022,3,Houses,45,#2c7fb8cc,#1a1a1aff,10,120.0,360.0,2022-01-01T00:00:00.000Z,2022-12-31T00:00:00.000Z,1640995200,<div><strong>Pukete East</strong><br><span>Year: 2022</span><br><span>Consents issued: 45</span><br><span>Dominant type: Houses</span></div>
tower_176000_2023,polygon,"POLYGON Z ((175.244368 -37.741713 480.0, 175.245958 -37.741713 480.0, 175.245958 -37.740456 480.0, 175.244368 -37.740456 480.0, 175.244368 -37.741713 480.0))",176000,Pukete East,2023,4,Houses,51,#2c7fb8cc,#1a1a1aff,10,120.0,480.0,2023-01-01T00:00:00.000Z,2023-12-31T00:00:00.000Z,1672531200,<div><strong>Pukete East</strong><br><span>Year: 2023</span><br><span>Consents issued: 51</span><br><span>Dominant type: Houses</span></div>
tower_179100_2019,polygon,"POLYGON Z ((175.295744 -37.770866 0.0, 175.297335 -37.770866 0.0, 175.297335 -37.769608 0.0, 175.295744 -37.769608 0.0, 175.295744 -37.770866 0.0))",179100,Enderley South,2019,0,Houses,29,#2c7fb8cc,#1a1a1aff,10,120.0,0.0,2019-01-01T00:00:00.000Z,2019-12-31T00:00:00.000Z,1546300800,<div><strong>Enderley South</strong><br><span>Year: 2019</span><br><span>Consents issued: 29</span><br><span>Dominant type: Houses</span></div>
tower_179100_2020,polygon,"POLYGON Z ((175.295744 -37.770866 120.0, 175.297335 -37.770866 120.0, 175.297335 -37.769608 120.0, 175.295744 -37.769608 120.0, 175.295744 -37.770866 120.0))",179100,Enderley South,2020,1,Houses,41,#2c7fb8cc,#1a1a1aff,10,120.0,120.0,2020-01-01T00:00:00.000Z,2020-12-31T00:00:00.000Z,1577836800,<div><strong>Enderley South</strong><br><span>Year: 2020</span><br><span>Consents issued: 41</span><br><span>Dominant type: Houses</span></div>
tower_179100_2021,polygon,"POLYGON Z ((175.295744 -37.770866 240.0, 175.297335 -37.770866 240.0, 175.297335 -37.769608 240.0, 175.295744 -37.769608 240.0, 175.295744 -37.770866 240.0))",179100,Enderley South,2021,2,Houses,45,#2c7fb8cc,#1a1a1aff,10,120.0,240.0,2021-01-01T00:00:00.000Z,2021-12-31T00:00:00.000Z,1609459200,<div><strong>Enderley South</strong><br><span>Year: 2021</span><br><span>Consents issued: 45</span><br><span>Dominant type: Houses</span></div>
tower_179100_2022,polygon,"POLYGON Z ((175.295744 -37.770866 360.0, 175.297335 -37.770866 360.0, 175.297335 -37.769608 360.0, 175.295744 -37.769608 360.0, 175.295744 -37.770866 360.0))",179100,Enderley South,2022,3,Houses,53,#2c7fb8cc,#1a1a1aff,10,120.0,360.0,2022-01-01T00:00:00.000Z,2022-12-31T00:00:00.000Z,1640995200,<div><strong>Enderley South</strong><br><span>Year: 2022</span><br><span>Consents issued: 53</span><br><span>Dominant type: Houses</span></div>
tower_179100_2023,polygon,"POLYGON Z ((175.295744 -37.770866 480.0, 175.297335 -37.770866 480.0, 175.297335 -37.769608 480.0, 175.295744 -37.769608 480.0, 175.295744 -37.770866 480.0))",179100,Enderley South,2023,4,Houses,65,#2c7fb8cc,#1a1a1aff,10,120.0,480.0,2023-01-01T00:00:00.000Z,2023-12-31T00:00:00.000Z,1672531200,<div><strong>Enderley South</strong><br><span>Year: 2023</span><br><span>Consents issued: 65</span><br><span>Dominant type: Houses</span></div>
tower_176800_2019,polygon,"POLYGON Z ((175.234315 -37.772028 0.0, 175.235906 -37.772028 0.0, 175.235906 -37.770770 0.0, 175.234315 -37.770770 0.0, 175.234315 -37.772028 0.0))",176800,Crawshaw,2019,0,Houses,41,#2c7fb8cc,#1a1a1aff,10,120.0,0.0,2019-01-01T00:00:00.000Z,2019-12-31T00:00:00.000Z,1546300800,<div><strong>Crawshaw</strong><br><span>Year: 2019</span><br><span>Consents issued: 41</span><br><span>Dominant type: Houses</span></div>
tower_176800_2020,polygon,"POLYGON Z ((175.234315 -37.772028 120.0, 175.235906 -37.772028 120.0, 175.235906 -37.770770 120.0, 175.234315 -37.770770 120.0, 175.234315 -37.772028 120.0))",176800,Crawshaw,2020,1,Houses,46,#2c7fb8cc,#1a1a1aff,10,120.0,120.0,2020-01-01T00:00:00.000Z,2020-12-31T00:00:00.000Z,1577836800,<div><strong>Crawshaw</strong><br><span>Year: 2020</span><br><span>Consents issued: 46</span><br><span>Dominant type: Houses</span></div>
tower_176800_2021,polygon,"POLYGON Z ((175.234315 -37.772028 240.0, 175.235906 -37.772028 240.0, 175.235906 -37.770770 240.0, 175.234315 -37.770770 240.0, 175.234315 -37.772028 240.0))",176800,Crawshaw,2021,2,Houses,53,#2c7fb8cc,#1a1a1aff,10,120.0,240.0,2021-01-01T00:00:00.000Z,2021-12-31T00:00:00.000Z,1609459200,<div><strong>Crawshaw</strong><br><span>Year: 2021</span><br><span>Consents issued: 53</span><br><span>Dominant type: Houses</span></div>
tower_176800_2022,polygon,"POLYGON Z ((175.234315 -37.772028 360.0, 175.235906 -37.772028 360.0, 175.235906 -37.770770 360.0, 175.234315 -37.770770 360.0, 175.234315 -37.772028 360.0))",176800,Crawshaw,2022,3,Houses,53,#2c7fb8cc,#1a1a1aff,10,120.0,360.0,2022-01-01T00:00:00.000Z,2022-12-31T00:00:00.000Z,1640995200,<div><strong>Crawshaw</strong><br><span>Year: 2022</span><br><span>Consents issued: 53</span><br><span>Dominant type: Houses</span></div>
tower_176800_2023,polygon,"POLYGON Z ((175.234315 -37.772028 480.0, 175.235906 -37.772028 480.0, 175.235906 -37.770770 480.0, 175.234315 -37.770770 480.0, 175.234315 -37.772028 480.0))",176800,Crawshaw,2023,4,Townhouses,60,#7fbc41cc,#1a1a1aff,10,120.0,480.0,2023-01-01T00:00:00.000Z,2023-12-31T00:00:00.000Z,1672531200,<div><strong>Crawshaw</strong><br><span>Year: 2023</span><br><span>Consents issued: 60</span><br><span>Dominant type: Townhouses</span></div>
tower_177200_2019,polygon,"POLYGON Z ((175.238432 -37.780021 0.0, 175.240024 -37.780021 0.0, 175.240024 -37.778764 0.0, 175.238432 -37.778764 0.0, 175.238432 -37.780021 0.0))",177200,Nawton East,2019,0,Houses,40,#2c7fb8cc,#1a1a1aff,10,120.0,0.0,2019-01-01T00:00:00.000Z,2019-12-31T00:00:00.000Z,1546300800,<div><strong>Nawton East</strong><br><span>Year: 2019</span><br><span>Consents issued: 40</span><br><span>Dominant type: Houses</span></div>
tower_177200_2020,polygon,"POLYGON Z ((175.238432 -37.780021 120.0, 175.240024 -37.780021 120.0, 175.240024 -37.778764 120.0, 175.238432 -37.778764 120.0, 175.238432 -37.780021 120.0))",177200,Nawton East,2020,1,Houses,58,#2c7fb8cc,#1a1a1aff,10,120.0,120.0,2020-01-01T00:00:00.000Z,2020-12-31T00:00:00.000Z,1577836800,<div><strong>Nawton East</strong><br><span>Year: 2020</span><br><span>Consents issued: 58</span><br><span>Dominant type: Houses</span></div>
tower_177200_2021,polygon,"POLYGON Z ((175.238432 -37.780021 240.0, 175.240024 -37.780021 240.0, 175.240024 -37.778764 240.0, 175.238432 -37.778764 240.0, 175.238432 -37.780021 240.0))",177200,Nawton East,2021,2,Houses,79,#2c7fb8cc,#1a1a1aff,10,120.0,240.0,2021-01-01T00:00:00.000Z,2021-12-31T00:00:00.000Z,1609459200,<div><strong>Nawton East</strong><br><span>Year: 2021</span><br><span>Consents issued: 79</span><br><span>Dominant type: Houses</span></div>
tower_177200_2022,polygon,"POLYGON Z ((175.238432 -37.780021 360.0, 175.240024 -37.780021 360.0, 175.240024 -37.778764 360.0, 175.238432 -37.778764 360.0, 175.238432 -37.780021 360.0))",177200,Nawton East,2022,3,Townhouses,98,#7fbc41cc,#1a1a1aff,10,120.0,360.0,2022-01-01T00:00:00.000Z,2022-12-31T00:00:00.000Z,1640995200,<div><strong>Nawton East</strong><br><span>Year: 2022</span><br><span>Consents issued: 98</span><br><span>Dominant type: Townhouses</span></div>
tower_177200_2023,polygon,"POLYGON Z ((175.238432 -37.780021 480.0, 175.240024 -37.780021 480.0, 175.240024 -37.778764 480.0, 175.238432 -37.778764 480.0, 175.238432 -37.780021 480.0))",177200,Nawton East,2023,4,Townhouses,119,#7fbc41cc,#1a1a1aff,10,120.0,480.0,2023-01-01T00:00:00.000Z,2023-12-31T00:00:00.000Z,1672531200,<div><strong>Nawton East</strong><br><span>Year: 2023</span><br><span>Consents issued: 119</span><br><span>Dominant type: Townhouses</span></div>
tower_181000_2019,polygon,"POLYGON Z ((175.287629 -37.825877 0.0, 175.289221 -37.825877 0.0, 175.289221 -37.824620 0.0, 175.287629 -37.824620 0.0, 175.287629 -37.825877 0.0))",181000,Resthill,2019,0,Houses,34,#2c7fb8cc,#1a1a1aff,10,120.0,0.0,2019-01-01T00:00:00.000Z,2019-12-31T00:00:00.000Z,1546300800,<div><strong>Resthill</strong><br><span>Year: 2019</span><br><span>Consents issued: 34</span><br><span>Dominant type: Houses</span></div>
tower_181000_2020,polygon,"POLYGON Z ((175.287629 -37.825877 120.0, 175.289221 -37.825877 120.0, 175.289221 -37.824620 120.0, 175.287629 -37.824620 120.0, 175.287629 -37.825877 120.0))",181000,Resthill,2020,1,Houses,35,#2c7fb8cc,#1a1a1aff,10,120.0,120.0,2020-01-01T00:00:00.000Z,2020-12-31T00:00:00.000Z,1577836800,<div><strong>Resthill</strong><br><span>Year: 2020</span><br><span>Consents issued: 35</span><br><span>Dominant type: Houses</span></div>
tower_181000_2021,polygon,"POLYGON Z ((175.287629 -37.825877 240.0, 175.289221 -37.825877 240.0, 175.289221 -37.824620 240.0, 175.287629 -37.824620 240.0, 175.287629 -37.825877 240.0))",181000,Resthill,2021,2,Houses,44,#2c7fb8cc,#1a1a1aff,10,120.0,240.0,2021-01-01T00:00:00.000Z,2021-12-31T00:00:00.000Z,1609459200,<div><strong>Resthill</strong><br><span>Year: 2021</span><br><span>Consents issued: 44</span><br><span>Dominant type: Houses</span></div>
tower_181000_2022,polygon,"POLYGON Z ((175.287629 -37.825877 360.0, 175.289221 -37.825877 360.0, 175.289221 -37.824620 360.0, 175.287629 -37.824620 360.0, 175.287629 -37.825877 360.0))",181000,Resthill,2022,3,Houses,48,#2c7fb8cc,#1a1a1aff,10,120.0,360.0,2022-01-01T00:00:00.000Z,2022-12-31T00:00:00.000Z,1640995200,<div><strong>Resthill</strong><br><span>Year: 2022</span><br><span>Consents issued: 48</span><br><span>Dominant type: Houses</span></div>
tower_181000_2023,polygon,"POLYGON Z ((175.287629 -37.825877 480.0, 175.289221 -37.825877 480.0, 175.289221 -37.824620 480.0, 175.287629 -37.824620 480.0, 175.287629 -37.825877 480.0))",181000,Resthill,2023,4,Townhouses,56,#7fbc41cc,#1a1a1aff,10,120.0,480.0,2023-01-01T00:00:00.000Z,2023-12-31T00:00:00.000Z,1672531200,<div><strong>Resthill</strong><br><span>Year: 2023</span><br><span>Consents issued: 56</span><br><span>Dominant type: Townhouses</span></div>
tower_179300_2019,polygon,"POLYGON Z ((175.285374 -37.780208 0.0, 175.286966 -37.780208 0.0, 175.286966 -37.778950 0.0, 175.285374 -37.778950 0.0, 175.285374 -37.780208 0.0))",179300,Claudelands,2019,0,Houses,40,#2c7fb8cc,#1a1a1aff,10,120.0,0.0,2019-01-01T00:00:00.000Z,2019-12-31T00:00:00.000Z,1546300800,<div><strong>Claudelands</strong><br><span>Year: 2019</span><br><span>Consents issued: 40</span><br><span>Dominant type: Houses</span></div>
tower_179300_2020,polygon,"POLYGON Z ((175.285374 -37.780208 120.0, 175.286966 -37.780208 120.0, 175.286966 -37.778950 120.0, 175.285374 -37.778950 120.0, 175.285374 -37.780208 120.0))",179300,Claudelands,2020,1,Houses,42,#2c7fb8cc,#1a1a1aff,10,120.0,120.0,2020-01-01T00:00:00.000Z,2020-12-31T00:00:00.000Z,1577836800,<div><strong>Claudelands</strong><br><span>Year: 2020</span><br><span>Consents issued: 42</span><br><span>Dominant type: Houses</span></div>
tower_179300_2021,polygon,"POLYGON Z ((175.285374 -37.780208 240.0, 175.286966 -37.780208 240.0, 175.286966 -37.778950 240.0, 175.285374 -37.778950 240.0, 175.285374 -37.780208 240.0))",179300,Claudelands,2021,2,Houses,42,#2c7fb8cc,#1a1a1aff,10,120.0,240.0,2021-01-01T00:00:00.000Z,2021-12-31T00:00:00.000Z,1609459200,<div><strong>Claudelands</strong><br><span>Year: 2021</span><br><span>Consents issued: 42</span><br><span>Dominant type: Houses</span></div>
tower_179300_2022,polygon,"POLYGON Z ((175.285374 -37.780208 360.0, 175.286966 -37.780208 360.0, 175.286966 -37.778950 360.0, 175.285374 -37.778950 360.0, 175.285374 -37.780208 360.0))",179300,Claudelands,2022,3,Townhouses,42,#7fbc41cc,#1a1a1aff,10,120.0,360.0,2022-01-01T00:00:00.000Z,2022-12-31T00:00:00.000Z,1640995200,<div><strong>Claudelands</strong><br><span>Year: 2022</span><br><span>Consents issued: 42</span><br><span>Dominant type: Townhouses</span></div>
tower_179300_2023,polygon,"POLYGON Z ((175.285374 -37.780208 480.0, 175.286966 -37.780208 480.0, 175.286966 -37.778950 480.0, 175.285374 -37.778950 480.0, 175.285374 -37.780208 480.0))",179300,Claudelands,2023,4,Townhouses,48,#7fbc41cc,#1a1a1aff,10,120.0,480.0,2023-01-01T00:00:00.000Z,2023-12-31T00:00:00.000Z,1672531200,<div><strong>Claudelands</strong><br><span>Year: 2023</span><br><span>Consents issued: 48</span><br><span>Dominant type: Townhouses</span></div>
tower_177901_2019,polygon,"POLYGON Z ((175.242983 -37.788432 0.0, 175.244574 -37.788432 0.0, 175.244574 -37.787174 0.0, 175.242983 -37.787174 0.0, 175.242983 -37.788432 0.0))",177901,Dinsdale North,2019,0,Houses,45,#2c7fb8cc,#1a1a1aff,10,120.0,0.0,2019-01-01T00:00:00.000Z,2019-12-31T00:00:00.000Z,1546300800,<div><strong>Dinsdale North</strong><br><span>Year: 2019</span><br><span>Consents issued: 45</span><br><span>Dominant type: Houses</span></div>
tower_177901_2020,polygon,"POLYGON Z ((175.242983 -37.788432 120.0, 175.244574 -37.788432 120.0, 175.244574 -37.787174 120.0, 175.242983 -37.787174 120.0, 175.242983 -37.788432 120.0))",177901,Dinsdale North,2020,1,Houses,65,#2c7fb8cc,#1a1a1aff,10,120.0,120.0,2020-01-01T00:00:00.000Z,2020-12-31T00:00:00.000Z,1577836800,<div><strong>Dinsdale North</strong><br><span>Year: 2020</span><br><span>Consents issued: 65</span><br><span>Dominant type: Houses</span></div>
tower_177901_2021,polygon,"POLYGON Z ((175.242983 -37.788432 240.0, 175.244574 -37.788432 240.0, 175.244574 -37.787174 240.0, 175.242983 -37.787174 240.0, 175.242983 -37.788432 240.0))",177901,Dinsdale North,2021,2,Houses,90,#2c7fb8cc,#1a1a1aff,10,120.0,240.0,2021-01-01T00:00:00.000Z,2021-12-31T00:00:00.000Z,1609459200,<div><strong>Dinsdale North</strong><br><span>Year: 2021</span><br><span>Consents issued: 90</span><br><span>Dominant type: Houses</span></div>
tower_177901_2022,polygon,"POLYGON Z ((175.242983 -37.788432 360.0, 175.244574 -37.788432 360.0, 175.244574 -37.787174 360.0, 175.242983 -37.787174 360.0, 175.242983 -37.788432 360.0))",177901,Dinsdale North,2022,3,Houses,110,#2c7fb8cc,#1a1a1aff,10,120.0,360.0,2022-01-01T00:00:00.000Z,2022-12-31T00:00:00.000Z,1640995200,<div><strong>Dinsdale North</strong><br><span>Year: 2022</span><br><span>Consents issued: 110</span><br><span>Dominant type: Houses</span></div>
tower_177901_2023,polygon,"POLYGON Z ((175.242983 -37.788432 480.0, 175.244574 -37.788432 480.0, 175.244574 -37.787174 480.0, 175.242983 -37.787174 480.0, 175.242983 -37.788432 480.0))",177901,Dinsdale North,2023,4,Townhouses,135,#7fbc41cc,#1a1a1aff,10,120.0,480.0,2023-01-01T00:00:00.000Z,2023-12-31T00:00:00.000Z,1672531200,<div><strong>Dinsdale North</strong><br><span>Year: 2023</span><br><span>Consents issued: 135</span><br><span>Dominant type: Townhouses</span></div>
tower_175501_2019,polygon,"POLYGON Z ((175.239995 -37.729230 0.0, 175.241585 -37.729230 0.0, 175.241585 -37.727973 0.0, 175.239995 -37.727973 0.0, 175.239995 -37.729230 0.0))",175501,Flagstaff South,2019,0,Houses,23,#2c7fb8cc,#1a1a1aff,10,120.0,0.0,2019-01-01T00:00:00.000Z,2019-12-31T00:00:00.000Z,1546300800,<div><strong>Flagstaff South</strong><br><span>Year: 2019</span><br><span>Consents issued: 23</span><br><span>Dominant type: Houses</span></div>
tower_175501_2020,polygon,"POLYGON Z ((175.239995 -37.729230 120.0, 175.241585 -37.729230 120.0, 175.241585 -37.727973 120.0, 175.239995 -37.727973 120.0, 175.239995 -37.729230 120.0))",175501,Flagstaff South,2020,1,Houses,34,#2c7fb8cc,#1a1a1aff,10,120.0,120.0,2020-01-01T00:00:00.000Z,2020-12-31T00:00:00.000Z,1577836800,<div><strong>Flagstaff South</strong><br><span>Year: 2020</span><br><span>Consents issued: 34</span><br><span>Dominant type: Houses</span></div>
tower_175501_2021,polygon,"POLYGON Z ((175.239995 -37.729230 240.0, 175.241585 -37.729230 240.0, 175.241585 -37.727973 240.0, 175.239995 -37.727973 240.0, 175.239995 -37.729230 240.0))",175501,Flagstaff South,2021,2,Houses,44,#2c7fb8cc,#1a1a1aff,10,120.0,240.0,2021-01-01T00:00:00.000Z,2021-12-31T00:00:00.000Z,1609459200,<div><strong>Flagstaff South</strong><br><span>Year: 2021</span><br><span>Consents issued: 44</span><br><span>Dominant type: Houses</span></div>
tower_175501_2022,polygon,"POLYGON Z ((175.239995 -37.729230 360.0, 175.241585 -37.729230 360.0, 175.241585 -37.727973 360.0, 175.239995 -37.727973 360.0, 175.239995 -37.729230 360.0))",175501,Flagstaff South,2022,3,Houses,52,#2c7fb8cc,#1a1a1aff,10,120.0,360.0,2022-01-01T00:00:00.000Z,2022-12-31T00:00:00.000Z,1640995200,<div><strong>Flagstaff South</strong><br><span>Year: 2022</span><br><span>Consents issued: 52</span><br><span>Dominant type: Houses</span></div>
tower_175501_2023,polygon,"POLYGON Z ((175.239995 -37.729230 480.0, 175.241585 -37.729230 480.0, 175.241585 -37.727973 480.0, 175.239995 -37.727973 480.0, 175.239995 -37.729230 480.0))",175501,Flagstaff South,2023,4,Townhouses,62,#7fbc41cc,#1a1a1aff,10,120.0,480.0,2023-01-01T00:00:00.000Z,2023-12-31T00:00:00.000Z,1672531200,<div><strong>Flagstaff South</strong><br><span>Year: 2023</span><br><span>Consents issued: 62</span><br><span>Dominant type: Townhouses</span></div>
tower_178201_2019,polygon,"POLYGON Z ((175.280932 -37.767170 0.0, 175.282523 -37.767170 0.0, 175.282523 -37.765913 0.0, 175.280932 -37.765913 0.0, 175.280932 -37.767170 0.0))",178201,Fairfield North (Hamilton City),2019,0,Houses,22,#2c7fb8cc,#1a1a1aff,10,120.0,0.0,2019-01-01T00:00:00.000Z,2019-12-31T00:00:00.000Z,1546300800,<div><strong>Fairfield North (Hamilton City)</strong><br><span>Year: 2019</span><br><span>Consents issued: 22</span><br><span>Dominant type: Houses</span></div>
tower_178201_2020,polygon,"POLYGON Z ((175.280932 -37.767170 120.0, 175.282523 -37.767170 120.0, 175.282523 -37.765913 120.0, 175.280932 -37.765913 120.0, 175.280932 -37.767170 120.0))",178201,Fairfield North (Hamilton City),2020,1,Houses,36,#2c7fb8cc,#1a1a1aff,10,120.0,120.0,2020-01-01T00:00:00.000Z,2020-12-31T00:00:00.000Z,1577836800,<div><strong>Fairfield North (Hamilton City)</strong><br><span>Year: 2020</span><br><span>Consents issued: 36</span><br><span>Dominant type: Houses</span></div>
tower_178201_2021,polygon,"POLYGON Z ((175.280932 -37.767170 240.0, 175.282523 -37.767170 240.0, 175.282523 -37.765913 240.0, 175.280932 -37.765913 240.0, 175.280932 -37.767170 240.0))",178201,Fairfield North (Hamilton City),2021,2,Houses,48,#2c7fb8cc,#1a1a1aff,10,120.0,240.0,2021-01-01T00:00:00.000Z,2021-12-31T00:00:00.000Z,1609459200,<div><strong>Fairfield North (Hamilton City)</strong><br><span>Year: 2021</span><br><span>Consents issued: 48</span><br><span>Dominant type: Houses</span></div>
tower_178201_2022,polygon,"POLYGON Z ((175.280932 -37.767170 360.0, 175.282523 -37.767170 360.0, 175.282523 -37.765913 360.0, 175.280932 -37.765913 360.0, 175.280932 -37.767170 360.0))",178201,Fairfield North (Hamilton City),2022,3,Townhouses,55,#7fbc41cc,#1a1a1aff,10,120.0,360.0,2022-01-01T00:00:00.000Z,2022-12-31T00:00:00.000Z,1640995200,<div><strong>Fairfield North (Hamilton City)</strong><br><span>Year: 2022</span><br><span>Consents issued: 55</span><br><span>Dominant type: Townhouses</span></div>
tower_178201_2023,polygon,"POLYGON Z ((175.280932 -37.767170 480.0, 175.282523 -37.767170 480.0, 175.282523 -37.765913 480.0, 175.280932 -37.765913 480.0, 175.280932 -37.767170 480.0))",178201,Fairfield North (Hamilton City),2023,4,Townhouses,67,#7fbc41cc,#1a1a1aff,10,120.0,480.0,2023-01-01T00:00:00.000Z,2023-12-31T00:00:00.000Z,1672531200,<div><strong>Fairfield North (Hamilton City)</strong><br><span>Year: 2023</span><br><span>Consents issued: 67</span><br><span>Dominant type: Townhouses</span></div>
tower_180800_2019,polygon,"POLYGON Z ((175.326839 -37.792310 0.0, 175.328431 -37.792310 0.0, 175.328431 -37.791053 0.0, 175.326839 -37.791053 0.0, 175.326839 -37.792310 0.0))",180800,Silverdale (Hamilton City),2019,0,Houses,23,#2c7fb8cc,#1a1a1aff,10,120.0,0.0,2019-01-01T00:00:00.000Z,2019-12-31T00:00:00.000Z,1546300800,<div><strong>Silverdale (Hamilton City)</strong><br><span>Year: 2019</span><br><span>Consents issued: 23</span><br><span>Dominant type: Houses</span></div>
tower_180800_2020,polygon,"POLYGON Z ((175.326839 -37.792310 120.0, 175.328431 -37.792310 120.0, 175.328431 -37.791053 120.0, 175.326839 -37.791053 120.0, 175.326839 -37.792310 120.0))",180800,Silverdale (Hamilton City),2020,1,Houses,23,#2c7fb8cc,#1a1a1aff,10,120.0,120.0,2020-01-01T00:00:00.000Z,2020-12-31T00:00:00.000Z,1577836800,<div><strong>Silverdale (Hamilton City)</strong><br><span>Year: 2020</span><br><span>Consents issued: 23</span><br><span>Dominant type: Houses</span></div>
tower_180800_2021,polygon,"POLYGON Z ((175.326839 -37.792310 240.0, 175.328431 -37.792310 240.0, 175.328431 -37.791053 240.0, 175.326839 -37.791053 240.0, 175.326839 -37.792310 240.0))",180800,Silverdale (Hamilton City),2021,2,Houses,21,#2c7fb8cc,#1a1a1aff,10,120.0,240.0,2021-01-01T00:00:00.000Z,2021-12-31T00:00:00.000Z,1609459200,<div><strong>Silverdale (Hamilton City)</strong><br><span>Year: 2021</span><br><span>Consents issued: 21</span><br><span>Dominant type: Houses</span></div>
tower_180800_2022,polygon,"POLYGON Z ((175.326839 -37.792310 360.0, 175.328431 -37.792310 360.0, 175.328431 -37.791053 360.0, 175.326839 -37.791053 360.0, 175.326839 -37.792310 360.0))",180800,Silverdale (Hamilton City),2022,3,Townhouses,26,#7fbc41cc,#1a1a1aff,10,120.0,360.0,2022-01-01T00:00:00.000Z,2022-12-31T00:00:00.000Z,1640995200,<div><strong>Silverdale (Hamilton City)</strong><br><span>Year: 2022</span><br><span>Consents issued: 26</span><br><span>Dominant type: Townhouses</span></div>
tower_180800_2023,polygon,"POLYGON Z ((175.326839 -37.792310 480.0, 175.328431 -37.792310 480.0, 175.328431 -37.791053 480.0, 175.326839 -37.791053 480.0, 175.326839 -37.792310 480.0))",180800,Silverdale (Hamilton City),2023,4,Townhouses,25,#7fbc41cc,#1a1a1aff,10,120.0,480.0,2023-01-01T00:00:00.000Z,2023-12-31T00:00:00.000Z,1672531200,<div><strong>Silverdale (Hamilton City)</strong><br><span>Year: 2023</span><br><span>Consents issued: 25</span><br><span>Dominant type: Townhouses</span></div>
tower_181101_2019,polygon,"POLYGON Z ((175.299693 -37.817363 0.0, 175.301285 -37.817363 0.0, 175.301285 -37.816105 0.0, 175.299693 -37.816105 0.0, 175.299693 -37.817363 0.0))",181101,Fitzroy (Hamilton City),2019,0,Houses,37,#2c7fb8cc,#1a1a1aff,10,120.0,0.0,2019-01-01T00:00:00.000Z,2019-12-31T00:00:00.000Z,1546300800,<div><strong>Fitzroy (Hamilton City)</strong><br><span>Year: 2019</span><br><span>Consents issued: 37</span><br><span>Dominant type: Houses</span></div>
tower_181101_2020,polygon,"POLYGON Z ((175.299693 -37.817363 120.0, 175.301285 -37.817363 120.0, 175.301285 -37.816105 120.0, 175.299693 -37.816105 120.0, 175.299693 -37.817363 120.0))",181101,Fitzroy (Hamilton City),2020,1,Houses,49,#2c7fb8cc,#1a1a1aff,10,120.0,120.0,2020-01-01T00:00:00.000Z,2020-12-31T00:00:00.000Z,1577836800,<div><strong>Fitzroy (Hamilton City)</strong><br><span>Year: 2020</span><br><span>Consents issued: 49</span><br><span>Dominant type: Houses</span></div>
tower_181101_2021,polygon,"POLYGON Z ((175.299693 -37.817363 240.0, 175.301285 -37.817363 240.0, 175.301285 -37.816105 240.0, 175.299693 -37.816105 240.0, 175.299693 -37.817363 240.0))",181101,Fitzroy (Hamilton City),2021,2,Houses,67,#2c7fb8cc,#1a1a1aff,10,120.0,240.0,2021-01-01T00:00:00.000Z,2021-12-31T00:00:00.000Z,1609459200,<div><strong>Fitzroy (Hamilton City)</strong><br><span>Year: 2021</span><br><span>Consents issued: 67</span><br><span>Dominant type: Houses</span></div>
tower_181101_2022,polygon,"POLYGON Z ((175.299693 -37.817363 360.0, 175.301285 -37.817363 360.0, 175.301285 -37.816105 360.0, 175.299693 -37.816105 360.0, 175.299693 -37.817363 360.0))",181101,Fitzroy (Hamilton City),2022,3,Houses,82,#2c7fb8cc,#1a1a1aff,10,120.0,360.0,2022-01-01T00:00:00.000Z,2022-12-31T00:00:00.000Z,1640995200,<div><strong>Fitzroy (Hamilton City)</strong><br><span>Year: 2022</span><br><span>Consents issued: 82</span><br><span>Dominant type: Houses</span></div>
tower_181101_2023,polygon,"POLYGON Z ((175.299693 -37.817363 480.0, 175.301285 -37.817363 480.0, 175.301285 -37.816105 480.0, 175.299693 -37.816105 480.0, 175.299693 -37.817363 480.0))",181101,Fitzroy (Hamilton City),2023,4,Townhouses,93,#7fbc41cc,#1a1a1aff,10,120.0,480.0,2023-01-01T00:00:00.000Z,2023-12-31T00:00:00.000Z,1672531200,<div><strong>Fitzroy (Hamilton City)</strong><br><span>Year: 2023</span><br><span>Consents issued: 93</span><br><span>Dominant type: Townhouses</span></div>
tower_180200_2019,polygon,"POLYGON Z ((175.298544 -37.801585 0.0, 175.300136 -37.801585 0.0, 175.300136 -37.800328 0.0, 175.298544 -37.800328 0.0, 175.298544 -37.801585 0.0))",180200,Hamilton East,2019,0,Houses,27,#2c7fb8cc,#1a1a1aff,10,120.0,0.0,2019-01-01T00:00:00.000Z,2019-12-31T00:00:00.000Z,1546300800,<div><strong>Hamilton East</strong><br><span>Year: 2019</span><br><span>Consents issued: 27</span><br><span>Dominant type: Houses</span></div>
tower_180200_2020,polygon,"POLYGON Z ((175.298544 -37.801585 120.0, 175.300136 -37.801585 120.0, 175.300136 -37.800328 120.0, 175.298544 -37.800328 120.0, 175.298544 -37.801585 120.0))",180200,Hamilton East,2020,1,Houses,31,#2c7fb8cc,#1a1a1aff,10,120.0,120.0,2020-01-01T00:00:00.000Z,2020-12-31T00:00:00.000Z,1577836800,<div><strong>Hamilton East</strong><br><span>Year: 2020</span><br><span>Consents issued: 31</span><br><span>Dominant type: Houses</span></div>
tower_180200_2021,polygon,"POLYGON Z ((175.298544 -37.801585 240.0, 175.300136 -37.801585 240.0, 175.300136 -37.800328 240.0, 175.298544 -37.800328 240.0, 175.298544 -37.801585 240.0))",180200,Hamilton East,2021,2,Houses,35,#2c7fb8cc,#1a1a1aff,10,120.0,240.0,2021-01-01T00:00:00.000Z,2021-12-31T00:00:00.000Z,1609459200,<div><strong>Hamilton East</strong><br><span>Year: 2021</span><br><span>Consents issued: 35</span><br><span>Dominant type: Houses</span></div>
tower_180200_2022,polygon,"POLYGON Z ((175.298544 -37.801585 360.0, 175.300136 -37.801585 360.0, 175.300136 -37.800328 360.0, 175.298544 -37.800328 360.0, 175.298544 -37.801585 360.0))",180200,Hamilton East,2022,3,Townhouses,39,#7fbc41cc,#1a1a1aff,10,120.0,360.0,2022-01-01T00:00:00.000Z,2022-12-31T00:00:00.000Z,1640995200,<div><strong>Hamilton East</strong><br><span>Year: 2022</span><br><span>Consents issued: 39</span><br><span>Dominant type: Townhouses</span></div>
tower_180200_2023,polygon,"POLYGON Z ((175.298544 -37.801585 480.0, 175.300136 -37.801585 480.0, 175.300136 -37.800328 480.0, 175.298544 -37.800328 480.0, 175.298544 -37.801585 480.0))",180200,Hamilton East,2023,4,Townhouses,43,#7fbc41cc,#1a1a1aff,10,120.0,480.0,2023-01-01T00:00:00.000Z,2023-12-31T00:00:00.000Z,1672531200,<div><strong>Hamilton East</strong><br><span>Year: 2023</span><br><span>Consents issued: 43</span><br><span>Dominant type: Townhouses</span></div>
tower_180100_2019,polygon,"POLYGON Z ((175.279002 -37.810380 0.0, 175.280594 -37.810380 0.0, 175.280594 -37.809122 0.0, 175.279002 -37.809122 0.0, 175.279002 -37.810380 0.0))",180100,Melville North,2019,0,Houses,9,#2c7fb8cc,#1a1a1aff,10,120.0,0.0,2019-01-01T00:00:00.000Z,2019-12-31T00:00:00.000Z,1546300800,<div><strong>Melville North</strong><br><span>Year: 2019</span><br><span>Consents issued: 9</span><br><span>Dominant type: Houses</span></div>
tower_180100_2020,polygon,"POLYGON Z ((175.279002 -37.810380 120.0, 175.280594 -37.810380 120.0, 175.280594 -37.809122 120.0, 175.279002 -37.809122 120.0, 175.279002 -37.810380 120.0))",180100,Melville North,2020,1,Houses,12,#2c7fb8cc,#1a1a1aff,10,120.0,120.0,2020-01-01T00:00:00.000Z,2020-12-31T00:00:00.000Z,1577836800,<div><strong>Melville North</strong><br><span>Year: 2020</span><br><span>Consents issued: 12</span><br><span>Dominant type: Houses</span></div>
tower_180100_2021,polygon,"POLYGON Z ((175.279002 -37.810380 240.0, 175.280594 -37.810380 240.0, 175.280594 -37.809122 240.0, 175.279002 -37.809122 240.0, 175.279002 -37.810380 240.0))",180100,Melville North,2021,2,Houses,17,#2c7fb8cc,#1a1a1aff,10,120.0,240.0,2021-01-01T00:00:00.000Z,2021-12-31T00:00:00.000Z,1609459200,<div><strong>Melville North</strong><br><span>Year: 2021</span><br><span>Consents issued: 17</span><br><span>Dominant type: Houses</span></div>
tower_180100_2022,polygon,"POLYGON Z ((175.279002 -37.810380 360.0, 175.280594 -37.810380 360.0, 175.280594 -37.809122 360.0, 175.279002 -37.809122 360.0, 175.279002 -37.810380 360.0))",180100,Melville North,2022,3,Townhouses,13,#7fbc41cc,#1a1a1aff,10,120.0,360.0,2022-01-01T00:00:00.000Z,2022-12-31T00:00:00.000Z,1640995200,<div><strong>Melville North</strong><br><span>Year: 2022</span><br><span>Consents issued: 13</span><br><span>Dominant type: Townhouses</span></div>
tower_180100_2023,polygon,"POLYGON Z ((175.279002 -37.810380 480.0, 175.280594 -37.810380 480.0, 175.280594 -37.809122 480.0, 175.279002 -37.809122 480.0, 175.279002 -37.810380 480.0))",180100,Melville North,2023,4,Townhouses,18,#7fbc41cc,#1a1a1aff,10,120.0,480.0,2023-01-01T00:00:00.000Z,2023-12-31T00:00:00.000Z,1672531200,<div><strong>Melville North</strong><br><span>Year: 2023</span><br><span>Consents issued: 18</span><br><span>Dominant type: Townhouses</span></div>
tower_177500_2019,polygon,"POLYGON Z ((175.285595 -37.751017 0.0, 175.287185 -37.751017 0.0, 175.287185 -37.749759 0.0, 175.285595 -37.749759 0.0, 175.285595 -37.751017 0.0))",177500,Chedworth,2019,0,Houses,41,#2c7fb8cc,#1a1a1aff,10,120.0,0.0,2019-01-01T00:00:00.000Z,2019-12-31T00:00:00.000Z,1546300800,<div><strong>Chedworth</strong><br><span>Year: 2019</span><br><span>Consents issued: 41</span><br><span>Dominant type: Houses</span></div>
tower_177500_2020,polygon,"POLYGON Z ((175.285595 -37.751017 120.0, 175.287185 -37.751017 120.0, 175.287185 -37.749759 120.0, 175.285595 -37.749759 120.0, 175.285595 -37.751017 120.0))",177500,Chedworth,2020,1,Houses,44,#2c7fb8cc,#1a1a1aff,10,120.0,120.0,2020-01-01T00:00:00.000Z,2020-12-31T00:00:00.000Z,1577836800,<div><strong>Chedworth</strong><br><span>Year: 2020</span><br><span>Consents issued: 44</span><br><span>Dominant type: Houses</span></div>
tower_177500_2021,polygon,"POLYGON Z ((175.285595 -37.751017 240.0, 175.287185 -37.751017 240.0, 175.287185 -37.749759 240.0, 175.285595 -37.749759 240.0, 175.285595 -37.751017 240.0))",177500,Chedworth,2021,2,Houses,39,#2c7fb8cc,#1a1a1aff,10,120.0,240.0,2021-01-01T00:00:00.000Z,2021-12-31T00:00:00.000Z,1609459200,<div><strong>Chedworth</strong><br><span>Year: 2021</span><br><span>Consents issued: 39</span><br><span>Dominant type: Houses</span></div>
tower_177500_2022,polygon,"POLYGON Z ((175.285595 -37.751017 360.0, 175.287185 -37.751017 360.0, 175.287185 -37.749759 360.0, 175.285595 -37.749759 360.0, 175.285595 -37.751017 360.0))",177500,Chedworth,2022,3,Houses,42,#2c7fb8cc,#1a1a1aff,10,120.0,360.0,2022-01-01T00:00:00.000Z,2022-12-31T00:00:00.000Z,1640995200,<div><strong>Chedworth</strong><br><span>Year: 2022</span><br><span>Consents issued: 42</span><br><span>Dominant type: Houses</span></div>
tower_177500_2023,polygon,"POLYGON Z ((175.285595 -37.751017 480.0, 175.287185 -37.751017 480.0, 175.287185 -37.749759 480.0, 175.285595 -37.749759 480.0, 175.285595 -37.751017 480.0))",177500,Chedworth,2023,4,Houses,45,#2c7fb8cc,#1a1a1aff,10,120.0,480.0,2023-01-01T00:00:00.000Z,2023-12-31T00:00:00.000Z,1672531200,<div><strong>Chedworth</strong><br><span>Year: 2023</span><br><span>Consents issued: 45</span><br><span>Dominant type: Houses</span></div>
tower_180700_2019,polygon,"POLYGON Z ((175.321129 -37.795708 0.0, 175.322721 -37.795708 0.0, 175.322721 -37.794451 0.0, 175.321129 -37.794451 0.0, 175.321129 -37.795708 0.0))",180700,Hillcrest East (Hamilton City),2019,0,Houses,48,#2c7fb8cc,#1a1a1aff,10,120.0,0.0,2019-01-01T00:00:00.000Z,2019-12-31T00:00:00.000Z,1546300800,<div><strong>Hillcrest East (Hamilton City)</strong><br><span>Year: 2019</span><br><span>Consents issued: 48</span><br><span>Dominant type: Houses</span></div>
tower_180700_2020,polygon,"POLYGON Z ((175.321129 -37.795708 120.0, 175.322721 -37.795708 120.0, 175.322721 -37.794451 120.0, 175.321129 -37.794451 120.0, 175.321129 -37.795708 120.0))",180700,Hillcrest East (Hamilton City),2020,1,Houses,65,#2c7fb8cc,#1a1a1aff,10,120.0,120.0,2020-01-01T00:00:00.000Z,2020-12-31T00:00:00.000Z,1577836800,<div><strong>Hillcrest East (Hamilton City)</strong><br><span>Year: 2020</span><br><span>Consents issued: 65</span><br><span>Dominant type: Houses</span></div>
tower_180700_2021,polygon,"POLYGON Z ((175.321129 -37.795708 240.0, 175.322721 -37.795708 240.0, 175.322721 -37.794451 240.0, 175.321129 -37.794451 240.0, 175.321129 -37.795708 240.0))",180700,Hillcrest East (Hamilton City),2021,2,Houses,83,#2c7fb8cc,#1a1a1aff,10,120.0,240.0,2021-01-01T00:00:00.000Z,2021-12-31T00:00:00.000Z,1609459200,<div><strong>Hillcrest East (Hamilton City)</strong><br><span>Year: 2021</span><br><span>Consents issued: 83</span><br><span>Dominant type: Houses</span></div>
tower_180700_2022,polygon,"POLYGON Z ((175.321129 -37.795708 360.0, 175.322721 -37.795708 360.0, 175.322721 -37.794451 360.0, 175.321129 -37.794451 360.0, 175.321129 -37.795708 360.0))",180700,Hillcrest East (Hamilton City),2022,3,Townhouses,104,#7fbc41cc,#1a1a1aff,10,120.0,360.0,2022-01-01T00:00:00.000Z,2022-12-31T00:00:00.000Z,1640995200,<div><strong>Hillcrest East (Hamilton City)</strong><br><span>Year: 2022</span><br><span>Consents issued: 104</span><br><span>Dominant type: Townhouses</span></div>
tower_180700_2023,polygon,"POLYGON Z ((175.321129 -37.795708 480.0, 175.322721 -37.795708 480.0, 175.322721 -37.794451 480.0, 175.321129 -37.794451 480.0, 175.321129 -37.795708 480.0))",180700,Hillcrest East (Hamilton City),2023,4,Townhouses,123,#7fbc41cc,#1a1a1aff,10,120.0,480.0,2023-01-01T00:00:00.000Z,2023-12-31T00:00:00.000Z,1672531200,<div><strong>Hillcrest East (Hamilton City)</strong><br><span>Year: 2023</span><br><span>Consents issued: 123</span><br><span>Dominant type: Townhouses</span></div>
tower_179201_2019,polygon,"POLYGON Z ((175.303405 -37.754246 0.0, 175.304996 -37.754246 0.0, 175.304996 -37.752989 0.0, 175.303405 -37.752989 0.0, 175.303405 -37.754246 0.0))",179201,Greenhill Park,2019,0,Houses,14,#2c7fb8cc,#1a1a1aff,10,120.0,0.0,2019-01-01T00:00:00.000Z,2019-12-31T00:00:00.000Z,1546300800,<div><strong>Greenhill Park</strong><br><span>Year: 2019</span><br><span>Consents issued: 14</span><br><span>Dominant type: Houses</span></div>
tower_179201_2020,polygon,"POLYGON Z ((175.303405 -37.754246 120.0, 175.304996 -37.754246 120.0, 175.304996 -37.752989 120.0, 175.303405 -37.752989 120.0, 175.303405 -37.754246 120.0))",179201,Greenhill Park,2020,1,Houses,14,#2c7fb8cc,#1a1a1aff,10,120.0,120.0,2020-01-01T00:00:00.000Z,2020-12-31T00:00:00.000Z,1577836800,<div><strong>Greenhill Park</strong><br><span>Year: 2020</span><br><span>Consents issued: 14</span><br><span>Dominant type: Houses</span></div>
tower_179201_2021,polygon,"POLYGON Z ((175.303405 -37.754246 240.0, 175.304996 -37.754246 240.0, 175.304996 -37.752989 240.0, 175.303405 -37.752989 240.0, 175.303405 -37.754246 240.0))",179201,Greenhill Park,2021,2,Houses,13,#2c7fb8cc,#1a1a1aff,10,120.0,240.0,2021-01-01T00:00:00.000Z,2021-12-31T00:00:00.000Z,1609459200,<div><strong>Greenhill Park</strong><br><span>Year: 2021</span><br><span>Consents issued: 13</span><br><span>Dominant type: Houses</span></div>
tower_179201_2022,polygon,"POLYGON Z ((175.303405 -37.754246 360.0, 175.304996 -37.754246 360.0, 175.304996 -37.752989 360.0, 175.303405 -37.752989 360.0, 175.303405 -37.754246 360.0))",179201,Greenhill Park,2022,3,Townhouses,19,#7fbc41cc,#1a1a1aff,10,120.0,360.0,2022-01-01T00:00:00.000Z,2022-12-31T00:00:00.000Z,1640995200,<div><strong>Greenhill Park</strong><br><span>Year: 2022</span><br><span>Consents issued: 19</span><br><span>Dominant type: Townhouses</span></div>
tower_179201_2023,polygon,"POLYGON Z ((175.303405 -37.754246 480.0, 175.304996 -37.754246 480.0, 175.304996 -37.752989 480.0, 175.303405 -37.752989 480.0, 175.303405 -37.754246 480.0))",179201,Greenhill Park,2023,4,Townhouses,21,#7fbc41cc,#1a1a1aff,10,120.0,480.0,2023-01-01T00:00:00.000Z,2023-12-31T00:00:00.000Z,1672531200,<div><strong>Greenhill Park</strong><br><span>Year: 2023</span><br><span>Consents issued: 21</span><br><span>Dominant type: Townhouses</span></div>
tower_180500_2019,polygon,"POLYGON Z ((175.291765 -37.809497 0.0, 175.293356 -37.809497 0.0, 175.293356 -37.808239 0.0, 175.291765 -37.808239 0.0, 175.291765 -37.809497 0.0))",180500,Bader,2019,0,Houses,35,#2c7fb8cc,#1a1a1aff,10,120.0,0.0,2019-01-01T00:00:00.000Z,2019-12-31T00:00:00.000Z,1546300800,<div><strong>Bader</strong><br><span>Year: 2019</span><br><span>Consents issued: 35</span><br><span>Dominant type: Houses</span></div>
tower_180500_2020,polygon,"POLYGON Z ((175.291765 -37.809497 120.0, 175.293356 -37.809497 120.0, 175.293356 -37.808239 120.0, 175.291765 -37.808239 120.0, 175.291765 -37.809497 120.0))",180500,Bader,2020,1,Houses,39,#2c7fb8cc,#1a1a1aff,10,120.0,120.0,2020-01-01T00:00:00.000Z,2020-12-31T00:00:00.000Z,1577836800,<div><strong>Bader</strong><br><span>Year: 2020</span><br><span>Consents issued: 39</span><br><span>Dominant type: Houses</span></div>
tower_180500_2021,polygon,"POLYGON Z ((175.291765 -37.809497 240.0, 175.293356 -37.809497 240.0, 175.293356 -37.808239 240.0, 175.291765 -37.808239 240.0, 175.291765 -37.809497 240.0))",180500,Bader,2021,2,Houses,40,#2c7fb8cc,#1a1a1aff,10,120.0,240.0,2021-01-01T00:00:00.000Z,2021-12-31T00:00:00.000Z,1609459200,<div><strong>Bader</strong><br><span>Year: 2021</span><br><span>Consents issued: 40</span><br><span>Dominant type: Houses</span></div>
tower_180500_2022,polygon,"POLYGON Z ((175.291765 -37.809497 360.0, 175.293356 -37.809497 360.0, 175.293356 -37.808239 360.0, 175.291765 -37.808239 360.0, 175.291765 -37.809497 360.0))",180500,Bader,2022,3,Houses,44,#2c7fb8cc,#1a1a1aff,10,120.0,360.0,2022-01-01T00:00:00.000Z,2022-12-31T00:00:00.000Z,1640995200,<div><strong>Bader</strong><br><span>Year: 2022</span><br><span>Consents issued: 44</span><br><span>Dominant type: Houses</span></div>
tower_180500_2023,polygon,"POLYGON Z ((175.291765 -37.809497 480.0, 175.293356 -37.809497 480.0, 175.293356 -37.808239 480.0, 175.291765 -37.808239 480.0, 175.291765 -37.809497 480.0))",180500,Bader,2023,4,Houses,52,#2c7fb8cc,#1a1a1aff,10,120.0,480.0,2023-01-01T00:00:00.000Z,2023-12-31T00:00:00.000Z,1672531200,<div><strong>Bader</strong><br><span>Year: 2023</span><br><span>Consents issued: 52</span><br><span>Dominant type: Houses</span></div>
tower_177800_2019,polygon,"POLYGON Z ((175.288818 -37.757676 0.0, 175.290409 -37.757676 0.0, 175.290409 -37.756419 0.0, 175.288818 -37.756419 0.0, 175.288818 -37.757676 0.0))",177800,Porritt,2019,0,Houses,45,#2c7fb8cc,#1a1a1aff,10,120.0,0.0,2019-01-01T00:00:00.000Z,2019-12-31T00:00:00.000Z,1546300800,<div><strong>Porritt</strong><br><span>Year: 2019</span><br><span>Consents issued: 45</span><br><span>Dominant type: Houses</span></div>
tower_177800_2020,polygon,"POLYGON Z ((175.288818 -37.757676 120.0, 175.290409 -37.757676 120.0, 175.290409 -37.756419 120.0, 175.288818 -37.756419 120.0, 175.288818 -37.757676 120.0))",177800,Porritt,2020,1,Houses,65,#2c7fb8cc,#1a1a1aff,10,120.0,120.0,2020-01-01T00:00:00.000Z,2020-12-31T00:00:00.000Z,1577836800,<div><strong>Porritt</strong><br><span>Year: 2020</span><br><span>Consents issued: 65</span><br><span>Dominant type: Houses</span></div>
tower_177800_2021,polygon,"POLYGON Z ((175.288818 -37.757676 240.0, 175.290409 -37.757676 240.0, 175.290409 -37.756419 240.0, 175.288818 -37.756419 240.0, 175.288818 -37.757676 240.0))",177800,Porritt,2021,2,Houses,84,#2c7fb8cc,#1a1a1aff,10,120.0,240.0,2021-01-01T00:00:00.000Z,2021-12-31T00:00:00.000Z,1609459200,<div><strong>Porritt</strong><br><span>Year: 2021</span><br><span>Consents issued: 84</span><br><span>Dominant type: Houses</span></div>
tower_177800_2022,polygon,"POLYGON Z ((175.288818 -37.757676 360.0, 175.290409 -37.757676 360.0, 175.290409 -37.756419 360.0, 175.288818 -37.756419 360.0, 175.288818 -37.757676 360.0))",177800,Porritt,2022,3,Townhouses,102,#7fbc41cc,#1a1a1aff,10,120.0,360.0,2022-01-01T00:00:00.000Z,2022-12-31T00:00:00.000Z,1640995200,<div><strong>Porritt</strong><br><span>Year: 2022</span><br><span>Consents issued: 102</span><br><span>Dominant type: Townhouses</span></div>
tower_177800_2023,polygon,"POLYGON Z ((175.288818 -37.757676 480.0, 175.290409 -37.757676 480.0, 175.290409 -37.756419 480.0, 175.288818 -37.756419 480.0, 175.288818 -37.757676 480.0))",177800,Porritt,2023,4,Townhouses,124,#7fbc41cc,#1a1a1aff,10,120.0,480.0,2023-01-01T00:00:00.000Z,2023-12-31T00:00:00.000Z,1672531200,<div><strong>Porritt</strong><br><span>Year: 2023</span><br><span>Consents issued: 124</span><br><span>Dominant type: Townhouses</span></div>
tower_180300_2019,polygon,"POLYGON Z ((175.277447 -37.815743 0.0, 175.279039 -37.815743 0.0, 175.279039 -37.814485 0.0, 175.277447 -37.814485 0.0, 175.277447 -37.815743 0.0))",180300,Melville South,2019,0,Houses,41,#2c7fb8cc,#1a1a1aff,10,120.0,0.0,2019-01-01T00:00:00.000Z,2019-12-31T00:00:00.000Z,1546300800,<div><strong>Melville South</strong><br><span>Year: 2019</span><br><span>Consents issued: 41</span><br><span>Dominant type: Houses</span></div>
tower_180300_2020,polygon,"POLYGON Z ((175.277447 -37.815743 120.0, 175.279039 -37.815743 120.0, 175.279039 -37.814485 120.0, 175.277447 -37.814485 120.0, 175.277447 -37.815743 120.0))",180300,Melville South,2020,1,Houses,54,#2c7fb8cc,#1a1a1aff,10,120.0,120.0,2020-01-01T00:00:00.000Z,2020-12-31T00:00:00.000Z,1577836800,<div><strong>Melville South</strong><br><span>Year: 2020</span><br><span>Consents issued: 54</span><br><span>Dominant type: Houses</span></div>
tower_180300_2021,polygon,"POLYGON Z ((175.277447 -37.815743 240.0, 175.279039 -37.815743 240.0, 175.279039 -37.814485 240.0, 175.277447 -37.814485 240.0, 175.277447 -37.815743 240.0))",180300,Melville South,2021,2,Houses,75,#2c7fb8cc,#1a1a1aff,10,120.0,240.0,2021-01-01T00:00:00.000Z,2021-12-31T00:00:00.000Z,1609459200,<div><strong>Melville South</strong><br><span>Year: 2021</span><br><span>Consents issued: 75</span><br><span>Dominant type: Houses</span></div>
tower_180300_2022,polygon,"POLYGON Z ((175.277447 -37.815743 360.0, 175.279039 -37.815743 360.0, 175.279039 -37.814485 360.0, 175.277447 -37.814485 360.0, 175.277447 -37.815743 360.0))",180300,Melville South,2022,3,Houses,96,#2c7fb8cc,#1a1a1aff,10,120.0,360.0,2022-01-01T00:00:00.000Z,2022-12-31T00:00:00.000Z,1640995200,<div><strong>Melville South</strong><br><span>Year: 2022</span><br><span>Consents issued: 96</span><br><span>Dominant type: Houses</span></div>
tower_180300_2023,polygon,"POLYGON Z ((175.277447 -37.815743 480.0, 175.279039 -37.815743 480.0, 175.279039 -37.814485 480.0, 175.277447 -37.814485 480.0, 175.277447 -37.815743 480.0))",180300,Melville South,2023,4,Townhouses,111,#7fbc41cc,#1a1a1aff,10,120.0,480.0,2023-01-01T00:00:00.000Z,2023-12-31T00:00:00.000Z,1672531200,<div><strong>Melville South</strong><br><span>Year: 2023</span><br><span>Consents issued: 111</span><br><span>Dominant type: Townhouses</span></div>
tower_177400_2019,polygon,"POLYGON Z ((175.251450 -37.773029 0.0, 175.253041 -37.773029 0.0, 175.253041 -37.771772 0.0, 175.251450 -37.771772 0.0, 175.251450 -37.773029 0.0))",177400,Forest Lake (Hamilton City),2019,0,Houses,38,#2c7fb8cc,#1a1a1aff,10,120.0,0.0,2019-01-01T00:00:00.000Z,2019-12-31T00:00:00.000Z,1546300800,<div><strong>Forest Lake (Hamilton City)</strong><br><span>Year: 2019</span><br><span>Consents issued: 38</span><br><span>Dominant type: Houses</span></div>
tower_177400_2020,polygon,"POLYGON Z ((175.251450 -37.773029 120.0, 175.253041 -37.773029 120.0, 175.253041 -37.771772 120.0, 175.251450 -37.771772 120.0, 175.251450 -37.773029 120.0))",177400,Forest Lake (Hamilton City),2020,1,Houses,62,#2c7fb8cc,#1a1a1aff,10,120.0,120.0,2020-01-01T00:00:00.000Z,2020-12-31T00:00:00.000Z,1577836800,<div><strong>Forest Lake (Hamilton City)</strong><br><span>Year: 2020</span><br><span>Consents issued: 62</span><br><span>Dominant type: Houses</span></div>
tower_177400_2021,polygon,"POLYGON Z ((175.251450 -37.773029 240.0, 175.253041 -37.773029 240.0, 175.253041 -37.771772 240.0, 175.251450 -37.771772 240.0, 175.251450 -37.773029 240.0))",177400,Forest Lake (Hamilton City),2021,2,Houses,82,#2c7fb8cc,#1a1a1aff,10,120.0,240.0,2021-01-01T00:00:00.000Z,2021-12-31T00:00:00.000Z,1609459200,<div><strong>Forest Lake (Hamilton City)</strong><br><span>Year: 2021</span><br><span>Consents issued: 82</span><br><span>Dominant type: Houses</span></div>
tower_177400_2022,polygon,"POLYGON Z ((175.251450 -37.773029 360.0, 175.253041 -37.773029 360.0, 175.253041 -37.771772 360.0, 175.251450 -37.771772 360.0, 175.251450 -37.773029 360.0))",177400,Forest Lake (Hamilton City),2022,3,Houses,102,#2c7fb8cc,#1a1a1aff,10,120.0,360.0,2022-01-01T00:00:00.000Z,2022-12-31T00:00:00.000Z,1640995200,<div><strong>Forest Lake (Hamilton City)</strong><br><span>Year: 2022</span><br><span>Consents issued: 102</span><br><span>Dominant type: Houses</span></div>
tower_177400_2023,polygon,"POLYGON Z ((175.251450 -37.773029 480.0, 175.253041 -37.773029 480.0, 175.253041 -37.771772 480.0, 175.251450 -37.771772 480.0, 175.251450 -37.773029 480.0))",177400,Forest Lake (Hamilton City),2023,4,Houses,124,#2c7fb8cc,#1a1a1aff,10,120.0,480.0,2023-01-01T00:00:00.000Z,2023-12-31T00:00:00.000Z,1672531200,<div><strong>Forest Lake (Hamilton City)</strong><br><span>Year: 2023</span><br><span>Consents issued: 124</span><br><span>Dominant type: Houses</span></div>
tower_177600_2019,polygon,"POLYGON Z ((175.261659 -37.767531 0.0, 175.263250 -37.767531 0.0, 175.263250 -37.766273 0.0, 175.261659 -37.766273 0.0, 175.261659 -37.767531 0.0))",177600,Beerescourt,2019,0,Houses,18,#2c7fb8cc,#1a1a1aff,10,120.0,0.0,2019-01-01T00:00:00.000Z,2019-12-31T00:00:00.000Z,1546300800,<div><strong>Beerescourt</strong><br><span>Year: 2019</span><br><span>Consents issued: 18</span><br><span>Dominant type: Houses</span></div>
tower_177600_2020,polygon,"POLYGON Z ((175.261659 -37.767531 120.0, 175.263250 -37.767531 120.0, 175.263250 -37.766273 120.0, 175.261659 -37.766273 120.0, 175.261659 -37.767531 120.0))",177600,Beerescourt,2020,1,Houses,18,#2c7fb8cc,#1a1a1aff,10,120.0,120.0,2020-01-01T00:00:00.000Z,2020-12-31T00:00:00.000Z,1577836800,<div><strong>Beerescourt</strong><br><span>Year: 2020</span><br><span>Consents issued: 18</span><br><span>Dominant type: Houses</span></div>
tower_177600_2021,polygon,"POLYGON Z ((175.261659 -37.767531 240.0, 175.263250 -37.767531 240.0, 175.263250 -37.766273 240.0, 175.261659 -37.766273 240.0, 175.261659 -37.767531 240.0))",177600,Beerescourt,2021,2,Houses,21,#2c7fb8cc,#1a1a1aff,10,120.0,240.0,2021-01-01T00:00:00.000Z,2021-12-31T00:00:00.000Z,1609459200,<div><strong>Beerescourt</strong><br><span>Year: 2021</span><br><span>Consents issued: 21</span><br><span>Dominant type: Houses</span></div>
tower_177600_2022,polygon,"POLYGON Z ((175.261659 -37.767531 360.0, 175.263250 -37.767531 360.0, 175.263250 -37.766273 360.0, 175.261659 -37.766273 360.0, 175.261659 -37.767531 360.0))",177600,Beerescourt,2022,3,Houses,19,#2c7fb8cc,#1a1a1aff,10,120.0,360.0,2022-01-01T00:00:00.000Z,2022-12-31T00:00:00.000Z,1640995200,<div><strong>Beerescourt</strong><br><span>Year: 2022</span><br><span>Consents issued: 19</span><br><span>Dominant type: Houses</span></div>
tower_177600_2023,polygon,"POLYGON Z ((175.261659 -37.767531 480.0, 175.263250 -37.767531 480.0, 175.263250 -37.766273 480.0, 175.261659 -37.766273 480.0, 175.261659 -37.767531 480.0))",177600,Beerescourt,2023,4,Townhouses,20,#7fbc41cc,#1a1a1aff,10,120.0,480.0,2023-01-01T00:00:00.000Z,2023-12-31T00:00:00.000Z,1672531200,<div><strong>Beerescourt</strong><br><span>Year: 2023</span><br><span>Consents issued: 20</span><br><span>Dominant type: Townhouses</span></div>
tower_178901_2019,polygon,"POLYGON Z ((175.261129 -37.797875 0.0, 175.262721 -37.797875 0.0, 175.262721 -37.796618 0.0, 175.261129 -37.796618 0.0, 175.261129 -37.797875 0.0))",178901,Frankton Junction,2019,0,Houses,37,#2c7fb8cc,#1a1a1aff,10,120.0,0.0,2019-01-01T00:00:00.000Z,2019-12-31T00:00:00.000Z,1546300800,<div><strong>Frankton Junction</strong><br><span>Year: 2019</span><br><span>Consents issued: 37</span><br><span>Dominant type: Houses</span></div>
tower_178901_2020,polygon,"POLYGON Z ((175.261129 -37.797875 120.0, 175.262721 -37.797875 120.0, 175.262721 -37.796618 120.0, 175.261129 -37.796618 120.0, 175.261129 -37.797875 120.0))",178901,Frankton Junction,2020,1,Houses,39,#2c7fb8cc,#1a1a1aff,10,120.0,120.0,2020-01-01T00:00:00.000Z,2020-12-31T00:00:00.000Z,1577836800,<div><strong>Frankton Junction</strong><br><span>Year: 2020</span><br><span>Consents issued: 39</span><br><span>Dominant type: Houses</span></div>
tower_178901_2021,polygon,"POLYGON Z ((175.261129 -37.797875 240.0, 175.262721 -37.797875 240.0, 175.262721 -37.796618 240.0, 175.261129 -37.796618 240.0, 175.261129 -37.797875 240.0))",178901,Frankton Junction,2021,2,Houses,37,#2c7fb8cc,#1a1a1aff,10,120.0,240.0,2021-01-01T00:00:00.000Z,2021-12-31T00:00:00.000Z,1609459200,<div><strong>Frankton Junction</strong><br><span>Year: 2021</span><br><span>Consents issued: 37</span><br><span>Dominant type: Houses</span></div>
tower_178901_2022,polygon,"POLYGON Z ((175.261129 -37.797875 360.0, 175.262721 -37.797875 360.0, 175.262721 -37.796618 360.0, 175.261129 -37.796618 360.0, 175.261129 -37.797875 360.0))",178901,Frankton Junction,2022,3,Townhouses,38,#7fbc41cc,#1a1a1aff,10,120.0,360.0,2022-01-01T00:00:00.000Z,2022-12-31T00:00:00.000Z,1640995200,<div><strong>Frankton Junction</strong><br><span>Year: 2022</span><br><span>Consents issued: 38</span><br><span>Dominant type: Townhouses</span></div>
tower_178901_2023,polygon,"POLYGON Z ((175.261129 -37.797875 480.0, 175.262721 -37.797875 480.0, 175.262721 -37.796618 480.0, 175.261129 -37.796618 480.0, 175.261129 -37.797875 480.0))",178901,Frankton Junction,2023,4,Townhouses,41,#7fbc41cc,#1a1a1aff,10,120.0,480.0,2023-01-01T00:00:00.000Z,2023-12-31T00:00:00.000Z,1672531200,<div><strong>Frankton Junction</strong><br><span>Year: 2023</span><br><span>Consents issued: 41</span><br><span>Dominant type: Townhouses</span></div>
tower_176600_2019,polygon,"POLYGON Z ((175.267157 -37.747330 0.0, 175.268747 -37.747330 0.0, 175.268747 -37.746072 0.0, 175.267157 -37.746072 0.0, 175.267157 -37.747330 0.0))",176600,Queenwood (Hamilton City),2019,0,Houses,44,#2c7fb8cc,#1a1a1aff,10,120.0,0.0,2019-01-01T00:00:00.000Z,2019-12-31T00:00:00.000Z,1546300800,<div><strong>Queenwood (Hamilton City)</strong><br><span>Year: 2019</span><br><span>Consents issued: 44</span><br><span>Dominant type: Houses</span></div>
tower_176600_2020,polygon,"POLYGON Z ((175.267157 -37.747330 120.0, 175.268747 -37.747330 120.0, 175.268747 -37.746072 120.0, 175.267157 -37.746072 120.0, 175.267157 -37.747330 120.0))",176600,Queenwood (Hamilton City),2020,1,Houses,50,#2c7fb8cc,#1a1a1aff,10,120.0,120.0,2020-01-01T00:00:00.000Z,2020-12-31T00:00:00.000Z,1577836800,<div><strong>Queenwood (Hamilton City)</strong><br><span>Year: 2020</span><br><span>Consents issued: 50</span><br><span>Dominant type: Houses</span></div>
tower_176600_2021,polygon,"POLYGON Z ((175.267157 -37.747330 240.0, 175.268747 -37.747330 240.0, 175.268747 -37.746072 240.0, 175.267157 -37.746072 240.0, 175.267157 -37.747330 240.0))",176600,Queenwood (Hamilton City),2021,2,Houses,54,#2c7fb8cc,#1a1a1aff,10,120.0,240.0,2021-01-01T00:00:00.000Z,2021-12-31T00:00:00.000Z,1609459200,<div><strong>Queenwood (Hamilton City)</strong><br><span>Year: 2021</span><br><span>Consents issued: 54</span><br><span>Dominant type: Houses</span></div>
tower_176600_2022,polygon,"POLYGON Z ((175.267157 -37.747330 360.0, 175.268747 -37.747330 360.0, 175.268747 -37.746072 360.0, 175.267157 -37.746072 360.0, 175.267157 -37.747330 360.0))",176600,Queenwood (Hamilton City),2022,3,Townhouses,52,#7fbc41cc,#1a1a1aff,10,120.0,360.0,2022-01-01T00:00:00.000Z,2022-12-31T00:00:00.000Z,1640995200,<div><strong>Queenwood (Hamilton City)</strong><br><span>Year: 2022</span><br><span>Consents issued: 52</span><br><span>Dominant type: Townhouses</span></div>
tower_176600_2023,polygon,"POLYGON Z ((175.267157 -37.747330 480.0, 175.268747 -37.747330 480.0, 175.268747 -37.746072 480.0, 175.267157 -37.746072 480.0, 175.267157 -37.747330 480.0))",176600,Queenwood (Hamilton City),2023,4,Townhouses,56,#7fbc41cc,#1a1a1aff,10,120.0,480.0,2023-01-01T00:00:00.000Z,2023-12-31T00:00:00.000Z,1672531200,<div><strong>Queenwood (Hamilton City)</strong><br><span>Year: 2023</span><br><span>Consents issued: 56</span><br><span>Dominant type: Townhouses</span></div>
tower_180900_2019,polygon,"POLYGON Z ((175.287582 -37.819958 0.0, 175.289174 -37.819958 0.0, 175.289174 -37.818700 0.0, 175.287582 -37.818700 0.0, 175.287582 -37.819958 0.0))",180900,Glenview,2019,0,Houses,38,#2c7fb8cc,#1a1a1aff,10,120.0,0.0,2019-01-01T00:00:00.000Z,2019-12-31T00:00:00.000Z,1546300800,<div><strong>Glenview</strong><br><span>Year: 2019</span><br><span>Consents issued: 38</span><br><span>Dominant type: Houses</span></div>
tower_180900_2020,polygon,"POLYGON Z ((175.287582 -37.819958 120.0, 175.289174 -37.819958 120.0, 175.289174 -37.818700 120.0, 175.287582 -37.818700 120.0, 175.287582 -37.819958 120.0))",180900,Glenview,2020,1,Houses,52,#2c7fb8cc,#1a1a1aff,10,120.0,120.0,2020-01-01T00:00:00.000Z,2020-12-31T00:00:00.000Z,1577836800,<div><strong>Glenview</strong><br><span>Year: 2020</span><br><span>Consents issued: 52</span><br><span>Dominant type: Houses</span></div>
tower_180900_2021,polygon,"POLYGON Z ((175.287582 -37.819958 240.0, 175.289174 -37.819958 240.0, 175.289174 -37.818700 240.0, 175.287582 -37.818700 240.0, 175.287582 -37.819958 240.0))",180900,Glenview,2021,2,Houses,67,#2c7fb8cc,#1a1a1aff,10,120.0,240.0,2021-01-01T00:00:00.000Z,2021-12-31T00:00:00.000Z,1609459200,<div><strong>Glenview</strong><br><span>Year: 2021</span><br><span>Consents issued: 67</span><br><span>Dominant type: Houses</span></div>
tower_180900_2022,polygon,"POLYGON Z ((175.287582 -37.819958 360.0, 175.289174 -37.819958 360.0, 175.289174 -37.818700 360.0, 175.287582 -37.818700 360.0, 175.287582 -37.819958 360.0))",180900,Glenview,2022,3,Townhouses,87,#7fbc41cc,#1a1a1aff,10,120.0,360.0,2022-01-01T00:00:00.000Z,2022-12-31T00:00:00.000Z,1640995200,<div><strong>Glenview</strong><br><span>Year: 2022</span><br><span>Consents issued: 87</span><br><span>Dominant type: Townhouses</span></div>
tower_180900_2023,polygon,"POLYGON Z ((175.287582 -37.819958 480.0, 175.289174 -37.819958 480.0, 175.289174 -37.818700 480.0, 175.287582 -37.818700 480.0, 175.287582 -37.819958 480.0))",180900,Glenview,2023,4,Townhouses,100,#7fbc41cc,#1a1a1aff,10,120.0,480.0,2023-01-01T00:00:00.000Z,2023-12-31T00:00:00.000Z,1672531200,<div><strong>Glenview</strong><br><span>Year: 2023</span><br><span>Consents issued: 100</span><br><span>Dominant type: Townhouses</span></div>
tower_181200_2019,polygon,"POLYGON Z ((175.322379 -37.806357 0.0, 175.323970 -37.806357 0.0, 175.323970 -37.805099 0.0, 175.322379 -37.805099 0.0, 175.322379 -37.806357 0.0))",181200,Riverlea,2019,0,Houses,20,#2c7fb8cc,#1a1a1aff,10,120.0,0.0,2019-01-01T00:00:00.000Z,2019-12-31T00:00:00.000Z,1546300800,<div><strong>Riverlea</strong><br><span>Year: 2019</span><br><span>Consents issued: 20</span><br><span>Dominant type: Houses</span></div>
tower_181200_2020,polygon,"POLYGON Z ((175.322379 -37.806357 120.0, 175.323970 -37.806357 120.0, 175.323970 -37.805099 120.0, 175.322379 -37.805099 120.0, 175.322379 -37.806357 120.0))",181200,Riverlea,2020,1,Houses,17,#2c7fb8cc,#1a1a1aff,10,120.0,120.0,2020-01-01T00:00:00.000Z,2020-12-31T00:00:00.000Z,1577836800,<div><strong>Riverlea</strong><br><span>Year: 2020</span><br><span>Consents issued: 17</span><br><span>Dominant type: Houses</span></div>
tower_181200_2021,polygon,"POLYGON Z ((175.322379 -37.806357 240.0, 175.323970 -37.806357 240.0, 175.323970 -37.805099 240.0, 175.322379 -37.805099 240.0, 175.322379 -37.806357 240.0))",181200,Riverlea,2021,2,Houses,18,#2c7fb8cc,#1a1a1aff,10,120.0,240.0,2021-01-01T00:00:00.000Z,2021-12-31T00:00:00.000Z,1609459200,<div><strong>Riverlea</strong><br><span>Year: 2021</span><br><span>Consents issued: 18</span><br><span>Dominant type: Houses</span></div>
tower_181200_2022,polygon,"POLYGON Z ((175.322379 -37.806357 360.0, 175.323970 -37.806357 360.0, 175.323970 -37.805099 360.0, 175.322379 -37.805099 360.0, 175.322379 -37.806357 360.0))",181200,Riverlea,2022,3,Townhouses,20,#7fbc41cc,#1a1a1aff,10,120.0,360.0,2022-01-01T00:00:00.000Z,2022-12-31T00:00:00.000Z,1640995200,<div><strong>Riverlea</strong><br><span>Year: 2022</span><br><span>Consents issued: 20</span><br><span>Dominant type: Townhouses</span></div>
tower_181200_2023,polygon,"POLYGON Z ((175.322379 -37.806357 480.0, 175.323970 -37.806357 480.0, 175.323970 -37.805099 480.0, 175.322379 -37.805099 480.0, 175.322379 -37.806357 480.0))",181200,Riverlea,2023,4,Townhouses,22,#7fbc41cc,#1a1a1aff,10,120.0,480.0,2023-01-01T00:00:00.000Z,2023-12-31T00:00:00.000Z,1672531200,<div><strong>Riverlea</strong><br><span>Year: 2023</span><br><span>Consents issued: 22</span><br><span>Dominant type: Townhouses</span></div>
tower_179700_2019,polygon,"POLYGON Z ((175.293229 -37.791681 0.0, 175.294821 -37.791681 0.0, 175.294821 -37.790424 0.0, 175.293229 -37.790424 0.0, 175.293229 -37.791681 0.0))",179700,Hamilton East Village,2019,0,Houses,25,#2c7fb8cc,#1a1a1aff,10,120.0,0.0,2019-01-01T00:00:00.000Z,2019-12-31T00:00:00.000Z,1546300800,<div><strong>Hamilton East Village</strong><br><span>Year: 2019</span><br><span>Consents issued: 25</span><br><span>Dominant type: Houses</span></div>
tower_179700_2020,polygon,"POLYGON Z ((175.293229 -37.791681 120.0, 175.294821 -37.791681 120.0, 175.294821 -37.790424 120.0, 175.293229 -37.790424 120.0, 175.293229 -37.791681 120.0))",179700,Hamilton East Village,2020,1,Houses,38,#2c7fb8cc,#1a1a1aff,10,120.0,120.0,2020-01-01T00:00:00.000Z,2020-12-31T00:00:00.000Z,1577836800,<div><strong>Hamilton East Village</strong><br><span>Year: 2020</span><br><span>Consents issued: 38</span><br><span>Dominant type: Houses</span></div>
tower_179700_2021,polygon,"POLYGON Z ((175.293229 -37.791681 240.0, 175.294821 -37.791681 240.0, 175.294821 -37.790424 240.0, 175.293229 -37.790424 240.0, 175.293229 -37.791681 240.0))",179700,Hamilton East Village,2021,2,Houses,49,#2c7fb8cc,#1a1a1aff,10,120.0,240.0,2021-01-01T00:00:00.000Z,2021-12-31T00:00:00.000Z,1609459200,<div><strong>Hamilton East Village</strong><br><span>Year: 2021</span><br><span>Consents issued: 49</span><br><span>Dominant type: Houses</span></div>
tower_179700_2022,polygon,"POLYGON Z ((175.293229 -37.791681 360.0, 175.294821 -37.791681 360.0, 175.294821 -37.790424 360.0, 175.293229 -37.790424 360.0, 175.293229 -37.791681 360.0))",179700,Hamilton East Village,2022,3,Townhouses,60,#7fbc41cc,#1a1a1aff,10,120.0,360.0,2022-01-01T00:00:00.000Z,2022-12-31T00:00:00.000Z,1640995200,<div><strong>Hamilton East Village</strong><br><span>Year: 2022</span><br><span>Consents issued: 60</span><br><span>Dominant type: Townhouses</span></div>
tower_179700_2023,polygon,"POLYGON Z ((175.293229 -37.791681 480.0, 175.294821 -37.791681 480.0, 175.294821 -37.790424 480.0, 175.293229 -37.790424 480.0, 175.293229 -37.791681 480.0))",179700,Hamilton East Village,2023,4,Townhouses,69,#7fbc41cc,#1a1a1aff,10,120.0,480.0,2023-01-01T00:00:00.000Z,2023-12-31T00:00:00.000Z,1672531200,<div><strong>Hamilton East Village</strong><br><span>Year: 2023</span><br><span>Consents issued: 69</span><br><span>Dominant type: Townhouses</span></div>
tower_178301_2019,polygon,"POLYGON Z ((175.268348 -37.777997 0.0, 175.269939 -37.777997 0.0, 175.269939 -37.776739 0.0, 175.268348 -37.776739 0.0, 175.268348 -37.777997 0.0))",178301,Whitiora,2019,0,Houses,47,#2c7fb8cc,#1a1a1aff,10,120.0,0.0,2019-01-01T00:00:00.000Z,2019-12-31T00:00:00.000Z,1546300800,<div><strong>Whitiora</strong><br><span>Year: 2019</span><br><span>Consents issued: 47</span><br><span>Dominant type: Houses</span></div>
tower_178301_2020,polygon,"POLYGON Z ((175.268348 -37.777997 120.0, 175.269939 -37.777997 120.0, 175.269939 -37.776739 120.0, 175.268348 -37.776739 120.0, 175.268348 -37.777997 120.0))",178301,Whitiora,2020,1,Houses,66,#2c7fb8cc,#1a1a1aff,10,120.0,120.0,2020-01-01T00:00:00.000Z,2020-12-31T00:00:00.000Z,1577836800,<div><strong>Whitiora</strong><br><span>Year: 2020</span><br><span>Consents issued: 66</span><br><span>Dominant type: Houses</span></div>
tower_178301_2021,polygon,"POLYGON Z ((175.268348 -37.777997 240.0, 175.269939 -37.777997 240.0, 175.269939 -37.776739 240.0, 175.268348 -37.776739 240.0, 175.268348 -37.777997 240.0))",178301,Whitiora,2021,2,Houses,90,#2c7fb8cc,#1a1a1aff,10,120.0,240.0,2021-01-01T00:00:00.000Z,2021-12-31T00:00:00.000Z,1609459200,<div><strong>Whitiora</strong><br><span>Year: 2021</span><br><span>Consents issued: 90</span><br><span>Dominant type: Houses</span></div>
tower_178301_2022,polygon,"POLYGON Z ((175.268348 -37.777997 360.0, 175.269939 -37.777997 360.0, 175.269939 -37.776739 360.0, 175.268348 -37.776739 360.0, 175.268348 -37.777997 360.0))",178301,Whitiora,2022,3,Houses,112,#2c7fb8cc,#1a1a1aff,10,120.0,360.0,2022-01-01T00:00:00.000Z,2022-12-31T00:00:00.000Z,1640995200,<div><strong>Whitiora</strong><br><span>Year: 2022</span><br><span>Consents issued: 112</span><br><span>Dominant type: Houses</span></div>
tower_178301_2023,polygon,"POLYGON Z ((175.268348 -37.777997 480.0, 175.269939 -37.777997 480.0, 175.269939 -37.776739 480.0, 175.268348 -37.776739 480.0, 175.268348 -37.777997 480.0))",178301,Whitiora,2023,4,Houses,131,#2c7fb8cc,#1a1a1aff,10,120.0,480.0,2023-01-01T00:00:00.000Z,2023-12-31T00:00:00.000Z,1672531200,<div><strong>Whitiora</strong><br><span>Year: 2023</span><br><span>Consents issued: 131</span><br><span>Dominant type: Houses</span></div>
tower_177700_2019,polygon,"POLYGON Z ((175.271273 -37.765041 0.0, 175.272864 -37.765041 0.0, 175.272864 -37.763784 0.0, 175.271273 -37.763784 0.0, 175.271273 -37.765041 0.0))",177700,Miropiko,2019,0,Houses,17,#2c7fb8cc,#1a1a1aff,10,120.0,0.0,2019-01-01T00:00:00.000Z,2019-12-31T00:00:00.000Z,1546300800,<div><strong>Miropiko</strong><br><span>Year: 2019</span><br><span>Consents issued: 17</span><br><span>Dominant type: Houses</span></div>
tower_177700_2020,polygon,"POLYGON Z ((175.271273 -37.765041 120.0, 175.272864 -37.765041 120.0, 175.272864 -37.763784 120.0, 175.271273 -37.763784 120.0, 175.271273 -37.765041 120.0))",177700,Miropiko,2020,1,Houses,22,#2c7fb8cc,#1a1a1aff,10,120.0,120.0,2020-01-01T00:00:00.000Z,2020-12-31T00:00:00.000Z,1577836800,<div><strong>Miropiko</strong><br><span>Year: 2020</span><br><span>Consents issued: 22</span><br><span>Dominant type: Houses</span></div>
tower_177700_2021,polygon,"POLYGON Z ((175.271273 -37.765041 240.0, 175.272864 -37.765041 240.0, 175.272864 -37.763784 240.0, 175.271273 -37.763784 240.0, 175.271273 -37.765041 240.0))",177700,Miropiko,2021,2,Houses,23,#2c7fb8cc,#1a1a1aff,10,120.0,240.0,2021-01-01T00:00:00.000Z,2021-12-31T00:00:00.000Z,1609459200,<div><strong>Miropiko</strong><br><span>Year: 2021</span><br><span>Consents issued: 23</span><br><span>Dominant type: Houses</span></div>
tower_177700_2022,polygon,"POLYGON Z ((175.271273 -37.765041 360.0, 175.272864 -37.765041 360.0, 175.272864 -37.763784 360.0, 175.271273 -37.763784 360.0, 175.271273 -37.765041 360.0))",177700,Miropiko,2022,3,Townhouses,20,#7fbc41cc,#1a1a1aff,10,120.0,360.0,2022-01-01T00:00:00.000Z,2022-12-31T00:00:00.000Z,1640995200,<div><strong>Miropiko</strong><br><span>Year: 2022</span><br><span>Consents issued: 20</span><br><span>Dominant type: Townhouses</span></div>
tower_177700_2023,polygon,"POLYGON Z ((175.271273 -37.765041 480.0, 175.272864 -37.765041 480.0, 175.272864 -37.763784 480.0, 175.271273 -37.763784 480.0, 175.271273 -37.765041 480.0))",177700,Miropiko,2023,4,Townhouses,20,#7fbc41cc,#1a1a1aff,10,120.0,480.0,2023-01-01T00:00:00.000Z,2023-12-31T00:00:00.000Z,1672531200,<div><strong>Miropiko</strong><br><span>Year: 2023</span><br><span>Consents issued: 20</span><br><span>Dominant type: Townhouses</span></div>
tower_179501_2019,polygon,"POLYGON Z ((175.272514 -37.795979 0.0, 175.274106 -37.795979 0.0, 175.274106 -37.794721 0.0, 175.272514 -37.794721 0.0, 175.272514 -37.795979 0.0))",179501,Hamilton Lake North,2019,0,Houses,42,#2c7fb8cc,#1a1a1aff,10,120.0,0.0,2019-01-01T00:00:00.000Z,2019-12-31T00:00:00.000Z,1546300800,<div><strong>Hamilton Lake North</strong><br><span>Year: 2019</span><br><span>Consents issued: 42</span><br><span>Dominant type: Houses</span></div>
tower_179501_2020,polygon,"POLYGON Z ((175.272514 -37.795979 120.0, 175.274106 -37.795979 120.0, 175.274106 -37.794721 120.0, 175.272514 -37.794721 120.0, 175.272514 -37.795979 120.0))",179501,Hamilton Lake North,2020,1,Houses,50,#2c7fb8cc,#1a1a1aff,10,120.0,120.0,2020-01-01T00:00:00.000Z,2020-12-31T00:00:00.000Z,1577836800,<div><strong>Hamilton Lake North</strong><br><span>Year: 2020</span><br><span>Consents issued: 50</span><br><span>Dominant type: Houses</span></div>
tower_179501_2021,polygon,"POLYGON Z ((175.272514 -37.795979 240.0, 175.274106 -37.795979 240.0, 175.274106 -37.794721 240.0, 175.272514 -37.794721 240.0, 175.272514 -37.795979 240.0))",179501,Hamilton Lake North,2021,2,Houses,64,#2c7fb8cc,#1a1a1aff,10,120.0,240.0,2021-01-01T00:00:00.000Z,2021-12-31T00:00:00.000Z,1609459200,<div><strong>Hamilton Lake North</strong><br><span>Year: 2021</span><br><span>Consents issued: 64</span><br><span>Dominant type: Houses</span></div>
tower_179501_2022,polygon,"POLYGON Z ((175.272514 -37.795979 360.0, 175.274106 -37.795979 360.0, 175.274106 -37.794721 360.0, 175.272514 -37.794721 360.0, 175.272514 -37.795979 360.0))",179501,Hamilton Lake North,2022,3,Houses,69,#2c7fb8cc,#1a1a1aff,10,120.0,360.0,2022-01-01T00:00:00.000Z,2022-12-31T00:00:00.000Z,1640995200,<div><strong>Hamilton Lake North</strong><br><span>Year: 2022</span><br><span>Consents issued: 69</span><br><span>Dominant type: Houses</span></div>
tower_179501_2023,polygon,"POLYGON Z ((175.272514 -37.795979 480.0, 175.274106 -37.795979 480.0, 175.274106 -37.794721 480.0, 175.272514 -37.794721 480.0, 175.272514 -37.795979 480.0))",179501,Hamilton Lake North,2023,4,Houses,79,#2c7fb8cc,#1a1a1aff,10,120.0,480.0,2023-01-01T00:00:00.000Z,2023-12-31T00:00:00.000Z,1672531200,<div><strong>Hamilton Lake North</strong><br><span>Year: 2023</span><br><span>Consents issued: 79</span><br><span>Dominant type: Houses</span></div>
tower_175601_2019,polygon,"POLYGON Z ((175.264935 -37.717229 0.0, 175.266525 -37.717229 0.0, 175.266525 -37.715971 0.0, 175.264935 -37.715971 0.0, 175.264935 -37.717229 0.0))",175601,Rototuna North,2019,0,Houses,37,#2c7fb8cc,#1a1a1aff,10,120.0,0.0,2019-01-01T00:00:00.000Z,2019-12-31T00:00:00.000Z,1546300800,<div><strong>Rototuna North</strong><br><span>Year: 2019</span><br><span>Consents issued: 37</span><br><span>Dominant type: Houses</span></div>
tower_175601_2020,polygon,"POLYGON Z ((175.264935 -37.717229 120.0, 175.266525 -37.717229 120.0, 175.266525 -37.715971 120.0, 175.264935 -37.715971 120.0, 175.264935 -37.717229 120.0))",175601,Rototuna North,2020,1,Houses,43,#2c7fb8cc,#1a1a1aff,10,120.0,120.0,2020-01-01T00:00:00.000Z,2020-12-31T00:00:00.000Z,1577836800,<div><strong>Rototuna North</strong><br><span>Year: 2020</span><br><span>Consents issued: 43</span><br><span>Dominant type: Houses</span></div>
tower_175601_2021,polygon,"POLYGON Z ((175.264935 -37.717229 240.0, 175.266525 -37.717229 240.0, 175.266525 -37.715971 240.0, 175.264935 -37.715971 240.0, 175.264935 -37.717229 240.0))",175601,Rototuna North,2021,2,Houses,41,#2c7fb8cc,#1a1a1aff,10,120.0,240.0,2021-01-01T00:00:00.000Z,2021-12-31T00:00:00.000Z,1609459200,<div><strong>Rototuna North</strong><br><span>Year: 2021</span><br><span>Consents issued: 41</span><br><span>Dominant type: Houses</span></div>
tower_175601_2022,polygon,"POLYGON Z ((175.264935 -37.717229 360.0, 175.266525 -37.717229 360.0, 175.266525 -37.715971 360.0, 175.264935 -37.715971 360.0, 175.264935 -37.717229 360.0))",175601,Rototuna North,2022,3,Townhouses,47,#7fbc41cc,#1a1a1aff,10,120.0,360.0,2022-01-01T00:00:00.000Z,2022-12-31T00:00:00.000Z,1640995200,<div><strong>Rototuna North</strong><br><span>Year: 2022</span><br><span>Consents issued: 47</span><br><span>Dominant type: Townhouses</span></div>
tower_175601_2023,polygon,"POLYGON Z ((175.264935 -37.717229 480.0, 175.266525 -37.717229 480.0, 175.266525 -37.715971 480.0, 175.264935 -37.715971 480.0, 175.264935 -37.717229 480.0))",175601,Rototuna North,2023,4,Townhouses,49,#7fbc41cc,#1a1a1aff,10,120.0,480.0,2023-01-01T00:00:00.000Z,2023-12-31T00:00:00.000Z,1672531200,<div><strong>Rototuna North</strong><br><span>Year: 2023</span><br><span>Consents issued: 49</span><br><span>Dominant type: Townhouses</span></div>
tower_179502_2019,polygon,"POLYGON Z ((175.270092 -37.802984 0.0, 175.271684 -37.802984 0.0, 175.271684 -37.801726 0.0, 175.270092 -37.801726 0.0, 175.270092 -37.802984 0.0))",179502,Hamilton Lake South,2019,0,Houses,18,#2c7fb8cc,#1a1a1aff,10,120.0,0.0,2019-01-01T00:00:00.000Z,2019-12-31T00:00:00.000Z,1546300800,<div><strong>Hamilton Lake South</strong><br><span>Year: 2019</span><br><span>Consents issued: 18</span><br><span>Dominant type: Houses</span></div>
tower_179502_2020,polygon,"POLYGON Z ((175.270092 -37.802984 120.0, 175.271684 -37.802984 120.0, 175.271684 -37.801726 120.0, 175.270092 -37.801726 120.0, 175.270092 -37.802984 120.0))",179502,Hamilton Lake South,2020,1,Houses,23,#2c7fb8cc,#1a1a1aff,10,120.0,120.0,2020-01-01T00:00:00.000Z,2020-12-31T00:00:00.000Z,1577836800,<div><strong>Hamilton Lake South</strong><br><span>Year: 2020</span><br><span>Consents issued: 23</span><br><span>Dominant type: Houses</span></div>
tower_179502_2021,polygon,"POLYGON Z ((175.270092 -37.802984 240.0, 175.271684 -37.802984 240.0, 175.271684 -37.801726 240.0, 175.270092 -37.801726 240.0, 175.270092 -37.802984 240.0))",179502,Hamilton Lake South,2021,2,Houses,29,#2c7fb8cc,#1a1a1aff,10,120.0,240.0,2021-01-01T00:00:00.000Z,2021-12-31T00:00:00.000Z,1609459200,<div><strong>Hamilton Lake South</strong><br><span>Year: 2021</span><br><span>Consents issued: 29</span><br><span>Dominant type: Houses</span></div>
tower_179502_2022,polygon,"POLYGON Z ((175.270092 -37.802984 360.0, 175.271684 -37.802984 360.0, 175.271684 -37.801726 360.0, 175.270092 -37.801726 360.0, 175.270092 -37.802984 360.0))",179502,Hamilton Lake South,2022,3,Houses,36,#2c7fb8cc,#1a1a1aff,10,120.0,360.0,2022-01-01T00:00:00.000Z,2022-12-31T00:00:00.000Z,1640995200,<div><strong>Hamilton Lake South</strong><br><span>Year: 2022</span><br><span>Consents issued: 36</span><br><span>Dominant type: Houses</span></div>
tower_179502_2023,polygon,"POLYGON Z ((175.270092 -37.802984 480.0, 175.271684 -37.802984 480.0, 175.271684 -37.801726 480.0, 175.270092 -37.801726 480.0, 175.270092 -37.802984 480.0))",179502,Hamilton Lake South,2023,4,Houses,40,#2c7fb8cc,#1a1a1aff,10,120.0,480.0,2023-01-01T00:00:00.000Z,2023-12-31T00:00:00.000Z,1672531200,<div><strong>Hamilton Lake South</strong><br><span>Year: 2023</span><br><span>Consents issued: 40</span><br><span>Dominant type: Houses</span></div>
tower_176301_2019,polygon,"POLYGON Z ((175.238448 -37.760881 0.0, 175.240039 -37.760881 0.0, 175.240039 -37.759623 0.0, 175.238448 -37.759623 0.0, 175.238448 -37.760881 0.0))",176301,Te Rapa South,2019,0,Houses,21,#2c7fb8cc,#1a1a1aff,10,120.0,0.0,2019-01-01T00:00:00.000Z,2019-12-31T00:00:00.000Z,1546300800,<div><strong>Te Rapa South</strong><br><span>Year: 2019</span><br><span>Consents issued: 21</span><br><span>Dominant type: Houses</span></div>
tower_176301_2020,polygon,"POLYGON Z ((175.238448 -37.760881 120.0, 175.240039 -37.760881 120.0, 175.240039 -37.759623 120.0, 175.238448 -37.759623 120.0, 175.238448 -37.760881 120.0))",176301,Te Rapa South,2020,1,Houses,30,#2c7fb8cc,#1a1a1aff,10,120.0,120.0,2020-01-01T00:00:00.000Z,2020-12-31T00:00:00.000Z,1577836800,<div><strong>Te Rapa South</strong><br><span>Year: 2020</span><br><span>Consents issued: 30</span><br><span>Dominant type: Houses</span></div>
tower_176301_2021,polygon,"POLYGON Z ((175.238448 -37.760881 240.0, 175.240039 -37.760881 240.0, 175.240039 -37.759623 240.0, 175.238448 -37.759623 240.0, 175.238448 -37.760881 240.0))",176301,Te Rapa South,2021,2,Houses,37,#2c7fb8cc,#1a1a1aff,10,120.0,240.0,2021-01-01T00:00:00.000Z,2021-12-31T00:00:00.000Z,1609459200,<div><strong>Te Rapa South</strong><br><span>Year: 2021</span><br><span>Consents issued: 37</span><br><span>Dominant type: Houses</span></div>
tower_176301_2022,polygon,"POLYGON Z ((175.238448 -37.760881 360.0, 175.240039 -37.760881 360.0, 175.240039 -37.759623 360.0, 175.238448 -37.759623 360.0, 175.238448 -37.760881 360.0))",176301,Te Rapa South,2022,3,Houses,48,#2c7fb8cc,#1a1a1aff,10,120.0,360.0,2022-01-01T00:00:00.000Z,2022-12-31T00:00:00.000Z,1640995200,<div><strong>Te Rapa South</strong><br><span>Year: 2022</span><br><span>Consents issued: 48</span><br><span>Dominant type: Houses</span></div>
tower_176301_2023,polygon,"POLYGON Z ((175.238448 -37.760881 480.0, 175.240039 -37.760881 480.0, 175.240039 -37.759623 480.0, 175.238448 -37.759623 480.0, 175.238448 -37.760881 480.0))",176301,Te Rapa South,2023,4,Houses,56,#2c7fb8cc,#1a1a1aff,10,120.0,480.0,2023-01-01T00:00:00.000Z,2023-12-31T00:00:00.000Z,1672531200,<div><strong>Te Rapa South</strong><br><span>Year: 2023</span><br><span>Consents issued: 56</span><br><span>Dominant type: Houses</span></div>
tower_176500_2019,polygon,"POLYGON Z ((175.259774 -37.752615 0.0, 175.261365 -37.752615 0.0, 175.261365 -37.751358 0.0, 175.259774 -37.751358 0.0, 175.259774 -37.752615 0.0))",176500,Saint Andrews East,2019,0,Houses,31,#2c7fb8cc,#1a1a1aff,10,120.0,0.0,2019-01-01T00:00:00.000Z,2019-12-31T00:00:00.000Z,1546300800,<div><strong>Saint Andrews East</strong><br><span>Year: 2019</span><br><span>Consents issued: 31</span><br><span>Dominant type: Houses</span></div>
tower_176500_2020,polygon,"POLYGON Z ((175.259774 -37.752615 120.0, 175.261365 -37.752615 120.0, 175.261365 -37.751358 120.0, 175.259774 -37.751358 120.0, 175.259774 -37.752615 120.0))",176500,Saint Andrews East,2020,1,Houses,47,#2c7fb8cc,#1a1a1aff,10,120.0,120.0,2020-01-01T00:00:00.000Z,2020-12-31T00:00:00.000Z,1577836800,<div><strong>Saint Andrews East</strong><br><span>Year: 2020</span><br><span>Consents issued: 47</span><br><span>Dominant type: Houses</span></div>
tower_176500_2021,polygon,"POLYGON Z ((175.259774 -37.752615 240.0, 175.261365 -37.752615 240.0, 175.261365 -37.751358 240.0, 175.259774 -37.751358 240.0, 175.259774 -37.752615 240.0))",176500,Saint Andrews East,2021,2,Houses,62,#2c7fb8cc,#1a1a1aff,10,120.0,240.0,2021-01-01T00:00:00.000Z,2021-12-31T00:00:00.000Z,1609459200,<div><strong>Saint Andrews East</strong><br><span>Year: 2021</span><br><span>Consents issued: 62</span><br><span>Dominant type: Houses</span></div>
tower_176500_2022,polygon,"POLYGON Z ((175.259774 -37.752615 360.0, 175.261365 -37.752615 360.0, 175.261365 -37.751358 360.0, 175.259774 -37.751358 360.0, 175.259774 -37.752615 360.0))",176500,Saint Andrews East,2022,3,Townhouses,75,#7fbc41cc,#1a1a1aff,10,120.0,360.0,2022-01-01T00:00:00.000Z,2022-12-31T00:00:00.000Z,1640995200,<div><strong>Saint Andrews East</strong><br><span>Year: 2022</span><br><span>Consents issued: 75</span><br><span>Dominant type: Townhouses</span></div>
tower_176500_2023,polygon,"POLYGON Z ((175.259774 -37.752615 480.0, 175.261365 -37.752615 480.0, 175.261365 -37.751358 480.0, 175.259774 -37.751358 480.0, 175.259774 -37.752615 480.0))",176500,Saint Andrews East,2023,4,Townhouses,90,#7fbc41cc,#1a1a1aff,10,120.0,480.0,2023-01-01T00:00:00.000Z,2023-12-31T00:00:00.000Z,1672531200,<div><strong>Saint Andrews East</strong><br><span>Year: 2023</span><br><span>Consents issued: 90</span><br><span>Dominant type: Townhouses</span></div>
tower_175201_2019,polygon,"POLYGON Z ((175.220065 -37.729894 0.0, 175.221655 -37.729894 0.0, 175.221655 -37.728636 0.0, 175.220065 -37.728636 0.0, 175.220065 -37.729894 0.0))",175201,Te Rapa North,2019,0,Houses,29,#2c7fb8cc,#1a1a1aff,10,120.0,0.0,2019-01-01T00:00:00.000Z,2019-12-31T00:00:00.000Z,1546300800,<div><strong>Te Rapa North</strong><br><span>Year: 2019</span><br><span>Consents issued: 29</span><br><span>Dominant type: Houses</span></div>
tower_175201_2020,polygon,"POLYGON Z ((175.220065 -37.729894 120.0, 175.221655 -37.729894 120.0, 175.221655 -37.728636 120.0, 175.220065 -37.728636 120.0, 175.220065 -37.729894 120.0))",175201,Te Rapa North,2020,1,Houses,36,#2c7fb8cc,#1a1a1aff,10,120.0,120.0,2020-01-01T00:00:00.000Z,2020-12-31T00:00:00.000Z,1577836800,<div><strong>Te Rapa North</strong><br><span>Year: 2020</span><br><span>Consents issued: 36</span><br><span>Dominant type: Houses</span></div>
tower_175201_2021,polygon,"POLYGON Z ((175.220065 -37.729894 240.0, 175.221655 -37.729894 240.0, 175.221655 -37.728636 240.0, 175.220065 -37.728636 240.0, 175.220065 -37.729894 240.0))",175201,Te Rapa North,2021,2,Houses,42,#2c7fb8cc,#1a1a1aff,10,120.0,240.0,2021-01-01T00:00:00.000Z,2021-12-31T00:00:00.000Z,1609459200,<div><strong>Te Rapa North</strong><br><span>Year: 2021</span><br><span>Consents issued: 42</span><br><span>Dominant type: Houses</span></div>
tower_175201_2022,polygon,"POLYGON Z ((175.220065 -37.729894 360.0, 175.221655 -37.729894 360.0, 175.221655 -37.728636 360.0, 175.220065 -37.728636 360.0, 175.220065 -37.729894 360.0))",175201,Te Rapa North,2022,3,Townhouses,47,#7fbc41cc,#1a1a1aff,10,120.0,360.0,2022-01-01T00:00:00.000Z,2022-12-31T00:00:00.000Z,1640995200,<div><strong>Te Rapa North</strong><br><span>Year: 2022</span><br><span>Consents issued: 47</span><br><span>Dominant type: Townhouses</span></div>
tower_175201_2023,polygon,"POLYGON Z ((175.220065 -37.729894 480.0, 175.221655 -37.729894 480.0, 175.221655 -37.728636 480.0, 175.220065 -37.728636 480.0, 175.220065 -37.729894 480.0))",175201,Te Rapa North,2023,4,Townhouses,53,#7fbc41cc,#1a1a1aff,10,120.0,480.0,2023-01-01T00:00:00.000Z,2023-12-31T00:00:00.000Z,1672531200,<div><strong>Te Rapa North</strong><br><span>Year: 2023</span><br><span>Consents issued: 53</span><br><span>Dominant type: Townhouses</span></div>
tower_179202_2019,polygon,"POLYGON Z ((175.318694 -37.780053 0.0, 175.320285 -37.780053 0.0, 175.320285 -37.778796 0.0, 175.318694 -37.778796 0.0, 175.318694 -37.780053 0.0))",179202,Ruakura,2019,0,Houses,34,#2c7fb8cc,#1a1a1aff,10,120.0,0.0,2019-01-01T00:00:00.000Z,2019-12-31T00:00:00.000Z,1546300800,<div><strong>Ruakura</strong><br><span>Year: 2019</span><br><span>Consents issued: 34</span><br><span>Dominant type: Houses</span></div>
tower_179202_2020,polygon,"POLYGON Z ((175.318694 -37.780053 120.0, 175.320285 -37.780053 120.0, 175.320285 -37.778796 120.0, 175.318694 -37.778796 120.0, 175.318694 -37.780053 120.0))",179202,Ruakura,2020,1,Houses,52,#2c7fb8cc,#1a1a1aff,10,120.0,120.0,2020-01-01T00:00:00.000Z,2020-12-31T00:00:00.000Z,1577836800,<div><strong>Ruakura</strong><br><span>Year: 2020</span><br><span>Consents issued: 52</span><br><span>Dominant type: Houses</span></div>
tower_179202_2021,polygon,"POLYGON Z ((175.318694 -37.780053 240.0, 175.320285 -37.780053 240.0, 175.320285 -37.778796 240.0, 175.318694 -37.778796 240.0, 175.318694 -37.780053 240.0))",179202,Ruakura,2021,2,Houses,65,#2c7fb8cc,#1a1a1aff,10,120.0,240.0,2021-01-01T00:00:00.000Z,2021-12-31T00:00:00.000Z,1609459200,<div><strong>Ruakura</strong><br><span>Year: 2021</span><br><span>Consents issued: 65</span><br><span>Dominant type: Houses</span></div>
tower_179202_2022,polygon,"POLYGON Z ((175.318694 -37.780053 360.0, 175.320285 -37.780053 360.0, 175.320285 -37.778796 360.0, 175.318694 -37.778796 360.0, 175.318694 -37.780053 360.0))",179202,Ruakura,2022,3,Houses,82,#2c7fb8cc,#1a1a1aff,10,120.0,360.0,2022-01-01T00:00:00.000Z,2022-12-31T00:00:00.000Z,1640995200,<div><strong>Ruakura</strong><br><span>Year: 2022</span><br><span>Consents issued: 82</span><br><span>Dominant type: Houses</span></div>
tower_179202_2023,polygon,"POLYGON Z ((175.318694 -37.780053 480.0, 175.320285 -37.780053 480.0, 175.320285 -37.778796 480.0, 175.318694 -37.778796 480.0, 175.318694 -37.780053 480.0))",179202,Ruakura,2023,4,Townhouses,102,#7fbc41cc,#1a1a1aff,10,120.0,480.0,2023-01-01T00:00:00.000Z,2023-12-31T00:00:00.000Z,1672531200,<div><strong>Ruakura</strong><br><span>Year: 2023</span><br><span>Consents issued: 102</span><br><span>Dominant type: Townhouses</span></div>
tower_178600_2019,polygon,"POLYGON Z ((175.218437 -37.817953 0.0, 175.220029 -37.817953 0.0, 175.220029 -37.816695 0.0, 175.218437 -37.816695 0.0, 175.218437 -37.817953 0.0))",178600,Temple View,2019,0,Houses,39,#2c7fb8cc,#1a1a1aff,10,120.0,0.0,2019-01-01T00:00:00.000Z,2019-12-31T00:00:00.000Z,1546300800,<div><strong>Temple View</strong><br><span>Year: 2019</span><br><span>Consents issued: 39</span><br><span>Dominant type: Houses</span></div>
tower_178600_2020,polygon,"POLYGON Z ((175.218437 -37.817953 120.0, 175.220029 -37.817953 120.0, 175.220029 -37.816695 120.0, 175.218437 -37.816695 120.0, 175.218437 -37.817953 120.0))",178600,Temple View,2020,1,Houses,55,#2c7fb8cc,#1a1a1aff,10,120.0,120.0,2020-01-01T00:00:00.000Z,2020-12-31T00:00:00.000Z,1577836800,<div><strong>Temple View</strong><br><span>Year: 2020</span><br><span>Consents issued: 55</span><br><span>Dominant type: Houses</span></div>
tower_178600_2021,polygon,"POLYGON Z ((175.218437 -37.817953 240.0, 175.220029 -37.817953 240.0, 175.220029 -37.816695 240.0, 175.218437 -37.816695 240.0, 175.218437 -37.817953 240.0))",178600,Temple View,2021,2,Houses,71,#2c7fb8cc,#1a1a1aff,10,120.0,240.0,2021-01-01T00:00:00.000Z,2021-12-31T00:00:00.000Z,1609459200,<div><strong>Temple View</strong><br><span>Year: 2021</span><br><span>Consents issued: 71</span><br><span>Dominant type: Houses</span></div>
tower_178600_2022,polygon,"POLYGON Z ((175.218437 -37.817953 360.0, 175.220029 -37.817953 360.0, 175.220029 -37.816695 360.0, 175.218437 -37.816695 360.0, 175.218437 -37.817953 360.0))",178600,Temple View,2022,3,Houses,84,#2c7fb8cc,#1a1a1aff,10,120.0,360.0,2022-01-01T00:00:00.000Z,2022-12-31T00:00:00.000Z,1640995200,<div><strong>Temple View</strong><br><span>Year: 2022</span><br><span>Consents issued: 84</span><br><span>Dominant type: Houses</span></div>
tower_178600_2023,polygon,"POLYGON Z ((175.218437 -37.817953 480.0, 175.220029 -37.817953 480.0, 175.220029 -37.816695 480.0, 175.218437 -37.816695 480.0, 175.218437 -37.817953 480.0))",178600,Temple View,2023,4,Townhouses,97,#7fbc41cc,#1a1a1aff,10,120.0,480.0,2023-01-01T00:00:00.000Z,2023-12-31T00:00:00.000Z,1672531200,<div><strong>Temple View</strong><br><span>Year: 2023</span><br><span>Consents issued: 97</span><br><span>Dominant type: Townhouses</span></div>
tower_181301_2019,polygon,"POLYGON Z ((175.315270 -37.825909 0.0, 175.316862 -37.825909 0.0, 175.316862 -37.824651 0.0, 175.315270 -37.824651 0.0, 175.315270 -37.825909 0.0))",181301,Peacocke,2019,0,Houses,20,#2c7fb8cc,#1a1a1aff,10,120.0,0.0,2019-01-01T00:00:00.000Z,2019-12-31T00:00:00.000Z,1546300800,<div><strong>Peacocke</strong><br><span>Year: 2019</span><br><span>Consents issued: 20</span><br><span>Dominant type: Houses</span></div>
tower_181301_2020,polygon,"POLYGON Z ((175.315270 -37.825909 120.0, 175.316862 -37.825909 120.0, 175.316862 -37.824651 120.0, 175.315270 -37.824651 120.0, 175.315270 -37.825909 120.0))",181301,Peacocke,2020,1,Houses,20,#2c7fb8cc,#1a1a1aff,10,120.0,120.0,2020-01-01T00:00:00.000Z,2020-12-31T00:00:00.000Z,1577836800,<div><strong>Peacocke</strong><br><span>Year: 2020</span><br><span>Consents issued: 20</span><br><span>Dominant type: Houses</span></div>
tower_181301_2021,polygon,"POLYGON Z ((175.315270 -37.825909 240.0, 175.316862 -37.825909 240.0, 175.316862 -37.824651 240.0, 175.315270 -37.824651 240.0, 175.315270 -37.825909 240.0))",181301,Peacocke,2021,2,Houses,25,#2c7fb8cc,#1a1a1aff,10,120.0,240.0,2021-01-01T00:00:00.000Z,2021-12-31T00:00:00.000Z,1609459200,<div><strong>Peacocke</strong><br><span>Year: 2021</span><br><span>Consents issued: 25</span><br><span>Dominant type: Houses</span></div>
tower_181301_2022,polygon,"POLYGON Z ((175.315270 -37.825909 360.0, 175.316862 -37.825909 360.0, 175.316862 -37.824651 360.0, 175.315270 -37.824651 360.0, 175.315270 -37.825909 360.0))",181301,Peacocke,2022,3,Houses,32,#2c7fb8cc,#1a1a1aff,10,120.0,360.0,2022-01-01T00:00:00.000Z,2022-12-31T00:00:00.000Z,1640995200,<div><strong>Peacocke</strong><br><span>Year: 2022</span><br><span>Consents issued: 32</span><br><span>Dominant type: Houses</span></div>
tower_181301_2023,polygon,"POLYGON Z ((175.315270 -37.825909 480.0, 175.316862 -37.825909 480.0, 175.316862 -37.824651 480.0, 175.315270 -37.824651 480.0, 175.315270 -37.825909 480.0))",181301,Peacocke,2023,4,Houses,35,#2c7fb8cc,#1a1a1aff,10,120.0,480.0,2023-01-01T00:00:00.000Z,2023-12-31T00:00:00.000Z,1672531200,<div><strong>Peacocke</strong><br><span>Year: 2023</span><br><span>Consents issued: 35</span><br><span>Dominant type: Houses</span></div>
tower_175401_2019,polygon,"POLYGON Z ((175.211359 -37.755270 0.0, 175.212949 -37.755270 0.0, 175.212949 -37.754012 0.0, 175.211359 -37.754012 0.0, 175.211359 -37.755270 0.0))",175401,Burbush-Baverstock,2019,0,Houses,17,#2c7fb8cc,#1a1a1aff,10,120.0,0.0,2019-01-01T00:00:00.000Z,2019-12-31T00:00:00.000Z,1546300800,<div><strong>Burbush-Baverstock</strong><br><span>Year: 2019</span><br><span>Consents issued: 17</span><br><span>Dominant type: Houses</span></div>
tower_175401_2020,polygon,"POLYGON Z ((175.211359 -37.755270 120.0, 175.212949 -37.755270 120.0, 175.212949 -37.754012 120.0, 175.211359 -37.754012 120.0, 175.211359 -37.755270 120.0))",175401,Burbush-Baverstock,2020,1,Houses,20,#2c7fb8cc,#1a1a1aff,10,120.0,120.0,2020-01-01T00:00:00.000Z,2020-12-31T00:00:00.000Z,1577836800,<div><strong>Burbush-Baverstock</strong><br><span>Year: 2020</span><br><span>Consents issued: 20</span><br><span>Dominant type: Houses</span></div>
tower_175401_2021,polygon,"POLYGON Z ((175.211359 -37.755270 240.0, 175.212949 -37.755270 240.0, 175.212949 -37.754012 240.0, 175.211359 -37.754012 240.0, 175.211359 -37.755270 240.0))",175401,Burbush-Baverstock,2021,2,Houses,24,#2c7fb8cc,#1a1a1aff,10,120.0,240.0,2021-01-01T00:00:00.000Z,2021-12-31T00:00:00.000Z,1609459200,<div><strong>Burbush-Baverstock</strong><br><span>Year: 2021</span><br><span>Consents issued: 24</span><br><span>Dominant type: Houses</span></div>
tower_175401_2022,polygon,"POLYGON Z ((175.211359 -37.755270 360.0, 175.212949 -37.755270 360.0, 175.212949 -37.754012 360.0, 175.211359 -37.754012 360.0, 175.211359 -37.755270 360.0))",175401,Burbush-Baverstock,2022,3,Houses,32,#2c7fb8cc,#1a1a1aff,10,120.0,360.0,2022-01-01T00:00:00.000Z,2022-12-31T00:00:00.000Z,1640995200,<div><strong>Burbush-Baverstock</strong><br><span>Year: 2022</span><br><span>Consents issued: 32</span><br><span>Dominant type: Houses</span></div>
tower_175401_2023,polygon,"POLYGON Z ((175.211359 -37.755270 480.0, 175.212949 -37.755270 480.0, 175.212949 -37.754012 480.0, 175.211359 -37.754012 480.0, 175.211359 -37.755270 480.0))",175401,Burbush-Baverstock,2023,4,Houses,34,#2c7fb8cc,#1a1a1aff,10,120.0,480.0,2023-01-01T00:00:00.000Z,2023-12-31T00:00:00.000Z,1672531200,<div><strong>Burbush-Baverstock</strong><br><span>Year: 2023</span><br><span>Consents issued: 34</span><br><span>Dominant type: Houses</span></div>
