geometry_id,layer_type,road_feature_id,road_surface,road_name,road_length_total_km,road_length_rank,path_width_m,path_color_value,path_color_hex,wkp,tooltip_html
road_8324993,path,8324993,sealed,WAIKATO EXPRESSWAY,19.575358367852445,1,127,#1464a5cc,#1464a5cc,@EAAgrudmIryhwfAuAlTu@|RGbBwQfrF{Bni@{Dl_A{IbfBwMnaDyC|s@kAb]WlXOjTDxTXd\t@f_@vNhmGjOb`HtOxaHrDlwAjHt~Dd@f^?l^Ifl@_Anu@sBrgAyDvbAsD`m@sGn|@yGvq@{K~aAm[ppCg\dwCyL~fAeOboAoLddAoF``@a@vCIb@cIlc@wDxPGX_CjKqPrl@wRjn@w[`{@aThf@mE`KuPj\kPzZiUda@qT`^}QxXgT`\u`@ti@o}@`fAstA~}Aou@bx@mV`Xez@d~@_g@vi@wz@`|@kr@fn@op@rj@g`@lZsFvDcu@~g@i{@bi@s@b@kc@tWoa@~T{c@vUik@fX_j@jWek@pUkm@|Uke@dQqf@lPks@`Uuo@fR}j@nOge@jLqc@nKwf@lKwm@rLwGjAei@nJck@`JqeAlNgt@jJym@fJgc@vHkg@fKge@vK_k@~Nya@zLwc@|Nke@xP{h@xTi`@pQq`@dRo]lRk^pSoYxQmBrAaXtQ}]vWsV~R{X`VqY|Xm_@~_@_YnY_gBrfBy|Ad{Amo@rn@sxBdyBg|@~u@om@pf@_k@pa@}\~TsZxRyOnJgn@v]o`@`Tmg@jVil@bWa~@d^yw@jYuMbEif@hOo_Bre@akJznCeqAf_@ehCrt@uhAzZm_ApV_z@~R_y@nQaQvDczDtv@}fDzo@wj@hLod@~Jk^nJq_@rKi]rKcYpJ}VxIa]xM_^jOiVfLkK~E{VhMsZbPc[hQwXjPiZbSyUxPmUhQk_@p\i[pYu[|[e[~]yYt_@kT|YeD~EuHdLgPbXy|AfmCa{B~zD{F|JkItNihAdnBg\jk@mvDvuGeSj]cbBdtC_h@h~@ct@trAoDrGiDlGezApnCeiAzsBgdAhoBeYrg@k[xh@ye@xr@w_@jh@_p@dw@qa@xc@wh@zh@yn@nk@,<div><strong>WAIKATO EXPRESSWAY</strong><br><span>Surface: sealed</span><br><span>Length: 19.58 km</span><br><span>Length rank: 1</span></div>
road_8324992,path,8324992,sealed,RIVER ROAD,12.152923828724996,2,111,#1464a5cc,#1464a5cc,@EAAufsgmIvlk~fAbFh@vELhH?pMO|Im@nL}@|JsAhMcCtBy@jHoCzM}FdLoIlKqI`IgL~d@q_AbO}XzAsCdB}EpHjBbCL~CFdDEnC_@lRgEhTeEtiCue@bJaBtWgGn@SjKaD`NgH~IaGdDgChN}NjN}NrKiJpGiDpH}DdJeDpLeEjE{ApP{Erc@kN~FkBlw@sWjC{@rc@oN`WgIxMiExc@iNzzAie@~QgHpJkEhHaEtC_B~LiHbIcF~LkJfL_Kr`BowAd^g[d[uXfZiUpHaGlGuFnb@g`@rY}Wbr@{n@ri@kf@xeA{dAtNyOdEaJ|CsHzBaHnAiLjAuPz@kSt@s^|Aw]pAyLzA{F|DoMtG_LvAeBxCuD\[pFeFzF_E|KuFvNqF|Y{HvQkDpl@sJ~OsDlHkBhDgAvDyAlEcBzE{B`HkEbGaE~EqEvD}D~DmFfD_GnD}HpDwJbPeg@zKs^zLq`@tCoItCyG~CcG`DwF|DwG`HaK|q@{|@zAcCzBkDzAyCrBkEpC_H|Ya{@vQii@pR}j@tRol@h[k`AJ[lY{aA~Rov@fSex@pZsmA`Ocl@rW{dAlE{NvCoIzBqG~B}FlD{H@C|LcV~FuJxFuIpJiMlHuI~L{Mrl@cm@vLqLfIeIjy@ap@rv@_j@xUsPnReNpOkLtGsFfI_HnIaIv\{\xIeJbYkVhFiEnCyBVUbLaIxAiArIeG~CqBxCkB|ByAzA}@bOoIhtAww@jJqGvEcD`L}HbKkHhYoT`v@gm@bj@oc@`LiJpLkJ~IsItf@kb@ht@ko@pMaMrJiJfYsWh\qZ|KuHvLaGvP{GdNaEzM{CvPmCjR_B~Ia@nKUdECnDCx[@zzA@jbA@vi@Grf@e@du@mBnc@oA|CIfQi@dK]pMs@pKaAj`@iE`wAiPvdAgL~OkBnG}@`HsAlJwBbGmBjIcD|EsBbFiCfCqAdl@qZvUyLzO}HvIyEvDwB|CsBvDoCpC}BdDwC~WmXxv@mx@tPiQtGsGzCiClDyC|HsFjIgGlLcIn^{V|P{LdPgLpPsLjo@md@|RmNdIuFvS_N|K_HdI_F|~@{h@hqAgu@bc@wVdFuCvXkPpt@eh@v\cV`IwEhF{CrPkIvMuFdPuE|RqEbNiBlNyAvLs@tK_@bGEzJA`SRtb@f@`PCxOKb]eBhKgAnHcAjFq@jEs@bF_AlEcAbFiA|EgA`EgAnEuAlEsApEsAzF}BzJaEvbB_t@vQqInHkD`GeDjDsBxCsBbD_ClDsCdDqCvCoC|CyCvIcJ`KsLfl@}p@rFkGNQhcAgjAtaBelB|CiDfCaClCmCrEaExFqE~WmRjeAot@pdB_mA~kAez@,<div><strong>RIVER ROAD</strong><br><span>Surface: sealed</span><br><span>Length: 12.15 km</span><br><span>Length rank: 2</span></div>
road_3200519,path,3200519,sealed,TUHIKARAMEA ROAD,9.549813901011552,3,103,#1464a5cc,#1464a5cc,@EAAq|ggmIflyagAlCr\rKh`@tI`[h@dFi@pI_B|IwFdZyYdvAeCxLu@tG?nB?`Cp@lDn@nDnBdE|EnG|j@~c@`[tVna@v\zMhOh]lc@dPrRrMjMdbAfz@~S|Q`d@p_@fNvLf\lYvF~Etq@nl@dy@hs@ppB`eBt_BduA~z@dt@bl@rg@n`Ady@f{@lt@|{@rt@p[~WVRneAp~@fObLpRjL~UlLfv@~[v{@t^rd@zRlMxG~DlCvJxKtCjFlH`PbE`Q@DBHnHzUfBhOW~V}BnLeEbNeBxFcF~LmClG}AdEkBjG_@fDe@xDExCE|EZtFf@tDnA|FjAdDlBhEfAlBzF|J|Qp[bGfMDDdM|Sda@fq@dH|L|ClFhAnBpDvGDFlf@tx@bDrFvLzUnm@dfA`Ztm@rKtTrD`HlErE`GhHnG~F~EbDtRxKz_@dTlWlNPJhHzD`FnCrd@zV~k@d\dHpE|EtDlFzEzDlEvDvEjEfIbDrJdDvKtE`SnEnQlGtVzAdG`B`HNj@`@vA`@fBd@fBjEpQzFhUpBpIpAjFlDpNjCpK|EtSvGlWjEbRnEnTdDbVtBxVlBbWpCj_@fCp]~AbT`BdUbAlKhAdLvAbI~A~F|@`DhBlEtCrF|AfClDhFzDbFrDjExIzJhDdE|F`HdE~ErClDlCnDdCjDfC|D|ArCjC|Fb@dAjB~EzBpJz@fHx@xJp@bQVfO\vPR~OTbRR`MFlGL~Md@dWl@fP`AbIv@dG`C`JbHjNzEzG`IvIxEhEtJ|GfQfLb[jR~PhKxIvFxK|HzKbKpB|BvBnCnDvF|BhEvBzGbC|H~DxQbAdFxAvHfFdXtElVfDnQlAzHv@fEp@fG^hDHpGCvFc@jIq@zEgCzKqB|HeItWwNle@gHdWyAbHu@dFc@vH@~Hl@lN|@dH~BlKxD|JtEjIjEnFtHtHlMvKr\lXj\rWtNbKrGrD~EhClMdFhFtA~EnApGpAjXdD|d@vE|RhBlJ`AhHh@fJl@`Mb@jMHnHDdN[`r@kB~q@oBty@yBrx@_CtL_@`v@}Bry@sBn_@UjTr@xMnAtFr@nPfDzL|DdMpGxKlHvZbXhTlThTrS|Zr\xTxSxJnHtM`HrJdEdOdEpGxA`QrBlNz@bP`@ll@b@vONlPb@|Mr@xEXpe@tCnRT,<div><strong>TUHIKARAMEA ROAD</strong><br><span>Surface: sealed</span><br><span>Length: 9.55 km</span><br><span>Length rank: 3</span></div>
road_3200521,path,3200521,sealed,WHATAWHATA ROAD,8.68039380384376,4,100,#1464a5cc,#1464a5cc,@EAAghpamIvu~agAoX]{Z_Ami@q@mk@Smx@Wof@Ka_@Gg_@UiTK_NI}LGsl@]{g@WeLGa`@Sma@S}^U}SMuKIg^O_d@Wy\Ii\Sgl@]s[KoBAmIA}^Ou\Uwa@[a\i@yHMqDK{EQ{La@oJe@uJi@aG[aLg@cOSoEAgAAgBDeADeAJeAHmCVeALiBZiDj@mATeCj@aE|@gEjAqF|AcF`B}G`CiDpA_Cx@gDhAuFfBuCp@wE`AwDj@wDh@}CR}CLeCB_CEyCGeCG{DK_BK}AUoB]aJqBqDgAsB}@oBcA_By@}CcBwBoAwBqAq@g@sAqA_C{CiCqDmCeE_FmJ{CmFiFmJaGiLkGoJ{FmKeI_OuGgL_A_By@}Am@eAy@wAcAcBgE_GkAqAiAkAeBkBoBmBgBeBcCsBqDaCeDcBwEaCqIaE_OcHuE{B_OgH_TwJ_VuK_HeC_Bm@qBo@kJqC{Cs@eDs@_Eu@qDs@kEs@mDi@iNsBmMmB_[sEe\yEwEk@sD]qCU}BMyDUkBGaFMiECmF@{DFyEJiYr@o@@U@iITa`@|@wh@jA_NZuMX{O^mSd@uQ`@k\v@sYp@yQ`@}GJeFDaKG{HUyGSqKe@yJe@iPw@gPu@cDQ_TeAsIa@oZwA}J]}GQgECiEDcEJaH\sD\kHbAcEv@mFjAmFfBeFlBwEzBkFjCyHpE}MxIaEfCuDpByCrAmEjBsCdAaFrA}D|@uEv@yGp@sIh@eLZiWZy^TiYZwVNe`@Vk]Va\Tk\Tga@\ub@^ce@\iH?kCAmC?aIKoGKqM_@oHSaHW{X_AoL_@_Nc@_MWmVUgTGsVKg]OiQKwVOm[_@{c@Wk^Yu]Sqe@_@ufAiA_h@s@{_@yAozAkEk[_AoSg@m{AkEcSq@e_@eAge@oAgn@eB}a@kA}AGeLc@{Lg@aBIuIc@uPoA{VaCki@yEmr@uGi]sC_J]wPs@kPO{g@[eCAkt@W}NL_Mh@wJj@{Gd@mSxBqZ`FgP|DiT`HcPjFoMtEqGhBuD|@oEfAkItBwIdB{NdC}\zFo[`G_NdCkU`FiTtFyPpEu\fKuW`HgBf@wv@bTweDd~@_q@|Qcp@lOweBjCmEFg]h@ogA`Bgg@t@{Tb@uf@bAu|@lAom@vAgt@Ja`@wDak@eJgi@uIcFy@cn@aKyp@wKwmAaS_k@kJgaAyOkj@kJenAySmMoBmKaBq{@}M}OyC,<div><strong>WHATAWHATA ROAD</strong><br><span>Surface: sealed</span><br><span>Length: 8.68 km</span><br><span>Length rank: 4</span></div>
road_100047455,path,100047455,sealed,GORDONTON ROAD,8.64570288946305,5,100,#1464a5cc,#1464a5cc,@EAAcgpkmIb`~zfAj}@r~CzCbKxC~I`GpOb\|s@re@~cArx@`eB`DlF~BlDxCbEjBjCxBdCHJ~CzCpCdC~ChC`E|C`OdIxYhNlr@d[lqBd}@~IbEvyAzq@tNjHjE`C~EtDfH|EjHpFhItFtItGlt@tj@pk@vc@fb@~[zCzBdGlE|ShPbMvJvKxIhJtHvLrKxHlIpHxJtDhHvCfH|AhFj@zBfA|Dj@tETnDJnJ[tIm@vHy@rEgEdSyLle@wd@peBqa@~{AgOxh@kFtS_BxIk@|IUvJNpIbAlJjBtIjClI|DxHpB~CnBzCpG~GnHrGhIvFhJxEzD~A~D`B`Q`FbL`CtLrBlQxCjSjDtY|E~L~BtLxBpLrCxJrCfFdB~FxBnEnBhErBlEdC`DdC|ExCbGnEvDnChDtClGxEjb@l\`c@`]zGlFpI`HhVtRzVvSzC~Bz@p@fSdSjN~O`K`MxJdNvIxLhJ|L|F`IbJ|LnIxL`F~H`IdNnHtMpD|IlErL~FrPrB~HbCjK`GxXhQry@vOnu@rD`OxCrIbDlI~DrHnBbDlDpFrDvEnDdEnEnExCnCpCjCzCfCjMxJlRfOzMfKxH~F~CbCpC~BzC~BvCfCrChCvCrC|BdClC~CbCxChD~ExGfKfDtFpFdJtZph@lAdChcAfeBxEjIjZnh@lHvOpF~OvCdK~BnKzCtOxCzSbC|PtClTxExb@hRl}AvK~|@d@rDvAnKjTv`BvFdd@hLxz@hHnj@hH~j@lBrVVvEInN}@|IwBxMou@d~DkTvhA}Hha@{BdL_Rd_AeU`kAK`@_HpUsmAr`D_Unl@aZ`w@{h@ruAmz@|yB}CfIaOn`@mCfGqBzG]hCi@zDUjHNxGfA~HtDhPZvA,<div><strong>GORDONTON ROAD</strong><br><span>Surface: sealed</span><br><span>Length: 8.65 km</span><br><span>Length rank: 5</span></div>
road_7741012,path,7741012,sealed,HORSHAM DOWNS ROAD,7.757397861850562,6,96,#1464a5cc,#1464a5cc,@EAAebjfmI`i`{fAyBrKeEhJmClEsCfEyC|DkJjJiMbLyJpIuRnQ{b@vb@qLbMyK`MkDjFgD~FgCzHgBbJwAxPgAbT[fFg@bD}@bEaB|D_CjEsBhDmC~CsDnDgG`EqV`Mwc@`UaUrLqDnB_n@n\_K~Fy`@`V_[xQib@tUyS~KkaBb}@gKnFgIpEiInE_FvBuDfBeEvAoE|@oEj@yF`@}Lb@aLf@}Kd@gMt@oGl@oEh@oEh@eEx@mGnB{GdCqE`DmDpDmAjCiAtCiBjIkC`QqA`HgAtD_BxCmCxDkCfCeDbCyO|I_^~Qub@xT}DdCsElDeG~F{BvBaC|C{CvDyBbE}JvP}NtX{NhXcMbTuKvQ{PjZsDfGuE~GeClDoFfGqFdFsElDmIrF_JrEsEzBiCjAcClAoHzBiFtAyKfCoUxEy_AnS_\hHkf@rKiOpDqRdFkw@|ToLxCeJfCkJbCkIdBwEr@iGp@yPtAeo@lEyp@hE_|@vGk|Bd]ee@pHwGhAwE`A_EfA{EdB{DfBoE~CqCfCoIlIee@pl@{Yba@k@lA{@zBc@hBQhBAlAL~AZfA`AbC~AtBlCxB~CvBlDjBp[hObK~E|DbCnE|CfCjCpB`DtA|Dv@pDVbDRnDRxGzAlk@jAjc@BvHi@tGg@fDaBbIuA~Es]dhAiKd\oBbG_FtMoBjFoB~D_DvEgDvDgFhDsGdD_HtBiJbCuOnDgz@|R{lGr{AwaAzUs}Btj@iFlAsWnGwRfE{D|@eF~@qFz@uFn@uIr@gFXcFXytCbJsH^gGf@wFp@kEt@wEdAaH`CkGrCuCdBuEtCcFzDcK`KaFpFcE`FkHlIy[~^}t@t{@{LnTgIfMc@|Ag@~CUnBQlCIjEHnCRjETpC^rC~CfTvDpUnAlJrAbItAdGf@pB|AvEdBbFhDpH~GrL`JbO|JfPvI|NvYng@pRf^lKbRxDlH~GxLn@fAz@`BtMjVv[tl@pIbR`GpMpHdN|OjZnOlY~HzNBF~Wpe@rGhLfLbTdFpJxDjHtFhKdEfKjBpF~@rE~@|GfAfLhAvLdNdsAVpIQrH}CjWoCdUuBfQ,<div><strong>HORSHAM DOWNS ROAD</strong><br><span>Surface: sealed</span><br><span>Length: 7.76 km</span><br><span>Length rank: 6</span></div>
road_8114225,path,8114225,unmetalled,,6.757449030729476,7,92,#734a12cc,#734a12cc,@EAAoeqmmIdlpcgAtnDeaCbr@ie@hmAcu@tnAcw@`e@y^tZkXjXo]lQkYrNwXFMpLoXtJyYtGc`@bBuTp@wQ@kG@iKG{Ui@mUmBgUa@yEmDyWuKy`@oJ}UqLuV{O_WaQkVwBoCeN}PmL}LgQqPia@{^EEadB_zAq~@_y@w^c_@sWc]kNuSoR_\oNkZoFqOyAoFqC_KoIyZoHm_@cHkf@eCe^k@}^^mZrBo[~Cy[pF__@rGw[xMaf@rNa_@xQy_@jSc\jSmWdb@qd@jYmWrc@s]vr@sj@zv@qm@jf@m_@t_@}YxjBwzAjt@}m@hGiFdm@ok@h`@w^ra@cd@xXm\bX{_@`TyZth@ez@`V}a@pPk\~Ne[jW{l@xQ{f@hO{d@lI}YlCoJxIa[^yA|Ie]hIk^bIed@jHyd@dYkgBHk@rKoe@rUi|@~Wa~@jv@usBdO}\lN_Z~JqQrN_W|LwS,<div><strong>Road 8114225</strong><br><span>Surface: unmetalled</span><br><span>Length: 6.76 km</span><br><span>Length rank: 7</span></div>
road_100045270,path,100045270,sealed,PEACOCKES ROAD,6.602967400798212,8,91,#1464a5cc,#1464a5cc,@EAAqghjmIduvbgAwKuE}F{BaEkA_CSIAsBAmCVyBr@qBfAs[zV_SrP{CnBcD`BqBl@oB`@{Db@{Nx@mEVyCRiDd@cE|@oBl@oB~@_B~@mFpE{@t@}GzGgFtEqG`FiFvCyA|@cEbBuIpD[Lu@`@_HvD}CnCuKdK{[nZkXqN}TiM{d@uWek@y[oZaQsPqJu_@mTkVeNyd@}Wi~@ki@mIgFsM}GiFwBgGoByEm@qE[kKQqOjAuIfC}F|DqDzD}AvCiI|SoNva@oR~h@wCdIwCfIoG|KoNxN{DpDmHfG{VzOaM`FuSvGw]~HoTbE{JnAaIv@}P~Ao^fCye@tDic@pDmWnBsId@qCHoESiPi@u~ByRsPyAsJUoHLqDf@iDl@yCr@cFfB}DtBwE|DcCtC{ClFkAbDmBhGeCtJuJx_@cn@hgCc`@p`Buk@`eCeOpm@kEtQy@pDa@zBk@xC]lDQjD?rCP`DHp@\bCpAnEzCdHhFbKb[dk@vNjXve@~|@pTz`@xPtZxFpL|AtE`AzE^jFVzIVf_@Vdj@RjOv@nIp@bDbA`EtAxD|ChHnB~DvBjE~C`HlDtHvBbFzAdEnAdEf@xB\zAf@fDTzBX`ENzDBfFI`CQpCWbCi@rCi@tBw@pBcAbCeCtF_ElIgDdHkCdG_AfCm@jBsAzE_AfE}A~H}@fFwAnIm@hDm@pDo@jDs@hEcAlGu@pEo@nEc@lDWzCSlCEfD@jCFlCZzDXfDf@bEz@fGt@nFv@xFx@fGr@xEz@fG`AfHh@`Dj@dEf@dDf@bDr@fE`@tBb@jB|@lC`AbCrApBnBtBvBjBfBjAlAt@hB`ArDdBdI`DrG|B~]dMLD`rA|d@pe@~PtKjDd[`LhLfEzF~BrFvBhGvDnCrBtDlDxGlI|H`KlNfR|KvOjNzQpQ~UrGlInRvWxN~RjLlOzP~TzG`JdL|NnLpMbOnMvS~O|I|GzGdFhL~IdK|HpIrGpZtUxJ`IpDbD|BzB`DdFxCdI`AtEzJzr@tBdOhQxlAnInk@fDvThAjH,<div><strong>PEACOCKES ROAD</strong><br><span>Surface: sealed</span><br><span>Length: 6.60 km</span><br><span>Length rank: 8</span></div>
road_3200526,path,3200526,sealed,MATANGI ROAD,6.169411599798473,9,89,#1464a5cc,#1464a5cc,@EAAulhpmIt{jbgApFmAxGeApGWrHEvGG`~EqCliA]``@OjLEr]W`l@o@b[w@vGQjSg@bm@oBtvAmExg@{AzO]tLc@~Hc@tJgAnGeAjJwBvjB_d@jrAo[rD_A~IyArGaAxGq@pFe@fHo@pt@aFrhAuHnMgA~kCgRdKu@tbAkH~z@cGlZ}AfJYhHKvNH~IXtFXlHn@`I~@~GhAxLjCrI~B~HnChG`C~KxFhJrFzf@d[hn@fa@f{@|i@vo@pa@`gA`r@h[vR~HxEvHbEtDlBtJ`E~DzAvHzBfGzAfFfA~JbBlGz@zGt@zHd@|Jb@tFFdMD`GKxLa@jYaBn{CeSdbAuGlbAwGbxAmJb}AaKzlA_Ijs@wEbcDqRvW}Ap[mBx|D{Wvx@sFb~@eG|l@{DtfAwGnM}@nHu@nDe@tGqAfDw@zHaCbEaBlFiCzDsBpEwCbCoBhEgEdDwDnEoGxDuG`Sq[xLuQvEeGpFaHzGoHhLyLzR}R~}@}_Ah_@u_@pCiClFyErF}DpD}BvDoBxEuBxFyB~IaD`}Aqi@rEuAjEgAjFkAjG}@nGu@jQcB@?h^iDpFi@`v@iHzOk@fIGzIf@~IdAjJ`B,<div><strong>MATANGI ROAD</strong><br><span>Surface: sealed</span><br><span>Length: 6.17 km</span><br><span>Length rank: 9</span></div>
road_3200523,path,3200523,sealed,RIVER ROAD,6.088607654903631,10,89,#1464a5cc,#1464a5cc,@EAAalvimIlphagArIwOpLmW`GkKhB{BzG_G`I_Gxh@i`@rb@i\bPsMpHgG~FyExPcNbCoBxFeGfIkLtIePvAiCjCmFnoA}fCvg@}dAr_@}t@hBsB`FuDfWwGp_AgTvE{AlF}C|j@c_@vZiSfGmEv^eZ~IeGr@g@ps@wd@vLsGhmAqq@vN_IroCszArUiM`GeDzGcEhs@yq@h[eYtJyIrYeYlZuYzb@cc@|q@kp@zNeTzPmX|Xe_@vBaExBoDnFwIfFeLtEaKzFkPpBuGh@mD^aClBc|@@eKOcGwAoRyBaQ_Ls|@o@_FuBmVk@cPk@uZB{c@l@qQp@}KhAqGxDwVzM{w@vAkI~Gs`@v@iJXcVjAkeA?sC@eTaAqV}@aQcB_NIiBsAoYGgINsFf@qR|@}_@zG{iCBm@dFyjAnBkPvDgRrCkInIgUhFuLxM{XjCgDpE_ExHuDvGgC|UeJ|NcGhoBev@|PsH~HcEhO}Ij|@_m@lnAmz@hhBinAnKiG`MmHnUwKpTmKlIiGdIeIt@aAnD{E|AsB`c@_l@b[ic@,<div><strong>RIVER ROAD</strong><br><span>Surface: sealed</span><br><span>Length: 6.09 km</span><br><span>Length rank: 10</span></div>
road_3200520,path,3200520,sealed,COLLINS ROAD,6.0476882777890015,11,89,#1464a5cc,#1464a5cc,@EAAq_kimIjrecgA~q@qGhAKv\yCdHm@rj@wEhIUxIb@fLtAb}@vKlC\rQxBd_AhL`AJ@@vx@nJhUrCdPpCdCr@`ElApGrCdJdDtDlBd[zLpe@bSvIxDnFxB~G|DvKzElJ|DbBt@znAzh@~Z~MlCjArVtKlRdIv}@~_@vv@`\ro@fXnJjEloAxi@h_A|`@HD`qAbj@|_DltAhSzHfKxCzMjD@?rf@nK`VlF~UpFvHdBxf@dLvg@|Ktn@zNjcBz^de@~Jlh@|Kxl@`N`i@~Kj}@|R|`A~SxbCji@vXfFvVvD|KxAtSrCxZnEjbAtM`z@vKnr@fJzz@`LbZ|Dzd@fGz{@zKpk@vHlJpA`RdCnZzDjT~C|VxCbPpArMz@hFV`DBhMBfSNtZHfc@P~}@VhWFpg@Jxa@Rvg@Pr\Jx^Px]Ll]Nlm@`@fJDhh@Rh^HrYH|UD|SHpSB|`@N|`@Jz^JfZFbMFvXJv[Hh^LvXFp\Lxq@T~q@T~hA^zn@N|m@Tvf@VjKH,<div><strong>COLLINS ROAD</strong><br><span>Surface: sealed</span><br><span>Length: 6.05 km</span><br><span>Length rank: 11</span></div>
road_7741010,path,7741010,sealed,MANGAHARAKEKE DRIVE,6.009309461130484,12,89,#1464a5cc,#1464a5cc,@EAAumhemItnf{fA~Ox{@zl@zxCzYfyAlElPjVx`A\rAtMdd@ldAxcDbHpTtAfE|k@bgBn\jcAhBtF~jA`oDza@vpAtYx~@r]xeAvT|cAjCvRzBlPL~@pF|`@^|ErBdXjAhX|@f^Nlc@Y~a@k@rV{@zMgBpXq@fJeBfQ_CvUsEtY{BrNoKdg@wHh\kDdOoKll@eGtg@{Djn@Bpl@`Axk@d@xI|@vLJhAfAlKfBtOHf@|ClRFZdCfMlDdPJf@^tB~@bEfBbI~Rt|@bLxl@bGfl@rCtl@H~f@yBbj@mCd`@u@zH}Jnk@uIz`@wKl`@cLfb@gQ`p@cIjYg[thAoObj@gb@t{Ay|A|uFqEtPse@~gBuSnu@,<div><strong>MANGAHARAKEKE DRIVE</strong><br><span>Surface: sealed</span><br><span>Length: 6.01 km</span><br><span>Length rank: 12</span></div>
road_100119214,path,100119214,sealed,PUKETAHA ROAD,5.115683350278468,13,84,#1464a5cc,#1464a5cc,@EAAqnximIldl~fAsDs@yDgAyPmHuXsLsJeEod@}Pui@gTi[wLgPaFwt@mP{Q}DiKaDaUcI}f@}Rq]oMyY_L}{Bc|@q}Amm@wjAcd@yw@mZcv@aZyw@i[c_@iNgr@mXWK_e@uQwl@uTkb@kPSIc]yMaNmFu@Y{j@qTwXsKcLiEg`Aw^w@[clAmd@w}@}]ySeJ}GsDgLgG{UoNcKgF{a@_Rce@kQyU_JyZiLcDgA_yEgjBeJmDcaB{n@ozDwzA{s@uX{`Ee}AuwBqy@ehFkpByk@_UghAub@mmB}t@co@mVgJiDcJkDmFkCiD}BkCcC{A{BuAuCgAyDc@sDe@}U,<div><strong>PUKETAHA ROAD</strong><br><span>Surface: sealed</span><br><span>Length: 5.12 km</span><br><span>Length rank: 13</span></div>
road_6063584,path,6063584,sealed,ONION ROAD,4.981758813890816,14,83,#1464a5cc,#1464a5cc,@EAAyahemIvw_~fAlC}@nBqA~@cA`AwAj@gAtDmLdDyJfp@svAba@c|@fFaLbUih@xW_n@jT}e@jVsi@~R}b@bb@qaAlZ{m@dJ_Rb^wt@xYmm@rFoM|EeL|Rci@fMy`@pF}R`FgR~Jyc@?CbFkNpBmFjBuFhDsK~Mma@hGThA@~ALpB\zD|@~EtAbEvAfD`BvDxBpCtBhC|BzBnC~BpC|AtCvA~Cz@xC|@`D`BfJr@hE|Izm@`B`LfDxUnA|Ij@bD\rAj@`DdAdEbAjDpAfDnBlEfArBhCbE|BpD~E|FnCvCfDnCzBjBhDdCzDbC~ChBvFpCvBbA`KtDnLfD|WtGzKpC|QjExCr@rATbJtB~GlAfEl@~IhAxD^hMd@bIP|JKjMg@jFc@dBUd]eEpCc@tcEui@nkCk]~oBoW|XmD|l@_I|mAyOfhAaOpC_@f[}DbeEoj@bbA_NvP}BnM_B|S{BjSqBtGk@rHc@~H[`LObq@o@H?bm@_@hRSdHWhFe@lEg@rF{@jEy@tEqAbD{@rEgB|EsBnG_DpHuD`}@kd@lTaLjEgCrCoBtCyBfQ}Nzo@}i@baAgy@hNwL,<div><strong>ONION ROAD</strong><br><span>Surface: sealed</span><br><span>Length: 4.98 km</span><br><span>Length rank: 14</span></div>
road_3200527,path,3200527,sealed,STATE HIGHWAY 26,4.667375124326521,15,81,#1464a5cc,#1464a5cc,@EAA}{~nmIzbs`gAf\eHnh@sLd]gI~SmF|n@uOzsBgh@zNqDnQaE`TyDbKsAjLeAbG]pESvFQpLIpEDxFD`FPhETzF^bF`@fFh@~En@vEt@~Dr@jFfA|D~@hFtAzDlAjEzAlEzAbEbBjDzA~DjBhErBhJvEnKlFdr@|^bhHzvDdrAfr@`v@~`@b~Azy@`h@hXhz@rc@|a@`Ud^|Qjd@`VbMdHldAnk@`uB`tApp@`c@n^pU|t@~e@tFpDfxAr_Adz@ti@`|@~j@jp@tb@|\tTfm@l`@n]bUfSrMvPxKnc@lYbsAj{@~W~Pnt@xe@du@|d@fk@`^lJjGfw@jg@b}@rl@x_@nWzX|QpUzNB@nIlF,<div><strong>STATE HIGHWAY 26</strong><br><span>Surface: sealed</span><br><span>Length: 4.67 km</span><br><span>Length rank: 15</span></div>
road_3206994,path,3206994,sealed,KOROMATUA ROAD,4.476152964550434,16,80,#1464a5cc,#1464a5cc,@EAAeqmemIffbdgAfKKhUJxRFdNHlXFbLApZAtQDhXDt\Jh[Lfi@Tj]Pdr@^fRHhMHhWJtYLfZLx\FhZPb\HvTFpMDpFBp`@L~_@JhZLpUFre@PjLBv}@Zvq@V~`@Jlz@Zhv@Pvs@VxB@hR@~}@\`jA\|xAf@nwEhAlXF|QFnUB~THlTFxWJbm@P~THb@@jNFlWHhj@R`VLlXJjdCn@bFKjAA|D]nDa@tE_A`Co@p@UnDmAfDwA~JqFfEyBzJoFxN{HzOsIzUkMlCuAhDiBj@[hJcFlIqEvCkBjCiBxAgApAeAlE}DvC_D`H}HlHoIjIiJnHyInKqLvMwO|GuH~A_BzDoEfDuDdBqBvCaDjBuBbHsHlAwArCwClBiBtBcB~AoApBkAlBcA~Ao@tAa@dAYfAWrCc@hD]r@EtHWzA@rAHlBNhBP`BRjB\tBb@rA^jA^fAb@lBx@pAn@`Aj@vAt@rDfC`D~BrFjErJnHjGhEdDjBrAt@`Bx@~Ar@fC`AvAf@`Cv@nD`AnMbDtfApVnInBvt@vPtr@|Oxu@zPrp@fOdh@tLtYjGnb@vIhb@tIjLfCnLlClKlAlBV,<div><strong>KOROMATUA ROAD</strong><br><span>Surface: sealed</span><br><span>Length: 4.48 km</span><br><span>Length rank: 16</span></div>
road_3206997,path,3206997,sealed,EXELBY ROAD,4.174167516833379,17,78,#1464a5cc,#1464a5cc,@EAAcplcmI|us~fA_BlCc@v@aB~Bm@j@kAv@}Av@oAb@}DhA{o@`Mmy@nOaOvCkCl@uBn@kBl@{Bz@_Bn@mB`AoCbBcGrEmL~JsHvGgB|A{L|H{DtBiA^wD~@kJ~AkPjCsYzEkFlA}FvAqH~BqKjDqY`Ls]nNaFrC}AnAcBlBgBjCcArBeAvCsAdGeBnKwDvX}BlPgE~XaDbUc@pCOzAIjCAfD@bBVtBz@rDzBbGjG|LdO~T~W|c@|CvGXr@QpBo@bDc@bCUzASr@w@jAsAhAq@b@sBd@{B\qAJcBBwXVea@Hye@NoTX_DFkDJyFR}SjAef@hC_c@vBgd@~Bm^jBuHh@qGf@iQzAqTdC}Fb@eCV_E^mD`@wDh@eEl@iInA_Dp@mBd@uC~@uCpAsC~AiAt@wAvAsAxAyA|Bw@xAiAfCeArDqA|Fo@jDaCvPcCtOe@hC[zBOt@Sz@m@nBcArC_C|E_A`BmBbC}DnE_FhFqCfDgGfHiHrIgDlDyAlAcC`B_CpAaDhAoDz@}ATgCToCFwIEuNYif@mCqYgAuY{Ai[qBwY{AmHfAoDjAqF`CeE~DqCrHYhJuBle@kBdIeGhLmHvH_}@zs@qQdJcRpGqNnFkNpF_T|KmClBwEfDuFlEsKbLcCbDwElHq`@dw@gPn]gTnf@oIrOob@dj@oDzF_HrMmD~J{Z`hA_EjHuD|EoEpD}DrB_FrB}H`CeM`Acd@|Asn@`BmVjAgF`@mFx@kTrDo^rHm^~GcMhC_PxD_p@jR}IvC{EhCyChDeAhCq@rBo@hB,<div><strong>EXELBY ROAD</strong><br><span>Surface: sealed</span><br><span>Length: 4.17 km</span><br><span>Length rank: 17</span></div>
road_100047446,path,100047446,sealed,RAYNES ROAD,4.159378630135713,18,78,#1464a5cc,#1464a5cc,@EAAmh{jmI|w|dgAmYqDiKkAuIa@{FFeGZgHp@qFt@wEnAoBj@{HvC_KdEyElBkGrBmHlB}JfBuVjDoMhB{[vEc^bFym@zIm|@dM}|@bMqMjAkJ^kHBoFGqEOeF[yKgAqHqAkG{A_G_ByIkDwG_D}LwGiVeNeEaCi_@cTmNeIiNaI}HoEcJeFmKaGaRuKgTaMmI{EwFuCuE}BeD}AiDyAsDoAeDeA{JiCkLcCqQgDqL{BaMaCaLwBgI{AcCg@yE_AaKqBoHwAk@MgLgCmI_CmH}B}EkBsDaBwDmB_DeBgDsBaDyBwDmCsCqBkDkCoDmCoH}FqIoGcHoF_I_GgHqFeHoFaE{CmHwFsDsCqHyFeHoFeIiGsG}EwDsC}C}BoEcDoHcF{GiEeEeCsJuFmH_EaEyBcE{BsCyAqEeCoDkBoDmBuDmB{DoBmDaBiEkBaE{AeEuAeEmA{EiA{EcAiGeA_Hu@}Ga@_GQiHGoGFuFLaEVyG`@cLxAmJhBcFpA{FfBqG`CmErB_GzCqCnBmDjCqCbC{ClCwBzB}C|CgC`CoCfCgDnCsCvBmD~BuCnBwDrB}DnBwDbBaEfByDzAkK`EwJvDiJrDmLpE_FlBkO`GeKzD_JnDcE`BmEbBiEbBeE`B}DzAcE~A_E~A_E|A{D~A_EdB}DfB{DhBoDlBkDrBkD|BcD|BwC`CsCjCmChCgCnCaCdCiCvCmCrC}BjC}CjDcEnE_ElEuDdE{C`DcF`H}CpFqCbGcA`C}BpGeAbDiApDcAfD{@xCgA|DaAhDcAhDcAfDiAjDmAjDoA`DuAlDyAbD_BbDaBxCqB~CuBtC}BvC_CjCmCrCsC~BuC|BcD`CmDxBgDnBoDlBaElBuD`BeE`BaEtAiElAeEfAwEhAqE`AoE`AwEbAcL~ByKzBwE`A{E`AsFdAiOxC_PbDqL~BeKpBqFjA{Dv@wEhAiElAgErAwDpAeEdBoD~AuDjBkDjBmDrBkIjFaMfIaJ|FyFrDmEvC_GzD{FpDiG~DaNpIoMpH{RxKwK`GkOvIePjJgKtFyLjGgMnGaI|DyIdEeIxDuGxCoFtC}EdCwCbByChBwChB}DvCkDtCkLhK,<div><strong>RAYNES ROAD</strong><br><span>Surface: sealed</span><br><span>Length: 4.16 km</span><br><span>Length rank: 18</span></div>
road_3218970,path,3218970,sealed,PUKETE ROAD,3.754396626926352,19,75,#1464a5cc,#1464a5cc,@EAAatlemIfgn}fAXyDx@qHr@_G@}BIw@uAy@gBCmARsAt@kC|A_Al@sZvRyWpOkd@zXm\~R_SpKaFdFcEjFaG_BmKmAyJ]_NbAiVpBejApJmrA|JcMxAiJ~A}D~@cGbCcH~Cu^vSqV~Nut@rc@k]|Rgj@~XiG~Ci^pP{S`K{FvC}HrFusAb|@c@XiJlGcc@pWwv@dd@iPdIeRlHkNdFySvIwTlI{QfHoKbEcGjDmGpE{@t@uBlB]ZaGrGu@`A}C|D_DtFkGbPuLnl@qEdR{ApHoBjJgEhOW|@gHhSsOd_@eD~HgIbTiDxGaCxDsCnCyBtBao@~d@q[zUcHlIqT`YwBpCUZiBhCy@fAcFfHyAlBoArCuBxE_AnCm@jBeE|T_Krm@c[bmBcA~GcI~e@sg@f`D_DhSg@jDgLzu@}CrSk@vCi@~DO`AsAlPKvHJjWB~ENdHSjD]hD{@zFsAzDqCxG,<div><strong>PUKETE ROAD</strong><br><span>Surface: sealed</span><br><span>Length: 3.75 km</span><br><span>Length rank: 19</span></div>
road_7741071,path,7741071,sealed,TE RAPA ROAD,3.6862649650734656,20,74,#1464a5cc,#1464a5cc,@EAAwnbfmIvzs~fAnoDewC~[sYrKiLdJqLhFyGzKwPjWm`@dEyGtJ_OjFqIvQwX`zA}}BpOwWpKaRfGuKhCyHdUmu@nzA}cGtq@yoCJ]lByGznAotEdA}DrGwUzFwQfI_ShIsPhVk`@dXu^hOcSvH{KzUg]p@aAnAgBbBeCphBijCduAopBhj@{w@pLwP|DmFbv@aiA,<div><strong>TE RAPA ROAD</strong><br><span>Surface: sealed</span><br><span>Length: 3.69 km</span><br><span>Length rank: 20</span></div>
road_7741070,path,7741070,sealed,ROTOKAURI ROAD,3.4660647273509038,21,73,#1464a5cc,#1464a5cc,@EAAk~xcmIntk`gAyMKeW}AcPoAsIk@_F[eAGwCMgFWsEKwD?cFHcJh@eIl@uOvAiMnAo`@pDi`@rDmTtBk[vCaMfAoXbC_F`@sBPmEXmDP}BH}CFyB@aDCiCEaFOiESqESwDS{EUiH_@wRiAgIe@kPy@qOq@gOs@}SeA{UeAqe@qBsZuAwCOwD]_BSyASaEw@gEeAmJ_D}FgC}HqDuJsEkI}DuJyEsPiI}V}LwN_H{HiDcIwCcFeAgE{@oFUmKKmUVg[Pyb@`Aie@`BkXrAka@lCkNh@}F`@iHVuCCyD[uDkAiD{AcJgE_YkNeX}Mu`A}d@wuDsiBIEgNkHiG{DyCwB}BiBkC{CiB_CaCsDoEyIsHsPcMsW}KoTkKwRcDsGcKoRiZ{j@aB{BeDuBeCy@}Be@oBSwC?cCb@iC~@qCzAmCpCiMpP}Z~d@}LfRcIvMiCrCgCxBiC~AiBbA{KnEwUjIcNlEgO`FsElAsCl@eEt@aETqBEqCC}BOaDQmEg@qj@wPa]sKmWqIa`@uLwWmIm_Bmg@c|@cZ{G}B,<div><strong>ROTOKAURI ROAD</strong><br><span>Surface: sealed</span><br><span>Length: 3.47 km</span><br><span>Length rank: 21</span></div>
road_3206385,path,3206385,sealed,PEACHGROVE ROAD,3.452985634654981,22,73,#1464a5cc,#1464a5cc,@EAA{gmjmItqoagAfc@cd@tO_QnC_Fv@oC^qEr@kKp@iLrBwYjBwZdFez@LmBd@uGFgDxDwk@|AaWnBi[jCk_@nA_KvA{LZuLi@mT}AcTu@qNeCyd@gBy[iBq\k@yOqCki@eHypAw@{NkE}c@qEu`@uBsSe@wEPoFJeCVq@?AjEyJvQw]fHyMvJ{PjCeCjCmBxCcAvJaDzIwC`YqIrXmIr\aKzk@sQdEoA|Au@nB_AtEyDrj@oi@fFgFli@{h@tMgKta@{_@b`@k^|Oo[rOo^~l@a~Ajl@s_BpAgFvSgkA|d@uoCdKwl@hDcKhIsIrs@ae@,<div><strong>PEACHGROVE ROAD</strong><br><span>Surface: sealed</span><br><span>Length: 3.45 km</span><br><span>Length rank: 22</span></div>
road_3238127,path,3238127,sealed,VICTORIA STREET,3.4408494015801536,23,73,#1464a5cc,#1464a5cc,@EAAczdhmInng`gAgT`Iw`@dMoyC~_A{WpIgVzHiZ|J}m@rQ}`@xLaJnCoMdGsAt@qH~DiKxIiLrMgLpMoOzQa@d@mQ~UaGdGwn@ro@mGvE}KxHaV|Pk`@hVaFxDcGvFki@rk@uV`YmFdGkQ|ReE|EmDnDwBtDc\`p@eFhHio@vr@_TzXcVfWuWrZ_t@~x@wdBhnB}n@|s@ys@jx@gPpQu@x@cBjB{A`BkApAiVbXoUpX}oBhzBygA|iAw`@jb@{LnMe^|^_cBvgB,<div><strong>VICTORIA STREET</strong><br><span>Surface: sealed</span><br><span>Length: 3.44 km</span><br><span>Length rank: 23</span></div>
road_100124323,path,100124323,sealed,RUAKURA ROAD,3.3662465303457987,24,72,#1464a5cc,#1464a5cc,@EAAixjjmIdm|`gAo[x@sPt@gNdAgc@hEy}@lJwf@nE_x@zHgYpCwRrA_CNwP`Baf@rEuGXeIBi`AuEqa@}BcfAcGguA{HioAoGoP}@qRcAsYSsO\}K`@sMfA}RvCoc@|HazCvl@aJbDwIjEyKnDuJi@eJ]cKs@yRyCEAor@}Lcl@gKmd@wIuHsAiGw@yEo@yDk@uDy@oSsQeOcM}u@kn@ouAiiAwx@up@gdB_vAkJ{HuIcHku@im@q}@eu@i{ByiBgj@cd@yJ_IgDiDoCyDqD{FyGeLyBuCaCgCqDuC_FqD,<div><strong>RUAKURA ROAD</strong><br><span>Surface: sealed</span><br><span>Length: 3.37 km</span><br><span>Length rank: 24</span></div>
road_8325084,path,8325084,sealed,OHAUPO ROAD,3.0702907044954464,25,69,#1464a5cc,#1464a5cc,@EAAkqyjmIveiegAtB{ItAsHNuJA{Hu@}SwAuV_CcZoCq]_BgMmBkJkCyMmE_SyI_c@YmAiCyLkG}YoE}QcAyFqB{My@{Ia@sNt@oMbAcMzBaPtB}I~BkJjCaJjJ{X`Kc\|E_PfHmU~HsW|AcGtAoGhAgH\iEP}CNmDCeWg@wYKyO@_Md@wIj@aFlByJvAgFjDiJrD}GbEiGpDqE|FyFpDmDzFiEzb@q[d]}VdP_MfKiI`FgEvEmEhEkEnDcE`D_EzB{CdDeEpDiFnGkIjH_K~EyGvAwB~CcEhBaCzBeDlCwDpBmCvIuLvB_DtBoCxEyGnC}DhEkG`E}FfDyE|CoEbDkEtBcDfCgDxE}GvDsEnFgIhNaRxJcNbHcJxGiJrIgLzS_ZnLoPvMsQhV{\~Q_XrDqFnCmExCsFrBsE|AyErA{E~@}D~@sGt@iFdAgH|B_QjA_It@_G~D{Y`EwZvFo`@tCoT|AgL`CmQlDsVYoHH}HMkHo@{IqBuP]wC,<div><strong>OHAUPO ROAD</strong><br><span>Surface: sealed</span><br><span>Length: 3.07 km</span><br><span>Length rank: 25</span></div>
road_3217405,path,3217405,sealed,GRANDVIEW ROAD,2.9212879376820338,26,68,#1464a5cc,#1464a5cc,@EAAwgcfmItbyagAeHkcA_HwpBIoAcBiXeA{P_A_HwCoIqEoIcFuFiEgE_ImEqHkDaD{AwPuI}KwK}D}GiCqJwAiH^qKbCwMbB}KpDiO`I_RtNgY|i@o}@hEkI~CiIjBkKb@gJk@gKoBqJeDwH}CgFwXw\__@ud@qCsDsEqDcEgCqr@a^e`@{Ron@m[cB{@o^}QqAq@mbAig@uUkLsc@}Tei@gXoU}Ly^wQuw@m`@i~@}d@mi@kXqdAuh@ucConAsCyA}cAwg@iGmDg_Akd@qG_D,<div><strong>GRANDVIEW ROAD</strong><br><span>Surface: sealed</span><br><span>Length: 2.92 km</span><br><span>Length rank: 26</span></div>
road_3206995,path,3206995,sealed,OHAUPO ROAD,2.834462246439492,27,67,#1464a5cc,#1464a5cc,@EAAgkgimIz~rbgAwAhG}CxMaJ`_@wOli@_EfL{GdNmLlTqPn\qMvS}R`QaEvUgWdf@uCpFkCxHaDpLmDvTk@|LtAzf@JbHZbUjCvPbKlm@nPvcA`AhGxIve@dH|_@xBvLb@|Y?@wBjPuGrRgN~SsNdMuHxEcFrBiPbIozBlv@ml@zPobAp[oj@tQgv@tVwFjBk`@hMilAd`@weB|j@}r@vTcUbHiBj@od@xOsFjCiC|AsUlM{cAfo@uCfBA@kC`A}HtCsSbIsMnEsJzBcCp@,<div><strong>OHAUPO ROAD</strong><br><span>Surface: sealed</span><br><span>Length: 2.83 km</span><br><span>Length rank: 27</span></div>
road_3218960,path,3218960,sealed,BRYMER ROAD,2.708840942947871,28,66,#1464a5cc,#1464a5cc,@EAAyinemItta`gAlAbKlDbWlXdiBzFz`@zCvRXhDNpBE|CIjCe@jDsA`J}DdTeDhSoEpUwBxMwA`Ia@bFSzCEjCH`EXrEb@tE|@rHfB|M~BzOfBvMl@hE`Hnh@\bFTlG@pFW~CKpAeAzFkBbI}M|e@kAfD}AlDwA|BwBlCgIxFuG`EaSjIuG|CqE|BiErCuCtBkC`CgD|DkDlEsApC}ArC_AlCo@rCIlBD~Cb@lC~AnEnAhBzBnC~M|LhMhKrKjJtDpDtB|B~@zAnAzBz@xCVdCFjBCxBe@dCe@|AgAxBwAdC_E`GcUbZuIzLmQpVsFlH_ErDsGhFiP|J}A|@}IrFcNvHwOlHsI|C_KxC{OfEgP~CwNvCqNjCiNrB_MlBqIhAiWjDoFl@sKzA_IzAsFrA{KrDsJ`FwKdGgOjI{H~DkJ|EgI`EmQzHuEpBcl@bWuCnAi@Vqn@|Xyb@fR}pB||@gJrDsJjE,<div><strong>BRYMER ROAD</strong><br><span>Surface: sealed</span><br><span>Length: 2.71 km</span><br><span>Length rank: 28</span></div>
road_3206996,path,3206996,sealed,GREY STREET,2.6432839160698958,29,66,#1464a5cc,#1464a5cc,@EAA_~wimInb_agAqGhMsPf`@_LhTyEdJaEtMqBvImKjc@_DxNs\dqAaJv]iElPaBpGaIj[sH|XoE|PyLpb@y@vCcAdDgHvUcNzf@}E`TaOdo@uA`GuZzhAon@r`Cy[pmAwJ|^yo@fdCyDhOeCfJwBlEcEdFw}@f{@uRjP_qBnpBcu@pq@al@pl@_BrB{MrP,<div><strong>GREY STREET</strong><br><span>Surface: sealed</span><br><span>Length: 2.64 km</span><br><span>Length rank: 29</span></div>
road_3206998,path,3206998,sealed,TE KOWHAI ROAD,2.492791277074569,30,64,#1464a5cc,#1464a5cc,@EAAev_cmIjgu~fAqNAmgAiAqeA{Bgp@e@ePMw^a@sGI}DIoDMoCQyHs@{H}@mFs@wC_@wNcCoNwCsG_BiLqCcZiImO}DqHuBw]qJoMkDkf@iLqTuEwFaAuG_AsPqBsJcAqNw@sM_@kSO_PJ{\v@sVX{EJmOPqNNgTTw^\ia@^_e@f@ui@h@ub@b@iRL{MAoGKeCE{CKsGYkG_@mKu@_T}BkJsAwJgByIoBiDu@aOeEqMiEqJuDqNgGwQyHcWiKaLeEyCcAiCy@mC{@mJeCiLkC}FeAwE{@wT}CwUmCm[iDe]oD{`@uDy^oCmc@uCcU}AeCOyAKcH[gVaBqW}@uYPk\rAiX~Bkb@pF_d@nGwQfC,<div><strong>TE KOWHAI ROAD</strong><br><span>Surface: sealed</span><br><span>Length: 2.49 km</span><br><span>Length rank: 30</span></div>
road_3206387,path,3206387,sealed,HUKANUI ROAD,2.406040187141345,31,63,#1464a5cc,#1464a5cc,@EAAkj|hmI`qv~fAoCrQ}BfKwKth@kGdX}ApEsDhIcEtEiF`F_g@pa@oJlHgStOcf@|_@cDfCo_@nZ}EfEiX~SoY`Uqn@xg@_FdEqDzDuEvFqGvJmk@zeA}B`Eoi@f`AmOb\kwA`gCwHtN}CvEqKpS_FhLcChHo@rHErELlGxApGjDfTxIfl@p@rE`@`EBzEI`Ho@pEkArFmCtG{BxDaDbDyFvFoUjQmwAddAaZdTiCzAu{@|f@saAbk@,<div><strong>HUKANUI ROAD</strong><br><span>Surface: sealed</span><br><span>Length: 2.41 km</span><br><span>Length rank: 31</span></div>
road_3218969,path,3218969,sealed,MAUI STREET,2.3476841519872007,32,63,#1464a5cc,#1464a5cc,@EAA{yqemIf|p}fArDxAhI`GvEnFtBnDpBtF`@tCDbE_@bDgAfGiB~JsFbWgBpIcA|DkDhLe`@zgAoQtx@ud@|zAmLtLcUnMaC~DmGlKipApfDe}@v|BeHjM}cCziDcF~IiPdVg[ff@iQjPsLnKcv@lq@a]hQ{_@|N{GhCya@~TmdA~e@,<div><strong>MAUI STREET</strong><br><span>Surface: sealed</span><br><span>Length: 2.35 km</span><br><span>Length rank: 32</span></div>
road_3218959,path,3218959,sealed,WAIRERE DRIVE,2.3183836481074924,33,62,#1464a5cc,#1464a5cc,@EAA{k`kmIpbebgArB{E~EgQdWo`A~Lqc@b@wAje@}}ApCkJnv@uzCxn@ybCzh@knBzC}JbJga@fQcq@rJ{^fM_f@fJs]xDkOnIyZtE{PvBiKZmBfCoJxOgk@lTu{@pJg\pEqOrA{HjOgl@hBe_@_@s]uBoTeFqk@,<div><strong>WAIRERE DRIVE</strong><br><span>Surface: sealed</span><br><span>Length: 2.32 km</span><br><span>Length rank: 33</span></div>
road_3217430,path,3217430,sealed,LAKE CRESCENT,2.303273959481185,34,62,#1464a5cc,#1464a5cc,@EAAuexhmIb`uagA|V[fG?dHP~Nz@fH|@tInArNjCjLlC~J~DhJpEpCfB|B`CvBnCxBnFh@dF@rE_@zJAvD^lCx@xDhArC~ApBhHvHbYlXxQxU~CdOz@xDErEcBnIuCxIcD`IoE|GqCxEqAfCIlCf@xBhB~BvQ~JjDrCjC~CpEhHlA`I\|LVfUDfT[~Nc@`HmAtDwAvEqCjFeJhLaStRqF|HoChFqCpI_Lje@u@hCgCdEwC`D{DbCiM`EoFjAyHvByF`C}XzMeQhEuE`AoHzAaV`E{UhE{GzAsChAiExDaXrg@sBpCoBxBqExDgEpBeHnB{M~BqMzAoSlBae@xEiLfAwHdAuB^iClAuC~AmAbAeL`JeYjU}MjKoC`AuCbAoEhAwSxCgI`AsD\uiAbH{EJkENo[qAkGLqDp@cKjBaD{CwH_GeN{IgG_E{GwFaG{G}CeF}@yAuFwLuC_D,<div><strong>LAKE CRESCENT</strong><br><span>Surface: sealed</span><br><span>Length: 2.30 km</span><br><span>Length rank: 34</span></div>
road_8325085,path,8325085,sealed,KAY ROAD,2.2453781609934373,35,61,#1464a5cc,#1464a5cc,@EAAksafmI`zf}fAcBsD_AuBkBwDgA_BeByB}CaD_CmByB{A{AeA{DuBaKwEm}@w_@}iAif@e`Buq@mfBap@eEQgID_xBrFsUn@cg@rA}KZkoBhGmcBdE{{AtDckA`DcpAjD{dArC}CHwI\mFb@aH`AuEbAgEvAoEjBsFrCiLvGeAl@iR|KuOdJu@b@}DxBaFlCeEpBiCp@iBTwBDyCMuDw@oIcCaOoFcOoFgI_Dad@iQ}GcC{I}BqGgAoFq@aHq@aHo@wCWwNaAe@E,<div><strong>KAY ROAD</strong><br><span>Surface: sealed</span><br><span>Length: 2.25 km</span><br><span>Length rank: 35</span></div>
road_3217435,path,3217435,sealed,SANDWICH ROAD,2.2449872568432587,36,61,#1464a5cc,#1464a5cc,@EAAodzfmInb__gA}HZohA`Eod@bByHR}DBwEIkGo@wIaA}Fs@q]gEkW}Cy]aE_[_DyOq@srD_EkaAeAeyCoDoCJkBViElA_GdC}\xRwz@vf@}StMyGjEoCrBoDbD_LpN{FpPaGjV{FhT{Lrc@oH`Y}EvMkPtRoKzN_y@`cAmUvYaJ|KqsAxaBg~@tiA,<div><strong>SANDWICH ROAD</strong><br><span>Surface: sealed</span><br><span>Length: 2.24 km</span><br><span>Length rank: 36</span></div>
road_3206386,path,3206386,sealed,BANKWOOD ROAD,2.228872342967125,37,61,#1464a5cc,#1464a5cc,@EAA_kcimIx}~_gAhIcZlEmPpKcc@`GcUt@eCjBgGjA{BdCeE`@g@jG}H~F}JxAwCdAoChAqDfEsOrDuNnAyEfFgSpDsNbDiM`BuGrAkFpDsP`@wDAwF}AqHaAoCoB{EsHsM}CoFuQg[}BuEoA}Eq@uDB{B@i@l@gHbBkGzAiH~BuIvE_RvGmVpDeN`ZwiAlSgx@jIa\ld@_hBfB{CvB}AhZym@lUce@~O_]~JcRjEsJ|EuLxAuEnB_IhAeIf@iFRsGFkIc@}IgAiJ{CcNgDmJ}GeNaKuMwDyDyLsKyH{EkGaD}JqEcJcDoDgAyKeCwE_AeEs@eFm@iKmAaCq@_Bo@}CiBcDcCiAu@yFuD,<div><strong>BANKWOOD ROAD</strong><br><span>Surface: sealed</span><br><span>Length: 2.23 km</span><br><span>Length rank: 37</span></div>
road_7741072,path,7741072,sealed,CUMBERLAND DRIVE,2.2041224384578606,38,61,#1464a5cc,#1464a5cc,@EAAs`nfmIpzd}fAxV|UnDhDzBxDt@|Bf@zA~@`It@d_@Pl[BjCWdEy@lEsBdFe]`i@g[`f@}@tAwAdBgJbL{AtAyLzKsI`HuCtBqc@b\s^pVyMpH_E`BgGzAwCt@gM~C{G~Bkh@fQm\tQkHjBoLrBsRNeLsAaJuCqJiIoRwSuJ_HsWxHuGp@eCFoHMaTkA{r@zEid@~C_S`CeHdCqRrNwPfRmAhAqBjBkE|BA@uHlAaK`A}ONwYcEcEsAqVeIwVaL}^oOc^cLoTyEqI_BeHqAcIgAc\sConBuPwX}GeF_EuO{So_@sh@,<div><strong>CUMBERLAND DRIVE</strong><br><span>Surface: sealed</span><br><span>Length: 2.20 km</span><br><span>Length rank: 38</span></div>
road_6063640,path,6063640,sealed,TRAMWAY ROAD,2.170361751527972,39,61,#1464a5cc,#1464a5cc,@EAAkxcjmIn}j_gA{SjxAsA~DcJzXq@pBmQpi@sqBzaGec@dqAsw@v_C{h@hyAqu@p{BeClH}GnSsYdz@wFhPwp@xmBgFjOmYvz@wCxI,<div><strong>TRAMWAY ROAD</strong><br><span>Surface: sealed</span><br><span>Length: 2.17 km</span><br><span>Length rank: 39</span></div>
road_6063642,path,6063642,sealed,TE RAPA ROAD,2.1640433943128348,40,61,#1464a5cc,#1464a5cc,@EAAkgcfmIhpt~fAkFjE}~Ej_E}IhHiQbLukAzbAi~@vu@_}A~hAib@nWwWzNyo@~Yek@`Wyn@l^iI`FmRlSeZlW{X`Xgo@ln@en@bm@yg@hg@}{@n{@{[|Zil@dj@,<div><strong>TE RAPA ROAD</strong><br><span>Surface: sealed</span><br><span>Length: 2.16 km</span><br><span>Length rank: 40</span></div>
road_3218957,path,3218957,sealed,TRISTRAM STREET,2.1385262259614883,41,60,#1464a5cc,#1464a5cc,@EAAkioimIp{xagAj]sOfa@kY`HmEtmAcaApX_WrEcGjYq^pGiFxEcChLcFdUaIpLsEfNoIjJqLnrA_uAd`@ch@lYi\pZy\zE{FX]bGyGpFmFdj@}m@pXyZh^sc@~f@ih@pb@kf@~Yy[d|AaeBpEcHl\wq@lFeFjI}EdIkC~Bo@`EgAfNuDly@wT|X_HxDiAfDyA,<div><strong>TRISTRAM STREET</strong><br><span>Surface: sealed</span><br><span>Length: 2.14 km</span><br><span>Length rank: 41</span></div>
road_3217427,path,3217427,sealed,SILVERDALE ROAD,2.132236879999179,42,60,#1464a5cc,#1464a5cc,@EAA{fmlmIfm|agA|H_I|BeCvA{Aj@w@z@gAtAoBdAqBv@mBhLk]nAsC^i@jAaBpB_CfC}BfCcBtBmApEuBvXiLbReIjE{B|ByAxBcBpB_BfFsEnFkFjAmAzSaTlFqFjUwUnm@_o@bGcGrSoSn`AoaAlq@cr@jOsO`o@wo@n_@{_@jlAemApFsFvWiXb^q^fBsBdByB|AyBv@kA\i@rB_DdBwCzPmXvLwQxByCnBaCt@_AfDwDhBeBxCcCdDcC`F{CdE{BnFmCzAu@~AeAvAeA|@_Av@gAj@iAz@aC|Lig@zLye@zKkb@p@mCt_@kyAn@oBj@sAp@uAtDmG,<div><strong>SILVERDALE ROAD</strong><br><span>Surface: sealed</span><br><span>Length: 2.13 km</span><br><span>Length rank: 42</span></div>
road_7741073,path,7741073,sealed,BORMAN ROAD,2.1175341147303635,43,60,#1464a5cc,#1464a5cc,@EAAmmjfmIlqa}fAyP|SaCtBaChByCbCgBlB}AdBmAbByA|Ck@hAcAjBi@p@cAfAoBpAiAlAmApAmArBoBpD{BrBy@n@qFbDeJjF_LjFmMbFwChAsNhEgRfEuJxAmPjBkRv@{DPm`@^mI@yWFa_@LkH@oUFeMLwJZoJd@_Jr@sHbAaLhB{QvDkJlBkIbBiTvEwIjBqHhBwPlDeJjBaKzAcLrBeJjBmKjBwJvAcCVsD`@aMz@uIZgFF}HF}JKsJS}Lo@oLeAeGq@_IgAqDo@mB[}EmAeIqBeMsDe`@sJ{OcBqLi@mJK}H@mHNoNz@gOrAmB\gIzA}ZxFyVlFyQnFoMhEmNfFsKxEmHbDiMpGuOzJsQfMuGtEya@tZut@lj@iOzKeGnDiD|A}HpDoOtEkLlCwN~BmLn@}OHuDI_JW_QgAcMgA,<div><strong>BORMAN ROAD</strong><br><span>Surface: sealed</span><br><span>Length: 2.12 km</span><br><span>Length rank: 43</span></div>
road_6063641,path,6063641,sealed,WAIRERE DRIVE,2.103575709062792,44,60,#1464a5cc,#1464a5cc,@EAAwuajmIb|b_gA}EdEcDzEgClF_ClGwAtDiBrLyAjMwEvZ{DfWsD~RiEpTqHlToExMqHnRmTv`@k^jr@yG`NsEjLmFxOyiC|vHo|BjyGmGpRgE~HgYbz@ec@lwA,<div><strong>WAIRERE DRIVE</strong><br><span>Surface: sealed</span><br><span>Length: 2.10 km</span><br><span>Length rank: 44</span></div>
road_7741211,path,7741211,sealed,WALLACE ROAD,2.1004645869745717,45,60,#1464a5cc,#1464a5cc,@EAAymdfmIdl}agAfElHtDlFdDhFvB~BlOxNrIbIjDxDfFtFzAhDtBvFp@|BbD|PzHze@fHve@jBvKxEb[hZ~cBjClOZjGA~DMjCaBzIqEdNqF`OkD|JoBpDsAvBcC`DyGbH_E`EeBrBeDdFaFrIuAlDkAtD}@fFGlHEfDTvDj@hH`@dJTfIgAbO_A|G}ApIkBvNFnDJpDx@~CzBnExBrB|CzBnFbCzFpBnQxGpSzHlKbEtZ~KtZfL|_@tNlb@lPhX~J~a@hPr`@hObTnIv^`Ndc@`Qp_@`Ob]bMf\lNhPpHbRtJnSxMfb@vX,<div><strong>WALLACE ROAD</strong><br><span>Surface: sealed</span><br><span>Length: 2.10 km</span><br><span>Length rank: 45</span></div>
road_3218954,path,3218954,sealed,HOUCHENS ROAD,2.082980919791169,46,60,#1464a5cc,#1464a5cc,@EAAwebjmIh}scgAnVfi@zOz\|Rp`@nkApcClWjm@d\vo@fIbRvEvJ`EnJnBrEbJvRfNlYzAvCpAlCja@b{@`MrWdMzWbKtTrIbQtQl`@jKbTnItQdNhYxHvPbQd]~IlQ`K`S|Vzg@dFhKpFrKfLnVrIlRjJbShGnMrHxNnC`CxB|AdE`BrHnB|F~AbFlA`{Bph@xDz@,<div><strong>HOUCHENS ROAD</strong><br><span>Surface: sealed</span><br><span>Length: 2.08 km</span><br><span>Length rank: 46</span></div>
road_6063643,path,6063643,sealed,WAIRERE DRIVE,2.0627814703634475,47,59,#1464a5cc,#1464a5cc,@EAAkmpfmIzec_gAqk@_^_[wSmlBaiA{d@}W{YsRsa@gQmKmD}MaEyZqGak@_Jqp@wH{q@cKwr@_N}gD_v@mqAcZkk@sMkeBy`@q\cH}d@qKqx@yTkLmEwh@kYcBeAoHsEaCwACAkw@_e@kKoG}VmOya@iX,<div><strong>WAIRERE DRIVE</strong><br><span>Surface: sealed</span><br><span>Length: 2.06 km</span><br><span>Length rank: 47</span></div>
road_3217419,path,3217419,sealed,DIXON ROAD,2.0516268453680917,48,59,#1464a5cc,#1464a5cc,@EAAmjujmI|lqcgA}EwC_OoJsCeCwBuAmBkAqKqF_EyAiE}AyDgAsF}AqDqAuIwC}PaIaCqBs@cAa@kCEoDd@yArAyAtFaE`EwClKwH|HuFtBkBfA_A`BgCt@iC\wDKqASaD{@oCoCaEuG}FcNkKmG{EUQ_FoDkHmF}EiDsAyAkA_CQaBTyBBYd@}Ah@y@nb@sZpKyHhFuDfXuR~UqP~l@cc@jXwRzSmQtRpNbuEpoD`c@t\jRhOpDpE^b@pDvFLX~BlE~A|DjCxKzBlOrA|Jn@fEjA|H~AvGlAlEtArD`D|GjF~JzEhJpAhChDvGfGdMjFrKfCfGrI~QzHdQ~E|Kn@tAtKjTvIjKdHbG,<div><strong>DIXON ROAD</strong><br><span>Surface: sealed</span><br><span>Length: 2.05 km</span><br><span>Length rank: 48</span></div>
road_3217443,path,3217443,sealed,HEAPHY TERRACE,2.0264932929659896,49,59,#1464a5cc,#1464a5cc,@EAA_~wimInb_agAtL}TjJ_QzCoDxhAk|Brs@gvAjWeh@ld@u`Axe@e~@df@mgAfEoJp[mr@~MkZtMkWnAiC|Xen@hD{H|Roc@~FcOx_@{y@n[mq@rUcg@be@ybAbSac@rZaq@jA{D,<div><strong>HEAPHY TERRACE</strong><br><span>Surface: sealed</span><br><span>Length: 2.03 km</span><br><span>Length rank: 49</span></div>
road_3217438,path,3217438,sealed,TE RAPA ROAD,1.9657205134863716,50,58,#1464a5cc,#1464a5cc,@EAAc|dgmIl`q_gAmcBx`B}CxCodAhcAee@jf@ksAdoAai@zg@g_@lb@oHpI{MdOuHnGmP|KyIbFuRhLcRxL{DpCiGjE_HhEgF|Bg|@jXox@zTepArZaObDcNbC}m@vJu|@lNae@pHmZxK{PvImM~I_`@v\ea@be@iCzE_DbI,<div><strong>TE RAPA ROAD</strong><br><span>Surface: sealed</span><br><span>Length: 1.97 km</span><br><span>Length rank: 50</span></div>
road_7741074,path,7741074,sealed,RESOLUTION DRIVE,1.9113563691406996,51,58,#1464a5cc,#1464a5cc,@EAAu~mgmIzwk|fAwAvGhGhgAbHhmAzDtv@lB`k@~@j`@b@bn@SrXg@pb@gBfb@eAb[iCzc@wDfe@qGvj@mEj[}G~c@wEzVeHh[u[vwAmT~s@}a@dlAga@faAeR~_@_Tx[,<div><strong>RESOLUTION DRIVE</strong><br><span>Surface: sealed</span><br><span>Length: 1.91 km</span><br><span>Length rank: 51</span></div>
road_3217437,path,3217437,sealed,FOREST LAKE ROAD,1.9037677561247093,52,58,#1464a5cc,#1464a5cc,@EAAclhgmIrn_agAmz@cx@eMsL{EsE}EkEa_@k_@y@y@qI{IcA{@qIaHGEACsGsGyH}HsUyUsVcUiF{EsXsTAA_t@mj@aAw@u[kUqXoT}j@gt@qZka@af@mn@mXe^aDmCqCqB{CqA{YiMcbAqc@}YqMcGkCePkHuRyIqM_GkAq@_CyAmA_AeByAqAuAeMsP{q@w_AwFyE}G_FkNgJmUsMaR{JuBkAwd@aXgEqB}Ae@aCQsM[,<div><strong>FOREST LAKE ROAD</strong><br><span>Surface: sealed</span><br><span>Length: 1.90 km</span><br><span>Length rank: 52</span></div>
road_3207001,path,3207001,sealed,CLARKIN ROAD,1.8968121795664856,53,57,#1464a5cc,#1464a5cc,@EAAcuvimIbky_gAtGjGrFzC`FxBnJ~DxGpCjEfB`z@d_@nLbC`U`D`f@~GbAL~w@dLvkCj_@l^fFfC^vCb@nqBlY`Df@rBr@lE|AjHC|BPtDp@|]~E~DTnGB`EnAdC`ApD|@xp@jJnEf@~BXnd@hGvjAjP~m@vIjQhCbXzDrC`@jl@tIryBzZfUlDzx@`Mxz@xL~\zEpMtDbJ~D,<div><strong>CLARKIN ROAD</strong><br><span>Surface: sealed</span><br><span>Length: 1.90 km</span><br><span>Length rank: 53</span></div>
road_3218961,path,3218961,sealed,MANGAHARAKEKE DRIVE,1.875482314068212,54,57,#1464a5cc,#1464a5cc,@EAAcbyfmIddg`gAqBGeMZmOz@mRnDoJ~BoF|BeIhD{CfBmGfFgPlQuR~UiUbYkYd]me@~k@gShVcHdIcxAbhBak@tp@iW`a@qy@f{AmMbTsN~SoLfOmUnXoR~Q{]nY_TfOuFdEcCdBaFnDuHhFoMzIqb@fZ}XpRkQbMs@ZcJzGyE|DsDjDsHlI_GzJsCrGy@lB_BfGu@zFqBtU,<div><strong>MANGAHARAKEKE DRIVE</strong><br><span>Surface: sealed</span><br><span>Length: 1.88 km</span><br><span>Length rank: 54</span></div>
road_3217413,path,3217413,sealed,KILLARNEY ROAD,1.8715401933667184,55,57,#1464a5cc,#1464a5cc,@EAAcnhgmIbayagAeHXeOj@_]l@utC~EozAzDqCF_{@`BwSa@ot@y@ci@m@}e@g@mbAcA}jAiAa]_@oIGyZWsi@e@U?eIOgJOa`@_@kfAqBorB}AiyAa@qn@UsIDom@Zm_@d@kEZcDf@yx@hTqHnB,<div><strong>KILLARNEY ROAD</strong><br><span>Surface: sealed</span><br><span>Length: 1.87 km</span><br><span>Length rank: 55</span></div>
road_3217410,path,3217410,sealed,GREENWOOD STREET,1.8544741394312976,56,57,#1464a5cc,#1464a5cc,@EAA{`_hmIvxmagAwAnC_B|DwAnL{ThvCeZvuDk@nGi@lGaGjcAOdU\hPfZrfGbIblAdCfg@bL~`Bj@lPoBtHgD~GeAjAuC`D{G|EuG`D{K~C,<div><strong>GREENWOOD STREET</strong><br><span>Surface: sealed</span><br><span>Length: 1.85 km</span><br><span>Length rank: 56</span></div>
road_3217416,path,3217416,sealed,KAHIKATEA DRIVE,1.807888449131001,57,56,#1464a5cc,#1464a5cc,@EAAgkgimIz~rbgAhTzDn]dMxh@fN~@T|MdBzRdCne@rCbH\|\F`o@kBrg@qBt|@{Evh@aErn@uFt\wEha@yFfy@gL~}C}c@~xAoUlbBuY|cDeg@|v@qLvv@yKld@{G,<div><strong>KAHIKATEA DRIVE</strong><br><span>Surface: sealed</span><br><span>Length: 1.81 km</span><br><span>Length rank: 57</span></div>
road_3234626,path,3234626,sealed,ULSTER STREET,1.7973292981631883,58,56,#1464a5cc,#1464a5cc,@EAAgb_imIbm{`gAx\eNhUsIrViHlwBmj@bJaCbsC}t@pbCwn@tVkG|bCin@zFyA`VaH`KgGlJaIpF}GlEmI|BsErSqv@bJa]ja@m{A~y@kcDdA{BlAmB,<div><strong>ULSTER STREET</strong><br><span>Surface: sealed</span><br><span>Length: 1.80 km</span><br><span>Length rank: 58</span></div>
road_3217441,path,3217441,sealed,WAIRERE DRIVE,1.7801834735080326,59,56,#1464a5cc,#1464a5cc,@EAAwm`jmItgb_gAhJcBdGw@bTkCbIeB|HaDnMwFpQaIzAo@bQoItAs@vw@ea@hgA}j@~Y_OlDgBrTyK|MwG`z@o\v]}LdTkHrZgHvl@cNnh@gLxn@uLl_@mGdk@mIt_@iEz_@uDb{@qHxcAoK`s@sIt{@sKvpBmU|@Kh\iEzZeG,<div><strong>WAIRERE DRIVE</strong><br><span>Surface: sealed</span><br><span>Length: 1.78 km</span><br><span>Length rank: 59</span></div>
road_8055703,path,8055703,sealed,BOUNDARY ROAD,1.771324713923371,60,56,#1464a5cc,#1464a5cc,@EAAsx{hmIbew`gAyHgByYyGiTgEmN_DkJwBeCo@}[cIkSeFw[gIuRwEq[cIyTwFCAeEiAsGiBkFu@qq@sI{h@aHgaA}MkwAyS}hCe^kOwByUoBy\aFc_AyMyb@{GcjDsf@ccDse@iRqCaZwF,<div><strong>BOUNDARY ROAD</strong><br><span>Surface: sealed</span><br><span>Length: 1.77 km</span><br><span>Length rank: 60</span></div>
road_3218958,path,3218958,sealed,ANGLESEA STREET,1.7473076785419297,61,56,#1464a5cc,#1464a5cc,@EAAapqimIjwvagAdTaUvdAwhAje@ug@tEaFlhBmoBpd@ch@tJiKh|@ibAvOoOrJmJhPwShE{GhA_BDGLMlC{CdH{HrGiFtbBwmBndBumBriAsrAlEwDjCmBtJqDnMkC,<div><strong>ANGLESEA STREET</strong><br><span>Surface: sealed</span><br><span>Length: 1.75 km</span><br><span>Length rank: 61</span></div>
road_3217439,path,3217439,sealed,TOTARA DRIVE,1.744386700205938,62,56,#1464a5cc,#1464a5cc,@EAA}mufmIx~j~fAcIq@sLm@cHLcd@dAib@x@aYj@qEJcGLaNZwIWqHm@_K}BaSsGeKeBmLkA}Da@wF]iM[iF^kFd@uI|BqMnGuNtIwiBdeAc`@dT}BlAwHfEgGhDk_@tTyMpLiKbN_IzSSnI|AbKnL~Wr@rPaE`PcWl_@uVd^aK`OaE~FkDpJkCnK}AjHm@zGa@|GDlN?lO?rOSpj@sBbe@S`NwAldA,<div><strong>TOTARA DRIVE</strong><br><span>Surface: sealed</span><br><span>Length: 1.74 km</span><br><span>Length rank: 62</span></div>
road_3200522,path,3200522,sealed,ROTOKAURI ROAD,1.7316486826946764,63,55,#1464a5cc,#1464a5cc,@EAAqgyfmIjxi`gAdCRtGdA~Hx@zFA|FmAbAa@rBiAlAaA`A}@v@aAbAeBrAyCjAkDzAoFvAiFl@iBzAkDhB_DnBgCpBqBnD}CbDuB~DmBbFmB|Cy@vCw@bKqAnLy@~RsAnAExBMrReBfAMd}Ege@xKeAbOwAvG_@tFIxDPdEj@zD|@fDpAhDhBd\h\p_@mQbCiAza@yRfi@{W`^iQd`@}Rza@cTveAmj@nU{Ln^qRtc@{UrNoHtk@sZrEiC~FwCbE}BHEl\iRnGiDlHyD,<div><strong>ROTOKAURI ROAD</strong><br><span>Surface: sealed</span><br><span>Length: 1.73 km</span><br><span>Length rank: 63</span></div>
road_3218951,path,3218951,sealed,FOSTER ROAD,1.7051325848422607,64,55,#1464a5cc,#1464a5cc,@EAA_q|dmIrclcgAuCp@iOBod@Uq`@]uTKm[Tu@b@aAzAa@rCYrDHxCn@nJLtHCzHOlHGlFg@xAgAn@gAr@mCb@kGT_O{Au`@uEwXmDqTeCcWyCsNoBsUiCgRmC}OaC}J}A{H{ByDsBuHeE_JeG_L{IeK}HyKeHyGyDuH{B{Ba@aGaAsAGmPq@gF]cQg@}ER}GhBsDjB}AfCgAvCyCvKk@j@qBpB_DdBkC|@kJrAceB~Miw@fGg|E~^mEZgIl@gd@hDwKvAwWfD,<div><strong>FOSTER ROAD</strong><br><span>Surface: sealed</span><br><span>Length: 1.71 km</span><br><span>Length rank: 64</span></div>
road_3217436,path,3217436,sealed,MAEROA ROAD,1.6967466712752897,65,55,#1464a5cc,#1464a5cc,@EAAskkhmIvgj`gAjBnCrBrBxEvB`d@pPrtA`h@~LrCdYlDlH~AtExAhUbLrEpC~^~QdlAvm@~e@tVvZjOtIjFdDbC~ApBhAhBvAbGdPdqApBfVf@tFMzEgDxKcFbM}BzGs@tEC`Eh@vGxA|LnP~gAjWtgB|BjQ`AlH@FLrGPrL?@F~ELnML~Gj@`GlCpPzKnv@,<div><strong>MAEROA ROAD</strong><br><span>Surface: sealed</span><br><span>Length: 1.70 km</span><br><span>Length rank: 65</span></div>
road_3234621,path,3234621,sealed,ENDEAVOUR AVENUE,1.69623274739159,66,55,#1464a5cc,#1464a5cc,@EAAmrlgmIfmf~fArB}E`i@scAxAgDrBcGrA}FZoBp@kCpCgMefAyHsVmEwYuJuNwHoa@i\y\uOgToGmTyCeAOg[kAmE?gI?q_@vCg\pHiQ~HqGpDwLxIeGdGkHdJaF|IcFdMy@|DmBxIaVfq@}InOsHpKqRhUyPrP_JrUK~QzB`NfDvI~AbBzGfHzIfGbH|CfFjBlj@nUpKlD`QpChRjBfw@xH~[rG,<div><strong>ENDEAVOUR AVENUE</strong><br><span>Surface: sealed</span><br><span>Length: 1.70 km</span><br><span>Length rank: 66</span></div>
road_8325217,path,8325217,sealed,MANGAHARAKEKE DRIVE,1.662886190116525,67,54,#1464a5cc,#1464a5cc,@EAA_xbemIfyl~fAas@rhCicArsDeSjt@mKz_@aUlt@oH|QcN|\kLdVoC|EgFtIiEdHmD`GsO|TcT`YaLpNeRvRwNjNsNvM{SvQyC`C{BfBmXdSc^fUuUfNi\|P__@bQuStI,<div><strong>MANGAHARAKEKE DRIVE</strong><br><span>Surface: sealed</span><br><span>Length: 1.66 km</span><br><span>Length rank: 67</span></div>
road_3217421,path,3217421,sealed,PEMBROKE STREET,1.6621023299622109,68,54,#1464a5cc,#1464a5cc,@EAAu{himInvtagAnBxBfAnB~A|DlDtL`BnNx@rHbCdU\tCp@va@p@|ZA|Mk@xGgCh_@oFhn@k@zGoFbh@yDje@gAzM]~De@jFPbIhArRpBdXb@|FfG~y@n@zJNxD?fHo@bq@i@xZgApkAGfH[dMeBbsA@|Jx@tFhAfFrGjZ`AzC~BvDfQfUnBpE`@lA|Hrf@p@nB~Al@jFvC,<div><strong>PEMBROKE STREET</strong><br><span>Surface: sealed</span><br><span>Length: 1.66 km</span><br><span>Length rank: 68</span></div>
road_3218965,path,3218965,sealed,TASMAN ROAD,1.648556447991275,69,54,#1464a5cc,#1464a5cc,@EAAwk|emIrrx~fAeFnG_N|NmwA~jAkhAt}@mHlFiI~E_FtBgIdEcPhHcNfIkWfS}}@bx@_e@la@qOxOev@zv@ir@|r@iDbDsEpFwBhCuBhEsBhEuAnFg@hEQtHd@rGv@nDrAxDdCtEjDfEhFtEtZ~RpOnJvJhHtLpLxJnNhGvO|CtPh@bOCbIAnDh@fBt@`A|Bp@vHp@nx@`F,<div><strong>TASMAN ROAD</strong><br><span>Surface: sealed</span><br><span>Length: 1.65 km</span><br><span>Length rank: 69</span></div>
road_8325215,path,8325215,unmetalled,,1.646141199443781,70,54,#734a12cc,#734a12cc,@EAA{k`kmIpbebgAsQn^U\_PfVoNnPaJnKsTnRwXhSgOxO{PxZwJxX{Mfv@gMhz@{Gdq@Ojf@xCr`@tBbO~BrPfPv_@hOdRdXnTj\zMp|Apc@`wFz_B,<div><strong>Road 8325215</strong><br><span>Surface: unmetalled</span><br><span>Length: 1.65 km</span><br><span>Length rank: 70</span></div>
road_3217406,path,3217406,sealed,NEWCASTLE ROAD,1.6418907960329625,71,54,#1464a5cc,#1464a5cc,@EAAaeefmIxweagAoy@b_@o{DvdBiRrIqg@|TaS|IsJvEqJfGcEnElBxBlA|BrI`k@vJrn@~Gjd@fErXpB~NpEdYnFd^Lt@dBjNdDbY`C~ZdCdd@dAdRXzEbDth@XpE\jCPzANnAvOj{@hErUbN|w@,<div><strong>NEWCASTLE ROAD</strong><br><span>Surface: sealed</span><br><span>Length: 1.64 km</span><br><span>Length rank: 71</span></div>
road_3217407,path,3217407,sealed,KAHIKATEA DRIVE,1.631612432179974,72,54,#1464a5cc,#1464a5cc,@EAAsw_hmI`ambgArG~DpEfAtEd@fFH|D]vKeBzjAcRxjFmx@`IoAvx@cMr~@oNlk@yIrb@aHxj@cJxm@oJpF}@`ImAzdAqPr]{FrKmAvI_@tH^fJpAbJzCbFjDtEpEvF|HtE~H~JjNbYnk@tFnFzEdClF|BtHtA|It@vHBtFY|H_AlYkE|KcChEyAtFgCrFyC,<div><strong>KAHIKATEA DRIVE</strong><br><span>Surface: sealed</span><br><span>Length: 1.63 km</span><br><span>Length rank: 72</span></div>
road_3238146,path,3238146,sealed,ST JAMES DRIVE,1.629188496105466,73,54,#1464a5cc,#1464a5cc,@EAAycqimIvg~}fAfLxo@|AtHbFxPvE|KbPpUlSpQ`CdAvFbChRhIzH`E`V|GtPvBzNLxQ[lPvAlK~C~MvHtTxRlK|OjBjEz@fGIdFgA|DwE|F}@z@qCnCwDxDqClCkFhEac@~WwU|L{Y`PgGbCsEpByFdCqG~DuDtCmCvDoA`CuAzC}@dCk@tBOpAIt@i@|CYtCa@lCSlHO|PPdLJfGCbDu@nEiCnDcClCgEtBaFdA}Hp@}FVyGb@_Iz@kHbAeJbBqJrCiIfCaD~@}D~@aEf@_FP{GOmFYuEu@iDcAmDmA}DqBeDgCmCiCoCuC{CqByAy@cBy@}BiA_F_ByI_BkJu@_IS{IDyIOuVOuEQeAGyDUeAUgAUeDs@yHuAyNgC,<div><strong>ST JAMES DRIVE</strong><br><span>Surface: sealed</span><br><span>Length: 1.63 km</span><br><span>Length rank: 73</span></div>
road_3217418,path,3217418,sealed,CLYDE STREET,1.6283242383332095,74,54,#1464a5cc,#1464a5cc,@EAAwgakmIjdoagA`c@jL|a@|KfAXlGbA|EX`PD|d@aAhiCiFtLWvCG|uAmCnbBiDjdA{Bbg@o@tGP~Dh@z[tE`gB~Vx`Cb]xBZj^hF~K~A~yCtb@rn@|I,<div><strong>CLYDE STREET</strong><br><span>Surface: sealed</span><br><span>Length: 1.63 km</span><br><span>Length rank: 74</span></div>
road_3217434,path,3217434,sealed,OLD FARM ROAD,1.6251055036891473,75,54,#1464a5cc,#1464a5cc,@EAA}`rjmInnoagAr@kCdBuLl@iFk@yD{Zmg@q]yj@gMqSqc@ss@mEkHuA{BgHkLurAywB_FqDef@aPs`@qM_{@cY{fAo^sw@mL}\eFae@yGyg@wHip@mJ}`AcNyp@gJwG_AsF?}GbAmt@lU,<div><strong>OLD FARM ROAD</strong><br><span>Surface: sealed</span><br><span>Length: 1.63 km</span><br><span>Length rank: 75</span></div>
road_3217420,path,3217420,sealed,NORTON ROAD,1.6202895787458138,76,54,#1464a5cc,#1464a5cc,@EAAefrgmI|eaagAwXkFeGuAaDu@sHeA{B?kI?uFH_IlAiLjCiPbG}IjBmGd@}~@zHgw@dGuw@dHg^|CsWrBcXzBuzA`MwNt@e_AlJul@lEeUxBqdAxI_}@`Hw`AxIiXlA}Ml@me@|Eo{@vHmTnBegCbU,<div><strong>NORTON ROAD</strong><br><span>Surface: sealed</span><br><span>Length: 1.62 km</span><br><span>Length rank: 76</span></div>
road_3234620,path,3234620,sealed,DELAMARE ROAD,1.592314068591127,77,54,#1464a5cc,#1464a5cc,@EAAohhgmI`xu~fAwe@}NeEcByGiEaFuFsCgFqBeHUoGuCor@cCmFaBiCoAyA{CcCuFcDyKkCiF_@mEMgEPmF`@{NjDiXjH{p@tYug@pXsKrFoDlAsE`AmHd@qDEmHWmDKqCASAiE\cDr@gCz@QFaDdB{IhGYTyDzCaEbD{AlAeCxC{B~Ey@xE?tDl@bEF`@dAjCrE`OTrAEdB_@xBiAzBmB|AcCtAwk@nWuw@l^aJxDqExCgEjEcCpEwAzGEtEPfNfAzj@XlGl@vCxCbHti@jk@`E`EdCdCj^v_@`i@ri@,<div><strong>DELAMARE ROAD</strong><br><span>Surface: sealed</span><br><span>Length: 1.59 km</span><br><span>Length rank: 77</span></div>
road_100076823,path,100076823,sealed,HILLCREST ROAD,1.573664202653405,78,53,#1464a5cc,#1464a5cc,@EAAg{jkmIhh_bgA_CkDm@_Bm]wkBoWwwA_C{FmIcKon@qe@oBwHo@w@i@mAiBaHaOsk@{Syx@mI_[sBaIiCoIoD}IuH_R_p@c}A_FaOo@{AyDmJqCwFoF{KwPsb@oBoG{D{L{AoDgFaIyAuCuH}Q{GcPi[uv@oEmMwHgY,<div><strong>HILLCREST ROAD</strong><br><span>Surface: sealed</span><br><span>Length: 1.57 km</span><br><span>Length rank: 78</span></div>
road_3218966,path,3218966,sealed,BURBUSH ROAD,1.5408523858235126,79,53,#1464a5cc,#1464a5cc,@EAAorudmIzmo~fAiCzt@gEnv@iNvnCsWj}ET|GrAvIxB|EzBxCjOdQ|[p[jOjP~EjF|DpFtBzDvA`FlAxFdAjKhA`PlChb@`BdRfA`HtAnEpBjEbHzInFnEtMlIle@~ZdHvErIlIzChFhArDb@dEZ`E,<div><strong>BURBUSH ROAD</strong><br><span>Surface: sealed</span><br><span>Length: 1.54 km</span><br><span>Length rank: 79</span></div>
road_3218955,path,3218955,sealed,HALL ROAD,1.516339433552577,80,53,#1464a5cc,#1464a5cc,@EAAy_|jmIlkqcgAk@jBqv@|~Bg@lCq@vDKnC`@tDpAlEfV`f@nc@~{@~q@dqAzClDhBnCrMzO~a@pd@hJ~JbPfQ`TnUpF~Fjh@~k@pRxSzUvWxQjS|MpOrM~N~IzJl\h_@j]n_@jEdFfFjGlDvE~K|OrAbBdAhAlB`B,<div><strong>HALL ROAD</strong><br><span>Surface: sealed</span><br><span>Length: 1.52 km</span><br><span>Length rank: 80</span></div>
road_6063644,path,6063644,sealed,BORMAN ROAD,1.4950304628341822,81,52,#1464a5cc,#1464a5cc,@EAA{wthmIhjh}fAxIxAlAX~SdFxaBfh@t_@`K|t@tOlI~@pVlCrd@tFnd@bD``A`EbdAnExr@zCleAtD`ADro@fCreAdEpADvxAxFze@r@~A?hj@F|z@kBxo@sCzQPtQfB,<div><strong>BORMAN ROAD</strong><br><span>Surface: sealed</span><br><span>Length: 1.50 km</span><br><span>Length rank: 81</span></div>
road_3238132,path,3238132,sealed,AVALON DRIVE,1.492651162190188,82,52,#1464a5cc,#1464a5cc,@EAAs|jgmIfa}`gArGuDdR}RzRuUdW_YvVqXbFuD~MuUzs@uoA`[uj@jXwf@pG_KpLyM|LwJbRaOf_@qWxW_Sv_@gXpc@sZrh@}^vm@cd@pVuQ~@aA`FgFlFeHfD_FhGgL`DqJvAkGrH_YvCyMrJqa@zDcO,<div><strong>AVALON DRIVE</strong><br><span>Surface: sealed</span><br><span>Length: 1.49 km</span><br><span>Length rank: 82</span></div>
road_3234603,path,3234603,sealed,DOMINION ROAD,1.4855325345586403,83,52,#1464a5cc,#1464a5cc,@EAA_w_fmInev`gAmZl@qLNoP|AiP`BmLfAsMf@yZx@eTjAgZpBmNrAsn@dHoMr@qOp@gNPeRFyTSuQaAeQs@yQsAcy@}F_Jo@sLcBiIyBeMiDqJaEuYkNahAij@s`Akf@gsCmwAcnBuaAsCwB,<div><strong>DOMINION ROAD</strong><br><span>Surface: sealed</span><br><span>Length: 1.49 km</span><br><span>Length rank: 83</span></div>
road_3218962,path,3218962,sealed,MANGAHARAKEKE DRIVE,1.484219051870579,84,52,#1464a5cc,#1464a5cc,@EAAgsgfmIllp_gAmSb_@q|@z_B}i@j`Ail@~nAyu@xcBi]xn@gYra@i`AzlAo_A`fBcCxDwXbi@qCxEqEpD_FfDeIvDwMxB_UpE,<div><strong>MANGAHARAKEKE DRIVE</strong><br><span>Surface: sealed</span><br><span>Length: 1.48 km</span><br><span>Length rank: 84</span></div>
road_3217417,path,3217417,sealed,BROOKFIELD STREET,1.4831955834744364,85,52,#1464a5cc,#1464a5cc,@EAA}y~jmIr`abgAXDrDh@rzA`ThfD`f@jhDxe@huBxY|l@lI|m@`Ir{Br\hdDdd@jZxCvn@hK,<div><strong>BROOKFIELD STREET</strong><br><span>Surface: sealed</span><br><span>Length: 1.48 km</span><br><span>Length rank: 85</span></div>
road_6063752,path,6063752,sealed,TE HUIA DRIVE,1.4829452297431904,86,52,#1464a5cc,#1464a5cc,@EAA_qnfmI~xv}fA_\mSg}@aj@wOuJ_GuD}DkBuDwAeIqBoFa@cEI}F@wGb@wEj@qF~@cD`AmCtAwCpBaCvB}DrEiCdFqAfEaA`Gb@xWRnH[`EOtCmAdF_BpD{AhB}BtCmJlIy^r[{LlKkZnWsD`EeBdD_CtF}GbPw@lAmC~DoD|BiBbAmH`DaHjBuOxCsNxAiIlB{GvCqFnDoG|BuFjAyIt@uGFC?_Wc@uGJgF|@iGdBsIjE}[zVkNhGkOzCuKXmKSiGw@uGiBwJuCeEoAaTkGkY{@kAEUAuo@gEyh@sG,<div><strong>TE HUIA DRIVE</strong><br><span>Surface: sealed</span><br><span>Length: 1.48 km</span><br><span>Length rank: 86</span></div>
road_3218953,path,3218953,sealed,ELLIS STREET,1.4646376741514695,87,52,#1464a5cc,#1464a5cc,@EAAoqfhmIdroagAiB`F{@|GcLnnAe^plEk@zNz^zoAz_@pvAvu@`qC~EjQRvGwAlJoWvk@s@pGVnJlW``A,<div><strong>ELLIS STREET</strong><br><span>Surface: sealed</span><br><span>Length: 1.46 km</span><br><span>Length rank: 87</span></div>
road_8114327,path,8114327,sealed,PERCIVAL ROAD,1.439556296754909,88,51,#1464a5cc,#1464a5cc,@EAAis~kmIhbt`gAb}@{~@pHgI`BcCf@mA^cBJaBWoBq@kA_BuA_CqA}Ao@qWmI}AuAcA{ARiC^sAz@wAlEeF~PuQ~QcRnv@uw@~lAsnAdm@}m@`DeD~AqBl@uATiAAwAWsAkAiBwBiB}BsAgCwA_}BukAuyAkv@{eBo~@,<div><strong>PERCIVAL ROAD</strong><br><span>Surface: sealed</span><br><span>Length: 1.44 km</span><br><span>Length rank: 88</span></div>
road_3234656,path,3234656,sealed,HUNTINGTON DRIVE,1.4336661757459654,89,51,#1464a5cc,#1464a5cc,@EAA{ypimIrrz~fAmBgEaE{IuEcKeCmHgAsHw@}HEqIJqONsLFoDFsEHkPD_HRgMx@_Ox@_GJs@bAyFtAeF`BqFbEmLzHkO^s@rHsKjDeE~EkE|EmEnD}CnE{ClCqAfPoGfGmAjI_B|I_BdJsB~IaCrJ_DzH_C`PuExSuEjHcBrPyDbNmEfLqFpJyEdJcEbFeCtGi@fJ\jFx@~HpDrS`StNjPjGfH~B`D|@lApBnC|DbGjBtCvKnT`j@vcAzCpGxGhMxQvX`GlNdD`LJ^Pl@`C~I,<div><strong>HUNTINGTON DRIVE</strong><br><span>Surface: sealed</span><br><span>Length: 1.43 km</span><br><span>Length rank: 89</span></div>
road_3217423,path,3217423,sealed,GALLOWAY STREET,1.4292291422120025,90,51,#1464a5cc,#1464a5cc,@EAA{gmjmItqoagA{EbDkLtJskA~kAqD`EwCtEoCjG}BpH_Kz^kXfdAcQrp@{DpOeNti@mHjVg]hrAuObp@co@faCgh@rpBa@tAw@hCqArE,<div><strong>GALLOWAY STREET</strong><br><span>Surface: sealed</span><br><span>Length: 1.43 km</span><br><span>Length rank: 90</span></div>
road_3217422,path,3217422,sealed,NIXON STREET,1.4198518314632464,91,51,#1464a5cc,#1464a5cc,@EAAcxrjmIpihbgA|A_GbUyz@zVu_Adn@u`Cto@wcCln@}cC~Qmq@`Usz@~m@}`C,<div><strong>NIXON STREET</strong><br><span>Surface: sealed</span><br><span>Length: 1.42 km</span><br><span>Length rank: 91</span></div>
road_3238130,path,3238130,sealed,BAVERSTOCK ROAD,1.4097574114116604,92,51,#1464a5cc,#1464a5cc,@EAA_iifmIr{f`gAxgBfiBdBdB~WbXj@j@tArAvRxR|IfIrF|DzChBbFpCvJrDx{@x[lfBno@~ZrLZLrH|CpHjD|C~AdCpAleBf}@hUfLnb@|S`JnEhIxCpHzBjaC|b@rOpCdCb@n]lG,<div><strong>BAVERSTOCK ROAD</strong><br><span>Surface: sealed</span><br><span>Length: 1.41 km</span><br><span>Length rank: 92</span></div>
road_3218956,path,3218956,sealed,LAKE ROAD,1.3942035201981056,93,51,#1464a5cc,#1464a5cc,@EAA{m{hmI~vragAjH}B~}@oYxuA{j@tn@kVloAgh@`HoDjBaAbB{@hCsAjNgHnSgKrT}Lhh@w^zdBkjAhd@mZdZyS`VuPnx@gj@~CmAdHoArz@cHb@Wl@s@vAMhY_CtOwAdFuAvDuAxFuBhE_B,<div><strong>LAKE ROAD</strong><br><span>Surface: sealed</span><br><span>Length: 1.39 km</span><br><span>Length rank: 93</span></div>
road_3218968,path,3218968,sealed,THE BOULEVARD,1.3874600568166726,94,51,#1464a5cc,#1464a5cc,@EAAgamemInnc~fAakAjdB}EnEqDtBqJrGg]dU_f@~]wFlFsEdDe_@d`@_]p]ie@|e@eN|NcQzQkg@zg@wRlS}DrDec@f]qYnTmd@p^oDbD}RdSgYn[{OpPkZl\wKtLaQzS,<div><strong>THE BOULEVARD</strong><br><span>Surface: sealed</span><br><span>Length: 1.39 km</span><br><span>Length rank: 94</span></div>
road_3217424,path,3217424,sealed,FOX STREET,1.3873347349654064,95,51,#1464a5cc,#1464a5cc,@EAAcc}jmIdjebgAt^ksApJs]bn@i`CbH}Wbf@_jBh]krAhQkq@xf@ylBrZqiAvRwv@,<div><strong>FOX STREET</strong><br><span>Surface: sealed</span><br><span>Length: 1.39 km</span><br><span>Length rank: 95</span></div>
road_3217431,path,3217431,sealed,NAYLOR STREET,1.3806333188452384,96,51,#1464a5cc,#1464a5cc,@EAAgc`jmI|ucbgActAuR{nA_Qm[kEi\_F}oBcYadDkd@mgDkf@igDce@s{AfIeMp@,<div><strong>NAYLOR STREET</strong><br><span>Surface: sealed</span><br><span>Length: 1.38 km</span><br><span>Length rank: 96</span></div>
road_3234557,path,3234557,sealed,ABERDEEN DRIVE,1.3736148203797387,97,50,#1464a5cc,#1464a5cc,@EAAarkgmIjnpagA~sAiSvIsAre@iHfT}CrToApY}Ar]kGnx@wOfWiEhG_@??x@E\ArL_@vb@rAh^p@jNXzZp@z[|@pgAzCtWl@f_@{@lf@c@|YjB~Q~DnYnLpd@z\dM`OhGtLzDnM`H~d@pJvr@,<div><strong>ABERDEEN DRIVE</strong><br><span>Surface: sealed</span><br><span>Length: 1.37 km</span><br><span>Length rank: 97</span></div>
road_100047915,path,100047915,sealed,MASTERS AVENUE,1.364549687509343,98,50,#1464a5cc,#1464a5cc,@EAA_relmI~|tagAHB~g@hP`Y~InDjAxErAbFpA|FvAzIlB`MdClb@hJ||Av\lCj@xSnE~Ct@zDx@zEz@dFr@zG~@jd@hGtpB|WvU~CvOzB|B^`Dr@zBt@|B~@dCxAjCnBrAfA~BlC\`@pB|BbZn^hVtY`RzT`_@vc@rbA~lAjMzOlb@ng@,<div><strong>MASTERS AVENUE</strong><br><span>Surface: sealed</span><br><span>Length: 1.36 km</span><br><span>Length rank: 98</span></div>
road_3217425,path,3217425,sealed,WELLINGTON STREET,1.357891864383606,99,50,#1464a5cc,#1464a5cc,@EAAcc}imIjp{agAaHgCsrCua@aJsAmfDif@qdDyd@_hDke@_fDcf@kmAoP{G}@,<div><strong>WELLINGTON STREET</strong><br><span>Surface: sealed</span><br><span>Length: 1.36 km</span><br><span>Length rank: 99</span></div>
road_8325562,path,8325562,sealed,ENNION RISE,1.344465364260312,100,50,#1464a5cc,#1464a5cc,@EAA_~ngmIhta}fA{AKiGk@mFu@mGoAoCy@iB}@sBeA{B{AyB_BwReW}i@_t@}e@}n@eeCydDi]id@qI{LgHyImHqHqE_EyEwD}JqGeIoEkAk@aEqBeJ_EkIqCw@YuGyBkKaC{JqBgSoCaq@cHcdAwJu}@uIaYiC,<div><strong>ENNION RISE</strong><br><span>Surface: sealed</span><br><span>Length: 1.34 km</span><br><span>Length rank: 100</span></div>
road_6063651,path,6063651,sealed,WAIRERE DRIVE,1.3429231976887073,101,50,#1464a5cc,#1464a5cc,@EAAwssjmIpy}`gAc@uHqF{g@eEsZuAyPwAoj@bAg^rCqXJaBXeEZeEDs@nIus@~@_OlBqZX{YO}UaB_Z}Fkv@sDgk@aAyMu@aP\_S`BkRzDkYvGsY~b@inAzGsUbF}RfDuJ,<div><strong>WAIRERE DRIVE</strong><br><span>Surface: sealed</span><br><span>Length: 1.34 km</span><br><span>Length rank: 101</span></div>
road_3217444,path,3217444,sealed,COMRIES ROAD,1.3401446070797165,102,50,#1464a5cc,#1464a5cc,@EAA_ehimIjod_gAxDv@jD`@`Gj@t{AjTvHdA`d@hGtJ~AzuDzh@fCXv]`Fdh@nHhs@|Jxp@nJfy@zKvx@nLx^bF|Hl@rBEhDUpCk@|DsAp}@ee@`a@ySxIoFfD{BnAoAdBmCpB}EhCgGjBmFv@{AjCkBjCg@JApKaA,<div><strong>COMRIES ROAD</strong><br><span>Surface: sealed</span><br><span>Length: 1.34 km</span><br><span>Length rank: 102</span></div>
road_3217412,path,3217412,sealed,ELLICOTT ROAD,1.3324971156817496,103,50,#1464a5cc,#1464a5cc,@EAAclhgmIrn_agA|ZrYlbBr|Anv@js@nWbVnEzChFjC~j@rTxlBhu@vGjC|DdAdvBja@r~@zQxtDjs@nFfA~GtC,<div><strong>ELLICOTT ROAD</strong><br><span>Surface: sealed</span><br><span>Length: 1.33 km</span><br><span>Length rank: 103</span></div>
road_3217433,path,3217433,sealed,CAMBRIDGE ROAD,1.329194631156053,104,50,#1464a5cc,#1464a5cc,@EAAsgskmI~ydbgAmEuAyDi@kEIcEHk`@^}JJkpAjAiFNeFTeDZmFv@{GhA}HhAoGd@aFX_Db@}CjAyB~AoBfBuB`C_ClCkBpCkBjD{BpE}BnDgCzD{FfIyPpT_TtYmVz\_[zb@oL|NaCjC}CvCog@lb@gD`C_DvBcE`CaEpBqDdBwFzB}FtByHdCq{@rM_C^q]jFgHfAu}@jNeO~BkOjCu^bHSDwMbDyLvC_XhI,<div><strong>CAMBRIDGE ROAD</strong><br><span>Surface: sealed</span><br><span>Length: 1.33 km</span><br><span>Length rank: 104</span></div>
road_8114514,path,8114514,unmetalled,,1.322081981926446,105,50,#734a12cc,#734a12cc,@EAAmphlmIxuh`gAfXi`@|u@o}@lp@qn@p_A{z@pdAay@jh@{^pq@{f@th@}ZleAmj@d_EysB,<div><strong>Road 8114514</strong><br><span>Surface: unmetalled</span><br><span>Length: 1.32 km</span><br><span>Length rank: 105</span></div>
road_3234577,path,3234577,sealed,RIVERLEA ROAD,1.3166820271619175,106,50,#1464a5cc,#1464a5cc,@EAAcualmIfembgAXrGMnAyAfCoB|BiPdNaTbPcEnDqC`DA@iBlCsAfCkE|IoI`QwCpGkC|FaA~BgBfEk@~AYjAKdBDnBTbB~FjYpKpg@~G`\pPfx@p@hDX`CNjBAnBSvBw@hCyA`CsBhBmDzAqCr@qF`A_X~CoBZmBd@_C`AqBtAsArAmAnBs@vBUnCHpCt@nCnAbCjCzBp^|SzBnApDbC|ClCdCtC~AjCpBjDnF~JlFjJjA~AdCxBpBfAhC|@lDh@jCN|B?`DWdCg@hBk@|Au@dDqBnm@q`@nAaArAmAr@aA^u@TkAHaACiAUeB_@eBgHq\uEeUq@cE_@cDKuDN{DTwC\eCTiB,<div><strong>RIVERLEA ROAD</strong><br><span>Surface: sealed</span><br><span>Length: 1.32 km</span><br><span>Length rank: 106</span></div>
road_3217409,path,3217409,sealed,HIGGINS ROAD,1.3153096514975524,107,50,#1464a5cc,#1464a5cc,@EAA_`~gmI|iyagAfDtJlY|o@|Rzc@b]`w@vZtq@~q@d|AjQp`@b^zw@x]lx@x]~w@d^tw@`@d@taAlvB,<div><strong>HIGGINS ROAD</strong><br><span>Surface: sealed</span><br><span>Length: 1.32 km</span><br><span>Length rank: 107</span></div>
road_3217428,path,3217428,sealed,MAHOE STREET,1.3045871544826186,108,49,#1464a5cc,#1464a5cc,@EAAs}himI||vbgA~wBpz@fHtDnGzDt{AbnAxIxKdLzQbFnFjDtCjDbClD~@tDb@ds@h@dHV~Jx@bxBhTlf@nEpMdBbPlErI|DnFnExsAtpBlPhVzA|CxIfY,<div><strong>MAHOE STREET</strong><br><span>Surface: sealed</span><br><span>Length: 1.30 km</span><br><span>Length rank: 108</span></div>
road_3234563,path,3234563,sealed,RIFLE RANGE ROAD,1.289587264765169,109,49,#1464a5cc,#1464a5cc,@EAAekigmIjowagAjCwDnBsDVyCWeCwLsb@aHoVkZifAq[eiA_Y}`A}Ky`@kBuGsZwfAcJe\oBgHwVa}@gC_J}GeVcKw^cBaGwJw]mAgEuDyMuA_FwGuU_@aAiIwTgBcG,<div><strong>RIFLE RANGE ROAD</strong><br><span>Surface: sealed</span><br><span>Length: 1.29 km</span><br><span>Length rank: 109</span></div>
road_3217414,path,3217414,sealed,RIMU STREET,1.2850240379886742,110,49,#1464a5cc,#1464a5cc,@EAAwtghmIdmy`gApQzTbGpHn@lAN|AS|DfVpFjMtCtEl@`BvAlBt@`RxIhDpCvCNpA\|At@t_Atc@lGvBtDfAxDJzEc@hUoIpG_C~DW|DPpJn@`l@fDxn@nEhsA_Jx{@yGll@wEvTiBrrBoOxtBgt@tOgG,<div><strong>RIMU STREET</strong><br><span>Surface: sealed</span><br><span>Length: 1.29 km</span><br><span>Length rank: 110</span></div>
road_3218974,path,3218974,sealed,HUKANUI ROAD,1.2673262284600784,111,49,#1464a5cc,#1464a5cc,@EAAab|hmIr{u~fAbEcShQc{@zAiKd@cH?YNcGYaOAk@eAiNy@sKaAqLe@wNHwFDwBd@uIbBiNZkCnF}_@dHeh@lImn@b@yD|D{XpG{d@lFqa@tF{d@lFq_@`@}IM_KsAuKyA_GwLmd@aGeTeHiWiA_EgI}ZwBgO,<div><strong>HUKANUI ROAD</strong><br><span>Surface: sealed</span><br><span>Length: 1.27 km</span><br><span>Length rank: 111</span></div>
road_3238119,path,3238119,sealed,COBHAM DRIVE,1.257588534750287,112,49,#1464a5cc,#1464a5cc,@EAAainjmIviibgAxvAfWryBzZnKjBlHbBzTvHzOfItHfFxHtGnRnVJJtv@deAnCtDfCxBvDrBlDv@jFZbFKlGc@~ZqDlWcEf\aHpd@mKlOwDhm@{PpOuEdNqD~M{DtUyI\OjG_D~DmClb@q^|V{R,<div><strong>COBHAM DRIVE</strong><br><span>Surface: sealed</span><br><span>Length: 1.26 km</span><br><span>Length rank: 112</span></div>
road_3234568,path,3234568,sealed,SAXBYS ROAD,1.2519095585768294,113,49,#1464a5cc,#1464a5cc,@EAAw|kimIfdjcgAlB~DbAlD`@vFaCnfBChCLzFjCzDvF|ClT|H??xdAp\|s@vVjKzB~Hf@f{AlKt_AvG|qDzUnuClQbDFhDHjFY,<div><strong>SAXBYS ROAD</strong><br><span>Surface: sealed</span><br><span>Length: 1.25 km</span><br><span>Length rank: 113</span></div>
road_6063968,path,6063968,sealed,ROTOROA DRIVE,1.244273834837869,114,48,#1464a5cc,#1464a5cc,@EAAuexhmIb`uagAuA`D}A|AkDrCiDlBiF`DgCpAqIfB_Gn@iF@oTWeYy@mDI{DOgJ_A{S_CiLeB{G_@sDFcDDwFv@mFbBcDxA}CtB_E~EyB~DyCdHyAdJ[nGLnERfFPtIzAxEpBbG~DbL|BbFbE~GdIpKzA~Cj@lE^lDGrGiAbPwArJSv@Pz@|AnBhBlAbDlD|@bAt@nENnEQdCiAtBwBdB}Br@gHxAuEd@sFb@wELsFw@_EO}Dj@wCtBwNdHwG|C{NrJcEtDuHhFmKhEiLlDoGz@gLrAcJPgJAo[YcX~@uVfC_HvAeGhCyO~IkJ{DoFqBaC_BwBwA,<div><strong>ROTOROA DRIVE</strong><br><span>Surface: sealed</span><br><span>Length: 1.24 km</span><br><span>Length rank: 114</span></div>
road_3238145,path,3238145,sealed,WAIRERE DRIVE,1.2400856654632704,115,48,#1464a5cc,#1464a5cc,@EAAqychmIxem~fAiRrGyWvMci@z_@oe@t^mSxOc[vTsQ~KsQbKqUtLwEjBaDdBuIzDsMtF_XdKuKvDwSxG{Cz@gUtGsOxDiJpB_NvCsKxBaSpD}PnCkMfBsRnCeC\SBiIjAgC^{_@tFye@jGa_@dDuNdAwMp@qUdAsRZmQ\oXG{Uc@iOm@uBG,<div><strong>WAIRERE DRIVE</strong><br><span>Surface: sealed</span><br><span>Length: 1.24 km</span><br><span>Length rank: 115</span></div>
road_3217411,path,3217411,sealed,DINSDALE ROAD,1.2353406027961054,116,48,#1464a5cc,#1464a5cc,@EAAkcnfmItutagAyDFiDJ_F?_MaAqeBsJmPgAgV_AoKKqIHkIb@gHr@{MbCuOxDmNnGqPlKab@tYaLlI_MvGmFbBgDx@wEv@wENiGN_GMeKiA_P{Dki@gOwSiFsBMoCJgE`CeGvBwPnHkKjBcR`DwjAzPk|B|\se@`HwHpAoGrA,<div><strong>DINSDALE ROAD</strong><br><span>Surface: sealed</span><br><span>Length: 1.24 km</span><br><span>Length rank: 116</span></div>
road_3217445,path,3217445,sealed,THOMAS ROAD,1.225098249124705,117,48,#1464a5cc,#1464a5cc,@EAAs|timIx{~}fA|DAxHSrI_@`Hi@xCUx]iDrToCb[qE`\gCrjDm_@lcBaRlQiBtZiCnIQpT}@hCKD?vLUf]q@|N[fk@kAndBoDhr@mAnVq@xq@kBlRk@,<div><strong>THOMAS ROAD</strong><br><span>Surface: sealed</span><br><span>Length: 1.23 km</span><br><span>Length rank: 117</span></div>
road_7741215,path,7741215,sealed,KIMBRAE DRIVE,1.2180499076773388,118,48,#1464a5cc,#1464a5cc,@EAAat~gmIf}~|fAqQiCwCWeXiCoNJkIz@_m@jLapCtg@eZtE{RzCqPnCcJhAyn@`Ia@FK@w{@vJuJ`AyMtAwXtCmQdCaE`A{FvAcH`C{MnEyPdJyJfGc@`@aJjImIfKmIpOsRja@?@g\ts@kSrc@yAxC,<div><strong>KIMBRAE DRIVE</strong><br><span>Surface: sealed</span><br><span>Length: 1.22 km</span><br><span>Length rank: 118</span></div>
road_3217446,path,3217446,sealed,THOMAS ROAD,1.2166935911765775,119,48,#1464a5cc,#1464a5cc,@EAAqmyhmIfq{}fAx^Ybb@s@`GKjQYjL]xS_AzBQfw@wFzDW`Hc@h\iApNObR?lc@n@|BFdQd@jt@~EhLvAH@jGv@te@hHb]dFzYfC`{@tGp`BrKhj@nE~z@dKdoAtTnGhA,<div><strong>THOMAS ROAD</strong><br><span>Surface: sealed</span><br><span>Length: 1.22 km</span><br><span>Length rank: 119</span></div>
road_3283222,path,3283222,sealed,ARTHUR PORTER DRIVE,1.2165855050158425,120,48,#1464a5cc,#1464a5cc,@EAAczxemIjbz~fAxd@zPhDlB~BlBhBxAhAlBdBnFPtDIhFuDxKeGzNyUbf@cJjMuJpJuKfJ}\rUokBftAsx@thAoCvDaBzEs[to@eI~Lc\z_@wDlE{SnVaIvKkFdHqGzKeGtL{Pd],<div><strong>ARTHUR PORTER DRIVE</strong><br><span>Surface: sealed</span><br><span>Length: 1.22 km</span><br><span>Length rank: 120</span></div>
road_3217426,path,3217426,sealed,COOK STREET,1.2064892770507925,121,48,#1464a5cc,#1464a5cc,@EAA_mxjmI`lqagA|kAhQhxA~RdnAfQvgD~e@jcDxd@dx@dL|mBtXxjA|N,<div><strong>COOK STREET</strong><br><span>Surface: sealed</span><br><span>Length: 1.21 km</span><br><span>Length rank: 121</span></div>
road_3234561,path,3234561,sealed,MASSEY STREET,1.202034919797048,122,48,#1464a5cc,#1464a5cc,@EAA{`_hmIvxmagAjo@rT`TlHdn@zSnVlI`i@rQv_Ad\hxAdh@vc@lNxiAr`@nHfCrz@zYxsBns@b_@nMxG~B~Q`G`KnExFdEfGpHzErJ,<div><strong>MASSEY STREET</strong><br><span>Surface: sealed</span><br><span>Length: 1.20 km</span><br><span>Length rank: 122</span></div>
road_3217432,path,3217432,sealed,TE AROHA STREET,1.1993524926277537,123,48,#1464a5cc,#1464a5cc,@EAAchrimIjhdagAiDkAqsB{s@ebBwh@gj@}Ood@uMcKwDo_AuX{NwCg[cF_y@}Ki_@_F}^iFaXqDwIuA}pAgQyqA_Rye@oE,<div><strong>TE AROHA STREET</strong><br><span>Surface: sealed</span><br><span>Length: 1.20 km</span><br><span>Length rank: 123</span></div>
road_3234628,path,3234628,sealed,FAIRVIEW STREET,1.195433252639691,124,48,#1464a5cc,#1464a5cc,@EAAc~hjmI|xl_gAgAt@q@f@sApBiAhFy@tDSbC`@|D~Ij`@XxEkA~HoIhUaPfg@se@pqAep@jmBed@nqA_jAneD{Urq@,<div><strong>FAIRVIEW STREET</strong><br><span>Surface: sealed</span><br><span>Length: 1.20 km</span><br><span>Length rank: 124</span></div>
road_3234653,path,3234653,sealed,BARRINGTON DRIVE,1.1924877075429354,125,48,#1464a5cc,#1464a5cc,@EAA_bnimInzk}fAz@vDzAtEfUrv@rA|DzC|ItDpJlBlDvBrDbCvDpBhC`C`DjCfC`DbCdDzBbE`CbAn@fFhEnFfFxFlH~AfD`A`DxAnE^jBThAj@pCv@pFXzEHvFMfEoBxMw@rBaAjCoCdGo@hAuAfCwEdHgH|I}G~H_HtHiLhMcUlXsLhN_i@dm@}HjJki@nn@mGhHuDhEsE`G_ErGcCdFkBpEoAzFeAfGa@`KAlCFtJv@hEt@rE`B`GjDvHnDrJ,<div><strong>BARRINGTON DRIVE</strong><br><span>Surface: sealed</span><br><span>Length: 1.19 km</span><br><span>Length rank: 125</span></div>
road_3234579,path,3234579,sealed,FIRTH STREET,1.1731860732153014,126,47,#1464a5cc,#1464a5cc,@EAA}bljmIhjebgA~n@q`Cjo@ocCfo@wcCzPkq@~Tuz@|Kcb@dBsGzIq\rScw@,<div><strong>FIRTH STREET</strong><br><span>Surface: sealed</span><br><span>Length: 1.17 km</span><br><span>Length rank: 126</span></div>
road_3217408,path,3217408,sealed,DUKE STREET,1.1625029548244787,127,47,#1464a5cc,#1464a5cc,@EAAkjogmIbndbgAyNcTmBaAmDe@_ED}E\eHpAcJzA_TlDwMpBeIlAo^tFcInAc`@`GuUpDiy@fMkpGnaA_pA`Sqw@tLk`@`Gy[~Eah@nJ,<div><strong>DUKE STREET</strong><br><span>Surface: sealed</span><br><span>Length: 1.16 km</span><br><span>Length rank: 127</span></div>
road_3238128,path,3238128,sealed,CLAUDELANDS ROAD,1.155842767314788,128,47,#1464a5cc,#1464a5cc,@EAA{liimI~ufagAg~@kc@yFoCykAok@ot@sZsWsKSIgFmCy_@}RkiBez@iPeGwQaFcY_IiP_EqKwAkHCqLyCmScFyo@yRkXyHyt@wTkFiAib@kMUMsAu@a@sAG{@VmAlBqF,<div><strong>CLAUDELANDS ROAD</strong><br><span>Surface: sealed</span><br><span>Length: 1.16 km</span><br><span>Length rank: 128</span></div>
road_3234585,path,3234585,sealed,COBHAM DRIVE,1.1558376759323177,129,47,#1464a5cc,#1464a5cc,@EAAuwoimI~iyagA_DzB{DpCmK~KyOxPoEzEoJfKcIvIwD`Ega@tc@kGrKuE~H_DzR`@tSpEdPjMzRl[fb@pHxPvA~IFhOiBxMsR|z@{Rji@s]~p@yf@nl@s~@j}@,<div><strong>COBHAM DRIVE</strong><br><span>Surface: sealed</span><br><span>Length: 1.16 km</span><br><span>Length rank: 129</span></div>
road_6063777,path,6063777,sealed,ROTOTUNA ROAD,1.152787725297382,130,47,#1464a5cc,#1464a5cc,@EAAa}chmInuf~fA_E{@y~@qO}h@qIsz@kNwGuAiH}BiJ}DuFqCeKuH_T{Oar@}h@yIuGc[kVuK_IsJqF}IiEyGkCcKkCwJsBwWcBw|BaE}hAgB}Zg@uESeHIoIg@qY?k[F,<div><strong>ROTOTUNA ROAD</strong><br><span>Surface: sealed</span><br><span>Length: 1.15 km</span><br><span>Length rank: 130</span></div>
road_3234650,path,3234650,sealed,POWELLS ROAD,1.1439740870709325,131,47,#1464a5cc,#1464a5cc,@EAA}bekmI`yz_gA|{@pP|rCti@llBr^~j@pKdyCxj@faBh[|a@dIlf@pJ~H|AvPfDlFdAhe@fJ,<div><strong>POWELLS ROAD</strong><br><span>Surface: sealed</span><br><span>Length: 1.14 km</span><br><span>Length rank: 131</span></div>
road_6063751,path,6063751,sealed,ARTHUR PORTER DRIVE,1.1398095928157077,132,47,#1464a5cc,#1464a5cc,@EAAmueemIb`e~fAgFpJwz@p_C{n@lsAoHvO}OtYg|@|yAggAl`BmuAhaBuJpJ,<div><strong>ARTHUR PORTER DRIVE</strong><br><span>Surface: sealed</span><br><span>Length: 1.14 km</span><br><span>Length rank: 132</span></div>
road_3238139,path,3238139,sealed,RUFFELL ROAD,1.138792627568126,133,47,#1464a5cc,#1464a5cc,@EAAmzpemIhwy}fApF`BjlCxk@`Dn@hUfIbPfKxZpZfChDpP|ThXtj@lEbJrDnIDL~Rlb@nUlh@nB`IdAnGVtFUrDMzCiAvL\jFv@hEdAbCbBbD|B|BpDdCjL|HtOxK`H~EfClC|BrDnj@rjApA|B|A|ArF~C~DzB,<div><strong>RUFFELL ROAD</strong><br><span>Surface: sealed</span><br><span>Length: 1.14 km</span><br><span>Length rank: 133</span></div>
road_8325553,path,8325553,sealed,PARDOA BOULEVARD,1.133459593463554,134,47,#1464a5cc,#1464a5cc,@EAAe_bjmIlgb_gAcKqAoFq@}q@cFsXsBqXgCc]oDgnA}QaRoCciDug@gn@eLcPkCclCsb@wpAgSuQeCwTiCeLmB_IiB,<div><strong>PARDOA BOULEVARD</strong><br><span>Surface: sealed</span><br><span>Length: 1.13 km</span><br><span>Length rank: 134</span></div>
road_3234623,path,3234623,sealed,DISCOVERY DRIVE,1.1290093936720071,135,47,#1464a5cc,#1464a5cc,@EAAusygmItqu}fAlIrB|HlBt_@~Gnz@bFnm@fHvp@`MpF`BdGfB|n@bRra@pT`SnK|F|Clk@td@~PnQ~PhR~Zjl@~JhUrK|_@fFvUvAlI^dJhBt`@ClRu@nXu@nI,<div><strong>DISCOVERY DRIVE</strong><br><span>Surface: sealed</span><br><span>Length: 1.13 km</span><br><span>Length rank: 135</span></div>
road_100122886,path,100122886,sealed,MANSEL AVENUE,1.128992765008809,136,47,#1464a5cc,#1464a5cc,@EAAc_lkmIds{agAeFl@eIlA_j@zIo_@tGwA\ouA~o@uzAdq@sE~BgDpBoC~BwBlCgDjGgGtMcRnc@yB`F_AjBcAhB}AfBwAhAeCrAwAj@cBd@gB`@mBV{BPmDFsCKyk@oCqFSwO{@sC[cF_AuEaAqE_AeKwByMqCcMyCiLmDaJ}BuHcBoGoAcV_FaWgFck@oLmKsBwCe@oF_A,<div><strong>MANSEL AVENUE</strong><br><span>Surface: sealed</span><br><span>Length: 1.13 km</span><br><span>Length rank: 136</span></div>
road_8325551,path,8325551,sealed,MANGAHARAKEKE DRIVE,1.1241173080609017,137,47,#1464a5cc,#1464a5cc,@EAAwhsemI`bf_gA{[xLuTdI{[~Je\fJo^lIuMhC{O~CqHtAsY`F_nArRek@`Je\tFqj@dM??af@pOae@~QwBjAmC~AoSvLkOvJmAx@aItFe]nXaZjZqW|[e]hj@,<div><strong>MANGAHARAKEKE DRIVE</strong><br><span>Surface: sealed</span><br><span>Length: 1.12 km</span><br><span>Length rank: 137</span></div>
road_3234643,path,3234643,sealed,CROSBY ROAD,1.1214477464330346,138,46,#1464a5cc,#1464a5cc,@EAAsbnimIn}m_gAoQ}D{vAob@cj@aOkbAqZ_K}C}SqGo`@uLkHyB{ZiIoJgCgGeAeG[qa@IkLMqO_AePyCmJsCkJyE]Q}GkFoDmDaOgSkNc[}B}EaIuTiLq[{K{[{CiIwCcHiCkEmBuCsC_CaEeCyD}AiGiBiDsBIG_E_E,<div><strong>CROSBY ROAD</strong><br><span>Surface: sealed</span><br><span>Length: 1.12 km</span><br><span>Length rank: 138</span></div>
road_3238121,path,3238121,sealed,PEACOCKES LANE,1.1189613293200558,139,46,#1464a5cc,#1464a5cc,@EAAcfkkmIl~{bgACdp@kAblB]`Fs@bEuXxm@mB~F[fC\lBz@zBrAtAhEhDt\zOz[|Lrf@rO`CpAfBtAt@lBp@fCFpFq@zMeBbRwBpNoA|EeC~Hm\jx@_@~@FhA~@p@|AZxkAvTvCh@hCGtCqAdBiAna@e_@,<div><strong>PEACOCKES LANE</strong><br><span>Surface: sealed</span><br><span>Length: 1.12 km</span><br><span>Length rank: 139</span></div>
road_8325555,path,8325555,sealed,BORMAN ROAD,1.1154146520431436,140,46,#1464a5cc,#1464a5cc,@EAAgtaimItjh}fAsTjFcVzGeLzCgGvAMB{M`CeIpAkeAxQs}AfXiTtDuPtC{dArQe_@bG}`AxQmIvBsL`EsJfD_J`FsGrEkHnFqEbE{ExEsDtCuJdIcKtGsHtDeJ`EgKfDmGnBwEjAsOdBmIr@kR~AaN~@iOdAmG^sAFoGd@,<div><strong>BORMAN ROAD</strong><br><span>Surface: sealed</span><br><span>Length: 1.12 km</span><br><span>Length rank: 140</span></div>
road_3217440,path,3217440,sealed,BEERESCOURT ROAD,1.1097643648944884,141,46,#1464a5cc,#1464a5cc,@EAAgk_hmI``t_gAmFrDeGdGeB~E_@|BQfHKvGkAjL_CpOkBzJwC~KeIbTkQ|_@_AlAgOlYuN~ZkPf^cIfPeMzYuRxa@}Oz]aSb`@uHxSeBbHeCfMgGzc@k@hElC`DlDtEtZhX~K`Jnl@xh@,<div><strong>BEERESCOURT ROAD</strong><br><span>Surface: sealed</span><br><span>Length: 1.11 km</span><br><span>Length rank: 141</span></div>
road_8055964,path,8055964,sealed,BROOKLYN ROAD,1.1085735090794735,142,46,#1464a5cc,#1464a5cc,@EAAqcajmIxum`gAfD`IfEpZr@~ExApJx]z}B`NbbAxKdt@xP`iA~AjKfCtPxA|DnChEh@x@`GnDbdEboA~H`C,<div><strong>BROOKLYN ROAD</strong><br><span>Surface: sealed</span><br><span>Length: 1.11 km</span><br><span>Length rank: 142</span></div>
road_100047839,path,100047839,sealed,CAMBRIDGE ROAD,1.1073857449331856,143,46,#1464a5cc,#1464a5cc,@EAAqs}jmIta~agAifBpKgDHsDMaVwAm]uByKm@gVy@}MOeIV{N`@w{BzUsj@lFqIfCmDbBwItFqQpQmj@hm@eF|EqD~BsH~Cgd@rPwsAxg@aQ`HoAh@cDdB}IlFeHrE,<div><strong>CAMBRIDGE ROAD</strong><br><span>Surface: sealed</span><br><span>Length: 1.11 km</span><br><span>Length rank: 143</span></div>
road_3214613,path,3214613,sealed,PUKEROA ROAD,1.1011375400864731,144,46,#1464a5cc,#1464a5cc,@EAAs_xjmI|mx~fAzu@rL~|@hNb}Dro@~d@tHzdJnzAnJ|Ad\nF,<div><strong>PUKEROA ROAD</strong><br><span>Surface: sealed</span><br><span>Length: 1.10 km</span><br><span>Length rank: 144</span></div>
road_3234551,path,3234551,sealed,AMANDA AVENUE,1.100162373636686,145,46,#1464a5cc,#1464a5cc,@EAAa}lfmI|afbgAqqAxL_RbAyNDgoBsIuKYej@qBij@aBqKY_G^oJvAs]rH}ShEoFd@gE@iGUeGiAmBk@{GqBuE{CmDkDkCiEiAkEi@{CDcE~C}WMkDu@wCyBsByC{AeF}@mu@oFmvAmIkH_AiEiAee@wL,<div><strong>AMANDA AVENUE</strong><br><span>Surface: sealed</span><br><span>Length: 1.10 km</span><br><span>Length rank: 145</span></div>
road_8325552,path,8325552,sealed,KOURA DRIVE,1.0897559781047912,146,46,#1464a5cc,#1464a5cc,@EAAgsudmI~qn~fAk@yK}Nc`DmBkZoEkT}DoPyEkLwEyKcFqIsO_ViQ_RksBwlBwg@ae@cNcMoMqLsh@ye@,<div><strong>KOURA DRIVE</strong><br><span>Surface: sealed</span><br><span>Length: 1.09 km</span><br><span>Length rank: 146</span></div>
road_100122885,path,100122885,unmetalled,,1.077921573244134,147,46,#734a12cc,#734a12cc,@EAAuvfkmInqwcgAqFso@kAsIeA_FeByCmAqBwEsEauBygBq]wTsUuNmQkOuEkEiCaCqDyAmE{AoM}DcCiAgCkBqIwFeCkBgEwBeFkB}F{AeEi@oCAkF`@wGSgDY{B_@eD{@wD}AuDkByEsC_LuG_GqDsC_ByBoAiCkA}DwA{DcAsDu@uDs@cEq@kIgAuYgCuf@mEyx@sG,<div><strong>Road 100122885</strong><br><span>Surface: unmetalled</span><br><span>Length: 1.08 km</span><br><span>Length rank: 147</span></div>
road_3218963,path,3218963,sealed,FOREMAN ROAD,1.0712209235011048,148,46,#1464a5cc,#1464a5cc,@EAAo}lfmIx~x_gA}nBkk@kGiBkG_C_EmCyCsBuCaDmBqCmDoIcAiJGmGtAyFj]ksAfFuP~CwEdDwDxImFnFuBhImBjF[~DgAzDmDd@cGkAyiAn@gJbDuIjeBaaC,<div><strong>FOREMAN ROAD</strong><br><span>Surface: sealed</span><br><span>Length: 1.07 km</span><br><span>Length rank: 148</span></div>
road_3234629,path,3234629,sealed,FAIRFIELD ROAD,1.0685170738198464,149,46,#1464a5cc,#1464a5cc,@EAAqtthmI|`j`gA{LeGgDuBse@}TiKwDyKwBktAyRkv@aO{JaBoEq@sCa@i`@uFgPcCm^oFyHwB_GaDgQsQ{DeBwHsCwIgBwC]qDUmHGoCJaF^mGdAaMlCkL`CaWzFeFpBkF|Cch@`_@aEfBsG~AiHN_He@qQ{DgSiFoNiD}o@qP,<div><strong>FAIRFIELD ROAD</strong><br><span>Surface: sealed</span><br><span>Length: 1.07 km</span><br><span>Length rank: 149</span></div>
road_3234586,path,3234586,sealed,RUAKIWI ROAD,1.0570337984930345,150,45,#1464a5cc,#1464a5cc,@EAAo_iimIvx_bgAzADtBK|AQdBi@|E{C~EaElEeHxBkBbPiNtm@sh@re@ma@b]oYhMaOxH}IrC{ErAuEbAwG`@{D^oDlBoL~@kNDgGWkHuAaMW_JNqEDUl@gC|AyDdd@kt@tMcThImLfBsBvD}CjDmC`IoBdHoA`Io@lfAyAvM}AbJgB|C{@~LmD,<div><strong>RUAKIWI ROAD</strong><br><span>Surface: sealed</span><br><span>Length: 1.06 km</span><br><span>Length rank: 150</span></div>
road_3283237,path,3283237,sealed,,1.0502650487842542,151,45,#1464a5cc,#1464a5cc,@EAA_mwfmIbe``gA_EMkE`@}DdBgB`CqA|EoZrrAcDdG}DvJ_MzW_FxL}EvIiDzGaEvGiHvIiLrMcWrYoZd]s\t`@}QzRcWhYaj@vm@oTrVqGpH_BvBcAlBYnBe@~Bc@rBoAtB}R~VqSpX,<div><strong>Road 3283237</strong><br><span>Surface: sealed</span><br><span>Length: 1.05 km</span><br><span>Length rank: 151</span></div>
road_3234548,path,3234548,sealed,AYRSHIRE DRIVE,1.0467650535868216,152,45,#1464a5cc,#1464a5cc,@EAAucremIzx~`gAc\zMwSrF}j@vFwKfC}LnDiLxEiK`JmEtGcCfFgLnMwEzDwYvJ}qAjc@}G`Csc@rOe_Bpc@wN|FmIfFwFvHkCjG{CdQA|Fq@zG{EvPyCrCcDbDeFdDcMtGuGzCoHfCkIvAqGBeMu@wImA,<div><strong>AYRSHIRE DRIVE</strong><br><span>Surface: sealed</span><br><span>Length: 1.05 km</span><br><span>Length rank: 152</span></div>
road_3234584,path,3234584,sealed,MILL STREET,1.0397990440835665,153,45,#1464a5cc,#1464a5cc,@EAAugmhmIn{dagA{rAe}@{MkHoo@eb@yg@s\ie@_[qYcS{GcG{CqCqHgL}Vkk@oMgXkKqT}Ow[k]qq@eFaFoBmBgEsDgNeLsLqGqI}CaMsEcS_G,<div><strong>MILL STREET</strong><br><span>Surface: sealed</span><br><span>Length: 1.04 km</span><br><span>Length rank: 153</span></div>
road_7742025,path,7742025,sealed,MANGAHARAKEKE DRIVE,1.0146527600881077,154,45,#1464a5cc,#1464a5cc,@EAAmp_emIv|}}fAmDjC{BfHkDjO_BpPN|Yf@vJn@rZb@nRDxNMjHm@dK_@fHs@`Mm@nEaFf^}Fzb@iCfNyAxJaBfU|JoPpL{WlKyS~KyXfDgIfEgKhFqMrFuKxHoKvCgEhMeNhJ_J`F{Dr^{U,<div><strong>MANGAHARAKEKE DRIVE</strong><br><span>Surface: sealed</span><br><span>Length: 1.01 km</span><br><span>Length rank: 154</span></div>
road_3234594,path,3234594,sealed,MORRINSVILLE ROAD,1.0117244559441787,155,45,#1464a5cc,#1464a5cc,@EAAqazkmIheebgAiGkGyBiB_DgBiDeAcKyB_sBgb@gy@oPqc@sJic@wIsXuFgCk@kJqBmIkBqCo@eKgC{JqCyIeCeFeBeFcBaMoE{IcDuGcCuM}F{CyAiDcBsHwDeHyD{KkGcKoGkh@w\wW{Pux@oh@,<div><strong>MORRINSVILLE ROAD</strong><br><span>Surface: sealed</span><br><span>Length: 1.01 km</span><br><span>Length rank: 155</span></div>
road_3234617,path,3234617,sealed,CHURCH ROAD,1.005984206427585,156,45,#1464a5cc,#1464a5cc,@EAAskofmI|ce~fAzk@re@pOvMzIxKzfAxgCrBpFtKdOv@hAhFhHlc@|j@f\hb@~yA`{Al{@b|@,<div><strong>CHURCH ROAD</strong><br><span>Surface: sealed</span><br><span>Length: 1.01 km</span><br><span>Length rank: 156</span></div>
road_3234607,path,3234607,sealed,AWATERE AVENUE,1.0055554569100285,157,45,#1464a5cc,#1464a5cc,@EAAkjdhmIv~}_gAglA_ZcGqAiI]sIj@gGtAuEjBaChBmEfDiGzHqDxFeCxHqDtMgAjEmBzHoGhYuE|TeGrXkEpScEbR_FtUqDlNy@|Cy@rBu@lBwCtFqEtImIdOwGpLsPjZ}A|D[rCIjC\bDpBbNx@tGDlC?`@ErBAhAc@xDmAbJcGv_@m@rC[tAYjAOrAQ~AJtAR`AhAfD,<div><strong>AWATERE AVENUE</strong><br><span>Surface: sealed</span><br><span>Length: 1.01 km</span><br><span>Length rank: 157</span></div>
road_7742024,path,7742024,sealed,EARTHMOVER CRESCENT,1.0049869611427542,158,45,#1464a5cc,#1464a5cc,@EAAkjqemIjvv~fAuiBu{@eBwAYgBJqCvGmIb]g`@`q@iz@xyAwdBdz@afA`FmFjDqB|DeBfE{AlEu@dFe@dHOpG\hEb@lFbAtz@rT,<div><strong>EARTHMOVER CRESCENT</strong><br><span>Surface: sealed</span><br><span>Length: 1.00 km</span><br><span>Length rank: 158</span></div>
road_3234580,path,3234580,sealed,ALBERT STREET,1.0034643880634757,159,44,#1464a5cc,#1464a5cc,@EAAoqsjmIpwzagAdiD`f@vcDrd@n{Czb@jI|BbDhEnNlHx{Ajx@xL~FxGvB~LxC,<div><strong>ALBERT STREET</strong><br><span>Surface: sealed</span><br><span>Length: 1.00 km</span><br><span>Length rank: 159</span></div>
road_3234583,path,3234583,sealed,SEDDON ROAD,1.00233170690479,160,44,#1464a5cc,#1464a5cc,@EAAituhmIzueagAjOgQ~kAirAdBsB|NcQzGyHpH}IrMgMfEcDjI{DxG}BfkDo}@vIwBhFaA~i@iGxBUbs@sHbZ_DzOwBlFkCna@ae@rCaD,<div><strong>SEDDON ROAD</strong><br><span>Surface: sealed</span><br><span>Length: 1.00 km</span><br><span>Length rank: 160</span></div>
road_3234600,path,3234600,sealed,KNIGHTON ROAD,0.9941785017695964,161,44,#1464a5cc,#1464a5cc,@EAAwjlkmIdo_agApB|FzI`QpDpHvErJ~FzJlGdLl\nk@r^rn@pt@`oAb[lj@rXzd@`DvFja@bs@nDhGzPbZ`BpC`a@vq@~FlIzG`G,<div><strong>KNIGHTON ROAD</strong><br><span>Surface: sealed</span><br><span>Length: 0.99 km</span><br><span>Length rank: 161</span></div>
road_3234571,path,3234571,sealed,BRUCE AVENUE,0.9937102356820748,162,44,#1464a5cc,#1464a5cc,@EAAqcqimI`{icgAcKkKqMmKeCoB_CmAyJoDkzAmi@wG}C{XmUaYaUgM_KaM}JcqAmdAeM_Ky`@o\u@o@u@o@sVyOkg@eQuU}EsQaBkkAwCsIS,<div><strong>BRUCE AVENUE</strong><br><span>Surface: sealed</span><br><span>Length: 0.99 km</span><br><span>Length rank: 162</span></div>
road_3234652,path,3234652,sealed,GLEN LYNNE AVENUE,0.9873619473127913,163,44,#1464a5cc,#1464a5cc,@EAAq_}hmIryx~fAtf@lGvRpAlKGtHk@hHuA~L_CdGq@|EYh@EzL?dQrAfShHxYxOz[bPfEtBfGpA~o@rMpzGhiAbHlBnExCxB~AxApBbUvZvDbF,<div><strong>GLEN LYNNE AVENUE</strong><br><span>Surface: sealed</span><br><span>Length: 0.99 km</span><br><span>Length rank: 163</span></div>
road_100047781,path,100047781,sealed,HOWELL AVENUE,0.9844354934372308,164,44,#1464a5cc,#1464a5cc,@EAAmj~kmIpnjbgAvIdB~Dt@rDh@tFd@~Gd@zKv@nKd@`BBlBEjES|GUjDEjDDhETnHb@nmAlIfGb@fEb@rC`@lDl@|ItAzMjBbHhAdM`BjEx@rEj@rENpENbNL`NXvMR~Lb@`Ld@pKh@xLr@tNx@`OdA~Hj@jIh@`Jd@tGPbFFfFSjF[~^kGp_@gIpH_D~I_Hlw@akA,<div><strong>HOWELL AVENUE</strong><br><span>Surface: sealed</span><br><span>Length: 0.98 km</span><br><span>Length rank: 164</span></div>
road_3234547,path,3234547,sealed,MCKAY DRIVE,0.9827472193552818,165,44,#1464a5cc,#1464a5cc,@EAAu`temIvbkcgAtv@qE~Hc@|dAwItHwB|GmBrOsKxLkSvEkYYoIsC{GqD{EoI_FaF{BiGkAwF_@qF@yNl@uw@nGmHnAqExAeEhBsb@fWgF~BaEpBqIrCqFlAyH`A_~BvQuDZqEz@q_@jL,<div><strong>MCKAY DRIVE</strong><br><span>Surface: sealed</span><br><span>Length: 0.98 km</span><br><span>Length rank: 165</span></div>
road_3234609,path,3234609,sealed,BRYANT ROAD,0.9822000485989246,166,44,#1464a5cc,#1464a5cc,@EAAiiegmIfbp_gAuwAww@s`@wTkd@wV_b@gUyK}FyWiNmhAgh@cVsKae@mTmrAan@ys@w\eK{DaOiEw^oJ,<div><strong>BRYANT ROAD</strong><br><span>Surface: sealed</span><br><span>Length: 0.98 km</span><br><span>Length rank: 166</span></div>
road_3234574,path,3234574,sealed,PINE AVENUE,0.9783933446879904,167,44,#1464a5cc,#1464a5cc,@EAAyl_jmIfetbgA~D~MdDrG`CxE`z@|p@dk@jc@lI`Hde@p^rKnI~cAfx@`_@nYr\pWvh@pa@jFxD`HhEtFpBxGtAvJb@`CBrDQhFs@bG{@`F_CjHiHnDuGnAiHjAqOxBmL,<div><strong>PINE AVENUE</strong><br><span>Surface: sealed</span><br><span>Length: 0.98 km</span><br><span>Length rank: 167</span></div>
road_3234564,path,3234564,sealed,KENT STREET,0.9744834148391698,168,44,#1464a5cc,#1464a5cc,@EAAw_lhmIdgnagA~eBojA~b@gZtr@{e@hkAyw@lsAe_ApAkCv@iCtBw@bGiAvDeBdb@aYvo@cc@fU}O|FcFx@eB\oCs@{Au@yB,<div><strong>KENT STREET</strong><br><span>Surface: sealed</span><br><span>Length: 0.97 km</span><br><span>Length rank: 168</span></div>
road_7741581,path,7741581,sealed,TE MANATU DRIVE,0.9741335631645952,169,44,#1464a5cc,#1464a5cc,@EAAiv~hmInz{}fAsAkY_AgHeJs]uHcYuNcx@oHqQoOub@w@sDcNkp@GaLXsFhCiMtHw]pE{S`@wIiBuRkIoOqH_GyIyEmKaEaEmA_FkAsF_AuaAkOyKkEy@q@}GsFsFmH,<div><strong>TE MANATU DRIVE</strong><br><span>Surface: sealed</span><br><span>Length: 0.97 km</span><br><span>Length rank: 169</span></div>
road_3217429,path,3217429,sealed,BADER STREET,0.9692468484961544,170,44,#1464a5cc,#1464a5cc,@EAAqbsimI|xsbgAeoAaJgVcBe|@gGeHSkGMyULwM`A}KdAq`Db^ke@nByr@h@a_BlAgPZ}GLsFb@}\aAsTkBaL_A,<div><strong>BADER STREET</strong><br><span>Surface: sealed</span><br><span>Length: 0.97 km</span><br><span>Length rank: 170</span></div>
road_3238202,path,3238202,sealed,NORTH CITY ROAD,0.9682110891307792,171,44,#1464a5cc,#1464a5cc,@EAAiu~gmIbpl}fAFeIf@qv@`A}DtByCb@w@xAwCfS_Wx]qc@vYy^jFoEhFgDhbAma@fyAcm@vuBmz@fb@}Pzh@oS,<div><strong>NORTH CITY ROAD</strong><br><span>Surface: sealed</span><br><span>Length: 0.97 km</span><br><span>Length rank: 171</span></div>
road_3234630,path,3234630,sealed,MARSHALL STREET,0.9583372156491838,172,44,#1464a5cc,#1464a5cc,@EAAep|imInzf`gA`iAvQiMff@[~B`@pBvClBxx@lLbD]lBeBzOui@xA}BxEeCrGu@~DElr@pJv{Cnc@bnCx_@xJvA,<div><strong>MARSHALL STREET</strong><br><span>Surface: sealed</span><br><span>Length: 0.96 km</span><br><span>Length rank: 172</span></div>
road_3234588,path,3234588,sealed,MACFARLANE STREET,0.957175110926713,173,44,#1464a5cc,#1464a5cc,@EAAcc}imIjp{agA}A`Gq~@hlDkNhh@gMze@s[vlAeQnr@yj@jvBo@~BeA~A,<div><strong>MACFARLANE STREET</strong><br><span>Surface: sealed</span><br><span>Length: 0.96 km</span><br><span>Length rank: 173</span></div>
road_3238122,path,3238122,unmetalled,WESTON LEA DRIVE,0.9532860705554816,174,44,#734a12cc,#734a12cc,@EAA{c~jmIj|sbgAeB_BqDmCiCwAcDmAiCs@sU}Dqx@gLaIs@}Ls@gp@mA_d@B{If@_BTcKfBcKbDaFtCcLrG}Yr\gdB`}BeHfNwE~Oi@`Oq@ldA,<div><strong>WESTON LEA DRIVE</strong><br><span>Surface: unmetalled</span><br><span>Length: 0.95 km</span><br><span>Length rank: 174</span></div>
road_6063750,path,6063750,sealed,TE KOWHAI ROAD EAST,0.9492933201436664,175,44,#1464a5cc,#1464a5cc,@EAAqrbfmIzpt~fA~KfOlXnWtJpFr[lMpTvG`]pMdIhDrD|AxExBpGrD~QrLnH`FlDfBhB`Ab[nIpHtClFnBfGdCbNrE~N`Eb\dK`FwH`AmAjAgA~AcAfH{BnU_G~`@eJ~a@qIbR}CxNgCnTkDrS{DfJaD~GqDfGcFhH{HrHwH,<div><strong>TE KOWHAI ROAD EAST</strong><br><span>Surface: sealed</span><br><span>Length: 0.95 km</span><br><span>Length rank: 175</span></div>
road_8325550,path,8325550,sealed,COBHAM DRIVE,0.9464330586627804,176,43,#1464a5cc,#1464a5cc,@EAAukxjmId~fbgAaQg@{PyBwYkFab@qGmz@wLgSoEww@_JwJ}AgImC{FkBuHaCgF{@aFCuE\cEzAgDfC}A~CyChKkBfE{D~EgFtE}HbG{K|G}QlI__@nNsZxLuR~H_WhKkIzBwLbC}MjA_Qd@cN@wPw@sWoC,<div><strong>COBHAM DRIVE</strong><br><span>Surface: sealed</span><br><span>Length: 0.95 km</span><br><span>Length rank: 176</span></div>
road_3258238,path,3258238,sealed,CAIRNS CRESCENT,0.9379249815549928,177,43,#1464a5cc,#1464a5cc,@EAAgephmI|df~fAoGcDcLaH}E{DsHuKoKkOqR}SgJwHkG_B{K_CwOaCgWoBoh@eGyTiAoH@cE`@kEnAsCbBcBxBuAhDWvBRxGzCdH`JxMbI|KzD`Ip@pEOfCWfIqAvEoEvG_N~LwEdFgAtDyA`LcAxHFdGb@fGdDdIxJtFzL~CfUpDtQxA`Y~DtFdBpAd@vJhD,<div><strong>CAIRNS CRESCENT</strong><br><span>Surface: sealed</span><br><span>Length: 0.94 km</span><br><span>Length rank: 177</span></div>
road_3234604,path,3234604,sealed,KARAKA STREET,0.9312951077750434,178,43,#1464a5cc,#1464a5cc,@EAAa~`gmInxn`gAjLpIbd@j\bs@f^jkAfo@z~ChaBnG~DzA|A|BpCtApBtAhC~@vChBvHKzIiA~Ji@lFJdIh@dDlBxElEvHtCfDnF|DlOzHdg@dW,<div><strong>KARAKA STREET</strong><br><span>Surface: sealed</span><br><span>Length: 0.93 km</span><br><span>Length rank: 178</span></div>
road_3238124,path,3238124,sealed,JELLICOE DRIVE,0.9299108141040024,179,43,#1464a5cc,#1464a5cc,@EAA_x|imI|egbgAjS|GxQfBrVEbb@gG`U_IbRaLfOoOrJgRpE_Q`AyMkCm\mGyQcj@qdAyE}Ica@yu@_E_GeY{^k[_b@cO}ReLiF,<div><strong>JELLICOE DRIVE</strong><br><span>Surface: sealed</span><br><span>Length: 0.93 km</span><br><span>Length rank: 179</span></div>
road_3234608,path,3234608,sealed,HEATH STREET,0.9238769881431468,180,43,#1464a5cc,#1464a5cc,@EAAum|gmI`iv_gAfTmRjXeVr`@s^zMiMvh@{e@|dA{`A`\oZzR{U~QcWvC_FxF{PtEgNtDkKbI{VjC_HlAiCnBoClA{AhEaFfK}LfViY`HuH,<div><strong>HEATH STREET</strong><br><span>Surface: sealed</span><br><span>Length: 0.92 km</span><br><span>Length rank: 180</span></div>
road_3234572,path,3234572,sealed,LEWIS STREET,0.9236338990724724,181,43,#1464a5cc,#1464a5cc,@EAAmlbjmIt~_cgAi@n]mAtx@h@~MvAnHxElK|HdJlGjEjs@zj@ro@ff@bF|DdY`UfmAv`AfDpBfCtAfw@pYpIbDzDhCb]tVzDlExClD,<div><strong>LEWIS STREET</strong><br><span>Surface: sealed</span><br><span>Length: 0.92 km</span><br><span>Length rank: 181</span></div>
road_3234659,path,3234659,sealed,MOONLIGHT DRIVE,0.9188621341813006,182,43,#1464a5cc,#1464a5cc,@EAAaojhmIjnk}fAg@zGcCtJmPja@{IlTgEpF}ErEuDrByFjCsIzBw_@fE}bAzK{gA|Euk@pCwQfB}TxBuOfCoQ~C}SzF}XzHmv@vUmCz@oPlEys@xS,<div><strong>MOONLIGHT DRIVE</strong><br><span>Surface: sealed</span><br><span>Length: 0.92 km</span><br><span>Length rank: 182</span></div>
road_7741583,path,7741583,sealed,HARE PUKE DRIVE,0.9164368776836695,183,43,#1464a5cc,#1464a5cc,@EAAczyfmItno}fA~Q{[fFqIvA_K@aEIwD_AaDoCaImAuAoS_UkA}BwAeD}@aC_BsIKu@eAcHi@aIs@aLEs@S_Co@wKAmFAsBCsCHaE`AqO`AwKf@gMSwHe@sCi@iDqAeEm@qB_DoLy@oFBwEZiBh@sBp@aC|@_DX{ATmCFmCGgBG_@YiB_AsBwAwByBsBqCeBeDwAsQeGmC}@}GgCkCgA}Ao@wLuGeEyC_EaDoDgDwB}BwAkB{AgCiAqDaAwGiAaMWgCk@_Ho@yK,<div><strong>HARE PUKE DRIVE</strong><br><span>Surface: sealed</span><br><span>Length: 0.92 km</span><br><span>Length rank: 183</span></div>
road_3238135,path,3238135,sealed,VICKERY STREET,0.911553779319493,184,43,#1464a5cc,#1464a5cc,@EAAshzfmIvac_gAqElBoIpCmPxFySnIadAlb@_z@z\ejAbe@_EdBkG~DwFtFuUfUkRhRsLrLeW|V_p@~n@e_@x^g`@l_@,<div><strong>VICKERY STREET</strong><br><span>Surface: sealed</span><br><span>Length: 0.91 km</span><br><span>Length rank: 184</span></div>
road_3238118,path,3238118,sealed,LINCOLN STREET,0.9090091887666244,185,43,#1464a5cc,#1464a5cc,@EAA{`_hmIvxmagAxCmGjGaI~DcEfa@cYxhBcrA|a@g[~w@mn@xEsEzCmCvC{CfH{J~Sa_@vFuKfPiXzO{TvXiVfO{JxJqFrFeExJmH,<div><strong>LINCOLN STREET</strong><br><span>Surface: sealed</span><br><span>Length: 0.91 km</span><br><span>Length rank: 185</span></div>
road_3234606,path,3234606,sealed,STOREY AVENUE,0.9086186811101772,186,43,#1464a5cc,#1464a5cc,@EAAeg_hmIdfc`gAhAdFjCnDrF~Dno@`_@|v@fd@|^dTnWlOnYdP`^dSho@p_@fMrHriAnnAjWlYv_Adi@,<div><strong>STOREY AVENUE</strong><br><span>Surface: sealed</span><br><span>Length: 0.91 km</span><br><span>Length rank: 186</span></div>
road_3283308,path,3283308,sealed,SPINNAKER DRIVE,0.9080732474189132,187,43,#1464a5cc,#1464a5cc,@EAAsjvgmI|t|}fAsUiDuHSgV?qHMkHo@yO_D{I_AcPi@gOkByJoBgDqAuC_D{AsCGqBCkCt@qCpN{TjHgPdJsXfAoAxA}@bDcArBOnF`@nVfHpLvEjHrEpFbDpDxB`GfFvF|FlBpBdKvLvGpMzAhGbAtIQfGwArKqElLoD~Jg@fD{@hLDzDjBvGnG~MzVba@,<div><strong>SPINNAKER DRIVE</strong><br><span>Surface: sealed</span><br><span>Length: 0.91 km</span><br><span>Length rank: 187</span></div>
road_3265119,path,3265119,sealed,AQUILA CRESCENT,0.9077717583163304,188,43,#1464a5cc,#1464a5cc,@EAA{ekhmIhem}fAvPvDrEp@nSbBzPvBfLvDxEvBtDlElFxLx@xE?zGaPt}@aD|SgE`HcDhDwDnCcEvAaExAaKbAsMn@i_AdDyvArFuFWaGmAyKgD{EoD_EwEwd@iy@}BsFiAcDc@eCuAsM,<div><strong>AQUILA CRESCENT</strong><br><span>Surface: sealed</span><br><span>Length: 0.91 km</span><br><span>Length rank: 188</span></div>
road_3258194,path,3258194,sealed,FARRINGDON AVENUE,0.904934699701908,189,43,#1464a5cc,#1464a5cc,@EAAqf}gmIdot}fAmgBiZqC]aBBcB^oFbCwEpAuA^_DJoGFgFW}D}@gCaAuByAuDiDsAiA_Bi@uBM}F`@_CLgGDkFUyD]_Dk@iJ{B{Ba@kBQgFKsFAsDSkFw@gFy@uImC}CkAaBeA}ByAmCkC_BwB_B{CkBiFo@cEAcHhAwDvUsjAlAgKjAmDlFmIxCmCbHqDzM{DpJo@|LJ~G`A~FjBpKThHQlF{@lG_CpGuC,<div><strong>FARRINGDON AVENUE</strong><br><span>Surface: sealed</span><br><span>Length: 0.90 km</span><br><span>Length rank: 189</span></div>
road_3258168,path,3258168,sealed,HARROWFIELD DRIVE,0.9036861266634592,190,43,#1464a5cc,#1464a5cc,@EAA}{_hmIn{p~fA_a@mGoRKmPl@kTzCuP|EwLvGer@jh@}ArAm@`CA|ClAjDfQdNtIvDhDvA|MzAxLM`Ua@`\`Btn@hCdK?fFOdImAxGsBlJ}DzHiF`H{HfImTjMo`@ch@qIa]cFcFu@,<div><strong>HARROWFIELD DRIVE</strong><br><span>Surface: sealed</span><br><span>Length: 0.90 km</span><br><span>Length rank: 190</span></div>
road_3265115,path,3265115,sealed,FORMATION DRIVE,0.9031633291616936,191,43,#1464a5cc,#1464a5cc,@EAAe_cfmIxcy~fAtGfOjEnJe`BpwAwk@`a@oLlIgO~FkMfH}[pXuEtBoFxDY~@jU|P`Ax@Lt@w@`BqC`CyKtIeMhGirApa@iJ|CeEhA_ATmBI}@o@eCuD}Xag@,<div><strong>FORMATION DRIVE</strong><br><span>Surface: sealed</span><br><span>Length: 0.90 km</span><br><span>Length rank: 191</span></div>
road_3238136,path,3238136,sealed,MAAHANGA DRIVE,0.903077709367452,192,43,#1464a5cc,#1464a5cc,@EAAyc`fmIrov~fAiQtS}KvO{LlMgQlMoJzFoO~H{N|KoN~I{]~Si]~N}PbIkP`HwOdH{HvEoG~FuHvIuHbNuBhGoB~JcErIgDvEwE~FwG`GoOfJyh@hNgy@nWu[zU,<div><strong>MAAHANGA DRIVE</strong><br><span>Surface: sealed</span><br><span>Length: 0.90 km</span><br><span>Length rank: 192</span></div>
road_3234591,path,3234591,sealed,EAST STREET,0.9019731415988884,193,43,#1464a5cc,#1464a5cc,@EAAwe_jmI~ou`gAewDxDonAdA}qB~BmHDqH@kFG{Ds@ejAqSqtAgVoa@qGeTgD,<div><strong>EAST STREET</strong><br><span>Surface: sealed</span><br><span>Length: 0.90 km</span><br><span>Length rank: 193</span></div>
road_3258233,path,3258233,sealed,,0.9013616422838991,194,43,#1464a5cc,#1464a5cc,@EAA{jbkmInis`gA~UE|`@Zbh@Z`j@b@zJAbHMzEYvKkAtKoAlSwC`GiAvE}@vKaDxCcAxCwA|DmDtD_C~BeAtAiA]oB]mAs@oAm@g@qAeA_g@oZyPcH}MkEwUgGst@oGaCL{Bp@gF~^UvBaArAcCp@oC@qFa@eGkAiEoDqJ_I{@e@cFaBmBq@gPwD_GuBo@g@_BmAyFnB,<div><strong>Road 3258233</strong><br><span>Surface: sealed</span><br><span>Length: 0.90 km</span><br><span>Length rank: 194</span></div>
road_3258040,path,3258040,sealed,FITZROY AVENUE,0.9007861598374012,195,43,#1464a5cc,#1464a5cc,@EAAk_ljmIxyacgAa[eWsHgE{X{KtDuEbXqi@pLkWnAsBfCcBjDsBnI}AnGS`FR~IxBrBz@vQzHb|Axo@`FrDhBlFl@fFSjE}AvEgl@hu@eHzD}GdBoHzAaHd@sH?mFi@sFgAoQaHs[kU,<div><strong>FITZROY AVENUE</strong><br><span>Surface: sealed</span><br><span>Length: 0.90 km</span><br><span>Length rank: 195</span></div>
road_3258173,path,3258173,sealed,OAKFIELD CRESCENT,0.8995753148710725,196,43,#1464a5cc,#1464a5cc,@EAAclvfmIplw~fAqSxuAz@vNxFpLtLhJnTtFrV@pToF`NyKpz@g|AvHeNfAuGeGi]_@aDTaCpCkQ|Ikk@GsEq@uCeB{CwBiBsCqAyDqAyf@gE,<div><strong>OAKFIELD CRESCENT</strong><br><span>Surface: sealed</span><br><span>Length: 0.90 km</span><br><span>Length rank: 196</span></div>
road_3234590,path,3234590,sealed,ROSTREVOR STREET,0.8991409989487982,197,43,#1464a5cc,#1464a5cc,@EAA}ovhmIhueagAoLeH{]eQkq@c\sdAmf@yDwBwa@yRy[}No@s@cBw@{Au@if@iUscA}f@uUwKgByAwAq@gSwJmv@a^}BeAwBeAmb@eS{C_BsB{@{AYw@Eg@EyA?QB{AT,<div><strong>ROSTREVOR STREET</strong><br><span>Surface: sealed</span><br><span>Length: 0.90 km</span><br><span>Length rank: 197</span></div>
road_8325549,path,8325549,sealed,COBHAM DRIVE,0.8957521931808722,198,43,#1464a5cc,#1464a5cc,@EAAuyjkmI|zhbgArNpFjKnBbKx@hKVvP@lJGlLm@fIgApH{AbNqErQ{GjJqClFsApHqAlIoA`IwBbRmHhKcEzHmCdFsAvDs@`F]lG@vF\~Ep@JBjIjB|GdA|D^zCB~C[|B{@`ByAzB}CpEsHfD}DzCcCvDuBdEaBfEkAvF{@jEa@|IOzM[hHGjHHxRjAb`@xDfm@zG~RpC`N~BbK|BxKdE,<div><strong>COBHAM DRIVE</strong><br><span>Surface: sealed</span><br><span>Length: 0.90 km</span><br><span>Length rank: 198</span></div>
road_3258172,path,3258172,sealed,KAREWA PLACE,0.8919771717089102,199,42,#1464a5cc,#1464a5cc,@EAAovhfmI|~s~fAqB|@_FlC}DtCiQhPwOjO}w@dw@_l@rj@iHfFiCF_Cr@qDlBgAt@}B~Aw@`A}A`BkE`GiKlMwLpOcLtNePlSqDvE}ElGsDlDgD`CuU~KuP|HsK`FiPzHwP|HeQdIqP`IiC|AuF|CwCrBsMvK,<div><strong>KAREWA PLACE</strong><br><span>Surface: sealed</span><br><span>Length: 0.89 km</span><br><span>Length rank: 199</span></div>
road_3234552,path,3234552,sealed,BREMWORTH AVENUE,0.8900716271576157,200,42,#1464a5cc,#1464a5cc,@EAAk_nfmInc_bgAeCxBwGdC_J`B{f@x@}uCdMm`AvC{MXyWr@iDH_EAkHUw[qBodA{GcIW}FEgEDi]jCsNbAeRrAoDRsHQgUmBow@oF,<div><strong>BREMWORTH AVENUE</strong><br><span>Surface: sealed</span><br><span>Length: 0.89 km</span><br><span>Length rank: 200</span></div>
road_3234595,path,3234595,sealed,KNIGHTON ROAD,0.8790880386642623,201,42,#1464a5cc,#1464a5cc,@EAA}_bkmI|hoagAiAbBm@tBSfEJ~ENhJx@xPfCrj@xEthABp@NrDWnCaApDkAxC{[bp@yUze@kYvl@iCbDcEvNyHrw@{I~kA,<div><strong>KNIGHTON ROAD</strong><br><span>Surface: sealed</span><br><span>Length: 0.88 km</span><br><span>Length rank: 201</span></div>
road_8325548,path,8325548,unmetalled,COBHAM DRIVE,0.8787414563423971,202,42,#734a12cc,#734a12cc,@EAAirxjmIncgbgAu|@qMcpA_PcWyCiU}AuWJ{Sn@{EXqHb@sP~AgAJ{PhDcLdDmCx@kQfGqOrGai@|S_y@dYwZjKwWnEgUhA{VO}Ls@g\yF,<div><strong>COBHAM DRIVE</strong><br><span>Surface: unmetalled</span><br><span>Length: 0.88 km</span><br><span>Length rank: 202</span></div>
road_3234642,path,3234642,sealed,SNELL DRIVE,0.8769939668188147,203,42,#1464a5cc,#1464a5cc,@EAAcuvimIbky_gAiMqL_k@wh@iF}EuOiOaPsNsFgEeCoAeJqE}G}BqG}Akl@gL}l@oKqCi@eHyA}MyBoL}BeGqAkHaCeEsAmAkAqGeEoJ{IwKgM{k@un@mEeFkNyNyDgCcEyBeFuAuv@{N,<div><strong>SNELL DRIVE</strong><br><span>Surface: sealed</span><br><span>Length: 0.88 km</span><br><span>Length rank: 203</span></div>
road_3234654,path,3234654,sealed,CALLUM BRAE DRIVE,0.8744898486257016,204,42,#1464a5cc,#1464a5cc,@EAAwamhmInsb~fAcM~IyElEyBdEuGdQcEtKmC|FcC~EaDdDgDzCeKdJwMnKcMfIwIbJqDzDcFzE}ClCiE|BsSpG{CnA}C|AcJdFoDrBqHvFgGjIkD~GuFrQaBvDABkGpJaOnTaHjIwEhCiE`CiLbF_[xLwEiAce@eHq_@aFam@}G,<div><strong>CALLUM BRAE DRIVE</strong><br><span>Surface: sealed</span><br><span>Length: 0.87 km</span><br><span>Length rank: 204</span></div>
road_3234662,path,3234662,sealed,WILTSHIRE DRIVE,0.8725713668608699,205,42,#1464a5cc,#1464a5cc,@EAAqvpimIpx_~fAsMbB_e@bEoGv@oFz@mErAeCdBsCdCaApBuAlCgB~HuA|HkB`JoApI{@lEyAvHmBbCmCzBgCzAsBxBgCpEkBpKkBpJmCxJkCxKmCjI}AnGYvCTrCn@vCxArDnBrBnDbDzAz@xGdA|JlAxHhA`Hv@~Ht@~IrAl]fFzV|C`Gf@hXvBnGv@tDf@dE`A|A|@zA|A|CtCpE|FnDpDbClCvH|FxEhD|D|CpI`G|FjE,<div><strong>WILTSHIRE DRIVE</strong><br><span>Surface: sealed</span><br><span>Length: 0.87 km</span><br><span>Length rank: 205</span></div>
road_3234596,path,3234596,sealed,AURORA TERRACE,0.8716089689173899,206,42,#1464a5cc,#1464a5cc,@EAAu_tkmIfg{agAz\kOz_Aqb@`CgAfCiAvBoAx@{@V{@F{@Gy@sQcWekAe}AgCoDy@gAm@sAg@}AmC}NiEeViGg`@gJsg@YeCoJgZkE_NsAyE_AmE{@eF}G{_@Qu@Uq@Uq@,<div><strong>AURORA TERRACE</strong><br><span>Surface: sealed</span><br><span>Length: 0.87 km</span><br><span>Length rank: 206</span></div>
road_7741585,path,7741585,sealed,WAIREKA ROAD,0.8706743502102579,207,42,#1464a5cc,#1464a5cc,@EAAecahmIbhs|fAaBhIg@zDq@pEMrBAnAAv@PzCRjAp@lErClLz@tDj@nCXdCB`CItCc@dDeAtD}AzCwBzCkCbCeClBaDlByAl@iAf@{_@zKmQhFsm@pQgGnBmEpAo@PE@wJjCoMhDcCn@wVvGmAZko@rY{BbAA?m^`O{HpDqHdDwt@xU}MhE}C`AeQtC_S`AkFGsMB,<div><strong>WAIREKA ROAD</strong><br><span>Surface: sealed</span><br><span>Length: 0.87 km</span><br><span>Length rank: 207</span></div>
road_3234646,path,3234646,sealed,RADIATA STREET,0.866622717581518,208,42,#1464a5cc,#1464a5cc,@EAAerljmIdhw_gAex@uOsSeDsKsB}TaG{NsFwHgFoGgEmHaHmG_HuCaDmF_KgFuGeIeKuSeO_PuHeKoCww@wQouAoYmiC{h@,<div><strong>RADIATA STREET</strong><br><span>Surface: sealed</span><br><span>Length: 0.87 km</span><br><span>Length rank: 208</span></div>
road_3234640,path,3234640,sealed,CHEDWORTH AVENUE,0.8651412072221014,209,42,#1464a5cc,#1464a5cc,@EAAmsiimItvf_gAwZsImT}GsPyEeCi@}GQoU_@gI?eKq@oEcAmFuBoIcDkHyB_Be@cLwAwII}N|@m\vD{Hz@_LZ_Xu@}NiAmKeBkgBwZgUeEoYuE_eBwYsRcE,<div><strong>CHEDWORTH AVENUE</strong><br><span>Surface: sealed</span><br><span>Length: 0.87 km</span><br><span>Length rank: 209</span></div>
road_3234631,path,3234631,sealed,HOLLAND ROAD,0.8609341430020402,210,42,#1464a5cc,#1464a5cc,@EAAs_kimIjyh`gA_eA{WiPyCwJuBe]gFg]oD_HmAwEmAqEyAmCiBuG_F}J_LwNmOuUgVwEkDaIiD{bAwOub@qGgFoAwFmBmGeEqC{C_EcGsBqFcFeQqCwHaE_FeG_FuHiDcNmCyd@yD,<div><strong>HOLLAND ROAD</strong><br><span>Surface: sealed</span><br><span>Length: 0.86 km</span><br><span>Length rank: 210</span></div>
road_6064042,path,6064042,sealed,MATAROA CRESCENT,0.8585967012722837,211,42,#1464a5cc,#1464a5cc,@EAAapcgmItjs}fAnFtI`MpIbQtI~FvCnS`K|@^jG|DzCpBhA`B|@bBv@vAnAbDRpA?~@UbEqA~Eo@tAqAjBaC|BaGnD{F~BeBz@iIxE}ExDeHnFcEhDyEvEIJo@t@qChDcE`EqTxPgEdDeQ~MwEjCsG|BkIj@eCD_COcCMoAU_BYgCeAgCuAaCgBsC{DyByFa@cEj@sJZgMi@uJsA}G}CqFuDwCcFkCgBk@sCc@{ES{FFiFGgHo@}FkAwKuI{GcKkCaD,<div><strong>MATAROA CRESCENT</strong><br><span>Surface: sealed</span><br><span>Length: 0.86 km</span><br><span>Length rank: 211</span></div>
road_3234556,path,3234556,sealed,POAKA AVENUE,0.8497508920598495,212,42,#1464a5cc,#1464a5cc,@EAAme`gmIdyzagAs_@thBcGv]TvSuA~VoWjkA}DdSShDZjCbAvCrAdCbFrEzYvQhM`IfEpCnDdEpDnI`@dGj@tH`AlFdBxEzBrDrFnF|FvDfRdK|I|EfF|D,<div><strong>POAKA AVENUE</strong><br><span>Surface: sealed</span><br><span>Length: 0.85 km</span><br><span>Length rank: 212</span></div>
road_3234573,path,3234573,sealed,MOUNT VIEW ROAD,0.8464043179713755,213,42,#1464a5cc,#1464a5cc,@EAAui}hmIp~ccgA_~@md@wTaQqOeTaOo_@aHwNw\yZmZ}SqnA_m@kKgDaUgHwm@{ZiL}FiRiHoaAyX,<div><strong>MOUNT VIEW ROAD</strong><br><span>Surface: sealed</span><br><span>Length: 0.85 km</span><br><span>Length rank: 213</span></div>
road_3238143,path,3238143,sealed,WENTWORTH DRIVE,0.8416095606765758,214,42,#1464a5cc,#1464a5cc,@EAAqf}gmIdot}fAgIxVcBrH}@nGK|GRlHh@fFt@dEvDbNv@bGJvFQzIyAxIqDpI}ElIwFrFqGbEgJlEyG`CeEbAyH|AoHl@kKTeHGiHYeI_AuJqBoe@gKiLiBoMgC{KwAmMgBya@kFoHeBoIuC_FaCqFsDcAgAqCsCkB{B_CwCmBcBw@w@qB}AkA{@qFuC}KkE}NiB}OV,<div><strong>WENTWORTH DRIVE</strong><br><span>Surface: sealed</span><br><span>Length: 0.84 km</span><br><span>Length rank: 214</span></div>
road_3234624,path,3234624,sealed,RESOLUTION DRIVE,0.8386651627859327,215,41,#1464a5cc,#1464a5cc,@EAAwv~gmIno~}fA{DdNwNbf@{^znAaf@zbBiOfi@g@fBGVSl@oAnEe@pB{Kv_@cTtt@yD~Nu@pFK`EPrHZ`GnAzJv@nFj@bG,<div><strong>RESOLUTION DRIVE</strong><br><span>Surface: sealed</span><br><span>Length: 0.84 km</span><br><span>Length rank: 215</span></div>
road_8325554,path,8325554,sealed,WEBB DRIVE,0.8327185869814524,216,41,#1464a5cc,#1464a5cc,@EAAmsmjmIrr{~fAcSzr@wOjj@oAhEuGnUgv@nmCaWb}@eIdViJzRiHzLiLdPiMjNgJpIiHjE,<div><strong>WEBB DRIVE</strong><br><span>Surface: sealed</span><br><span>Length: 0.83 km</span><br><span>Length rank: 216</span></div>
road_3258135,path,3258135,sealed,GARNETT AVENUE,0.8325743495662391,217,41,#1464a5cc,#1464a5cc,@EAAm~wgmIdih`gAfh@y_@~g@s^|[_UbTaPx@e@vMyHjWqQxLwJjSwM~e@c]l_@eWzJyEpI}AaNiJkL}G_p@if@{YgTwSeQ,<div><strong>GARNETT AVENUE</strong><br><span>Surface: sealed</span><br><span>Length: 0.83 km</span><br><span>Length rank: 217</span></div>
road_3234634,path,3234634,sealed,FIFTH AVENUE,0.8318511092745297,218,41,#1464a5cc,#1464a5cc,@EAAqcajmIxum`gAoVsKqH{Cec@iQ}_A{_@{]sNoDwAw^uNo`Ao`@_f@gRek@qU_qAsg@iHkDwCcA_A[kFgBeHqAiHy@iRcAaIu@,<div><strong>FIFTH AVENUE</strong><br><span>Surface: sealed</span><br><span>Length: 0.83 km</span><br><span>Length rank: 218</span></div>
road_3234614,path,3234614,sealed,BRECKONS AVENUE,0.8303141984355842,219,41,#1464a5cc,#1464a5cc,@EAAwsrfmIbkt`gA`b@uc@p\c^vIkJdHuItNqSzAuErAiGRoECsFw@wG}A_FgC}FsC}CcKmHck@aZc}Ayx@gc@aUiXsNkWcNeOcHsAo@yCoC{DeE,<div><strong>BRECKONS AVENUE</strong><br><span>Surface: sealed</span><br><span>Length: 0.83 km</span><br><span>Length rank: 219</span></div>
road_3258242,path,3258242,sealed,KESWICK CRESCENT,0.8251785109557241,220,41,#1464a5cc,#1464a5cc,@EAAcvfimIfcp~fAjLgFvGgBbOMbMBfI[jE{@zEiB~EyDbJiJ~CaBrEkBnHkAtLsAtGuBtDqBnCgDd@mDvAaQj@yBbA{BnFeHdDuDn@yDeAgE}AuDuFyCoF{@wPPsJa@cDOcE\iCdAaJxBeHnA{NhAsGMwGw@kDc@mHwBaGgB{CSkFRyL|CuVrCmEp@oD|A{CnBiCbCoCnEi@jD_@bFf@~CnKbZV~H]lHq@hG,<div><strong>KESWICK CRESCENT</strong><br><span>Surface: sealed</span><br><span>Length: 0.83 km</span><br><span>Length rank: 220</span></div>
road_3234610,path,3234610,sealed,VARDON ROAD,0.8219243086653748,221,41,#1464a5cc,#1464a5cc,@EAAenrgmIpf~_gAyg@s^wEiDuh@}`@y|@wo@gCaB_Aq@yEgDoEaDoQmNoXcSuOiLeNcK}TmP}MwJiVqQyKeI_g@i^qt@uh@,<div><strong>VARDON ROAD</strong><br><span>Surface: sealed</span><br><span>Length: 0.82 km</span><br><span>Length rank: 221</span></div>
road_3234549,path,3234549,sealed,BARTHOLOMEW DRIVE,0.8217150270113893,222,41,#1464a5cc,#1464a5cc,@EAAoxhfmIfhw`gARzQj@dLl@rF|@fD|AvDjB~DzC~EdEnDdGlEhKdFl_@nMlFvBzErBfJtE~LzJnDfDvDlEnEdG~BlErC|GfEvObBzTGzJeB~NiB`J}E`M_JtNyFnG}NjOgNpOme@tg@uG~GeLlKmK~H,<div><strong>BARTHOLOMEW DRIVE</strong><br><span>Surface: sealed</span><br><span>Length: 0.82 km</span><br><span>Length rank: 222</span></div>
road_3258049,path,3258049,sealed,MONTGOMERY CRESCENT,0.8206272373694503,223,41,#1464a5cc,#1464a5cc,@EAAgkzimIbfsbgAiM}o@OeB?wCm@sUuDiK{HgH_DmByEqAsEkAyE]mGSaH\_hCp`@e|B`NcGjBgChCuA~EHfFp@lVbAlu@,<div><strong>MONTGOMERY CRESCENT</strong><br><span>Surface: sealed</span><br><span>Length: 0.82 km</span><br><span>Length rank: 223</span></div>
road_3238126,path,3238126,sealed,BRYCE STREET,0.8132723751548466,224,41,#1464a5cc,#1464a5cc,@EAAssjimIjrdagAfe@fUxZ~Ndi@|WrMbGdNzG`}@fb@rGnDbq@x[jlAtk@`IzCvOxH|O`HpEzAlEx@`F|@nUvBvTpBrVdCtFjAzFnA,<div><strong>BRYCE STREET</strong><br><span>Surface: sealed</span><br><span>Length: 0.81 km</span><br><span>Length rank: 224</span></div>
road_3234616,path,3234616,sealed,ASHURST AVENUE,0.8123426257234505,225,41,#1464a5cc,#1464a5cc,@EAAw~pfmI`wi~fA|AtAl@zBHbBkEnYgExWeN|z@sZzkBgEtWoCpPm@nDiErWgb@rpC,<div><strong>ASHURST AVENUE</strong><br><span>Surface: sealed</span><br><span>Length: 0.81 km</span><br><span>Length rank: 225</span></div>
road_3234633,path,3234633,sealed,MARDON ROAD,0.8106348087945816,226,41,#1464a5cc,#1464a5cc,@EAAm~kjmItz~_gAb\jGv{A~Xb`@fH~xCzi@vc@fIjg@fJnpA~UpiA|S,<div><strong>MARDON ROAD</strong><br><span>Surface: sealed</span><br><span>Length: 0.81 km</span><br><span>Length rank: 226</span></div>
road_3238198,path,3238198,sealed,MEADOW VIEW LANE,0.8049359437047027,227,41,#1464a5cc,#1464a5cc,@EAAyioemIvvc}fA{mAhfBwp@|_AeOhTuBtDkEpJ{AlJk@~Ln@nO~Dze@|Dhc@~Dlc@fJzs@`@~B,<div><strong>MEADOW VIEW LANE</strong><br><span>Surface: sealed</span><br><span>Length: 0.80 km</span><br><span>Length rank: 227</span></div>
road_3234637,path,3234637,sealed,ASCOT ROAD,0.8036913934793813,228,41,#1464a5cc,#1464a5cc,@EAA}_timItcn_gArzAld@zEnDjC|CvLvq@XlIi@nDkBpDwLzJa_@`TwFpFmAjB}A~CwIxXyAnCmFbFuG~Dsq@za@{c@tVqHrBgQ|AiIzAuFrAsHlDuWrN,<div><strong>ASCOT ROAD</strong><br><span>Surface: sealed</span><br><span>Length: 0.80 km</span><br><span>Length rank: 228</span></div>
road_7741578,path,7741578,sealed,DEY STREET,0.8028659344641373,229,41,#1464a5cc,#1464a5cc,@EAAajxjmIphpagAkHbYNtBj@lApCfBuGr@wBhB}@fCwChLuJt^kJr^iEpPs@hD{@`EgAvEeFfP{B|HiIr[eJv]mGrVo@lD[lCkAdEsEfNiAtDwIv]}FxSyB`ImAlFqDlPmFnWiCxJ,<div><strong>DEY STREET</strong><br><span>Surface: sealed</span><br><span>Length: 0.80 km</span><br><span>Length rank: 229</span></div>
road_3234598,path,3234598,sealed,CARRINGTON AVENUE,0.7987721302936385,230,41,#1464a5cc,#1464a5cc,@EAAapvkmIpkyagAzGys@bFeh@\{HMsEi@kDs@wC}@iCqAaCyAyBkBwBeCqByBaBymAi|@qu@mi@_X}RoD{CmB_C_BgCaCcEcA_BcAwA{AaBcByAcCqB{CqB__Aqi@aIwE,<div><strong>CARRINGTON AVENUE</strong><br><span>Surface: sealed</span><br><span>Length: 0.80 km</span><br><span>Length rank: 230</span></div>
road_3234578,path,3234578,sealed,HUDSON STREET,0.7977023057706101,231,41,#1464a5cc,#1464a5cc,@EAAsovkmI`rkbgAcThj@eCvFcBxDwB~C_CzCew@r{@cFnFcFjFeEtEoCfCwDhC_CjAkC|@kCh@G@iD`@wMdAyo@bFgLdA_DZ{Fh@{ThCscA|LqrA|Ny[nDqHx@,<div><strong>HUDSON STREET</strong><br><span>Surface: sealed</span><br><span>Length: 0.80 km</span><br><span>Length rank: 231</span></div>
road_3258247,path,3258247,sealed,COLERAINE DRIVE,0.7923101204426694,232,41,#1464a5cc,#1464a5cc,@EAAqsbimIrr`~fAdCdDr@nDDPOpKiBfJ}DzGeDdEyBnDoIlNyG`KeD|EuA|Cc@~ECtCEnCf@dCf@bCz@hBdAvAnBrBhBfAnCt@rDp@vEZdEWtDaArCgAhD_C~E{ChGqCtGeBlE{@bHiAxE]|FQzGE~CBjFPzGd@fJ|@U|HHjDv@hEdCnEjBdDnDrCtEhCbEtArF`AzFf@|FVxGR~G\~Gj@~Gp@hD^pP|ApG`A~]nIpKnBpHt@nOfB,<div><strong>COLERAINE DRIVE</strong><br><span>Surface: sealed</span><br><span>Length: 0.79 km</span><br><span>Length rank: 232</span></div>
road_3258201,path,3258201,sealed,SHAKESPEARE AVENUE,0.7867826135240659,233,40,#1464a5cc,#1464a5cc,@EAAyj}imIt}b`gAlByD|DyKhImXb@yHYaGgD}MuNsc@iJ}McHoDuGaCuUsAgn@u@wcBqBcJ_Aq_AoJ_OT_JtAuHlCeG|E_DpEmRlh@,<div><strong>SHAKESPEARE AVENUE</strong><br><span>Surface: sealed</span><br><span>Length: 0.79 km</span><br><span>Length rank: 233</span></div>
road_3258179,path,3258179,sealed,POHUTUKAWA DRIVE,0.7848804304912081,234,40,#1464a5cc,#1464a5cc,@EAAgjdgmInin~fAtEpEhr@zp@rQdPbC|CzBzDd}@p`ChHxFfIlBtXjClcBdN|tAvLzCV,<div><strong>POHUTUKAWA DRIVE</strong><br><span>Surface: sealed</span><br><span>Length: 0.78 km</span><br><span>Length rank: 234</span></div>
road_3234611,path,3234611,sealed,ST ANDREWS TERRACE,0.7840109834691095,235,40,#1464a5cc,#1464a5cc,@EAAkzwgmIfbg_gAoHwBkGiAiI}Aqa@{EcOaC_GgAyD[mEKgIuAgGc@wCGwCHqDb@cGvAyG~Bc}@rXiPjFePjFwLzDyeBhx@aMhFyF`EwDrCuAjDw@fCWnBW`CMhAO|AaEG{BHeCfAgl@lg@,<div><strong>ST ANDREWS TERRACE</strong><br><span>Surface: sealed</span><br><span>Length: 0.78 km</span><br><span>Length rank: 235</span></div>
road_3234582,path,3234582,sealed,QUEENS AVENUE,0.7838391292154091,236,40,#1464a5cc,#1464a5cc,@EAAwdnhmIdl{agAEoJa@caAs@kaACiDg@gLcCmGmZci@{JsPwGcLuPmY{McUyCcEyCsBcu@a_@i|@ub@eC}C,<div><strong>QUEENS AVENUE</strong><br><span>Surface: sealed</span><br><span>Length: 0.78 km</span><br><span>Length rank: 236</span></div>
road_3257972,path,3257972,sealed,FARNBOROUGH DRIVE,0.7828147386434269,237,40,#1464a5cc,#1464a5cc,@EAA{{qemIdr|`gAaIwGwEqEcEmGeCgImBkHcBcDa@s@}BiE_DaFuFmGiHaFeIiF}IoDaIaCmFw@{GgAqTcDmJuEmCaB_B_AoBwAqBmCcB{BaB}BiD_DqFkDqDcBiFaBcCk@wGqAiHo@mMF{RZ}a@t@yl@bA_EFeUaCyPcHwGiDkCmAoCoAsu@u_@,<div><strong>FARNBOROUGH DRIVE</strong><br><span>Surface: sealed</span><br><span>Length: 0.78 km</span><br><span>Length rank: 237</span></div>
road_3258154,path,3258154,sealed,WAIWHEROWHERO DRIVE,0.7807781582817681,238,40,#1464a5cc,#1464a5cc,@EAAe~ugmIfqc_gAh`@xF|BB`CM~Bk@vKgEz^}Lle@mP`a@_M`Em@~EBfD\~CfArd@fYlE`FnBfDhMbe@RjFUxFwBfGuB~CsFpFaJ`E{YbIqF|@{Fd@ki@\gIv@_JfDsJxGkTvX,<div><strong>WAIWHEROWHERO DRIVE</strong><br><span>Surface: sealed</span><br><span>Length: 0.78 km</span><br><span>Length rank: 238</span></div>
road_3234601,path,3234601,sealed,NEVADA ROAD,0.7802560061219624,239,40,#1464a5cc,#1464a5cc,@EAAiaalmIvjpagAsWkNs\kQ}@i@ga@_TisAis@_gAok@cE}BiBmAoDaDgDoF}JyVwC}H_DaIaBwDcAsB{AeCkDcFoCaDiCmCyBmBaE}CwFwDk_Aae@,<div><strong>NEVADA ROAD</strong><br><span>Surface: sealed</span><br><span>Length: 0.78 km</span><br><span>Length rank: 239</span></div>
road_6063753,path,6063753,sealed,WAIRERE DRIVE,0.7776529045399333,240,40,#1464a5cc,#1464a5cc,@EAAkfcfmI`zk_gA_a@yK{MqDwSoGg\oMwZyMeY_NgVcP_CmAcxAieAyL}IgG}E_NcKkByAw}@cn@sq@eb@,<div><strong>WAIRERE DRIVE</strong><br><span>Surface: sealed</span><br><span>Length: 0.78 km</span><br><span>Length rank: 240</span></div>
road_3258239,path,3258239,sealed,PALLISER DRIVE,0.7734699082194547,241,40,#1464a5cc,#1464a5cc,@EAAcnqimIzju~fAxGp@hIl@|DN|C@pF[`Ku@dJwA|GqBpGyA|GyBnGcAjJe@`JFxM^hJPhN?~Hw@fIgA|NEvEHbOvB|DvAfGdCzIxFjEvGxC|G`BbJbAtJZtDZxCd@bBdAtA|AnAxAb@pCXnDIlEMbFa@pGq@rHiA|FkB|F{BtEoCrDqC`DuCpDgC|IgHvI{G|EaDzFsChCgA~Bq@zEgAbLsCjRsEvJwB,<div><strong>PALLISER DRIVE</strong><br><span>Surface: sealed</span><br><span>Length: 0.77 km</span><br><span>Length rank: 241</span></div>
road_6063768,path,6063768,sealed,,0.7715889529966714,242,40,#1464a5cc,#1464a5cc,@EAA_~`fmIda{~fAavA|oAaz@`r@yuB`kBoyA`yA,<div><strong>Road 6063768</strong><br><span>Surface: sealed</span><br><span>Length: 0.77 km</span><br><span>Length rank: 242</span></div>
road_3234589,path,3234589,sealed,COLLINGWOOD STREET,0.7705080250385097,243,40,#1464a5cc,#1464a5cc,@EAAcx`imIfitagA}`@cSiWsMwGgDyEqBuWwM{FyCsAq@aJmEsEoBwFiBeEoA}FcBuMuGeKoGqOmLku@a`@uGeDmf@mXmXeM}f@mVsjAwl@,<div><strong>COLLINGWOOD STREET</strong><br><span>Surface: sealed</span><br><span>Length: 0.77 km</span><br><span>Length rank: 243</span></div>
road_3234554,path,3234554,sealed,HYDE AVENUE,0.7704091614316139,244,40,#1464a5cc,#1464a5cc,@EAAwhqfmI`x}`gAij@pl@q]`_@qI~IaHnIy\la@uFxKaCjNYbB^|l@L~W^xm@LjYG~Fm@tGmClIwZdz@,<div><strong>HYDE AVENUE</strong><br><span>Surface: sealed</span><br><span>Length: 0.77 km</span><br><span>Length rank: 244</span></div>
road_3234627,path,3234627,sealed,ALFRED STREET,0.767151424009804,245,40,#1464a5cc,#1464a5cc,@EAAe~}imIpyi`gAfdE~m@t^dBlKbA|HvAzfC`^~fCh^,<div><strong>ALFRED STREET</strong><br><span>Surface: sealed</span><br><span>Length: 0.77 km</span><br><span>Length rank: 245</span></div>
road_3234632,path,3234632,sealed,CLAUDE STREET,0.7662855970794359,246,40,#1464a5cc,#1464a5cc,@EAAw__jmIpuk`gAbbAbOxeMfgB,<div><strong>CLAUDE STREET</strong><br><span>Surface: sealed</span><br><span>Length: 0.77 km</span><br><span>Length rank: 246</span></div>
road_3234641,path,3234641,sealed,INSOLL AVENUE,0.7594345182542983,247,40,#1464a5cc,#1464a5cc,@EAAqeyimItu|_gA_XyEuKqBskAaTka@wH}JeBce@}Ik~AiY{`@sHefA_Skk@kKab@_Im\iG,<div><strong>INSOLL AVENUE</strong><br><span>Surface: sealed</span><br><span>Length: 0.76 km</span><br><span>Length rank: 247</span></div>
road_3234612,path,3234612,sealed,MEARS ROAD,0.7580905369667583,248,40,#1464a5cc,#1464a5cc,@EAA{uqgmIz}~~fAxHrHlErEtChCdIrFhOjJzvBfoAdvDrvBzB~@`Cj@tFZvEc@vBu@lBs@pZyX,<div><strong>MEARS ROAD</strong><br><span>Surface: sealed</span><br><span>Length: 0.76 km</span><br><span>Length rank: 248</span></div>
road_3258008,path,3258008,sealed,LIVINGSTONE AVENUE,0.7459722491819488,249,40,#1464a5cc,#1464a5cc,@EAA{uggmItwy`gAhEvC~hBroAfNhIzaAuUvNaD|j@pS~MpE|F|@pJi@x~@iKzDo@xDC?AtBLzBLnDfAtShK~CxAt@\fb@~R~A\tBA,<div><strong>LIVINGSTONE AVENUE</strong><br><span>Surface: sealed</span><br><span>Length: 0.75 km</span><br><span>Length rank: 249</span></div>
road_3258046,path,3258046,sealed,HAGUE ROAD,0.7447269662743693,250,40,#1464a5cc,#1464a5cc,@EAAsogimItxobgAoIl@cPxB}h@tFcH|A{HVg[QqJU_J?kJ}@kNqDuGoC}EaDmGqGuLaMgPmNsKmJgG{DqDiBiC}Bs@eB]qDe@qGCq^]oSaGwFmBgBgAeDAoBd@{BjAwBlGiGjLoI~GgFtE_CzEiChFaBrJaBzTO,<div><strong>HAGUE ROAD</strong><br><span>Surface: sealed</span><br><span>Length: 0.74 km</span><br><span>Length rank: 250</span></div>
road_3234597,path,3234597,sealed,BERKLEY AVENUE,0.7385773490150296,251,39,#1464a5cc,#1464a5cc,@EAA_hhlmIbembgAtBn@vB\zBN|B@pY{AlCc@x@_@v@m@b@s@dAoCfPmo@nAgF|Nwk@hAyEp@uBt@gBz@sA|@w@`Ao@lAo@|As@vAc@dBc@tA_@tBu@xAo@dAo@hAy@`BuAfAqBfA}CnAwErBiIhBaIfA}HGmEQoBa@{Bq@qCcAuCu@wBu@kCg@}BWaD@iDVwE`@gChR}u@~AqG~Mch@,<div><strong>BERKLEY AVENUE</strong><br><span>Surface: sealed</span><br><span>Length: 0.74 km</span><br><span>Length rank: 251</span></div>
road_3234622,path,3234622,sealed,MAGELLAN RISE,0.7257448849455491,252,39,#1464a5cc,#1464a5cc,@EAAmwogmIbau}fAfYhBvUnDvQhEbMhEfQ~G~JtBvItAhMj@~EClFEhCQlHi@dKuBrE{ArC}@nGoCfGiEd[_\rLmLjK}FhLwE|HaCdN{CtR_CjBItPEjLp@|IPzR]fGw@vEsBnGsDrDqCtDgEfB}Et@eDd@qBjAwH,<div><strong>MAGELLAN RISE</strong><br><span>Surface: sealed</span><br><span>Length: 0.73 km</span><br><span>Length rank: 252</span></div>
road_3234638,path,3234638,sealed,WINSTONE AVENUE,0.7250551873700151,253,39,#1464a5cc,#1464a5cc,@EAAcxrimI~cl_gAyf@t~@sQf[yF~LwC~DcMtKwi@h_@iY~Q}KbCuK|@qDVwVfBuKv@eEXkEb@gEp@cDv@mGvBwDjBaDtBeC|BqBpCeCnEaHtRiP`f@}E|N,<div><strong>WINSTONE AVENUE</strong><br><span>Surface: sealed</span><br><span>Length: 0.73 km</span><br><span>Length rank: 253</span></div>
road_3234581,path,3234581,sealed,ALISON STREET,0.7249882148937878,254,39,#1464a5cc,#1464a5cc,@EAAqqwhmIpmfbgArD~E~AnBzClCfUfSvApAx@pAVbANxCn@xu@j@jn@~@nbBDnGDtBVbRNdLrAz`ArLxb@,<div><strong>ALISON STREET</strong><br><span>Surface: sealed</span><br><span>Length: 0.72 km</span><br><span>Length rank: 254</span></div>
road_3234619,path,3234619,sealed,CULLIMORE STREET,0.7248663998818559,255,39,#1464a5cc,#1464a5cc,@EAAm|ggmI~gu~fA`lAxg@luAvl@lNxFxNtCdh@`Fv{BjRdbAlIxj@xE,<div><strong>CULLIMORE STREET</strong><br><span>Surface: sealed</span><br><span>Length: 0.72 km</span><br><span>Length rank: 255</span></div>
road_3257980,path,3257980,sealed,CAMPBELL STREET,0.722009347669671,256,39,#1464a5cc,#1464a5cc,@EAAaaqgmIdatagAs@jI{@tIkTfhCOjEO`Gj@fAzAl@vW``A~x@pwC,<div><strong>CAMPBELL STREET</strong><br><span>Surface: sealed</span><br><span>Length: 0.72 km</span><br><span>Length rank: 256</span></div>
road_8418454,path,8418454,sealed,KORIKORI GREEN,0.7190004595698142,257,39,#1464a5cc,#1464a5cc,@EAAuxghmIzr`}fAjZdz@zQfg@`BhDzB`CfDtBfF|A~c@dIzKdAdSvFbGrCdCbBvCbD~StZ~Xz_@d^rf@l\jd@tAbAXHxb@pM,<div><strong>KORIKORI GREEN</strong><br><span>Surface: sealed</span><br><span>Length: 0.72 km</span><br><span>Length rank: 257</span></div>
road_3258237,path,3258237,sealed,,0.7188532072930589,258,39,#1464a5cc,#1464a5cc,@EAA_dbkmIbqo`gAsTMuOIoMl@gHdA_Cn@sJtD_CPwHMiZe@kYoAiFAgERuIxA}FdAwCnAuGrEcCnDqBxDoCrL}BnWs@lFp@tJxAbGrAvD`BnBfLbH`HlCpDl@nHn@dg@fCj|@rE`Ml@`Md@nJf@fJX,<div><strong>Road 3258237</strong><br><span>Surface: sealed</span><br><span>Length: 0.72 km</span><br><span>Length rank: 258</span></div>
road_3234635,path,3234635,sealed,ENDERLEY AVENUE,0.7123712894810442,259,39,#1464a5cc,#1464a5cc,@EAA}ccjmIdso`gAgfBes@yLcFgfB{r@cd@_Ry~CkoAeHsC,<div><strong>ENDERLEY AVENUE</strong><br><span>Surface: sealed</span><br><span>Length: 0.71 km</span><br><span>Length rank: 259</span></div>
road_3265105,path,3265105,sealed,COLOMBO STREET,0.7112057861192909,260,39,#1464a5cc,#1464a5cc,@EAAiwbhmI~tlagArAbEZxDc]v{Dq\ncE,<div><strong>COLOMBO STREET</strong><br><span>Surface: sealed</span><br><span>Length: 0.71 km</span><br><span>Length rank: 260</span></div>
road_3238131,path,3238131,sealed,LEE ROAD,0.7075549754868472,261,39,#1464a5cc,#1464a5cc,@EAAepkemIbgp_gAzKj`@hIr[j\jpAtArDzBlErD`GhD~Exs@ht@|ZfZhTpSbG|G~FvIvE~HfCbGbIfSvAdEfAxEvArH,<div><strong>LEE ROAD</strong><br><span>Surface: sealed</span><br><span>Length: 0.71 km</span><br><span>Length rank: 261</span></div>
road_3234569,path,3234569,sealed,MACDONALD ROAD,0.7074624748034537,262,39,#1464a5cc,#1464a5cc,@EAA{ykimIbkncgA_JVyDLcHj@yEDoFSmGwAoDeByFqBmEo@wDOqDCuC`@{b@vI_nA|WwSzFeHdC}P`EaYzFq\xFiD|@{Dz@gd@xNelBjm@,<div><strong>MACDONALD ROAD</strong><br><span>Surface: sealed</span><br><span>Length: 0.71 km</span><br><span>Length rank: 262</span></div>
road_3234599,path,3234599,sealed,CAMERON ROAD,0.7067488220865473,263,39,#1464a5cc,#1464a5cc,@EAAe{|jmIb_cagAcSnr@_G|W}Jf^wHhZ{WpdA}b@h_ByYvhA}B`F,<div><strong>CAMERON ROAD</strong><br><span>Surface: sealed</span><br><span>Length: 0.71 km</span><br><span>Length rank: 263</span></div>
road_3258240,path,3258240,sealed,SOMERTON DRIVE,0.7051964984928044,264,39,#1464a5cc,#1464a5cc,@EAAc{jimI`c}}fAwBcM}H{^uAqG}CqLyDmK{BqF_DeFsCkD{CcDoGoEcEaDyFoC{GcDcp@}ZuFeB{NqH_XqM{KiLmPiTmGwJ_DkEwFkI}EoGsDgDsGeFqQiGiLgD_LcCcPoB,<div><strong>SOMERTON DRIVE</strong><br><span>Surface: sealed</span><br><span>Length: 0.71 km</span><br><span>Length rank: 264</span></div>
road_3234559,path,3234559,sealed,IRVINE STREET,0.6987943243952145,265,39,#1464a5cc,#1464a5cc,@EAA_vzgmIfmyagAn]fhApYpx@laAfwBn|@tpB,<div><strong>IRVINE STREET</strong><br><span>Surface: sealed</span><br><span>Length: 0.70 km</span><br><span>Length rank: 265</span></div>
road_3234562,path,3234562,sealed,BANDON STREET,0.6976009459693807,266,39,#1464a5cc,#1464a5cc,@EAAqxwgmIlatagAyaAcE_iAeFcf@{Bg^cB}g@aCqIa@uqBiI{pB_K,<div><strong>BANDON STREET</strong><br><span>Surface: sealed</span><br><span>Length: 0.70 km</span><br><span>Length rank: 266</span></div>
road_7741576,path,7741576,sealed,,0.6974851340026857,267,39,#1464a5cc,#1464a5cc,@EAAun|emI|`bdgAS{S}@wo@{A_`@{Gm`@cUetAy`@mdCkFe_@,<div><strong>Road 7741576</strong><br><span>Surface: sealed</span><br><span>Length: 0.70 km</span><br><span>Length rank: 267</span></div>
road_3257998,path,3257998,sealed,KAREN CRESCENT,0.6899923890025296,268,38,#1464a5cc,#1464a5cc,@EAAsqegmIlrkbgA{A}BsB}CkqA_oB{Ps]wOwXy_@_a@eP}MkKiHmScLqEeAeFAiFZqz@dM}M~B{InB,<div><strong>KAREN CRESCENT</strong><br><span>Surface: sealed</span><br><span>Length: 0.69 km</span><br><span>Length rank: 268</span></div>
road_3234647,path,3234647,sealed,RAYMOND STREET,0.6885142438606103,269,38,#1464a5cc,#1464a5cc,@EAAsd{jmI|t}_gAbIiSdLu\bLe[f]_bA`Xqw@`V}r@`r@{mB,<div><strong>RAYMOND STREET</strong><br><span>Surface: sealed</span><br><span>Length: 0.69 km</span><br><span>Length rank: 269</span></div>
road_3258039,path,3258039,sealed,PELORUS STREET,0.6874593177537729,270,38,#1464a5cc,#1464a5cc,@EAAoehjmIxyqcgAzN_Ene@mMpTuExMk@bUjChI~@`r@xHxAFhCHtTv@rSwAxWmHnXePvLmCzNy@nZnBpNMlUgEhN{GdHmH`Wik@,<div><strong>PELORUS STREET</strong><br><span>Surface: sealed</span><br><span>Length: 0.69 km</span><br><span>Length rank: 270</span></div>
road_3258027,path,3258027,sealed,ACACIA CRESCENT,0.6866185956882759,271,38,#1464a5cc,#1464a5cc,@EAAmi`jmI~fwcgAwFrAqa@zb@iFxNu@~SdG|TreA|`BdKtp@`C`Q~AhDdCzBhCjAlD@jGwA~`@uXfNsJhFgCnCqA,<div><strong>ACACIA CRESCENT</strong><br><span>Surface: sealed</span><br><span>Length: 0.69 km</span><br><span>Length rank: 271</span></div>
road_3234553,path,3234553,sealed,RODNEY STREET,0.6825819034988962,272,38,#1464a5cc,#1464a5cc,@EAAatrfmIre_agAzzHx{DxNnHjF~DtO`RvO|Q,<div><strong>RODNEY STREET</strong><br><span>Surface: sealed</span><br><span>Length: 0.68 km</span><br><span>Length rank: 272</span></div>
road_3258220,path,3258220,sealed,QUEENWOOD AVENUE,0.6813809914278981,273,38,#1464a5cc,#1464a5cc,@EAAgxthmIfjf_gAfl@nJzCHbDQdD{@dDyApReJ`h@cXwIpDzGqD_AqECcCrZocAb_@knAnCyBpDq@fGg@rEXlm@|JbPjCnHlA,<div><strong>QUEENWOOD AVENUE</strong><br><span>Surface: sealed</span><br><span>Length: 0.68 km</span><br><span>Length rank: 273</span></div>
road_3258025,path,3258025,sealed,WATERFORD ROAD,0.6803990134932573,274,38,#1464a5cc,#1464a5cc,@EAAagsjmIh|ecgA`TiMlVmQjFyDfGqF|EaGzDsFl@y@n@_A`BmDxCqGTu@vBcH`BqIpAwNh@ag@h@uKx@iGrBkGzE{JvAsCdIiRdBsK~@_GJuKu@wK{BuIgB}GgGgKcHkIcLcIqM_I{DmBu@e@,<div><strong>WATERFORD ROAD</strong><br><span>Surface: sealed</span><br><span>Length: 0.68 km</span><br><span>Length rank: 274</span></div>
road_3234592,path,3234592,sealed,KING STREET,0.6797349591344782,275,38,#1464a5cc,#1464a5cc,@EAAs}jhmIleoagAca@g]ei@cb@}l@gf@qdCmmBwp@gk@g[cO,<div><strong>KING STREET</strong><br><span>Surface: sealed</span><br><span>Length: 0.68 km</span><br><span>Length rank: 275</span></div>
road_3258064,path,3258064,sealed,LIVERPOOL STREET,0.6792087360460103,276,38,#1464a5cc,#1464a5cc,@EAAypbimInmy`gAfVfMbG|CrR~Hpz@la@l}Ahu@bg@vUrP|KfIxB`o@hZrG|Clr@l\vG~C,<div><strong>LIVERPOOL STREET</strong><br><span>Surface: sealed</span><br><span>Length: 0.68 km</span><br><span>Length rank: 276</span></div>
road_3283227,path,3283227,sealed,GARLAND DRIVE,0.6790242343001567,277,38,#1464a5cc,#1464a5cc,@EAAq_ngmI~mh_gA~KkHdPeNzPyVtIgH|JsH`YaKdJ?~FbBhRbN`a@lQ|CnDv@dFMhCw@hBkAvAsEnC}FtBsIfBqEt@uCbAwFfBoF~CgE~CwCpDeDbFmBbEyAlCwBtBaBl@qBh@qBVoBOcD_@sB}@{CyBuEcDsG_DmDmAgEcAaGw@wEa@gDWgBWeC}@eCaBqFcG,<div><strong>GARLAND DRIVE</strong><br><span>Surface: sealed</span><br><span>Length: 0.68 km</span><br><span>Length rank: 277</span></div>
road_3238125,path,3238125,sealed,ANZAC PARADE,0.6785910883464213,278,38,#1464a5cc,#1464a5cc,@EAAofrimIzxvagAw_CknAmNoHuXuNySwKeHuD_MqG}}@wd@}C}AyF}BuDgAaIoAei@oIct@sK,<div><strong>ANZAC PARADE</strong><br><span>Surface: sealed</span><br><span>Length: 0.68 km</span><br><span>Length rank: 278</span></div>
road_8114512,path,8114512,unmetalled,,0.6779765875833004,279,38,#734a12cc,#734a12cc,@EAAgdnlmIn{w`gAqDmVk@mZ|Esg@bLcu@hR_dAjRku@tPkg@h[i{@,<div><strong>Road 8114512</strong><br><span>Surface: unmetalled</span><br><span>Length: 0.68 km</span><br><span>Length rank: 279</span></div>
road_3258062,path,3258062,sealed,WARD STREET,0.677880821565629,280,38,#1464a5cc,#1464a5cc,@EAAw}}hmI`mnagAiDY}EuAgaB_x@mfC{lAe`Awd@_n@eZi_@sQ,<div><strong>WARD STREET</strong><br><span>Surface: sealed</span><br><span>Length: 0.68 km</span><br><span>Length rank: 280</span></div>
road_3258188,path,3258188,sealed,BRAMLEY DRIVE,0.6763997431541965,281,38,#1464a5cc,#1464a5cc,@EAAy|mhmI`hn~fAf`@jF|t@{@jFC|Cg@rE{AxP{HdMoEfIoF~CaGbEyOxQgr@|L}r@rJ_MrG}HxEeKdBmFlZwaA,<div><strong>BRAMLEY DRIVE</strong><br><span>Surface: sealed</span><br><span>Length: 0.68 km</span><br><span>Length rank: 281</span></div>
road_3258042,path,3258042,sealed,NORMANDY AVENUE,0.6728855740470265,282,38,#1464a5cc,#1464a5cc,@EAAkxrimInrqbgAk@hQq@`HgF`j@sCbWi@vJdApIzBzJvGzL|FvGjL`IrYvLn~DljAbJpH,<div><strong>NORMANDY AVENUE</strong><br><span>Surface: sealed</span><br><span>Length: 0.67 km</span><br><span>Length rank: 282</span></div>
road_3258203,path,3258203,sealed,HERBERT ROAD,0.6727889005118228,283,38,#1464a5cc,#1464a5cc,@EAA{cqhmItm}~fAq|@|uC_H|Toi@rfBiB`G{]vjA,<div><strong>HERBERT ROAD</strong><br><span>Surface: sealed</span><br><span>Length: 0.67 km</span><br><span>Length rank: 283</span></div>
road_3283188,path,3283188,sealed,NOTTINGHAM DRIVE,0.666267592627026,284,38,#1464a5cc,#1464a5cc,@EAAmx~jmItj}`gAe@fGw@rNApWGzUbJ?vRAhVA|}@@pHGxVMtYRnPLoFd]{@xCcElFeEfCaHbEyBlDaBrFiFlYaDhKaFrIcLtR,<div><strong>NOTTINGHAM DRIVE</strong><br><span>Surface: sealed</span><br><span>Length: 0.67 km</span><br><span>Length rank: 284</span></div>
road_3258061,path,3258061,sealed,WILLOUGHBY STREET,0.665517068967041,285,38,#1464a5cc,#1464a5cc,@EAAajzhmIbg~`gAduBmi@lA[lk@eO|j@_OhbAoWhoC}r@tCcAbBsA,<div><strong>WILLOUGHBY STREET</strong><br><span>Surface: sealed</span><br><span>Length: 0.67 km</span><br><span>Length rank: 285</span></div>
road_3238140,path,3238140,sealed,KAIMIRO STREET,0.6606133419319753,286,38,#1464a5cc,#1464a5cc,@EAA}v~emIbxb~fAeN`c@mIpRif@jx@ep@zz@cHdOwAdMt@zMjDjLdFpIvHdH|JhFhuA|e@,<div><strong>KAIMIRO STREET</strong><br><span>Surface: sealed</span><br><span>Length: 0.66 km</span><br><span>Length rank: 286</span></div>
road_8326468,path,8326468,unmetalled,,0.6599799251884317,287,38,#734a12cc,#734a12cc,@EAAiu~jmIhfecgA``EqqI,<div><strong>Road 8326468</strong><br><span>Surface: unmetalled</span><br><span>Length: 0.66 km</span><br><span>Length rank: 287</span></div>
road_3258065,path,3258065,sealed,ABBOTSFORD STREET,0.659466889020578,288,38,#1464a5cc,#1464a5cc,@EAAwxphmI`{|`gAL}CcAsBiZkn@me@qaAsa@_{@y{@kiB{Swb@iKcJ,<div><strong>ABBOTSFORD STREET</strong><br><span>Surface: sealed</span><br><span>Length: 0.66 km</span><br><span>Length rank: 288</span></div>
road_3257984,path,3257984,sealed,GIBSON ROAD,0.6586994944340614,289,38,#1464a5cc,#1464a5cc,@EAAad`gmIlzibgAxv@}p@xCeA|D@~Ef@tFvA|_Cbr@|D`A~BRrBA`C[dEkAbVcIfHyCpDkC|DwGjC{F|d@qaAhHiR,<div><strong>GIBSON ROAD</strong><br><span>Surface: sealed</span><br><span>Length: 0.66 km</span><br><span>Length rank: 289</span></div>
road_3234570,path,3234570,sealed,GLENVIEW TERRACE,0.6582778537649278,290,38,#1464a5cc,#1464a5cc,@EAAo_zimI|tncgAtKkXfC_FnDwDhF}DlFuCnIoDlk@sQ`kA{^vrBcp@n\wKnx@ik@,<div><strong>GLENVIEW TERRACE</strong><br><span>Surface: sealed</span><br><span>Length: 0.66 km</span><br><span>Length rank: 290</span></div>
road_3258243,path,3258243,sealed,RHYS AVENUE,0.6580188490098196,291,38,#1464a5cc,#1464a5cc,@EAAglsimIp_u~fAgAxGeAxIa@jFUjD`@hG`@pJNhIe@nIw@pL?|HAzEXfDf@xEb@dEBvGi@`HsCnGkE|FkF`EoHhDcIjBoFh@eEZ_FJyFY}Ee@{E}AkEkA_Cg@gEu@oF_A{LqAkLcAgM{@}Im@{Hw@wGyAuCwAmDeBsDqCiC_D_BgC{AiC_CaMqCqNe@iBq@wD,<div><strong>RHYS AVENUE</strong><br><span>Surface: sealed</span><br><span>Length: 0.66 km</span><br><span>Length rank: 291</span></div>
road_8326466,path,8326466,sealed,CABOURNE DRIVE,0.6573887712745065,292,38,#1464a5cc,#1464a5cc,@EAAqpgjmIj}rcgA_U~BkVhCeR`F{ItD}HdCiHbCiAMmD_@yKwA{COoKUm\eBcN]uJPeP|AqLvBgG\aHU_C@oAViDwM{@kDyDaRcRa}@kAoHu@mDSaAYoAmCuDoH{DaM_GsLmH,<div><strong>CABOURNE DRIVE</strong><br><span>Surface: sealed</span><br><span>Length: 0.66 km</span><br><span>Length rank: 292</span></div>
road_3265109,path,3265109,sealed,GRANTHAM STREET,0.6569729935345983,293,38,#1464a5cc,#1464a5cc,@EAAadrimIx`pagAuKdA_IbAgEx@_e@rLozBnp@aPbHyGbEkInH}DzE_ClEsBzDeCnHsArGs@tDSbHg@~KDpKt@jM\xIxD`Z`G`],<div><strong>GRANTHAM STREET</strong><br><span>Surface: sealed</span><br><span>Length: 0.66 km</span><br><span>Length rank: 293</span></div>
road_8326475,path,8326475,sealed,SYLVESTER CRESCENT,0.6567248534360052,294,38,#1464a5cc,#1464a5cc,@EAAe}dgmId}p}fAzP}RbKiNj@w@TqBF_E]{I{Fkc@_CmQaBiMkGg@sIw@iFu@{Es@kEaBmEk@uCKwGQoHUwFg@uEwAmMmKsBoAuCUyAQ}AOkBAqEp@kDrAmEvBeB|Am@`A[|@IbBd@vCpAtChAvA~AzBhB`BlEtGtA|Fl@dEv@zFf@jFZlBEjFYpBa@fB}@dC_@nBBfA@v@DbCe@|Cc@nAe@r@,<div><strong>SYLVESTER CRESCENT</strong><br><span>Surface: sealed</span><br><span>Length: 0.66 km</span><br><span>Length rank: 294</span></div>
road_3234558,path,3234558,sealed,BLACKBURN STREET,0.6478019438762427,295,38,#1464a5cc,#1464a5cc,@EAAskwgmIrpyagAvOnn@fVhy@lb@b}AXdAbJbTtR|b@~h@dkAhCvF,<div><strong>BLACKBURN STREET</strong><br><span>Surface: sealed</span><br><span>Length: 0.65 km</span><br><span>Length rank: 295</span></div>
road_3258109,path,3258109,sealed,MORRIS ROAD,0.6474491099222127,296,38,#1464a5cc,#1464a5cc,@EAA}x}kmIltwagAcHzRqFxRmA~DaA`Fs@fDk@fE]dCy@`HaCdP{A|F{@~BcA`CyArC}BxDwMrU}ClJmC|IkO~g@}@zC_AbDcAvDo@bD]zBQbCEfHAtHCtOIjCMtBY`C]~Aq@bCmBrF}V`p@,<div><strong>MORRIS ROAD</strong><br><span>Surface: sealed</span><br><span>Length: 0.65 km</span><br><span>Length rank: 296</span></div>
road_3234576,path,3234576,sealed,GARDEN HEIGHTS AVENUE,0.6470818403819388,297,38,#1464a5cc,#1464a5cc,@EAA}m~imIn`gcgAo[hUyEhI]`GdAzFjMtM~h@za@`LhMxFvXvGd[fFdWbMlSnLvLhRbHhc@pIfHbC`IbE~SpZ,<div><strong>GARDEN HEIGHTS AVENUE</strong><br><span>Surface: sealed</span><br><span>Length: 0.65 km</span><br><span>Length rank: 297</span></div>
road_3234625,path,3234625,sealed,RESOLUTION DRIVE,0.6459954897537196,298,38,#1464a5cc,#1464a5cc,@EAAijtgmIldm}fAcGlJqHjLec@rq@kf@zt@sTp]a]lk@uTta@cDxGsBpD??jBr@z@`At@rAVlBKfBi@zAiAjAoCtAiCVwD?uBa@}As@wA{Aw@eBEeCr@gCnBmBvBy@vDUrB@|Bj@,<div><strong>RESOLUTION DRIVE</strong><br><span>Surface: sealed</span><br><span>Length: 0.65 km</span><br><span>Length rank: 298</span></div>
road_3234639,path,3234639,sealed,BELLMONT AVENUE,0.6449813779742128,299,38,#1464a5cc,#1464a5cc,@EAAqzbimIlve_gAmPnm@ABkP|d@mBlFyTbu@me@j`BmRbr@wT`r@,<div><strong>BELLMONT AVENUE</strong><br><span>Surface: sealed</span><br><span>Length: 0.64 km</span><br><span>Length rank: 299</span></div>
road_3258022,path,3258022,sealed,SPLITT AVENUE,0.6408161870301506,300,37,#1464a5cc,#1464a5cc,@EAAq~_jmIfyecgAao@bd@cm@db@yEfD{RbNiE|CyAbA}WjRg`Abq@wd@`Iqc@`GaFtBid@|ZwFzD,<div><strong>SPLITT AVENUE</strong><br><span>Surface: sealed</span><br><span>Length: 0.64 km</span><br><span>Length rank: 300</span></div>
road_3314500,path,3314500,sealed,MEADOWFIELD STREET,0.6383433703024407,301,37,#1464a5cc,#1464a5cc,@EAAwxpfmIjqe}fAf@|Xd@|w@@fF{@lCqA~B_CbBiG`E_dAvj@yDlBeBl@wH`C_h@hQeJjDkEpBoDpCsDlEaGtHkClCgE|CoC|@yJlB{_@n@sFdAsGxAaE|AuFtB,<div><strong>MEADOWFIELD STREET</strong><br><span>Surface: sealed</span><br><span>Length: 0.64 km</span><br><span>Length rank: 301</span></div>
road_3234618,path,3234618,sealed,MORROW AVENUE,0.6377987158785695,302,37,#1464a5cc,#1464a5cc,@EAA}w|fmIli__gA_@aG_@}Fy@cLWcBq@iA{@y@eBeAaDu@ecBsSsHeAyFqAa|@_Uii@mRiI_BeIi@o|BeCsIK,<div><strong>MORROW AVENUE</strong><br><span>Surface: sealed</span><br><span>Length: 0.64 km</span><br><span>Length rank: 302</span></div>
road_3258200,path,3258200,sealed,CASEY AVENUE,0.6377690283748024,303,37,#1464a5cc,#1464a5cc,@EAAis}hmIxhk`gAsC|CgDpBqQhK{b@nU{wA`x@qXdNcBlBu@tAgj@vdBmWby@,<div><strong>CASEY AVENUE</strong><br><span>Surface: sealed</span><br><span>Length: 0.64 km</span><br><span>Length rank: 303</span></div>
road_8114883,path,8114883,sealed,RYBURN ROAD,0.6373095960755161,304,37,#1464a5cc,#1464a5cc,@EAAyo}kmIxnp`gAmD@uCc@aEaAiF}A{ImCkj@wQse@mQ}i@oTk_@eQ}\oP_S_KaQcJ{QcKgWkPuNoJoj@q^gDeC,<div><strong>RYBURN ROAD</strong><br><span>Surface: sealed</span><br><span>Length: 0.64 km</span><br><span>Length rank: 304</span></div>
road_3258193,path,3258193,sealed,WENTWORTH DRIVE,0.6372676020376434,305,37,#1464a5cc,#1464a5cc,@EAAqf}gmIdot}fArCuJ~AaFtDoJfCqFnC}CvDsCtE_F~E}HbBsDr@}Dn@kED}DW_F}A_GqIwNkFcDoz@uWud@uQcGkC}ZsPkk@w^qD{CmEoHkBaIa@uDOeGDeE,<div><strong>WENTWORTH DRIVE</strong><br><span>Surface: sealed</span><br><span>Length: 0.64 km</span><br><span>Length rank: 305</span></div>
road_3258189,path,3258189,sealed,BOUVERIE CRESCENT,0.6368538623296874,306,37,#1464a5cc,#1464a5cc,@EAAqjxgmIru~}fA_S_ZuDwA_GCwTdA_N]ue@oEuGe@yE\qElBgBjBiOnYaBfEcHlWYlEKnAg@hAuBzBmDvBg@~@InAFdEmH`Vs@vDq@|DZnEbAvBrG|ClV|D`VzC~Ml@bVh@fOK,<div><strong>BOUVERIE CRESCENT</strong><br><span>Surface: sealed</span><br><span>Length: 0.64 km</span><br><span>Length rank: 306</span></div>
road_3234567,path,3234567,sealed,DEANWELL AVENUE,0.636375357871689,307,37,#1464a5cc,#1464a5cc,@EAAgjaimInoqcgArQmkAfKar@lBeOvGwc@lBsMzBuI|EoLj@aAfCkE`E}EvNaOlM_N~@aA`AcApOsOfBoDhIw\rA{FtBoC,<div><strong>DEANWELL AVENUE</strong><br><span>Surface: sealed</span><br><span>Length: 0.64 km</span><br><span>Length rank: 307</span></div>
road_3265113,path,3265113,sealed,SUNSHINE AVENUE,0.6338721840367642,308,37,#1464a5cc,#1464a5cc,@EAAgscgmIheq_gAz|Aj{@tIxEvs@n`@vf@hXlnBdfA~AjAdArAn@`BzAtFnDhW,<div><strong>SUNSHINE AVENUE</strong><br><span>Surface: sealed</span><br><span>Length: 0.63 km</span><br><span>Length rank: 308</span></div>
road_3234658,path,3234658,sealed,ALCONBURY DRIVE,0.6327245376526227,309,37,#1464a5cc,#1464a5cc,@EAAakwhmInup}fA`KdSdO~XhFnJnCxFdEvItNtRlCpEfAtDfEn\jDfb@jAvk@]~UYxEm@xDeLdg@w@jGm@vHIvDN~Dt@fP,<div><strong>ALCONBURY DRIVE</strong><br><span>Surface: sealed</span><br><span>Length: 0.63 km</span><br><span>Length rank: 309</span></div>
road_3258145,path,3258145,sealed,MAHANA ROAD,0.6308324064142413,310,37,#1464a5cc,#1464a5cc,@EAA{~ugmIvgp_gAhMjHb`@~RvCvAjHzB~o@jQxQpEzD~Ar@X~HfCj_@fQpgAvg@~_Abc@`v@n^,<div><strong>MAHANA ROAD</strong><br><span>Surface: sealed</span><br><span>Length: 0.63 km</span><br><span>Length rank: 310</span></div>
road_3258202,path,3258202,sealed,ALDERSON ROAD,0.629769084137529,311,37,#1464a5cc,#1464a5cc,@EAAeyljmIzbz_gAe]eGgWsEqf@gJa[oFwK[eGFmFb@{GjAoGfB{FbCaHlFuErF_FdNqDvO_Otn@eFvTcDjM_ErK}Uhq@,<div><strong>ALDERSON ROAD</strong><br><span>Surface: sealed</span><br><span>Length: 0.63 km</span><br><span>Length rank: 311</span></div>
road_3234645,path,3234645,sealed,TENNYSON ROAD,0.6278164363719315,312,37,#1464a5cc,#1464a5cc,@EAAi|_jmItfb`gAqYp{@eCrHoWpt@y_@liA{@xF`@bFdAtExClFdDtDnEnC`MtDlRvDdc@fJ~l@fM,<div><strong>TENNYSON ROAD</strong><br><span>Surface: sealed</span><br><span>Length: 0.63 km</span><br><span>Length rank: 312</span></div>
road_3234657,path,3234657,sealed,DARJON DRIVE,0.6275230996042293,313,37,#1464a5cc,#1464a5cc,@EAAcnqimIzju~fAoLcAeGo@oH{@}SaC_Iw@eHs@qRc@yJTsFp@wEbA{D~AcGzDgDtDkC`F}B~HuAxJkDtJiFjGeHxDuGrBmGdAmHf@iIKaEKaDKsEYcF?_HZeHb@qGt@eGdAqLvBqJdAyIf@{MN{HQkFMiG[_Fe@eFg@yHqAmP_B,<div><strong>DARJON DRIVE</strong><br><span>Surface: sealed</span><br><span>Length: 0.63 km</span><br><span>Length rank: 313</span></div>
road_3234602,path,3234602,sealed,FLYNN ROAD,0.6262102902839631,314,37,#1464a5cc,#1464a5cc,@EAAeiikmIbqgbgAxtAij@xJgG`CoCbCwCtA_DrBoEhEuSn_@ewAxZmkAjMgh@,<div><strong>FLYNN ROAD</strong><br><span>Surface: sealed</span><br><span>Length: 0.63 km</span><br><span>Length rank: 314</span></div>
road_3258052,path,3258052,sealed,LANSDOWNE CRESCENT,0.6248384001833679,315,37,#1464a5cc,#1464a5cc,@EAAoydjmIjpicgAwd@og@mKiLaOaQ}QwHgP{AoW|Di]`Qak@fYoAn@kIpGkFhLc@pIt@`H`FvJzHvFpe@pTzQbU,<div><strong>LANSDOWNE CRESCENT</strong><br><span>Surface: sealed</span><br><span>Length: 0.62 km</span><br><span>Length rank: 315</span></div>
road_3258122,path,3258122,sealed,LLOYD DRIVE,0.624466550381849,316,37,#1464a5cc,#1464a5cc,@EAA{acfmItwl`gAgC`Ea@f@kDvEoExDkGvEsOzMyGvGmEhFsKdNgDlFwGtLmEpJ{DzJwC`JaDxL[jBqBnLgBfPu@jOMfLb@bOF`GjBfPbBrKlRr~@,<div><strong>LLOYD DRIVE</strong><br><span>Surface: sealed</span><br><span>Length: 0.62 km</span><br><span>Length rank: 316</span></div>
road_8114513,path,8114513,unmetalled,,0.6228808221198268,317,37,#734a12cc,#734a12cc,@EAAmnklmIj|l`gAip@tjA{^`{@m{@rnBiYzc@mMxNcG|BsJv@,<div><strong>Road 8114513</strong><br><span>Surface: unmetalled</span><br><span>Length: 0.62 km</span><br><span>Length rank: 317</span></div>
road_3234560,path,3234560,sealed,SAYER STREET,0.621264218684815,318,37,#1464a5cc,#1464a5cc,@EAAgn{gmInc~agAfImA`fA_PhxAsTxnAmQztAiTrtAmS,<div><strong>SAYER STREET</strong><br><span>Surface: sealed</span><br><span>Length: 0.62 km</span><br><span>Length rank: 318</span></div>
road_3257969,path,3257969,sealed,GREENFIELD DRIVE,0.6170259537321229,319,37,#1464a5cc,#1464a5cc,@EAAi_nfmItquagArg@cBjMkCtH{FfG}K~BiC`JgEpE_AvIq@vI@f^hBtIS|OkCbIsArIc@jLEvk@zGlEpArC~AnFzHhAzJ]bH{CbG_FrD_JjBgWtAiF|AmEbB}DjCmOnL,<div><strong>GREENFIELD DRIVE</strong><br><span>Surface: sealed</span><br><span>Length: 0.62 km</span><br><span>Length rank: 319</span></div>
road_3257968,path,3257968,sealed,MELVA STREET,0.6112800807112587,320,37,#1464a5cc,#1464a5cc,@EAActifmIxhgbgAaI_c@yg@cnCsAeHcGo[{AsD}AkCcC}CiC}BoIgFgNgEgN_BmG{@cEqAyFuCwBsDcAsDi@qK_@qP,<div><strong>MELVA STREET</strong><br><span>Surface: sealed</span><br><span>Length: 0.61 km</span><br><span>Length rank: 320</span></div>
road_8325556,path,8325556,sealed,PARDOA BOULEVARD,0.6091712374788596,321,37,#1464a5cc,#1464a5cc,@EAAgsujmIbfr~fAgh@xnA_Vdi@aYhu@gJjWwGbUsHdYoI|^mGt\w@`FIpD,<div><strong>PARDOA BOULEVARD</strong><br><span>Surface: sealed</span><br><span>Length: 0.61 km</span><br><span>Length rank: 321</span></div>
road_3234613,path,3234613,sealed,ENGLISH STREET,0.6066257368299636,322,37,#1464a5cc,#1464a5cc,@EAAgddgmI~va_gAoEwGe]wg@{Bq@oCWsxDsEmgCmCmCLwBx@{I`J,<div><strong>ENGLISH STREET</strong><br><span>Surface: sealed</span><br><span>Length: 0.61 km</span><br><span>Length rank: 322</span></div>
road_3258121,path,3258121,sealed,FENWICK CRESCENT,0.6062277319413116,323,37,#1464a5cc,#1464a5cc,@EAAck{kmIx~abgA|q@w~B^iAv@{@lAw@hBW~AAfBLbt@pLrBh@lAl@z@~@VlAGpB}q@n~B,<div><strong>FENWICK CRESCENT</strong><br><span>Surface: sealed</span><br><span>Length: 0.61 km</span><br><span>Length rank: 323</span></div>
road_3265118,path,3265118,sealed,EDENPARK DRIVE,0.6049749111650501,324,37,#1464a5cc,#1464a5cc,@EAAy~hhmIzaw}fAs@sDcAuDqB_CgGgD{XeMmOaIq[{PsY{LcLaFuCu@kE]oGIusAlFoDN}sAdDo_AvE,<div><strong>EDENPARK DRIVE</strong><br><span>Surface: sealed</span><br><span>Length: 0.60 km</span><br><span>Length rank: 324</span></div>
road_3258153,path,3258153,sealed,CECIL STREET,0.6043726734522289,325,37,#1464a5cc,#1464a5cc,@EAAqgkgmIxg~~fAkBvs@w@|f@b@pCbCxC|_@xTfgDrnBz[pP,<div><strong>CECIL STREET</strong><br><span>Surface: sealed</span><br><span>Length: 0.60 km</span><br><span>Length rank: 325</span></div>
road_3238116,path,3238116,sealed,GALLAGHER DRIVE,0.6029583284376884,326,37,#1464a5cc,#1464a5cc,@EAAamohmIze|bgAyJksBgBc]{IkyB_Deb@gEaa@,<div><strong>GALLAGHER DRIVE</strong><br><span>Surface: sealed</span><br><span>Length: 0.60 km</span><br><span>Length rank: 326</span></div>
road_3234636,path,3234636,sealed,TONGARIRO STREET,0.6029314326210454,327,37,#1464a5cc,#1464a5cc,@EAAu{mimI~so_gAzm@iFdHW|HCjKj@rIlAj{Bn_@vNhC|SlDn}@lEdTtCrKpAd|@nMhDf@,<div><strong>TONGARIRO STREET</strong><br><span>Surface: sealed</span><br><span>Length: 0.60 km</span><br><span>Length rank: 327</span></div>
road_3258180,path,3258180,sealed,CHALLINOR STREET,0.6025462580679164,328,37,#1464a5cc,#1464a5cc,@EAAm{bgmIrkm~fArw@xt@nJnH`IhEzRbIfOlDzaAtJnmA`K|q@hGnaAtI,<div><strong>CHALLINOR STREET</strong><br><span>Surface: sealed</span><br><span>Length: 0.60 km</span><br><span>Length rank: 328</span></div>
road_3258192,path,3258192,sealed,TUIRANGI STREET,0.5988607698004463,329,37,#1464a5cc,#1464a5cc,@EAAecqgmIryw}fA`ByBrFiJjHiOhEkIxEwLtGeXz@wFnAsGb@gBjCeGxDqKnBgG`A}Ff@kDPsAv@{IBU`A{H^}CxAkGdBmEnEkK|C_FzE_GlRsVrC}AnCKbN`@pUlDvGtApIr@|^pA,<div><strong>TUIRANGI STREET</strong><br><span>Surface: sealed</span><br><span>Length: 0.60 km</span><br><span>Length rank: 329</span></div>
road_3257964,path,3257964,unmetalled,,0.5970775296694211,330,36,#734a12cc,#734a12cc,@EAAwnofmIb|jbgAeHrKiB|DsBbDcDdDwOtKuSrMgHbGqAbBsAdGItGb@nGhDhLpE~PdBnHp@|HCjE{AfDmC|CsIrGeVhP_eA~r@s`@xY,<div><strong>Road 3257964</strong><br><span>Surface: unmetalled</span><br><span>Length: 0.60 km</span><br><span>Length rank: 330</span></div>
road_100122887,path,100122887,metalled,POWELLS ROAD,0.5913944392827669,331,36,#bb7f22cc,#bb7f22cc,@EAA}bekmI`yz_gA_wFggAqRsDg}Buc@,<div><strong>POWELLS ROAD</strong><br><span>Surface: metalled</span><br><span>Length: 0.59 km</span><br><span>Length rank: 331</span></div>
road_3257981,path,3257981,sealed,WEKA STREET,0.5908843909335578,332,36,#1464a5cc,#1464a5cc,@EAA_ylgmIrjmagAaOdBm]pEs{Bz\_KzAmaBdVcInA_mB|Y,<div><strong>WEKA STREET</strong><br><span>Surface: sealed</span><br><span>Length: 0.59 km</span><br><span>Length rank: 332</span></div>
road_7742044,path,7742044,sealed,THE MEADOWS DRIVE,0.5898822131413907,333,36,#1464a5cc,#1464a5cc,@EAAkdlfmItnc}fA_PoGsOcGoFwBaD}A_DmBiAoA_AaBo@cBWaCAgDEkSC_CMsA?Es@uAkAkAgBy@gCm@yBSwCBov@|BoKXcEJcCRqBj@yAx@uAxAs@bB[fFw@x]YvPGbBWxBc@lB}@pBkBrCq@r@uA|AqCdBaChAeAl@o@f@q@z@i@hAS`AQvA@|IZbZ,<div><strong>THE MEADOWS DRIVE</strong><br><span>Surface: sealed</span><br><span>Length: 0.59 km</span><br><span>Length rank: 333</span></div>
road_8326484,path,8326484,sealed,GREENHILL ROAD,0.5895142134918575,334,36,#1464a5cc,#1464a5cc,@EAAgsujmIbfr~fAgd@bm@}PdUwU~Yod@tm@c]zd@{QtV_OhRcO`PeNpLaKdIqM|E,<div><strong>GREENHILL ROAD</strong><br><span>Surface: sealed</span><br><span>Length: 0.59 km</span><br><span>Length rank: 334</span></div>
road_3258063,path,3258063,sealed,LONDON STREET,0.5894533887501344,335,36,#1464a5cc,#1464a5cc,@EAAgu|hmIhjgagA}hCwlA}l@_ZcWcLqfAci@sl@kYyIgE_Bu@,<div><strong>LONDON STREET</strong><br><span>Surface: sealed</span><br><span>Length: 0.59 km</span><br><span>Length rank: 335</span></div>
road_3258038,path,3258038,sealed,URLICH AVENUE,0.5880509687332209,336,36,#1464a5cc,#1464a5cc,@EAAkjkimIrkdcgA{E`@ka@fDcPtAma@hD{DDyCWkFs@aFsAwGoCwDiD_DiDwAgCePef@_@eB_@cDU_FQoGFsH^yBjJ{ZRcC@cCQgCu@}BsAcCwAuBo`Ast@,<div><strong>URLICH AVENUE</strong><br><span>Surface: sealed</span><br><span>Length: 0.59 km</span><br><span>Length rank: 336</span></div>
road_3258224,path,3258224,sealed,HOOKER AVENUE,0.5879341088355146,337,36,#1464a5cc,#1464a5cc,@EAAuplimIp`}~fAo[b`@qF~EuFrCgh@tS_KfDsCvC{c@bj@sB`UkAdEkCbEeGbGyK`F}HlD_C|BwAnCoAhHsA`O?jDdApF|CrOXdEEnDs@lS,<div><strong>HOOKER AVENUE</strong><br><span>Surface: sealed</span><br><span>Length: 0.59 km</span><br><span>Length rank: 337</span></div>
road_3258020,path,3258020,sealed,YVONNE STREET,0.5852145176761888,338,36,#1464a5cc,#1464a5cc,@EAA_a|hmIdvbcgApwA|s@h[bP~G|C~B~@bC^jDLdHw@|yBs]hcB_X,<div><strong>YVONNE STREET</strong><br><span>Surface: sealed</span><br><span>Length: 0.59 km</span><br><span>Length rank: 338</span></div>
road_3234575,path,3234575,sealed,SUNNYHILLS AVENUE,0.5850037983287228,339,36,#1464a5cc,#1464a5cc,@EAAk}`jmIlevcgAdnAi[HChPwEvI_BtEMvF^`Ex@pUnHbYnJbHxBrJvBpt@|HpInBnEfDfEjG`@xCVdUn@pHh@`DrIfRHpCEhCs@`GmA`F,<div><strong>SUNNYHILLS AVENUE</strong><br><span>Surface: sealed</span><br><span>Length: 0.59 km</span><br><span>Length rank: 339</span></div>
road_3258182,path,3258182,sealed,WAIRERE DRIVE,0.5846129049365443,340,36,#1464a5cc,#1464a5cc,@EAAytwgmIprq~fAiJuIgHwGyHiGi\yUoU{NwVwLoIuDaJ}DAAICi^{K}M_DeRcDsm@aIkh@uFcf@gEee@eD,<div><strong>WAIRERE DRIVE</strong><br><span>Surface: sealed</span><br><span>Length: 0.58 km</span><br><span>Length rank: 340</span></div>
road_7741582,path,7741582,sealed,,0.5825017234760156,341,36,#1464a5cc,#1464a5cc,@EAAywzdmIh_o|fA|@iBx@cBp@wA`@aB\yD?qLMcf@UaF]{Ee@_FkHq^iLgi@uG_Zkg@g~B,<div><strong>Road 7741582</strong><br><span>Surface: sealed</span><br><span>Length: 0.58 km</span><br><span>Length rank: 341</span></div>
road_7742021,path,7742021,sealed,TE KOWHAI ROAD,0.5805020936663776,342,36,#1464a5cc,#1464a5cc,@EAAwubemIp`p~fAnDiCbIqEfHsCfF{@|KwAjY{@ha@SZ?~mFVl^aBnXuD,<div><strong>TE KOWHAI ROAD</strong><br><span>Surface: sealed</span><br><span>Length: 0.58 km</span><br><span>Length rank: 342</span></div>
road_3258104,path,3258104,unmetalled,,0.5784456759256696,343,36,#734a12cc,#734a12cc,@EAAoxtkmInhaagA{BNkCFoBE_Cc@wCiAuz@wb@uyF_uC,<div><strong>Road 3258104</strong><br><span>Surface: unmetalled</span><br><span>Length: 0.58 km</span><br><span>Length rank: 343</span></div>
road_3258001,path,3258001,sealed,RUSSLEIGH DRIVE,0.5776996785336541,344,36,#1464a5cc,#1464a5cc,@EAAsgdgmIj{nagAfRxn@hF|Qb`@jtAzBxCxEpBzGr@dEa@lSgEzBiCRiDch@ukB,<div><strong>RUSSLEIGH DRIVE</strong><br><span>Surface: sealed</span><br><span>Length: 0.58 km</span><br><span>Length rank: 344</span></div>
road_3258023,path,3258023,sealed,TAWA STREET,0.5770350994877611,345,36,#1464a5cc,#1464a5cc,@EAAufxhmIdpybgAkFcDmT}MeVaOcTmMiEcB}Dy@wF]{x@JqHIoIwAcf@sJcKqCyCqAe`@yWmHcFqFiCmf@}QgB}Bc@uB`BcL`@eBj@iC,<div><strong>TAWA STREET</strong><br><span>Surface: sealed</span><br><span>Length: 0.58 km</span><br><span>Length rank: 345</span></div>
road_3258134,path,3258134,sealed,MITCHAM AVENUE,0.5763571454794989,346,36,#1464a5cc,#1464a5cc,@EAAqlngmIxxi`gAyGjCoHtAgY~BiGz@cFbBsl@fWa~@v`@]n@eAb@qBv@_WhKwG|CeFrEqD~Ey@nCy@xBsDxJwEfKcO~PqIrJ{^`b@,<div><strong>MITCHAM AVENUE</strong><br><span>Surface: sealed</span><br><span>Length: 0.58 km</span><br><span>Length rank: 346</span></div>
road_3234661,path,3234661,sealed,CLEMENTS CRESCENT,0.5760003858162543,347,36,#1464a5cc,#1464a5cc,@EAAmwhhmIhk|~fA_IiMkCiBcFeAw`A}Ps_@oGqCe@k_Cs`@aBYuTsDmEm@wGAyJ`@kK|AuF|A}FtCmFjD}EvFqDtHyAvF,<div><strong>CLEMENTS CRESCENT</strong><br><span>Surface: sealed</span><br><span>Length: 0.58 km</span><br><span>Length rank: 347</span></div>
road_3265108,path,3265108,sealed,PALMERSTON STREET,0.5755166655651412,348,36,#1464a5cc,#1464a5cc,@EAAietimIppyagArI|D`JdDbV~Gza@pLp@RrA^bJfClAZ|HzBhCt@f[zIpfAlZxDhA|n@vQfPvE`z@zUlGhBjCXlKx@,<div><strong>PALMERSTON STREET</strong><br><span>Surface: sealed</span><br><span>Length: 0.58 km</span><br><span>Length rank: 348</span></div>
road_3258231,path,3258231,sealed,HENDON ROAD,0.5740722384451462,349,36,#1464a5cc,#1464a5cc,@EAAku}jmInb_`gAlaBbZpuFfcArDd@tXhGtBjAt@lA,<div><strong>HENDON ROAD</strong><br><span>Surface: sealed</span><br><span>Length: 0.57 km</span><br><span>Length rank: 349</span></div>
road_3258108,path,3258108,sealed,HELENA ROAD,0.5738652357784435,350,36,#1464a5cc,#1464a5cc,@EAAgsbkmIpknagAcz@lVkMdIccCztAeOnIcIdHgC`FaAxBk@bDUzELfBd@fDbRhw@,<div><strong>HELENA ROAD</strong><br><span>Surface: sealed</span><br><span>Length: 0.57 km</span><br><span>Length rank: 350</span></div>
road_3258136,path,3258136,sealed,ODLIN CRESCENT,0.5738221470578001,351,36,#1464a5cc,#1464a5cc,@EAA_plfmIxze`gAzCrQ|@|Fn@fDdAfC|S`UfAfCRfCiAzBqEzCim@h\uQfL_T|RyGfJyJfP{H|NoFpIiChDsGnIsMxOe`@ba@,<div><strong>ODLIN CRESCENT</strong><br><span>Surface: sealed</span><br><span>Length: 0.57 km</span><br><span>Length rank: 351</span></div>
road_3257982,path,3257982,sealed,RANUI STREET,0.5717815474200691,352,36,#1464a5cc,#1464a5cc,@EAAepggmIfi`agAeb@hVuG|DeEtCaBlBaAtBk@tCFjBZnBx@bC|A|Bt[tZjp@`}@hKdKdk@th@lCpCnCtExObm@,<div><strong>RANUI STREET</strong><br><span>Surface: sealed</span><br><span>Length: 0.57 km</span><br><span>Length rank: 352</span></div>
road_3258185,path,3258185,sealed,DIOMEDE GLADE,0.5717072228454678,353,36,#1464a5cc,#1464a5cc,@EAAe|tgmI|ct}fA?`Br@jChClDrHjEtJdE|HbCzGbAfFBrDc@xFoBfJgFdK{CxGe@|G@JaArAyJrAyFv@}BtBiDdDeFrA}C^iC_@yDwBoEgEsFuLqJaHcFyEaCaCy@iEWgGfA_EtBgFfE{ClDaCtE}BpDkFhHqEpEqExEmH~EcIdIkAzCA`C,<div><strong>DIOMEDE GLADE</strong><br><span>Surface: sealed</span><br><span>Length: 0.57 km</span><br><span>Length rank: 353</span></div>
road_6064039,path,6064039,sealed,ROGER KAUI PLACE,0.5714822925141365,354,36,#1464a5cc,#1464a5cc,@EAAkjqemIjvv~fAbMtDtFtBdK`BlGDtGk@hWoDhp@cLnh@}JhLqChJeD|XoNnlBgkAvEyBpM{A,<div><strong>ROGER KAUI PLACE</strong><br><span>Surface: sealed</span><br><span>Length: 0.57 km</span><br><span>Length rank: 354</span></div>
road_3234649,path,3234649,sealed,NORTHOLT ROAD,0.5701447496017069,355,36,#1464a5cc,#1464a5cc,@EAAcmrjmIv|c`gAeAPyADeEm@crJaeB,<div><strong>NORTHOLT ROAD</strong><br><span>Surface: sealed</span><br><span>Length: 0.57 km</span><br><span>Length rank: 355</span></div>
road_3283118,path,3283118,sealed,NORRIE STREET,0.5670161182296296,356,36,#1464a5cc,#1464a5cc,@EAAclgjmIbg{bgAxFEvDi@fDsAjCeBhEyEtKeOlBaE?kIcDuGoDkCe{Ako@o\bd@}@hDWjCThCz@lCtArBbB~AfdAdj@tD|@`EZ,<div><strong>NORRIE STREET</strong><br><span>Surface: sealed</span><br><span>Length: 0.57 km</span><br><span>Length rank: 356</span></div>
road_3283437,path,3283437,sealed,SIRIUS CRESCENT,0.5664756684432781,357,36,#1464a5cc,#1464a5cc,@EAA_enhmIbkm}fA_Cl@aj@nFuRjBw_@fCkRt@gL^wNf@{CCqDi@gEsAcCcC{B_DgGwKuCuDeD{CwAyAqA_Ca@oBJoAn@_DrBwBbEcC~IgB`a@uGtEy@fRkEtFuBxD}CbFiJzCgGbJwQ,<div><strong>SIRIUS CRESCENT</strong><br><span>Surface: sealed</span><br><span>Length: 0.57 km</span><br><span>Length rank: 357</span></div>
road_3258132,path,3258132,sealed,SUNNYSIDE ROAD,0.5646829541759155,358,36,#1464a5cc,#1464a5cc,@EAAawzfmI`ml`gA|FvCj`B~x@be@`VjXlMjXpHjIfDhS`K~d@tU`|@lc@,<div><strong>SUNNYSIDE ROAD</strong><br><span>Surface: sealed</span><br><span>Length: 0.56 km</span><br><span>Length rank: 358</span></div>
road_3234593,path,3234593,sealed,THACKERAY STREET,0.5637430872935119,359,36,#1464a5cc,#1464a5cc,@EAAwnmimIznragAnEjHhClBpC`A|GdBdR`FlqAz^xExBhMxInIm@tBPlCh@dKhDvF~AxA`@rIbCr`AfX`TbG`SrFdOrEtPhE`EbArCh@,<div><strong>THACKERAY STREET</strong><br><span>Surface: sealed</span><br><span>Length: 0.56 km</span><br><span>Length rank: 359</span></div>
road_3258241,path,3258241,sealed,PULHAM CRESCENT,0.5635873167795701,360,36,#1464a5cc,#1464a5cc,@EAAwzshmIn|z~fAaOtd@[jBExAT~A|@rBbBzAvCdB`RjDliAfRplB`\nF\pGNzHe@xH}A|u@{YpD}A,<div><strong>PULHAM CRESCENT</strong><br><span>Surface: sealed</span><br><span>Length: 0.56 km</span><br><span>Length rank: 360</span></div>
road_3258037,path,3258037,sealed,TOMIN ROAD,0.5624199977278362,361,36,#1464a5cc,#1464a5cc,@EAAwhuimIdxccgAbAnBpAnBv_@nYtl@`d@pDlBtmBzq@tIrDtBhAlE~CxnAfaA,<div><strong>TOMIN ROAD</strong><br><span>Surface: sealed</span><br><span>Length: 0.56 km</span><br><span>Length rank: 361</span></div>
road_3252585,path,3252585,sealed,EDINBURGH ROAD,0.5620000304244364,362,36,#1464a5cc,#1464a5cc,@EAAynckmIn}wagAec@qLoSmFuHuBsHiDqI{Daf@}YsEiCiE_BcGuBoGyAgGs@{Ha@uQF_s@rJguB`[,<div><strong>EDINBURGH ROAD</strong><br><span>Surface: sealed</span><br><span>Length: 0.56 km</span><br><span>Length rank: 362</span></div>
road_3265111,path,3265111,sealed,TE WETINI DRIVE,0.5608946031256137,363,36,#1464a5cc,#1464a5cc,@EAAkfcfmI`zk_gA`b@pLbDfA|HjCx\xPv`@|XlYd\pRl_@`i@diAjLtOxH|GfRzJ,<div><strong>TE WETINI DRIVE</strong><br><span>Surface: sealed</span><br><span>Length: 0.56 km</span><br><span>Length rank: 363</span></div>
road_3258245,path,3258245,sealed,STONELEIGH DRIVE,0.5599607887839583,364,36,#1464a5cc,#1464a5cc,@EAAuw~imI|ez~fAlK|AfEj@zCRvCIrHk@pG}ArCQhEKlc@jEzBh@~AfB`@lBcGb_@yB~MsCjI{CtH[h@aCpEgGnNuGf[gI~ReCxEoCvE{MfOuA`Bu@jAo@`BIzADpCnG|ItBvCfF~Ep@l@,<div><strong>STONELEIGH DRIVE</strong><br><span>Surface: sealed</span><br><span>Length: 0.56 km</span><br><span>Length rank: 364</span></div>
road_3234587,path,3234587,sealed,HILLSBOROUGH TERRACE,0.5588169167470578,365,36,#1464a5cc,#1464a5cc,@EAA}myimIx~wagApApJxGrf@|@fH`ApElBbHhBrEdCdGtFzIxZbe@tPdVlNbSvG~HlAxAfJ~H~KtHhHdExIhEzRnIfK~EvHjDpJdC,<div><strong>HILLSBOROUGH TERRACE</strong><br><span>Surface: sealed</span><br><span>Length: 0.56 km</span><br><span>Length rank: 365</span></div>
road_7742043,path,7742043,sealed,HELEN JUNE AVENUE,0.558104475298248,366,36,#1464a5cc,#1464a5cc,@EAAw}lfmIp`f}fAjH{@xEmAfHwCfEuCnGsExOqKfQuMtCwDfC_CxNySbF_GzAi@vCKpCPfCn@`NdGdd@dSlDbBhBjA|@hAp@nBv@tIzEbd@CbBk@hAyAfAeBv@_~@lG,<div><strong>HELEN JUNE AVENUE</strong><br><span>Surface: sealed</span><br><span>Length: 0.56 km</span><br><span>Length rank: 366</span></div>
road_3258107,path,3258107,sealed,KAKANUI AVENUE,0.5574544805605697,367,36,#1464a5cc,#1464a5cc,@EAAm}dkmIvx{agAsMb@{Fh@kgApK_JF{Hs@eHgBuG}BgCwCcEwFkt@swD,<div><strong>KAKANUI AVENUE</strong><br><span>Surface: sealed</span><br><span>Length: 0.56 km</span><br><span>Length rank: 367</span></div>
road_3283086,path,3283086,sealed,RESTHILL CRESCENT,0.5563316134798726,368,36,#1464a5cc,#1464a5cc,@EAAcktimIj`pcgAlRxj@\jAWhBi@vAiBpA}_@nHoEpAoqBtp@yG~A_DMsC}@y\kj@e]gm@,<div><strong>RESTHILL CRESCENT</strong><br><span>Surface: sealed</span><br><span>Length: 0.56 km</span><br><span>Length rank: 368</span></div>
road_3265106,path,3265106,sealed,HIGH STREET,0.5560270810060245,369,36,#1464a5cc,#1464a5cc,@EAAklbhmIlbiagA^~AZrBQxBw@lAgj@jg@kKdJABsIrKwsB`wAe]xViUrLqPr@uJsB_GuD,<div><strong>HIGH STREET</strong><br><span>Surface: sealed</span><br><span>Length: 0.56 km</span><br><span>Length rank: 369</span></div>
road_3234555,path,3234555,sealed,DERBY STREET,0.5549567488687783,370,36,#1464a5cc,#1464a5cc,@EAAqwgfmIvg~`gAau@i_@k_CykA{UuLalBg`A,<div><strong>DERBY STREET</strong><br><span>Surface: sealed</span><br><span>Length: 0.55 km</span><br><span>Length rank: 370</span></div>
road_3258115,path,3258115,sealed,RUAKURA LANE,0.5527815079259696,371,35,#1464a5cc,#1464a5cc,@EAAayckmIl~|`gAJgAb[ucDlBiUbDyXfAwTbDit@v@yQ,<div><strong>RUAKURA LANE</strong><br><span>Surface: sealed</span><br><span>Length: 0.55 km</span><br><span>Length rank: 371</span></div>
road_3258007,path,3258007,sealed,WAIMARIE STREET,0.5515724703537717,372,35,#1464a5cc,#1464a5cc,@EAAwldgmIzfcagA`uCchBpeCe~AbGwD,<div><strong>WAIMARIE STREET</strong><br><span>Surface: sealed</span><br><span>Length: 0.55 km</span><br><span>Length rank: 372</span></div>
road_3265110,path,3265110,sealed,SEDDON ROAD,0.5495832777274465,373,35,#1464a5cc,#1464a5cc,@EAAw}}hmI`mnagAfD_@lD_A|DqBx\w^lSwV`CkCvB_C|AaBn@u@pmAkuAdjAisA,<div><strong>SEDDON ROAD</strong><br><span>Surface: sealed</span><br><span>Length: 0.55 km</span><br><span>Length rank: 373</span></div>
road_3258183,path,3258183,sealed,ADMIRAL CRESCENT,0.5488539485686911,374,35,#1464a5cc,#1464a5cc,@EAAsyvgmIxf~}fAmC^mJ`AsTnFmJfCcIbHkExE}CpEcD`Gg@zA_CfHcBxCgQfReErFqCbE}AxBgAzAmB`DiApCWzCKbENxHMtBC~JUjF}AjK}@tCaCxHcFxJeDjHX|Eb@nDlApC`EfFbGpDhVvL,<div><strong>ADMIRAL CRESCENT</strong><br><span>Surface: sealed</span><br><span>Length: 0.55 km</span><br><span>Length rank: 374</span></div>
road_3258071,path,3258071,sealed,PLUNKET TERRACE,0.5485255025220508,375,35,#1464a5cc,#1464a5cc,@EAAeo~imIr`ibgA`Bs@zBu@pAi@tl@au@nFcGpQy[nd@_lA`k@wzAfD}I,<div><strong>PLUNKET TERRACE</strong><br><span>Surface: sealed</span><br><span>Length: 0.55 km</span><br><span>Length rank: 375</span></div>
road_6082139,path,6082139,sealed,KAWARIKI DRIVE,0.5480696222282682,376,35,#1464a5cc,#1464a5cc,@EAAsivemInrf`gAmw@cTqKiGwJmJcEsJ_CcNGud@AgRcCuN}C}PqAsJsI}QyGeIaRqTwJkKgIuG_FiFkAuB,<div><strong>KAWARIKI DRIVE</strong><br><span>Surface: sealed</span><br><span>Length: 0.55 km</span><br><span>Length rank: 376</span></div>
road_3258219,path,3258219,sealed,CARRS ROAD,0.5472998674061417,377,35,#1464a5cc,#1464a5cc,@EAAc~hjmI|xl_gAgAaBsC{BeBeAoDeAaIwAaFs@uFy@iEgAmEW}AIyDq@ex@}McRgBwAMmP}A}sA{Uai@aOwEsAq~@u\,<div><strong>CARRS ROAD</strong><br><span>Surface: sealed</span><br><span>Length: 0.55 km</span><br><span>Length rank: 377</span></div>
road_3258094,path,3258094,sealed,GILLIES AVENUE,0.5443291757652853,378,35,#1464a5cc,#1464a5cc,@EAAmmgjmI~wu`gAdAjaAfqBbd@~NrAz`DbL,<div><strong>GILLIES AVENUE</strong><br><span>Surface: sealed</span><br><span>Length: 0.54 km</span><br><span>Length rank: 378</span></div>
road_3258117,path,3258117,sealed,SHERIDAN STREET,0.5441840028476803,379,35,#1464a5cc,#1464a5cc,@EAAqwblmI~hoagAlb@yb@d@{@XiAAoAUcAe@{@iAs@weEquBkDsAsDu@sE]aDC_CN{BXo[zG,<div><strong>SHERIDAN STREET</strong><br><span>Surface: sealed</span><br><span>Length: 0.54 km</span><br><span>Length rank: 379</span></div>
road_3258053,path,3258053,sealed,RAWLINGS STREET,0.5441450231503,380,35,#1464a5cc,#1464a5cc,@EAAywuimIv_ubgAejBd@eL|AwGpCkMnKm@|As@nCbBhJhH~Flb@n\vt@nk@bl@ne@,<div><strong>RAWLINGS STREET</strong><br><span>Surface: sealed</span><br><span>Length: 0.54 km</span><br><span>Length rank: 380</span></div>
road_3258079,path,3258079,sealed,MEMORIAL DRIVE,0.5438102101672049,381,35,#1464a5cc,#1464a5cc,@EAAalvimIlphagAu`D~tG,<div><strong>MEMORIAL DRIVE</strong><br><span>Surface: sealed</span><br><span>Length: 0.54 km</span><br><span>Length rank: 381</span></div>
road_3283268,path,3283268,sealed,TUPELO STREET,0.5424172590111721,382,35,#1464a5cc,#1464a5cc,@EAAmcofmIbob~fA|YnGlXfG`B`Aj@z@l@fBDvB]|AeJzUSfAQfBVjBlAvBxC~CjWpT|GjFxR`QhNrHnJrCzJzBhHp@jGTjc@BpMhAlMhCrK~DpKvEnJzD,<div><strong>TUPELO STREET</strong><br><span>Surface: sealed</span><br><span>Length: 0.54 km</span><br><span>Length rank: 382</span></div>
road_6063767,path,6063767,sealed,TUI AVENUE,0.5405883741988105,383,35,#1464a5cc,#1464a5cc,@EAAaulgmInlz`gAjB}AhOaLhV_YlK}Pvu@g}Ap_A}qB,<div><strong>TUI AVENUE</strong><br><span>Surface: sealed</span><br><span>Length: 0.54 km</span><br><span>Length rank: 383</span></div>
road_7742406,path,7742406,sealed,PROBERT CRESCENT,0.5395917038769223,384,35,#1464a5cc,#1464a5cc,@EAAcmjjmIh}j_gAnc@pGlEL~Dg@fBqBdBaGhXecAdWc|@XaF]_DaDyAcd@aHwj@sIqIsAeC_@_VqD,<div><strong>PROBERT CRESCENT</strong><br><span>Surface: sealed</span><br><span>Length: 0.54 km</span><br><span>Length rank: 384</span></div>
road_3258102,path,3258102,sealed,SOUTHSEA CRESCENT,0.5376931802585779,385,35,#1464a5cc,#1464a5cc,@EAAw_nlmIb_lagA`B|CtGdNhCpDtBlB|CvBbErBjDrAzPpIvc@hSdC|A~B|BdDhE`HnJdHdJhFvEzEhDdI~ExHjDnKzDdZzKpD~@tDj@fE\fDLvDE~DWrFWvFIdEVjCj@jEvAjZ`P,<div><strong>SOUTHSEA CRESCENT</strong><br><span>Surface: sealed</span><br><span>Length: 0.54 km</span><br><span>Length rank: 385</span></div>
road_3258170,path,3258170,sealed,CAVERSHAM DRIVE,0.5372755912800042,386,35,#1464a5cc,#1464a5cc,@EAAylghmInxe~fAjHaVnDiLdFmMhF{JjHqMnCyGhBmG`BuFrAoIj@wG@kG]uGcAeF_BeGsAcGo@wG?yFx@sHtAgG\cA`C_HzCoKnCmKrG_Wn@gDl@wDdBwU,<div><strong>CAVERSHAM DRIVE</strong><br><span>Surface: sealed</span><br><span>Length: 0.54 km</span><br><span>Length rank: 386</span></div>
road_3283373,path,3283373,sealed,PAUL CRESCENT,0.5372437226653473,387,35,#1464a5cc,#1464a5cc,@EAAg~qimIx{e`gAf^_RrCiCzCmD~A}Chd@{`Ah@gDK}Cw@oCiB_Bqa@_RkEc@gDVsEl@{C|AaDnCut@x|A,<div><strong>PAUL CRESCENT</strong><br><span>Surface: sealed</span><br><span>Length: 0.54 km</span><br><span>Length rank: 387</span></div>
road_3258222,path,3258222,sealed,RUTHERFORD STREET,0.5372424990478064,388,35,#1464a5cc,#1464a5cc,@EAAgvkimIh|e_gAn[qk@lk@afApe@oz@lKyPxbAuv@jFaE,<div><strong>RUTHERFORD STREET</strong><br><span>Surface: sealed</span><br><span>Length: 0.54 km</span><br><span>Length rank: 388</span></div>
road_3258012,path,3258012,sealed,CHURCHILL AVENUE,0.5366461695568074,389,35,#1464a5cc,#1464a5cc,@EAAk~}gmIjsw`gAqKx@wRdBiIb@kAFuGHqG_@iIeAwH{BwEoBiSmI{G}BaE_AyF{@aO_@qRpA_LpBmIrBqK~EwD|C{BnC_CfE_A|Ci@pCMnClDt`@_@lFO^{BpFa@~@uO`\g@pD`ArC,<div><strong>CHURCHILL AVENUE</strong><br><span>Surface: sealed</span><br><span>Length: 0.54 km</span><br><span>Length rank: 389</span></div>
road_3258021,path,3258021,sealed,PRISK STREET,0.5366048865542725,390,35,#1464a5cc,#1464a5cc,@EAAu~yhmIn_~bgAyP~p@yQvs@s@jCyDtNcB|EiAfB{NtO]^ib@fc@kDbCqEtGse@bh@iAnB}AfCqClHkBvG,<div><strong>PRISK STREET</strong><br><span>Surface: sealed</span><br><span>Length: 0.54 km</span><br><span>Length rank: 390</span></div>
road_8326481,path,8326481,sealed,GREENHILL ROAD,0.5364942830750514,391,35,#1464a5cc,#1464a5cc,@EAAmx}jmIpe{~fAw@jAAdAfBlNF`PeAjLyEvRsIpV_FtNiXxt@_y@~yB,<div><strong>GREENHILL ROAD</strong><br><span>Surface: sealed</span><br><span>Length: 0.54 km</span><br><span>Length rank: 391</span></div>
road_7742017,path,7742017,sealed,LADEIRA PLACE,0.5320915850562105,392,35,#1464a5cc,#1464a5cc,@EAA_anjmIxplcgAKyE{@wCiBgCyQoN_Ew@cFCcG^oIhAyA^gEnBg`@`YqJvGs@r@q@fBk@pDm@zC_A~As@zAwBtByF`DcB~@}DbBw@f@eR`KuJjFgN|Ieh@r\qN`J_LdI{E~D,<div><strong>LADEIRA PLACE</strong><br><span>Surface: sealed</span><br><span>Length: 0.53 km</span><br><span>Length rank: 392</span></div>
road_3257973,path,3257973,sealed,TWICKENHAM PLACE,0.5320493841485424,393,35,#1464a5cc,#1464a5cc,@EAA_w_fmInev`gA}CnPg@tFOnFZ`Fp@dHxC|FxCfKm@rEiDtFiE`FcGnFqBrCaAzEb@pDvA`D`EnCrQjHhIxD|DbCrRtNfKhFjLbF~JjEt[`P|NpIv@d@~IhF~MrE,<div><strong>TWICKENHAM PLACE</strong><br><span>Surface: sealed</span><br><span>Length: 0.53 km</span><br><span>Length rank: 393</span></div>
road_6064274,path,6064274,sealed,ROY HILTON DRIVE,0.5316034822150566,394,35,#1464a5cc,#1464a5cc,@EAAqzhfmI`ai}fAmAxE_BnHeBfE}CtEoDvFoBtDaB~Ck@nBmApEi@xCsAdDqAtC_HpJwE~BeDnAqEd@iF^oEGaIu@}GqAmBo@cDoB_HyFmBuAiNqIk\yQ_MaEuc@wQcYgL}HuDeBwAgGyE,<div><strong>ROY HILTON DRIVE</strong><br><span>Surface: sealed</span><br><span>Length: 0.53 km</span><br><span>Length rank: 394</span></div>
road_3258131,path,3258131,sealed,WALL STREET,0.5310544258197951,395,35,#1464a5cc,#1464a5cc,@EAAkp~fmIrzu`gAbr@is@dq@ku@l`AscAzz@o~@,<div><strong>WALL STREET</strong><br><span>Surface: sealed</span><br><span>Length: 0.53 km</span><br><span>Length rank: 395</span></div>
road_3258152,path,3258152,sealed,BRAID ROAD,0.529908973850106,396,35,#1464a5cc,#1464a5cc,@EAAugdhmI|~j_gA[tDCd@KjCwAjRcAnL[nGEfCx@fC|A~BfDzBdL~FxlApj@~f@xUhWdLtkA~j@,<div><strong>BRAID ROAD</strong><br><span>Surface: sealed</span><br><span>Length: 0.53 km</span><br><span>Length rank: 396</span></div>
road_3258103,path,3258103,sealed,MAY STREET,0.5284460848650314,397,35,#1464a5cc,#1464a5cc,@EAAc~fkmI|ydagAlUab@pAyFbA{N|AkCbCmBhBiAtDk@tCWlCLtl@dI~^vFhFbA~I|BjNfEbjC~_@,<div><strong>MAY STREET</strong><br><span>Surface: sealed</span><br><span>Length: 0.53 km</span><br><span>Length rank: 397</span></div>
road_3258032,path,3258032,sealed,HIBISCUS AVENUE,0.5273604293715474,398,35,#1464a5cc,#1464a5cc,@EAA}bvhmI~nnbgAqI?es@?iA?cKLih@r@iEFeFFgj@KoEsAsd@kZyn@g`@_f@{ZyPkL,<div><strong>HIBISCUS AVENUE</strong><br><span>Surface: sealed</span><br><span>Length: 0.53 km</span><br><span>Length rank: 398</span></div>
road_3258024,path,3258024,sealed,LORNE STREET,0.5263845211819042,399,35,#1464a5cc,#1464a5cc,@EAAgkgimIz~rbgA_VwDeYwCw_@}EuFs@}tBwWuH_AyK_AqK_AmJUuMLmo@rAa]|@{Pb@,<div><strong>LORNE STREET</strong><br><span>Surface: sealed</span><br><span>Length: 0.53 km</span><br><span>Length rank: 399</span></div>
road_7742408,path,7742408,sealed,LULU AVENUE,0.5253015354963142,400,35,#1464a5cc,#1464a5cc,@EAAqgnjmInf}~fAnFwA`ACt@FjATbKlBpV|DnAXh@RZPRRLVDT?\uHhVW`DtC`ClKrBtFz@tVtDbC^z[nFZDbYpEbr@vKx\lFvSbDza@rGtBXhBTdALdACbAMNE,<div><strong>LULU AVENUE</strong><br><span>Surface: sealed</span><br><span>Length: 0.53 km</span><br><span>Length rank: 400</span></div>
road_3257983,path,3257983,sealed,RATA STREET,0.5240752330073012,401,35,#1464a5cc,#1464a5cc,@EAAu~ogmInfx`gA_sEl}AowApf@uLdGiFjD,<div><strong>RATA STREET</strong><br><span>Surface: sealed</span><br><span>Length: 0.52 km</span><br><span>Length rank: 401</span></div>
road_3258199,path,3258199,sealed,DONNY AVENUE,0.5233476658553063,402,35,#1464a5cc,#1464a5cc,@EAAocxhmIdwp_gA~XrEx]pEtHfBhIrBrFjCn\pPl_Bty@dDrAhFl@lRfApi@pFhf@~E`DR,<div><strong>DONNY AVENUE</strong><br><span>Surface: sealed</span><br><span>Length: 0.52 km</span><br><span>Length rank: 402</span></div>
road_3258311,path,3258311,sealed,HECTOR DRIVE,0.5229767099822739,403,35,#1464a5cc,#1464a5cc,@EAAezlhmIpak}fAzAuE`BwH~CkQVwEPaHgA_Iy@kDw@mCqFsPgAeDaJuXca@wnAyOwb@y@yByIwUoEqIiEyE,<div><strong>HECTOR DRIVE</strong><br><span>Surface: sealed</span><br><span>Length: 0.52 km</span><br><span>Length rank: 403</span></div>
road_3258014,path,3258014,sealed,VERNALL STREET,0.5200942372234452,404,35,#1464a5cc,#1464a5cc,@EAAiu`gmIzqt`gA_hAtlAmSn^}\`c@}ElG[vCThBx@hBpo@|YrADtAO|OoGb]aN,<div><strong>VERNALL STREET</strong><br><span>Surface: sealed</span><br><span>Length: 0.52 km</span><br><span>Length rank: 404</span></div>
road_3258009,path,3258009,sealed,MATAI STREET,0.5186932730504051,405,35,#1464a5cc,#1464a5cc,@EAA{l}gmIj|y`gAdx@_X|tA}e@vpD_nA,<div><strong>MATAI STREET</strong><br><span>Surface: sealed</span><br><span>Length: 0.52 km</span><br><span>Length rank: 405</span></div>
road_3234644,path,3234644,sealed,KENNEY CRESCENT,0.5172373158380532,406,35,#1464a5cc,#1464a5cc,@EAAmdrimIjs{_gAo^x|AuBla@gAtSmBhJcChIil@rlA{Ip\,<div><strong>KENNEY CRESCENT</strong><br><span>Surface: sealed</span><br><span>Length: 0.52 km</span><br><span>Length rank: 406</span></div>
road_3258304,path,3258304,sealed,,0.516418972112465,407,35,#1464a5cc,#1464a5cc,@EAAszvdmItfo|fAo@lAi@dAcAxAs@zAaBvFiEbNoAbEgA|EeAhGu@bGgBpQ}Ebp@{@zO}AxTuHnv@aOl{@,<div><strong>Road 3258304</strong><br><span>Surface: sealed</span><br><span>Length: 0.52 km</span><br><span>Length rank: 407</span></div>
road_3257956,path,3257956,sealed,COWLEY DRIVE,0.5163736952428184,408,35,#1464a5cc,#1464a5cc,@EAAu`temIvbkcgAqUZsRbAyxA|K_Uj@uMeCsH{EyXid@mHsJgLwHoNgFoRgE{HcB_Dm@eQgD}CYuEa@wE],<div><strong>COWLEY DRIVE</strong><br><span>Surface: sealed</span><br><span>Length: 0.52 km</span><br><span>Length rank: 408</span></div>
road_3258161,path,3258161,sealed,BALMERINO CRESCENT,0.5156640134108142,409,35,#1464a5cc,#1464a5cc,@EAAm{jfmI|nk~fAxJuCfCmA~ByAbD{Cp}@m|@|g@un@jl@au@|F_I`B}Dh@qCIoC[aB]yAs@yAmAyAgBgBmOeM,<div><strong>BALMERINO CRESCENT</strong><br><span>Surface: sealed</span><br><span>Length: 0.52 km</span><br><span>Length rank: 409</span></div>
road_3258019,path,3258019,sealed,RHONDA AVENUE,0.5156336277880436,410,35,#1464a5cc,#1464a5cc,@EAAuovhmIvnjcgAyX~g@kZnj@iKlRmI`IaJlEo^dNkM|JcE`FuAfCiH`]iMlq@iAfG,<div><strong>RHONDA AVENUE</strong><br><span>Surface: sealed</span><br><span>Length: 0.52 km</span><br><span>Length rank: 410</span></div>
road_3258070,path,3258070,sealed,HORNE STREET,0.5151506146747353,411,35,#1464a5cc,#1464a5cc,@EAAorjimI|sibgAHoGzBwdBaCiEs^oc@qAkCu@kEsCuc@kAkEmG{GqEyBmFw@gEIkh@dB{EKyFm@,<div><strong>HORNE STREET</strong><br><span>Surface: sealed</span><br><span>Length: 0.52 km</span><br><span>Length rank: 411</span></div>
road_3283351,path,3283351,sealed,WORDSWORTH CRESCENT,0.5141916377802296,412,35,#1464a5cc,#1464a5cc,@EAAmcgjmIhf``gAqTnp@{AxEi@zKC~HtArKvDnL`JxOhNrKvPjIxmAzUpg@pJx\pG,<div><strong>WORDSWORTH CRESCENT</strong><br><span>Surface: sealed</span><br><span>Length: 0.51 km</span><br><span>Length rank: 412</span></div>
road_3257974,path,3257974,sealed,WESTERN HEIGHTS DRIVE,0.5141144877558513,413,35,#1464a5cc,#1464a5cc,@EAAyxofmInrmagAvd@eEzLgDvUqNhi@o_@~PmJpY}KlSuEhQsB~Tu@lS\hS`Bbf@|JzRrE,<div><strong>WESTERN HEIGHTS DRIVE</strong><br><span>Surface: sealed</span><br><span>Length: 0.51 km</span><br><span>Length rank: 413</span></div>
road_3282993,path,3282993,unmetalled,,0.5136340599314966,414,35,#734a12cc,#734a12cc,@EAA{aeemIpxacgAaBaDaDeDuC_C_EkBwKyCgHq@wFi@iGAmFh@csAhWmHdAwIjBkD~AkAbD{AxSiItoAo@hDgBtBiElC}IhE,<div><strong>Road 3282993</strong><br><span>Surface: unmetalled</span><br><span>Length: 0.51 km</span><br><span>Length rank: 414</span></div>
road_3258218,path,3258218,sealed,HALBERG CRESCENT,0.5132554390095371,415,35,#1464a5cc,#1464a5cc,@EAAytbjmIhoq_gAkd@lUeExC_ErE{\zaAD`Bz@fAzB|@lu@vMjQrDh^zGjDTfCg@xCaBnIsI|Za^`BkB,<div><strong>HALBERG CRESCENT</strong><br><span>Surface: sealed</span><br><span>Length: 0.51 km</span><br><span>Length rank: 415</span></div>
road_7742385,path,7742385,sealed,STAN HEATHER DRIVE,0.5126143033613967,416,35,#1464a5cc,#1464a5cc,@EAA__fimIljncgA|DoBvGwAfFcB`DeAxC}AxAkA~@qAn@gCFkIWmAs@y@mAg@qBYsGg@{CE}Fh@qFd@iDRcHLyA?kD@{LUyQBoJPiHQcFLwBj@kEjCyB`CcBlEUpB?dBz@bCxAnAhCx@xBr@lMtFbDnBlElEbEtF~BlCb@rAxEKfE[pG}AhHeD|D_C~C_D`GwG,<div><strong>STAN HEATHER DRIVE</strong><br><span>Surface: sealed</span><br><span>Length: 0.51 km</span><br><span>Length rank: 416</span></div>
road_8326480,path,8326480,sealed,PARDOA BOULEVARD,0.5121606369260344,417,35,#1464a5cc,#1464a5cc,@EAAudakmIxcd_gA|xA{mBvEiGb{@{aA~e@{f@vC{B~EgBhAa@,<div><strong>PARDOA BOULEVARD</strong><br><span>Surface: sealed</span><br><span>Length: 0.51 km</span><br><span>Length rank: 417</span></div>
road_7741584,path,7741584,sealed,KESTON CRESCENT,0.5112105211997563,418,35,#1464a5cc,#1464a5cc,@EAAe~{fmInwo}fA{BiWmCs[_A{Ge@qD`AiOPqCN{Bc@aD}@oBgA}ByHmFiE_CkEaCyBkA{QgTa@i@wJaMiAuBwB_HcCqHeE}KuDiHsMoOsCkH]qCa@gDP{Ih@sI,<div><strong>KESTON CRESCENT</strong><br><span>Surface: sealed</span><br><span>Length: 0.51 km</span><br><span>Length rank: 418</span></div>
road_3265117,path,3265117,sealed,MCKEE STREET,0.5096608705501016,419,35,#1464a5cc,#1464a5cc,@EAAwgoemInfu}fAsTkCgu@eKqk@gIoCWqDLw@BsCf@oCz@_DbBaE`EmCpDgq@zy@_e@hj@{FpLqClJ,<div><strong>MCKEE STREET</strong><br><span>Surface: sealed</span><br><span>Length: 0.51 km</span><br><span>Length rank: 419</span></div>
road_7742032,path,7742032,sealed,MEACHEM ROAD,0.5089871404651933,420,34,#1464a5cc,#1464a5cc,@EAAsxbjmIjs~~fAm_@yFoq@uKgg@cIyIuAce@mHsKeBiV_E{AUkVuDua@yG{XqEeK`]m@bBmC`D,<div><strong>MEACHEM ROAD</strong><br><span>Surface: sealed</span><br><span>Length: 0.51 km</span><br><span>Length rank: 420</span></div>
road_3258206,path,3258206,sealed,WYMER TERRACE,0.5075552146276439,421,34,#1464a5cc,#1464a5cc,@EAAk}shmInci_gAq@bToAde@y@tWXlCXz@j@~@~@`AjDnB~ErBpHzC|Cj@hBLzB?~AOlBg@zC{@lZaKtK{DbFmBbEsBhEaCjDyBtCwBbNuLdF}CbFsBrFiArHkAxWeCnGYJArIo@,<div><strong>WYMER TERRACE</strong><br><span>Surface: sealed</span><br><span>Length: 0.51 km</span><br><span>Length rank: 421</span></div>
road_3257993,path,3257993,sealed,BLOMFIELD STREET,0.5068458638267386,422,34,#1464a5cc,#1464a5cc,@EAAa|lfmIt}iagAyb@ei@gb@{f@eg@q_@sLgIyFiCyC}@aJwCiGkAkPwCi[cG}Gy@sGe@kHWeI@mb@^,<div><strong>BLOMFIELD STREET</strong><br><span>Surface: sealed</span><br><span>Length: 0.51 km</span><br><span>Length rank: 422</span></div>
road_3265112,path,3265112,sealed,NORTHWAY STREET,0.5067718307679919,423,34,#1464a5cc,#1464a5cc,@EAAaq~fmIpwj_gAlyBvmA~{CtcB,<div><strong>NORTHWAY STREET</strong><br><span>Surface: sealed</span><br><span>Length: 0.51 km</span><br><span>Length rank: 423</span></div>
road_6063784,path,6063784,sealed,MINOGUE DRIVE,0.5055920682969287,424,34,#1464a5cc,#1464a5cc,@EAAqsfgmIdli`gAiSgEyDkA{j@_VeAqBiCIsBIkYwLkSuJuB{@cOkc@}@mCOmDJcBd@mDv@eKzBu`@B_D]aFOcCb@iVCuDe@iCs@mC_AsB,<div><strong>MINOGUE DRIVE</strong><br><span>Surface: sealed</span><br><span>Length: 0.51 km</span><br><span>Length rank: 424</span></div>
road_3258041,path,3258041,sealed,BEATTY STREET,0.5034600230154785,425,34,#1464a5cc,#1464a5cc,@EAAegsimI`qtbgAxi@xB|HDhPy@dK{ApJC|Gb@zF~@fr@zRnInArLXb_@oB|HFjIZ|JbB`wAla@,<div><strong>BEATTY STREET</strong><br><span>Surface: sealed</span><br><span>Length: 0.50 km</span><br><span>Length rank: 425</span></div>
road_7742407,path,7742407,sealed,TREWERN AVENUE,0.5033187908296786,426,34,#1464a5cc,#1464a5cc,@EAAugljmIfbe_gA~\mmA`FoQa@uCqD{C{`@mG}b@_HqAG[Gs@Bw@P_@Vg@p@Yr@{U|w@}Ntg@,<div><strong>TREWERN AVENUE</strong><br><span>Surface: sealed</span><br><span>Length: 0.50 km</span><br><span>Length rank: 426</span></div>
road_3234565,path,3234565,sealed,COMMERCE STREET,0.5027977353734516,427,34,#1464a5cc,#1464a5cc,@EAAwxhhmIt{kagAgj@wb@_m@oe@gsCy|BkCmF,<div><strong>COMMERCE STREET</strong><br><span>Surface: sealed</span><br><span>Length: 0.50 km</span><br><span>Length rank: 427</span></div>
road_3283496,path,3283496,sealed,,0.5008953627971497,428,34,#1464a5cc,#1464a5cc,@EAAktzdmIdxo|fAnFjAlEz@dC`AhCnAbBxApA~Az@vBf@tBj@lEzB`ShC`UfDxYbBzNrB`XvA|ZT`Q@nLBrdA,<div><strong>Road 3283496</strong><br><span>Surface: sealed</span><br><span>Length: 0.50 km</span><br><span>Length rank: 428</span></div>
road_3283387,path,3283387,sealed,SEFTON CRESCENT,0.500676012079403,429,34,#1464a5cc,#1464a5cc,@EAA}obimIzxo_gAmZiDcEw@uEsAaD_BkDyDcBiDa@gDB}Db@cEnSkv@|@kBbBiBjDyAzCg@jDOpCZzXhEpBf@dC`B`BzA~@rCHpCs@zDo\hmA,<div><strong>SEFTON CRESCENT</strong><br><span>Surface: sealed</span><br><span>Length: 0.50 km</span><br><span>Length rank: 429</span></div>
road_3258169,path,3258169,sealed,RESOLUTION DRIVE,0.4971662199516388,430,34,#1464a5cc,#1464a5cc,@EAAghzgmIlvu}fAwf@reAs\lu@ib@vdAa[h_A,<div><strong>RESOLUTION DRIVE</strong><br><span>Surface: sealed</span><br><span>Length: 0.50 km</span><br><span>Length rank: 430</span></div>
road_3258146,path,3258146,sealed,FORSYTH STREET,0.4971014946529141,431,34,#1464a5cc,#1464a5cc,@EAAiprgmIb~q_gA}DxEaCdCe_@x\iCzCuDfEcQ~VsChEsLdRcBnBwAtAwZ~TiyAt{A,<div><strong>FORSYTH STREET</strong><br><span>Surface: sealed</span><br><span>Length: 0.50 km</span><br><span>Length rank: 431</span></div>
road_3258126,path,3258126,sealed,CRAWSHAW DRIVE,0.4954821364735361,432,34,#1464a5cc,#1464a5cc,@EAA}lffmIfiq`gAsc@_FmImBiBs@gFqBgImFmE{DaGyIeD{EkCyDmJ_IsLcIwPgHmNqEgZuEIAsESsPq@gCDuKToJRiWhDoWbH{Q`J,<div><strong>CRAWSHAW DRIVE</strong><br><span>Surface: sealed</span><br><span>Length: 0.50 km</span><br><span>Length rank: 432</span></div>
road_3258138,path,3258138,sealed,,0.4942248861422806,433,34,#1464a5cc,#1464a5cc,@EAAgiwfmIjt``gAwBgN}BiM{F}[M{Gxj@quBdAwDhEiRtDaNOcD}C_DqE_Bs^oH,<div><strong>Road 3258138</strong><br><span>Surface: sealed</span><br><span>Length: 0.49 km</span><br><span>Length rank: 433</span></div>
road_3258252,path,3258252,sealed,NORTH RIDGE DRIVE,0.4941523231311635,434,34,#1464a5cc,#1464a5cc,@EAA_d~hmIj`n}fA~n@eQ|GaBlScFtUwDxTaBlPoBfH}BrEsCrFwENMjC{DjDoHd@wGgAqOCUoEyNoDaJqOw^uLgY,<div><strong>NORTH RIDGE DRIVE</strong><br><span>Surface: sealed</span><br><span>Length: 0.49 km</span><br><span>Length rank: 434</span></div>
road_3258301,path,3258301,sealed,HUTCHINSON ROAD,0.4924907360814599,435,34,#1464a5cc,#1464a5cc,@EAAydgemIf_s|fAj}@nc@zrBncA|OvGtIdChDbAjHrA~JbAxJl@jJZhGJtPVlPP,<div><strong>HUTCHINSON ROAD</strong><br><span>Surface: sealed</span><br><span>Length: 0.49 km</span><br><span>Length rank: 435</span></div>
road_3258031,path,3258031,sealed,CORRIN STREET,0.4915126368707673,436,34,#1464a5cc,#1464a5cc,@EAA{x~hmIliwbgAk]xf@yBtDq@tCHtBjAtCbAnAxB~AdWbJfJpBpIlA|iAnNrs@nC`Hk@bEm@tC_AfDeB|YiWhCgB,<div><strong>CORRIN STREET</strong><br><span>Surface: sealed</span><br><span>Length: 0.49 km</span><br><span>Length rank: 436</span></div>
road_3258141,path,3258141,sealed,PUKETE ROAD,0.490500973480301,437,34,#1464a5cc,#1464a5cc,@EAAesyfmIxc}~fAgCpLaLbp@wIxhAiB`\DtDv@vC~F|LhNlVzDrGbEzHbErIjGtU,<div><strong>PUKETE ROAD</strong><br><span>Surface: sealed</span><br><span>Length: 0.49 km</span><br><span>Length rank: 437</span></div>
road_3283004,path,3283004,sealed,GILBASS AVENUE,0.4889735065768377,438,34,#1464a5cc,#1464a5cc,@EAAivphmIrzfbgA}\s@mJKiJRuH~@iIhBsGdCiVtMhRlY`HrQ`AxAvAr@h}@bApCa@|BkA`AqBm@mbA,<div><strong>GILBASS AVENUE</strong><br><span>Surface: sealed</span><br><span>Length: 0.49 km</span><br><span>Length rank: 438</span></div>
road_3258112,path,3258112,sealed,YORK STREET,0.4873513776911129,439,34,#1464a5cc,#1464a5cc,@EAAa~}jmIrbpagAjd@giBlA{ElZwlA`YkhA,<div><strong>YORK STREET</strong><br><span>Surface: sealed</span><br><span>Length: 0.49 km</span><br><span>Length rank: 439</span></div>
road_3258150,path,3258150,sealed,CUNNINGHAM ROAD,0.4868447204407435,440,34,#1464a5cc,#1464a5cc,@EAAoiwgmIzkz_gAmd@z\{ElDi\jVii@v`@y`@tYuIfDg_AlQwH~AmK|BsS|H}Br@,<div><strong>CUNNINGHAM ROAD</strong><br><span>Surface: sealed</span><br><span>Length: 0.49 km</span><br><span>Length rank: 440</span></div>
road_3257994,path,3257994,sealed,ENFIELD STREET,0.4867124607136336,441,34,#1464a5cc,#1464a5cc,@EAA{ajfmIxt~`gAqCCiBUuD_AyFcCgTcLcvA_s@osCqwA,<div><strong>ENFIELD STREET</strong><br><span>Surface: sealed</span><br><span>Length: 0.49 km</span><br><span>Length rank: 441</span></div>
road_8326477,path,8326477,sealed,MUSSELWHITE TERRACE,0.4861412752552947,442,34,#1464a5cc,#1464a5cc,@EAAg|ojmI|lr_gAtg@`L~k@w{AdQmd@pVoo@wg@{JqDdK,<div><strong>MUSSELWHITE TERRACE</strong><br><span>Surface: sealed</span><br><span>Length: 0.49 km</span><br><span>Length rank: 442</span></div>
road_3258081,path,3258081,sealed,HARWOOD STREET,0.4859610003844528,443,34,#1464a5cc,#1464a5cc,@EAAyc|hmIlc}`gAsn@hr@at@vz@scB`nB,<div><strong>HARWOOD STREET</strong><br><span>Surface: sealed</span><br><span>Length: 0.49 km</span><br><span>Length rank: 443</span></div>
road_8114881,path,8114881,unmetalled,,0.4851219254540079,444,34,#734a12cc,#734a12cc,@EAAy}nlmI~ix`gA}J`O}i@zoB}[vw@qb@zdA,<div><strong>Road 8114881</strong><br><span>Surface: unmetalled</span><br><span>Length: 0.49 km</span><br><span>Length rank: 444</span></div>
road_3258066,path,3258066,sealed,MARAMA STREET,0.4836698240303797,445,34,#1464a5cc,#1464a5cc,@EAA{{thmIlkragAyq@w}@am@cx@cL{NoBaB}A_AaBc@cCo@eU}BouAiNcJ_A,<div><strong>MARAMA STREET</strong><br><span>Surface: sealed</span><br><span>Length: 0.48 km</span><br><span>Length rank: 445</span></div>
road_6064045,path,6064045,sealed,BOURN BROOK AVENUE,0.4826433911329989,446,34,#1464a5cc,#1464a5cc,@EAAat~gmIf}~|fAcBdIa@nBy@tD]fBIjAKnA@dCF`C`@`Cz@vCbAxCbQx`@~Qld@jAjDt@xCb@lDJlBDzB@|CI|IH|FZnDj@lCx@xCbApCzAhCdB|BfBhCrG`KvN|TpMvR,<div><strong>BOURN BROOK AVENUE</strong><br><span>Surface: sealed</span><br><span>Length: 0.48 km</span><br><span>Length rank: 446</span></div>
road_7742812,path,7742812,sealed,HOUNSELL ROAD,0.4822245863849339,447,34,#1464a5cc,#1464a5cc,@EAAu_remI|qa_gAgFzEyb@jUs\|QoR|DkQuCyxC{lB,<div><strong>HOUNSELL ROAD</strong><br><span>Surface: sealed</span><br><span>Length: 0.48 km</span><br><span>Length rank: 447</span></div>
road_3258177,path,3258177,sealed,MORELAND AVENUE,0.4818141611821412,448,34,#1464a5cc,#1464a5cc,@EAAaotfmIhbi~fAzHtC|FxBjHjBxM`B~{@xDhH?hCsAbCwBdDeF~MoRfOwT`[gc@`VmPxg@w],<div><strong>MORELAND AVENUE</strong><br><span>Surface: sealed</span><br><span>Length: 0.48 km</span><br><span>Length rank: 448</span></div>
road_3257965,path,3257965,sealed,CATALINA DRIVE,0.4799203125117101,449,34,#1464a5cc,#1464a5cc,@EAAyzohmIp{dcgAjGtTnCvJnAdJCxHkAfHyBhEuCxD{DjDkFbCyKtCwN`CcPrDeJtE{RzMgKvKal@ny@qFbHiErF,<div><strong>CATALINA DRIVE</strong><br><span>Surface: sealed</span><br><span>Length: 0.48 km</span><br><span>Length rank: 449</span></div>
road_3258048,path,3258048,sealed,SLIM STREET,0.4797793095791451,450,34,#1464a5cc,#1464a5cc,@EAAeiejmI`vrbgAljCkDbxDab@pIK,<div><strong>SLIM STREET</strong><br><span>Surface: sealed</span><br><span>Length: 0.48 km</span><br><span>Length rank: 450</span></div>
road_3258075,path,3258075,sealed,CLARENCE STREET,0.4795059605504562,451,34,#1464a5cc,#1464a5cc,@EAAu_mimIbjwagAfF|GxGbEjTfIto@`RvVhHhp@fRtz@nVbcApYrIdC,<div><strong>CLARENCE STREET</strong><br><span>Surface: sealed</span><br><span>Length: 0.48 km</span><br><span>Length rank: 451</span></div>
road_3234615,path,3234615,sealed,MANGAHARAKEKE DRIVE,0.4790648171718226,452,34,#1464a5cc,#1464a5cc,@EAAmp_emIv|}}fAlu@sl@fGqGhGwIdFmH`E{GvHiOxDmJpJuVzQ}a@~HwRjKyU|BoF|F{K,<div><strong>MANGAHARAKEKE DRIVE</strong><br><span>Surface: sealed</span><br><span>Length: 0.48 km</span><br><span>Length rank: 452</span></div>
road_3258033,path,3258033,sealed,KOWHAI STREET,0.4774835899539973,453,34,#1464a5cc,#1464a5cc,@EAAcn~hmI|qlbgAxa@y[hDmB|FaB~jAePfOe@pPrAxJ`DfK~EbJhJpCdHvA~Hp@b|@DlG,<div><strong>KOWHAI STREET</strong><br><span>Surface: sealed</span><br><span>Length: 0.48 km</span><br><span>Length rank: 453</span></div>
road_8326476,path,8326476,sealed,CHEQUERS AVENUE,0.4770777123786039,454,34,#1464a5cc,#1464a5cc,@EAAecyhmIr}g_gAwJ~c@eChDyBzB_DbB_DdAeGlCqAnAwBbBaBrCo@zBmAfEF~Bt@vA`AhAfBv@rDr@hFz@va@xE|NUvMaB|Fe@`EKva@j@td@|@|g@v@,<div><strong>CHEQUERS AVENUE</strong><br><span>Surface: sealed</span><br><span>Length: 0.48 km</span><br><span>Length rank: 454</span></div>
road_3258077,path,3258077,sealed,GRAHAM STREET,0.4757301578450107,455,34,#1464a5cc,#1464a5cc,@EAAeehjmIvqjbgAhB}Fh@aB~Is^d]ctAbZ_iA~Rwv@,<div><strong>GRAHAM STREET</strong><br><span>Surface: sealed</span><br><span>Length: 0.48 km</span><br><span>Length rank: 455</span></div>
road_3258089,path,3258089,sealed,WILSON STREET,0.4757189381973377,456,34,#1464a5cc,#1464a5cc,@EAA{dkjmI`tkagAyDQaNgBgzCyb@ivBoZsLqA_CFgDb@cEbA,<div><strong>WILSON STREET</strong><br><span>Surface: sealed</span><br><span>Length: 0.48 km</span><br><span>Length rank: 456</span></div>
road_3283411,path,3283411,sealed,THE ESPLANADE,0.4752771632747036,457,34,#1464a5cc,#1464a5cc,@EAA}{jimIbmp~fAsDmGsD_HwEqHoD}CuC{AgEyAwEk@}ECmFLmEz@{GrCqEvCyE|C}EnCiEzBwCjAgHrBmEjA_JvByIhB{JpBgG`BeI|BcJrDcJfFcL`HkClC{ApE@\?FBbC|ArC`C`CdWhPxFjD,<div><strong>THE ESPLANADE</strong><br><span>Surface: sealed</span><br><span>Length: 0.48 km</span><br><span>Length rank: 457</span></div>
road_7742023,path,7742023,sealed,CLEM NEWBY ROAD,0.4750292009794738,458,34,#1464a5cc,#1464a5cc,@EAAsfxemIty}~fAwD_A{KeDaKyDiVyJuQmH}FqBiGiAmHUyCBkFf@mDv@qExA_EbCeJ`IsWhU_XrUi`Abz@,<div><strong>CLEM NEWBY ROAD</strong><br><span>Surface: sealed</span><br><span>Length: 0.48 km</span><br><span>Length rank: 458</span></div>
road_3258004,path,3258004,sealed,PRIMROSE STREET,0.4731492162342504,459,34,#1464a5cc,#1464a5cc,@EAAqrxgmIjoyagA~X}lDrMoyA,<div><strong>PRIMROSE STREET</strong><br><span>Surface: sealed</span><br><span>Length: 0.47 km</span><br><span>Length rank: 459</span></div>
road_7742026,path,7742026,sealed,MANGAHARAKEKE DRIVE,0.4722367271705212,460,34,#1464a5cc,#1464a5cc,@EAAih{dmIr_y}fAcFpl@_BtNw@lLMrCg@nEs@pNUdIHfKGpK`@pITtChCzUzA|Ov@xK?jHe@jHe@nD_BpFsC~I[xAgApC{DfF,<div><strong>MANGAHARAKEKE DRIVE</strong><br><span>Surface: sealed</span><br><span>Length: 0.47 km</span><br><span>Length rank: 460</span></div>
road_3283128,path,3283128,sealed,,0.4717737486736632,461,34,#1464a5cc,#1464a5cc,@EAA_{ujmIraobgAy^wJiJkByDgAsBmBI}EKqHvA}GhCsFx@cFd@oCLsGBiBcAoE}AaGy@sCcAiDq@sE_@oF{@cIo@oEaCgF}E_H}FaF{LoDgK{BgKeD}HoDcJoEiEsBwAwA[mAL}CXs@`AiA,<div><strong>Road 3283128</strong><br><span>Surface: sealed</span><br><span>Length: 0.47 km</span><br><span>Length rank: 461</span></div>
road_3258059,path,3258059,sealed,CHESTERMAN ROAD,0.4704868155266932,462,34,#1464a5cc,#1464a5cc,@EAAoc|kmI~yjbgAkBvPkD|W_A|BwArCwAzBkAzA{AbBmCrBuCtB{ChBaPbMeP`NaeAhy@sC|BcBlBqAlCk@|BOfBDrDbIjc@,<div><strong>CHESTERMAN ROAD</strong><br><span>Surface: sealed</span><br><span>Length: 0.47 km</span><br><span>Length rank: 462</span></div>
road_3257988,path,3257988,sealed,LACHLAN DRIVE,0.4699504850952665,463,34,#1464a5cc,#1464a5cc,@EAAaiwfmIzmnagAy@xNy@jWOxB[hDm@tBuAvE_DzF}DdFmMnLiX~UsFfLBvFb@~CtDnPxJr^bNth@fBxFzAzBlB|A,<div><strong>LACHLAN DRIVE</strong><br><span>Surface: sealed</span><br><span>Length: 0.47 km</span><br><span>Length rank: 463</span></div>
road_3283379,path,3283379,sealed,MASEFIELD DRIVE,0.4696316719834518,464,34,#1464a5cc,#1464a5cc,@EAAg_fjmIh~}_gAtNcgAg@cEsCeD{GeC_i@eKcDY{EHyE|A}CbDmLl\y@bJGzBf@nEvB~Ere@bi@,<div><strong>MASEFIELD DRIVE</strong><br><span>Surface: sealed</span><br><span>Length: 0.47 km</span><br><span>Length rank: 464</span></div>
road_3283149,path,3283149,sealed,,0.4606380272917937,465,33,#1464a5cc,#1464a5cc,@EAAsl|imIn|t`gApO`Dj]bKpKtBxVzApSs@p]oCtS}BlFW|IGvGXhI|@hIrBnHfCtDdCjD`CzJhHxDnCzI`Djd@zLrHrB,<div><strong>Road 3283149</strong><br><span>Surface: sealed</span><br><span>Length: 0.46 km</span><br><span>Length rank: 465</span></div>
road_3258114,path,3258114,sealed,MELODY LANE,0.4584036457206089,466,33,#1464a5cc,#1464a5cc,@EAAcybkmIdaw`gAfE|C|F|CbNnDfNdD`QdCjRbBbVtAtb@pBzsAdHvEj@hFbAdGhBx_AxF,<div><strong>MELODY LANE</strong><br><span>Surface: sealed</span><br><span>Length: 0.46 km</span><br><span>Length rank: 466</span></div>
road_3258050,path,3258050,sealed,SILLARY STREET,0.4573520419876042,467,33,#1464a5cc,#1464a5cc,@EAAoxljmIhoibgAvp@xKjp@|InL~Ata@tFd{Cxc@bDH@?fAi@,<div><strong>SILLARY STREET</strong><br><span>Surface: sealed</span><br><span>Length: 0.46 km</span><br><span>Length rank: 467</span></div>
road_3258191,path,3258191,sealed,PETERSBURG DRIVE,0.4565278198149569,468,33,#1464a5cc,#1464a5cc,@EAA_`vfmI`vw}fAaO{JsBuDg@gYq@oWWmJI_BU}@e@qAaC_CuNwJoTsMgDqBaAm@iAq@qGcCMEcBm@mBiAaAqAUwDFiGCqCMaDJaBb@cCp@uB`BiCpBeCbGmHlBwDz@mDtBaDrCkEjGaE,<div><strong>PETERSBURG DRIVE</strong><br><span>Surface: sealed</span><br><span>Length: 0.46 km</span><br><span>Length rank: 468</span></div>
road_3257986,path,3257986,sealed,GLAMIS AVENUE,0.4561563026916091,469,33,#1464a5cc,#1464a5cc,@EAAowufmIvs{agAtGcA~By@xB{AlC}BbG_Fx_@kSlDqAhEu@fDYlDNfGx@l_@fP~RpJ|EjBpDvAbLzC~VxGvDn@pDVnn@zA~JHpEUjMiA,<div><strong>GLAMIS AVENUE</strong><br><span>Surface: sealed</span><br><span>Length: 0.46 km</span><br><span>Length rank: 469</span></div>
road_3234566,path,3234566,sealed,HINAU STREET,0.4557123078484197,470,33,#1464a5cc,#1464a5cc,@EAAwuqgmIhyv`gAyVhJcjD`kAkuA`f@,<div><strong>HINAU STREET</strong><br><span>Surface: sealed</span><br><span>Length: 0.46 km</span><br><span>Length rank: 470</span></div>
road_3283297,path,3283297,sealed,BRYWOOD RISE,0.4534956031302279,471,33,#1464a5cc,#1464a5cc,@EAA}pdgmI~kd~fA{AaBqCmDgD{EwBiE{B}GgGqSaAeDuJa[yLu[zBu\?MIyMmEcQiSk]L{a@,<div><strong>BRYWOOD RISE</strong><br><span>Surface: sealed</span><br><span>Length: 0.45 km</span><br><span>Length rank: 471</span></div>
road_3258144,path,3258144,sealed,VERCOE ROAD,0.4531444239132872,472,33,#1464a5cc,#1464a5cc,@EAAoi}gmIvvb`gAsj@oy@_DmEy]sg@uOaUkGeIeDiDuJcEmO{Fci@cRgXqI,<div><strong>VERCOE ROAD</strong><br><span>Surface: sealed</span><br><span>Length: 0.45 km</span><br><span>Length rank: 472</span></div>
road_3258055,path,3258055,sealed,HUNGERFORD CRESCENT,0.453097022803319,473,33,#1464a5cc,#1464a5cc,@EAAykakmIpghbgAh_Dld@lEPpFi@xOwCbb@cMjEgCbEsAlSyDvOqBbEcCxC{EnBaG,<div><strong>HUNGERFORD CRESCENT</strong><br><span>Surface: sealed</span><br><span>Length: 0.45 km</span><br><span>Length rank: 473</span></div>
road_3258110,path,3258110,sealed,REGENT STREET,0.4526580388325082,474,33,#1464a5cc,#1464a5cc,@EAAidhlmIno~agA~@_A|@wA|@cB`AyBzFgNt\k~@h_@gcAlNk^pI}Uh@sAfAuAhBu@dBQ`BFxA\vIvC,<div><strong>REGENT STREET</strong><br><span>Surface: sealed</span><br><span>Length: 0.45 km</span><br><span>Length rank: 474</span></div>
road_3283349,path,3283349,sealed,SARE CRESCENT,0.4512745444232113,475,33,#1464a5cc,#1464a5cc,@EAAyqiimIrr}_gAk@vB_Lrb@oAdJcAhFyBrFsBzDiDrHyA`DeAzGu@dHe@fFiA|CsKdWc@dBKnC?~Bh@pBpAxBhCvCpClBvDhA|p@rJvGdAlGbB`KjCnCx@,<div><strong>SARE CRESCENT</strong><br><span>Surface: sealed</span><br><span>Length: 0.45 km</span><br><span>Length rank: 475</span></div>
road_8114882,path,8114882,unmetalled,,0.4512345286041335,476,33,#734a12cc,#734a12cc,@EAAsgrlmI~bw`gAzIxk@fFrq@I~l@yAra@kEnf@}Drc@,<div><strong>Road 8114882</strong><br><span>Surface: unmetalled</span><br><span>Length: 0.45 km</span><br><span>Length rank: 476</span></div>
road_8326472,path,8326472,sealed,KIRIWAI KAUI DRIVE,0.4512110662169092,477,33,#1464a5cc,#1464a5cc,@EAAuyafmIr`h_gAs_@iMeDaBkEcDaXck@s^wv@CE_Y{l@aIuLqJeKoP{MOM,<div><strong>KIRIWAI KAUI DRIVE</strong><br><span>Surface: sealed</span><br><span>Length: 0.45 km</span><br><span>Length rank: 477</span></div>
road_3258034,path,3258034,sealed,FORTH CRESCENT,0.4510213576700167,478,33,#1464a5cc,#1464a5cc,@EAAchqimItzqcgAvyAqWrn@eLpHuAfHTnD~@nCpAv[n[tXxWbQzWpFvM,<div><strong>FORTH CRESCENT</strong><br><span>Surface: sealed</span><br><span>Length: 0.45 km</span><br><span>Length rank: 478</span></div>
road_3283372,path,3283372,sealed,ROSS CRESCENT,0.4495888010037522,479,33,#1464a5cc,#1464a5cc,@EAA{`oimIvpg`gAfZqnApBqGbCqCrFuB`FSjFNzDx@d_@tOdC~CfA|DBzCw@hCsg@rhA,<div><strong>ROSS CRESCENT</strong><br><span>Surface: sealed</span><br><span>Length: 0.45 km</span><br><span>Length rank: 479</span></div>
road_3283345,path,3283345,sealed,BANBURY CRESCENT,0.4493291853579509,480,33,#1464a5cc,#1464a5cc,@EAAmbuhmIvxi`gAxHqg@`B_Gzb@s_Azc@wx@pBuAhCg@rEUhEf@lv@tV,<div><strong>BANBURY CRESCENT</strong><br><span>Surface: sealed</span><br><span>Length: 0.45 km</span><br><span>Length rank: 480</span></div>
road_3258198,path,3258198,sealed,MCNICOL STREET,0.4487114767632695,481,33,#1464a5cc,#1464a5cc,@EAA_~thmInjz_gA}A|GsKbe@}AlEwClCwo@`m@_B`D{U~y@sPvTuBvEmBbE_CrJoChJ,<div><strong>MCNICOL STREET</strong><br><span>Surface: sealed</span><br><span>Length: 0.45 km</span><br><span>Length rank: 481</span></div>
road_3283410,path,3283410,sealed,MONTROSE CRESCENT,0.448136007122457,482,33,#1464a5cc,#1464a5cc,@EAAo~dimIdlr~fA`Cu@rDeAfCYzHErG]fJ{BnEkAjE{CnEaDnFwCbHiA`HIlG`AjE`C~C|BjFvBnD`AhHlBnD`CxBbEx@xE]bCeBlEyBlDw@nCU~DB~Cy@tDqBbEcCvB{FpAgPpAgDVuGhBkMnEaJtCuH|A,<div><strong>MONTROSE CRESCENT</strong><br><span>Surface: sealed</span><br><span>Length: 0.45 km</span><br><span>Length rank: 482</span></div>
road_3257990,path,3257990,sealed,THOMSON AVENUE,0.4447666289456157,483,33,#1464a5cc,#1464a5cc,@EAAcz~fmIffnagADb_AXdh@pCxe@nh@zcB,<div><strong>THOMSON AVENUE</strong><br><span>Surface: sealed</span><br><span>Length: 0.44 km</span><br><span>Length rank: 483</span></div>
road_3257987,path,3257987,sealed,CAERNARVON STREET,0.443971037542029,484,33,#1464a5cc,#1464a5cc,@EAAcnxfmI`kvagAhu@vj@dGhHpBrE`AzBvC~]|B~f@fB`LpE`TtBvd@TjIYzCeA~D,<div><strong>CAERNARVON STREET</strong><br><span>Surface: sealed</span><br><span>Length: 0.44 km</span><br><span>Length rank: 484</span></div>
road_3258230,path,3258230,sealed,ELLERSLIE AVENUE,0.4432011636755036,485,33,#1464a5cc,#1464a5cc,@EAAkszimIpva_gAuIbGsRbSuFxJwLlM}IjMqH`MqA~EEpDJjE~A`EdAzBvCxDpIxEnjB|s@,<div><strong>ELLERSLIE AVENUE</strong><br><span>Surface: sealed</span><br><span>Length: 0.44 km</span><br><span>Length rank: 485</span></div>
road_3258148,path,3258148,sealed,NORRIS AVENUE,0.4419189274497856,486,33,#1464a5cc,#1464a5cc,@EAA_ijgmI~{l_gAo_Cv~B{m@hm@gItJ_HfH,<div><strong>NORRIS AVENUE</strong><br><span>Surface: sealed</span><br><span>Length: 0.44 km</span><br><span>Length rank: 486</span></div>
road_8326470,path,8326470,sealed,KOURATAKI ROAD,0.4409685462149414,487,33,#1464a5cc,#1464a5cc,@EAAim`fmIjsa`gAk@k@efB{hBy@{@atAgvA,<div><strong>KOURATAKI ROAD</strong><br><span>Surface: sealed</span><br><span>Length: 0.44 km</span><br><span>Length rank: 487</span></div>
road_3258015,path,3258015,sealed,CAREY STREET,0.4409600721055751,488,33,#1464a5cc,#1464a5cc,@EAAosugmIxur`gAmtAvg@{CtBwDhCeJ~C{bA|_@mmA~a@mGr@gFe@,<div><strong>CAREY STREET</strong><br><span>Surface: sealed</span><br><span>Length: 0.44 km</span><br><span>Length rank: 488</span></div>
road_3258139,path,3258139,sealed,,0.4402141242254478,489,33,#1464a5cc,#1464a5cc,@EAAwwzfmI|`g_gAnpAnt@joAbq@t`@zSzl@l_@,<div><strong>Road 3258139</strong><br><span>Surface: sealed</span><br><span>Length: 0.44 km</span><br><span>Length rank: 489</span></div>
road_6064567,path,6064567,sealed,EDGEVIEW CRESCENT,0.4401732477077232,490,33,#1464a5cc,#1464a5cc,@EAAizvjmIdxhcgAuAyAeFgDmFgFwBwCmDaFuDoDcCsB[q@UoATaCvA_FrL{OtHcJrAiBnAu@dKoH~DcClAgAz@iAd@q@p@wAvA{C|@oCxB_FlCiBjVyKpDY`C^pEzBxE|DxOrS|EfEnE|ClEtD,<div><strong>EDGEVIEW CRESCENT</strong><br><span>Surface: sealed</span><br><span>Length: 0.44 km</span><br><span>Length rank: 490</span></div>
road_3258244,path,3258244,sealed,TALLENTIRE CRESCENT,0.4395891639398389,491,33,#1464a5cc,#1464a5cc,@EAAqdnimIjuj~fA{Jk@iPgAuFi@wCGuBCwE?eFViGGaF]iDSeDg@_EgAsCw@yCq@}Do@mEs@aEU{DOyZ_@sFEwDBiLh@sJrAmKjC}JtDsGhFqFnF{CnEiB~DsBrJc@jDa@vR,<div><strong>TALLENTIRE CRESCENT</strong><br><span>Surface: sealed</span><br><span>Length: 0.44 km</span><br><span>Length rank: 491</span></div>
road_3258072,path,3258072,sealed,HAMMOND STREET,0.4393428629163685,492,33,#1464a5cc,#1464a5cc,@EAAyqmimIzd|agAgyAnqCqAdCYtBHlCjAdBrBrBpOxMtW`UdDnBz@d@tBjAbBf@,<div><strong>HAMMOND STREET</strong><br><span>Surface: sealed</span><br><span>Length: 0.44 km</span><br><span>Length rank: 492</span></div>
road_3258067,path,3258067,sealed,SOMERSET STREET,0.4371436806552862,493,33,#1464a5cc,#1464a5cc,@EAAa`yhmInkiagAn}@lb@bo@dVz{Abh@v|@fZ,<div><strong>SOMERSET STREET</strong><br><span>Surface: sealed</span><br><span>Length: 0.44 km</span><br><span>Length rank: 493</span></div>
road_7742019,path,7742019,sealed,TAIATEA DRIVE,0.4370037842565833,494,33,#1464a5cc,#1464a5cc,@EAAccyemIr}|_gAfD{ErQib@nAyVh@{PcAqf@L{PxAkFbEsNtTk\vb@o^,<div><strong>TAIATEA DRIVE</strong><br><span>Surface: sealed</span><br><span>Length: 0.44 km</span><br><span>Length rank: 494</span></div>
road_3258056,path,3258056,sealed,MALCOLM STREET,0.4367628301469072,495,33,#1464a5cc,#1464a5cc,@EAAykpkmIh`pbgAjOsb@XwABmAW{Ag@aAcAy@qAe@gA_@idAi_@qD{@kDi@iEi@uFUuILy}@XaE@wEG{BS_Dk@cCg@w^oH,<div><strong>MALCOLM STREET</strong><br><span>Surface: sealed</span><br><span>Length: 0.44 km</span><br><span>Length rank: 495</span></div>
road_6064024,path,6064024,sealed,COBHAM DRIVE,0.4359546644373709,496,33,#1464a5cc,#1464a5cc,@EAAytwjmIxmgbgApRrCbc@bEhR|Ava@jD|m@tG`~AlT`d@jG|IjA,<div><strong>COBHAM DRIVE</strong><br><span>Surface: sealed</span><br><span>Length: 0.44 km</span><br><span>Length rank: 496</span></div>
road_3258225,path,3258225,sealed,BERNARD STREET,0.4355108280926065,497,33,#1464a5cc,#1464a5cc,@EAAoluimIxbc_gAlg@u~ArKcOlHuEvLcGpkAgTdDNdChArWnT,<div><strong>BERNARD STREET</strong><br><span>Surface: sealed</span><br><span>Length: 0.44 km</span><br><span>Length rank: 497</span></div>
road_3258128,path,3258128,sealed,AKORANGA ROAD,0.4339012917019187,498,33,#1464a5cc,#1464a5cc,@EAAer{emIhgs_gAeGbJ{JrO_H`MuEzHiAbBoBhC}AzAmCxB}CjByDrBsFpByEbAyDp@yIz@}U|BkTzBoWlCeRhBu`@~D}Fn@m]~C,<div><strong>AKORANGA ROAD</strong><br><span>Surface: sealed</span><br><span>Length: 0.43 km</span><br><span>Length rank: 498</span></div>
road_3258216,path,3258216,sealed,CARLYLE AVENUE,0.4338385031488983,499,33,#1464a5cc,#1464a5cc,@EAA_mqimI`tl_gAl_@sq@vGwMzzAuoCxBqG,<div><strong>CARLYLE AVENUE</strong><br><span>Surface: sealed</span><br><span>Length: 0.43 km</span><br><span>Length rank: 499</span></div>
road_3258035,path,3258035,sealed,MACMURDO AVENUE,0.4336556922567136,500,33,#1464a5cc,#1464a5cc,@EAAk|mimIhqucgAgHsQsFwNmDsFeMuRmA{BgBLwCHsC[YGiASuKiDaIyCiFmBoEsDiBaBuAeDoIsWyLs\c@}Dd@qHb@oGk@kDoAgEqGaR,<div><strong>MACMURDO AVENUE</strong><br><span>Surface: sealed</span><br><span>Length: 0.43 km</span><br><span>Length rank: 500</span></div>
road_3258010,path,3258010,sealed,HALL STREET,0.4331581004080632,501,33,#1464a5cc,#1464a5cc,@EAAugmhmIn{dagA~HdG|I`G`NrIpGnDpKvElE|AtH`ClMpDtIlCvNpFfK`FnEbDjGbGzf@d_@np@zh@,<div><strong>HALL STREET</strong><br><span>Surface: sealed</span><br><span>Length: 0.43 km</span><br><span>Length rank: 501</span></div>
road_7742028,path,7742028,sealed,BATTEN DRIVE,0.4326214785740946,502,33,#1464a5cc,#1464a5cc,@EAAqs`gmIpvu}fAvZDxKNdJ^~Gv@zEL~Dg@rDaAvGuCpDiCnCkC~A_DrAeEr@iFiAqFwAeEeDaDqEuCuEwC}G}EwHeFyOwGoN_FqLoEqIqFs@c@aGoEuNiN,<div><strong>BATTEN DRIVE</strong><br><span>Surface: sealed</span><br><span>Length: 0.43 km</span><br><span>Length rank: 502</span></div>
road_7742040,path,7742040,sealed,TE RAPA ACCESS ROAD,0.431914835833571,503,33,#1464a5cc,#1464a5cc,@EAA{|demIrhg}fAKpCaAzEoCtEkEhDyCnBeDdAyDp@iEL_FIkEQqHwAuk@}TkBs@maBgo@yB}@mCaAuDuAeCiA{AkAqAaBu@wAo@qAc@aCEoB?}B,<div><strong>TE RAPA ACCESS ROAD</strong><br><span>Surface: sealed</span><br><span>Length: 0.43 km</span><br><span>Length rank: 503</span></div>
road_3258178,path,3258178,sealed,MADILL ROAD,0.4316973457373345,504,33,#1464a5cc,#1464a5cc,@EAAewugmIhzw~fA``@hg@z_@`g@zNtR~PnTfa@~h@pRrVvH~JzBjC,<div><strong>MADILL ROAD</strong><br><span>Surface: sealed</span><br><span>Length: 0.43 km</span><br><span>Length rank: 504</span></div>
road_8328202,path,8328202,sealed,PRAGMA RISE,0.4307078474288485,505,33,#1464a5cc,#1464a5cc,@EAAmcaimIthk}fAsDvFoClJcDpIoAtBsF`DsHjAmHKkDm@mHiB}HqBcH_EiD{EgCkEgJyS@aFdDqBl]mLzN_F`IW|GpApE~DpOdYlD|C,<div><strong>PRAGMA RISE</strong><br><span>Surface: sealed</span><br><span>Length: 0.43 km</span><br><span>Length rank: 505</span></div>
road_3283186,path,3283186,sealed,BEECH CRESCENT,0.4303238190751282,506,33,#1464a5cc,#1464a5cc,@EAAit_lmIdd|agAv_AtOxn@xJzCbAfB~AbAhBZjBClCmQnn@w@pCk@~Am@vAcAhBsAlBqBjBiStPeAdAe@l@]p@]t@m@hB{FfR,<div><strong>BEECH CRESCENT</strong><br><span>Surface: sealed</span><br><span>Length: 0.43 km</span><br><span>Length rank: 506</span></div>
road_3258221,path,3258221,sealed,LYNDEN COURT,0.4296221236482574,507,33,#1464a5cc,#1464a5cc,@EAAkybimI`u~~fA~BpClTbRdB~A~AnCj@|DIhB[|E{@vDgA~BIbF]|FKnGy@lGyBbGwGbOyC~FyBtCgH|E_HxD_DnBwBxAaFhFkDhDqDnF}BvEwCrKaHfZ,<div><strong>LYNDEN COURT</strong><br><span>Surface: sealed</span><br><span>Length: 0.43 km</span><br><span>Length rank: 507</span></div>
road_3258312,path,3258312,unmetalled,,0.4293486585135051,508,33,#734a12cc,#734a12cc,@EAAkttimI|md}fAmF`IeG~IgDlI{AzCEpDArBZrC|BhElMlPdCdDn@fBL`AT~C]fHWlNk@vEiBtHsDhHmGpF{F|EuEnEyD`FiDjG}A`G[nDFnBt@lE~BhS,<div><strong>Road 3258312</strong><br><span>Surface: unmetalled</span><br><span>Length: 0.43 km</span><br><span>Length rank: 508</span></div>
road_3257967,path,3257967,sealed,QUENTIN DRIVE,0.4282141690847983,509,33,#1464a5cc,#1464a5cc,@EAAecnhmIfxjbgA`B~Bl@lGyAnGqBhGkC~FmDdG{EfH_FdGgAhA}C~CaFxDo@f@oFnEmAfA{HrIoExGgCvEwEjLwBtJwBdKqAdMHhFTxMV~CzFv[,<div><strong>QUENTIN DRIVE</strong><br><span>Surface: sealed</span><br><span>Length: 0.43 km</span><br><span>Length rank: 509</span></div>
road_3258147,path,3258147,sealed,SHEFFIELD STREET,0.4279001305184683,510,33,#1464a5cc,#1464a5cc,@EAAku`gmItas_gA~bAsaAnw@iv@faAm`A,<div><strong>SHEFFIELD STREET</strong><br><span>Surface: sealed</span><br><span>Length: 0.43 km</span><br><span>Length rank: 510</span></div>
road_3258175,path,3258175,sealed,ELMWOOD CRESCENT,0.4273249553938871,511,33,#1464a5cc,#1464a5cc,@EAAwwrfmIpuq~fAoIk@a\}BaHHoMbDwGjGok@nmD,<div><strong>ELMWOOD CRESCENT</strong><br><span>Surface: sealed</span><br><span>Length: 0.43 km</span><br><span>Length rank: 511</span></div>
road_3258058,path,3258058,sealed,MCCRACKEN AVENUE,0.4270897324218671,512,33,#1464a5cc,#1464a5cc,@EAA_dskmIxdjbgAaGwA{AWgBWqIe@u]qAqGY_Gk@}FaAkEeAuDqAaiBos@ceAwa@,<div><strong>MCCRACKEN AVENUE</strong><br><span>Surface: sealed</span><br><span>Length: 0.43 km</span><br><span>Length rank: 512</span></div>
road_3257979,path,3257979,sealed,PATERSON STREET,0.4269180749209407,513,33,#1464a5cc,#1464a5cc,@EAAe{ngmIvkyagAzQnq@n[|hAt\zmAhGpT~@fD,<div><strong>PATERSON STREET</strong><br><span>Surface: sealed</span><br><span>Length: 0.43 km</span><br><span>Length rank: 513</span></div>
road_3258047,path,3258047,sealed,NORMANDY AVENUE,0.4266415481088112,514,33,#1464a5cc,#1464a5cc,@EAAkxrimInrqbgAaEcWgHuLy_B}bCiOuRaJ_K_EqF,<div><strong>NORMANDY AVENUE</strong><br><span>Surface: sealed</span><br><span>Length: 0.43 km</span><br><span>Length rank: 514</span></div>
road_3283251,path,3283251,sealed,CROALL CRESCENT,0.4253355649299489,515,32,#1464a5cc,#1464a5cc,@EAA}mtgmIjun_gAhUdJr}@h^nF~@~FYzCmArZsZn@}AI{ASsA}AsA{v@oc@gOwF{YiF,<div><strong>CROALL CRESCENT</strong><br><span>Surface: sealed</span><br><span>Length: 0.43 km</span><br><span>Length rank: 515</span></div>
road_3258209,path,3258209,sealed,RIVERVIEW TERRACE,0.4237662077448501,516,32,#1464a5cc,#1464a5cc,@EAAm|xhmIf~m`gA_DcDqFkDid@_OgGu@mJYiGZsHjAaFlBoExB}aCrpAmFbEgEtB,<div><strong>RIVERVIEW TERRACE</strong><br><span>Surface: sealed</span><br><span>Length: 0.42 km</span><br><span>Length rank: 516</span></div>
road_3258036,path,3258036,sealed,ANDERSON ROAD,0.4233349904295961,517,32,#1464a5cc,#1464a5cc,@EAAc`cimI`qecgAcJt^aH|b@wDnXi@tDoCzQsAdJaIli@XtCdB~BxKzCpr@|J,<div><strong>ANDERSON ROAD</strong><br><span>Surface: sealed</span><br><span>Length: 0.42 km</span><br><span>Length rank: 517</span></div>
road_3258305,path,3258305,sealed,TE RAPA ROAD,0.4181437179316506,518,32,#1464a5cc,#1464a5cc,@EAAqa{dmIrso|fAmB`C{J~LsBbDiBbD{B~FwA|FeA|Ha@hIItJUv[WjIa@xGq@bGuA|G_C~KwG~W_Ij]eAbF}AhH,<div><strong>TE RAPA ROAD</strong><br><span>Surface: sealed</span><br><span>Length: 0.42 km</span><br><span>Length rank: 518</span></div>
road_6096667,path,6096667,metalled,STUBBS ROAD,0.4177653573354053,519,32,#bb7f22cc,#bb7f22cc,@EAAm|rkmIbxxcgA}Ms@mi@gEgz@wFgkAaHqm@{Dit@yE,<div><strong>STUBBS ROAD</strong><br><span>Surface: metalled</span><br><span>Length: 0.42 km</span><br><span>Length rank: 519</span></div>
road_3258195,path,3258195,sealed,FUCHSIA AVENUE,0.4168072445341448,520,32,#1464a5cc,#1464a5cc,@EAA{wyfmI~ak~fA[nDk@`FwZrhBsCzHqBVoy@gIuL|r@,<div><strong>FUCHSIA AVENUE</strong><br><span>Surface: sealed</span><br><span>Length: 0.42 km</span><br><span>Length rank: 520</span></div>
road_3258151,path,3258151,sealed,TAYLOR TERRACE,0.4163906005798439,521,32,#1464a5cc,#1464a5cc,@EAAyzzgmIv|m_gAuA|Ao@lBWnCx@zD`B`BT~A_ArBee@vi@e@z@D|BDhDuBr@cUxWcF`GqRhTu[t_@yNhQaFdG,<div><strong>TAYLOR TERRACE</strong><br><span>Surface: sealed</span><br><span>Length: 0.42 km</span><br><span>Length rank: 521</span></div>
road_3258086,path,3258086,sealed,,0.4159549643824476,522,32,#1464a5cc,#1464a5cc,@EAAuxjjmI~phagAnc@o@~Qd@jN[bFo@rFs@fEyBfBaAxEw@r\yFtW_IdIwCtJoFlG_ElMyOpIiKrDoJhHsRdAqC,<div><strong>Road 3258086</strong><br><span>Surface: sealed</span><br><span>Length: 0.42 km</span><br><span>Length rank: 522</span></div>
road_8328185,path,8328185,sealed,,0.415837339127502,523,32,#1464a5cc,#1464a5cc,@EAAw{hgmI~hh`gAhJwAvNi@pB[xBgAhBuArAk@lB]fDFjCb@tD`AhIpCnAZ~FtArMdCpEv@dHr@fLz@nCTB?pMLhJCnICpBLbB`@hAr@p@jAtAtCt@bCXdB@pBEbBUjAYn@gAr@iCt@gBHwCWcNsBsFcAmDy@yAm@eAu@k@_A_@{AS}BG}CJuE,<div><strong>Road 8328185</strong><br><span>Surface: sealed</span><br><span>Length: 0.42 km</span><br><span>Length rank: 523</span></div>
road_8326473,path,8326473,sealed,,0.4154306119893676,524,32,#1464a5cc,#1464a5cc,@EAAoadfmIjgt_gAgkDn\kDnAcAvBsChm@}CzCiDz@cDnAqCnBaElHIr@RjBf@|@,<div><strong>Road 8326473</strong><br><span>Surface: sealed</span><br><span>Length: 0.42 km</span><br><span>Length rank: 524</span></div>
road_3258257,path,3258257,sealed,GORDON DAVIES LANE,0.4151804792646123,525,32,#1464a5cc,#1464a5cc,@EAAahcimIjb|}fAUkHa@{Ia@}E{@aD{@sBaBkBuDeEcCwBwG{BkE{AuHmAeJkAmAQcAMgC]}A[gBo@gBaAwAgA}@cA_CkDoJuPwN}WoDsGKy@V_BJaAp@uAr@eAvBoA|BmAnAc@lLsCvSmFtL}B,<div><strong>GORDON DAVIES LANE</strong><br><span>Surface: sealed</span><br><span>Length: 0.42 km</span><br><span>Length rank: 525</span></div>
road_3258006,path,3258006,sealed,PUKEKO STREET,0.4130499776209892,526,32,#1464a5cc,#1464a5cc,@EAAccngmI~|iagAeHfAskD|h@kaB~V,<div><strong>PUKEKO STREET</strong><br><span>Surface: sealed</span><br><span>Length: 0.41 km</span><br><span>Length rank: 526</span></div>
road_3258130,path,3258130,sealed,MANGAHARAKEKE DRIVE,0.4079285135510284,527,32,#1464a5cc,#1464a5cc,@EAAughfmIplq_gAfr@ws@dQ{OhG{DxG{ElMwGpb@iRfYgOxEeChDoCrCaEbJaNtDmG,<div><strong>MANGAHARAKEKE DRIVE</strong><br><span>Surface: sealed</span><br><span>Length: 0.41 km</span><br><span>Length rank: 527</span></div>
road_3258106,path,3258106,sealed,GARTHWOOD ROAD,0.4073317543154378,528,32,#1464a5cc,#1464a5cc,@EAAgzmkmIliebgA`IjExPpGzL|C~JTvdAeC|Fs@bG_Bp`Aud@xDoA`FJnl@vE,<div><strong>GARTHWOOD ROAD</strong><br><span>Surface: sealed</span><br><span>Length: 0.41 km</span><br><span>Length rank: 528</span></div>
road_3283030,path,3283030,sealed,ROY STREET,0.4071514214222405,529,32,#1464a5cc,#1464a5cc,@EAAwk~fmIl}u`gAqt@zx@{f@dh@wDlEqBxCYnBPtDt@`DhYtY`BnCp@tC@zCaAhEqDfF_IhJ,<div><strong>ROY STREET</strong><br><span>Surface: sealed</span><br><span>Length: 0.41 km</span><br><span>Length rank: 529</span></div>
road_7742879,path,7742879,sealed,TOKERAU DRIVE,0.4061462740236631,530,32,#1464a5cc,#1464a5cc,@EAAkvhhmIdxy|fAaDyCmDyEwYap@yCaHiC}D_DmCcEiBqEeAeEa@_FAqDVcF|@kGzA{HjCsZhLwk@jOc[fI,<div><strong>TOKERAU DRIVE</strong><br><span>Surface: sealed</span><br><span>Length: 0.41 km</span><br><span>Length rank: 530</span></div>
road_3283377,path,3283377,sealed,COLERIDGE DRIVE,0.4047113823312838,531,32,#1464a5cc,#1464a5cc,@EAA_ygjmIxwa`gAmeA{O_FFyDTcDx@sCxCeQjh@oH~S_@bGRzCxA~DrJ~Jni@`a@,<div><strong>COLERIDGE DRIVE</strong><br><span>Surface: sealed</span><br><span>Length: 0.40 km</span><br><span>Length rank: 531</span></div>
road_3258210,path,3258210,sealed,OXFORD STREET,0.4047000416111047,532,32,#1464a5cc,#1464a5cc,@EAA_iuimIx{i`gAl`C|\fqCn`@,<div><strong>OXFORD STREET</strong><br><span>Surface: sealed</span><br><span>Length: 0.40 km</span><br><span>Length rank: 532</span></div>
road_3258251,path,3258251,sealed,HEATHFIELD AVENUE,0.4039802433254643,533,32,#1464a5cc,#1464a5cc,@EAAcbqimItzz}fAim@eVqE{CsAaBi@eBNiDdF{]v@cFd@cH\yHFgC}@sDcDoFq_@mf@}IgEmKmCcWoB,<div><strong>HEATHFIELD AVENUE</strong><br><span>Surface: sealed</span><br><span>Length: 0.40 km</span><br><span>Length rank: 533</span></div>
road_3283358,path,3283358,sealed,BETLEY CRESCENT,0.4032568175572187,534,32,#1464a5cc,#1464a5cc,@EAAewojmIxhy_gAqgA~_DA|@b@~@dAv@zAj@fv@hO,<div><strong>BETLEY CRESCENT</strong><br><span>Surface: sealed</span><br><span>Length: 0.40 km</span><br><span>Length rank: 534</span></div>
road_3265103,path,3265103,metalled,WOOD ROAD,0.402914353516851,535,32,#bb7f22cc,#bb7f22cc,@EAAiraemItd`dgA|ByaF,<div><strong>WOOD ROAD</strong><br><span>Surface: metalled</span><br><span>Length: 0.40 km</span><br><span>Length rank: 535</span></div>
road_6082181,path,6082181,sealed,LONGBOW TERRACE,0.4022675564577485,536,32,#1464a5cc,#1464a5cc,@EAAui|fmIbtm}fA{`@uBgD_@kCs@uA_@[YcIyG{RuP{DeCoCsA}CaAcDg@_DQgE?eEd@kKfCqPtF}IrCwGfAeGl@sXpDqH^gGl@_J~AmDn@kVdC,<div><strong>LONGBOW TERRACE</strong><br><span>Surface: sealed</span><br><span>Length: 0.40 km</span><br><span>Length rank: 536</span></div>
road_8326471,path,8326471,sealed,GILCHRIST STREET,0.4022520394138678,537,32,#1464a5cc,#1464a5cc,@EAA_mcfmIhuv_gAgDgSkBkKiBwK}AyJ_CuNs@aDGWm@kBmAcD_AwBkAuEec@uyB,<div><strong>GILCHRIST STREET</strong><br><span>Surface: sealed</span><br><span>Length: 0.40 km</span><br><span>Length rank: 537</span></div>
road_3258246,path,3258246,sealed,SOVEREIGN ISLE LANE,0.4016847323314235,538,32,#1464a5cc,#1464a5cc,@EAAw|yhmIhyh~fAw~@aO_dCo`@gEQsCJuGhAsBL{BMsJ{A_MsBwUoD,<div><strong>SOVEREIGN ISLE LANE</strong><br><span>Surface: sealed</span><br><span>Length: 0.40 km</span><br><span>Length rank: 538</span></div>
road_3258140,path,3258140,sealed,MANCHESTER PLACE,0.401281088977388,539,32,#1464a5cc,#1464a5cc,@EAAy~xfmI~le_gAlHhHfS~Pv_Atv@reBxnA,<div><strong>MANCHESTER PLACE</strong><br><span>Surface: sealed</span><br><span>Length: 0.40 km</span><br><span>Length rank: 539</span></div>
road_3258026,path,3258026,sealed,JOHN WEBB DRIVE,0.4007537845522609,540,32,#1464a5cc,#1464a5cc,@EAA}|}imIpk{cgAb{@iLlOsBx^gFlKB~PrAneCtRhCT,<div><strong>JOHN WEBB DRIVE</strong><br><span>Surface: sealed</span><br><span>Length: 0.40 km</span><br><span>Length rank: 540</span></div>
road_3258082,path,3258082,sealed,O'NEILL STREET,0.400581691467317,541,32,#1464a5cc,#1464a5cc,@EAA_poimI~laagAeHiCwp@iV_yDyuA,<div><strong>O&#x27;NEILL STREET</strong><br><span>Surface: sealed</span><br><span>Length: 0.40 km</span><br><span>Length rank: 541</span></div>
road_3258083,path,3258083,sealed,THAMES STREET,0.3980135880454952,542,32,#1464a5cc,#1464a5cc,@EAAgirimIfwu`gAbrAt`@xeAx[~xAvc@zErB,<div><strong>THAMES STREET</strong><br><span>Surface: sealed</span><br><span>Length: 0.40 km</span><br><span>Length rank: 542</span></div>
road_3283147,path,3283147,sealed,PIAKO ROAD,0.3975921789123523,543,32,#1464a5cc,#1464a5cc,@EAAgvtimItwy`gAnmAr^xeAl[fl@`Rpw@xU,<div><strong>PIAKO ROAD</strong><br><span>Surface: sealed</span><br><span>Length: 0.40 km</span><br><span>Length rank: 543</span></div>
road_3258044,path,3258044,sealed,OHAUPO ROAD,0.3973431848043476,544,32,#1464a5cc,#1464a5cc,@EAAgkgimIz~rbgA~Lmc@pC_M`BcLh@sDpI{s@~Dyh@^sEfAqNEiHa@oD{@wDcEmK,<div><strong>OHAUPO ROAD</strong><br><span>Surface: sealed</span><br><span>Length: 0.40 km</span><br><span>Length rank: 544</span></div>
road_3283497,path,3283497,sealed,TE RAPA ACCESS ROAD,0.3970169128739231,545,32,#1464a5cc,#1464a5cc,@EAAszdemI`}b}fA{^r^sQbSsWvYuRfUoCdCsDrBsDvAkD|@cFl@oEZmFAgH_@sKgBeIqAae@mL,<div><strong>TE RAPA ACCESS ROAD</strong><br><span>Surface: sealed</span><br><span>Length: 0.40 km</span><br><span>Length rank: 545</span></div>
road_3258073,path,3258073,sealed,GALWAY AVENUE,0.3945902729345731,546,32,#1464a5cc,#1464a5cc,@EAAmi{imIrn}agAaFxEMLqI`K_FzKk@dFMvK~Fpm@w@vRiFhXY~J~@|G`C~G`IpJfJfEjQzD,<div><strong>GALWAY AVENUE</strong><br><span>Surface: sealed</span><br><span>Length: 0.39 km</span><br><span>Length rank: 546</span></div>
road_3258204,path,3258204,sealed,EDGECUMBE STREET,0.3934323731905216,547,32,#1464a5cc,#1464a5cc,@EAAg{ohmIxtu`gAmf@qcA}Syd@kCoFaQ{]kFeJgSaZkBcDqCmC}EgC,<div><strong>EDGECUMBE STREET</strong><br><span>Surface: sealed</span><br><span>Length: 0.39 km</span><br><span>Length rank: 547</span></div>
road_3258212,path,3258212,sealed,TRANMERE ROAD,0.393347245166493,548,32,#1464a5cc,#1464a5cc,@EAAqq~hmItmc`gA{~B_\ckCu_@,<div><strong>TRANMERE ROAD</strong><br><span>Surface: sealed</span><br><span>Length: 0.39 km</span><br><span>Length rank: 548</span></div>
road_3283361,path,3283361,sealed,DE VERE CRESCENT,0.3929567023745316,549,32,#1464a5cc,#1464a5cc,@EAAkxaimIdz__gA`Da@xDODA|AWnAc@`CeBdBcBdz@ip@nI{C~Ha@~OpBnL~ClKnEjObKpM|OvElI`BzGhAlGHzBCzB,<div><strong>DE VERE CRESCENT</strong><br><span>Surface: sealed</span><br><span>Length: 0.39 km</span><br><span>Length rank: 549</span></div>
road_3258113,path,3258113,sealed,GREENSBORO STREET,0.3926974405458401,550,32,#1464a5cc,#1464a5cc,@EAAmzakmIrqcagAgG~WBjE^`J|AlMKjGw@vFoEhK[t@oAtC_IfJw@|@g_Ar[ey@|V,<div><strong>GREENSBORO STREET</strong><br><span>Surface: sealed</span><br><span>Length: 0.39 km</span><br><span>Length rank: 550</span></div>
road_3283036,path,3283036,sealed,DALTON CRESCENT,0.3923255955447355,551,32,#1464a5cc,#1464a5cc,@EAAupyfmIva`bgAbA}Gn@}JsBk\OoBw@cAkAe@ovAeV}DUsCPyAX}@p@kA`CyPzh@M~DJbDpBtN,<div><strong>DALTON CRESCENT</strong><br><span>Surface: sealed</span><br><span>Length: 0.39 km</span><br><span>Length rank: 551</span></div>
road_3257995,path,3257995,sealed,GRANGE AVENUE,0.3921073335803447,552,32,#1464a5cc,#1464a5cc,@EAAwwtfmI|u{`gA|q@is@tKmLde@og@p`@ob@j_@ka@,<div><strong>GRANGE AVENUE</strong><br><span>Surface: sealed</span><br><span>Length: 0.39 km</span><br><span>Length rank: 552</span></div>
road_3283354,path,3283354,sealed,DOUGLAS CRESCENT,0.3918292423890011,553,32,#1464a5cc,#1464a5cc,@EAAacuimI~iz_gAik@js@}@dB_AxBkKfd@@tC|@~B`CdCbDpA`o@|Hn_AdL,<div><strong>DOUGLAS CRESCENT</strong><br><span>Surface: sealed</span><br><span>Length: 0.39 km</span><br><span>Length rank: 553</span></div>
road_3258234,path,3258234,sealed,ALDONA PLACE,0.3907261411968143,554,32,#1464a5cc,#1464a5cc,@EAA{d`kmIp|t_gAoD~HmSjj@obAvoCuB|F,<div><strong>ALDONA PLACE</strong><br><span>Surface: sealed</span><br><span>Length: 0.39 km</span><br><span>Length rank: 554</span></div>
road_6064040,path,6064040,metalled,,0.3904291713262687,555,32,#bb7f22cc,#bb7f22cc,@EAA}_cfmIdkq}fAvAP~OhBfa@tElVtE|NlDxHfEdFfFxBrFRzFq@rF}BzEqJ`NgGlKwKlUcBpEu@xFz@pFnF`J,<div><strong>Road 6064040</strong><br><span>Surface: metalled</span><br><span>Length: 0.39 km</span><br><span>Length rank: 555</span></div>
road_3258097,path,3258097,sealed,BAILEY AVENUE,0.390218353433318,556,32,#1464a5cc,#1464a5cc,@EAA_qjjmIxbt`gA}vEwz@wNkAaW?aG?,<div><strong>BAILEY AVENUE</strong><br><span>Surface: sealed</span><br><span>Length: 0.39 km</span><br><span>Length rank: 556</span></div>
road_3291511,path,3291511,sealed,MASSEY HALL OVERBRIDGE,0.3896195811721999,557,32,#1464a5cc,#1464a5cc,@EAAaafhmIpyiagAjQrMlDtB|InF|KbG|KjFlK`FlGzCtQxIdEpBrAn@rNjHjUtKzW`Kb[|KnHhC~I`DtBr@,<div><strong>MASSEY HALL OVERBRIDGE</strong><br><span>Surface: sealed</span><br><span>Length: 0.39 km</span><br><span>Length rank: 557</span></div>
road_3283191,path,3283191,sealed,LISTON CRESCENT,0.3886477395057853,558,32,#1464a5cc,#1464a5cc,@EAA{`ikmI`cragAtP~OxIhIdAr@nBbAnC~@fC\dDJ|BQ|Cs@dEkBnmAkr@|BqAbBaBlA_Cz@gB\eCD}B?eDS{DYyC[kBc@yA_A_BiB{BiLkL,<div><strong>LISTON CRESCENT</strong><br><span>Surface: sealed</span><br><span>Length: 0.39 km</span><br><span>Length rank: 558</span></div>
road_7742396,path,7742396,sealed,MANGAHARAKEKE DRIVE,0.3872485531262858,559,32,#1464a5cc,#1464a5cc,@EAAkhdfmIfmk_gAyFnIwEbHuKrMog@nk@cHhKiFjIaG|JsFdKuD~IwTvu@,<div><strong>MANGAHARAKEKE DRIVE</strong><br><span>Surface: sealed</span><br><span>Length: 0.39 km</span><br><span>Length rank: 559</span></div>
road_6097015,path,6097015,unmetalled,,0.3867420625226881,560,32,#734a12cc,#734a12cc,@EAAeeulmI~qoagAiC_@gBo@aA_@yA{@oAq@gBq@eB}@gBw@wAc@iBa@iBQkACqADyA\qAv@kCzBqBbBcl@ff@}|@|t@{@lAUhAEhBLtA^nAhAnAnBrAzExCbAv@Zv@NnAD|AAbC,<div><strong>Road 6097015</strong><br><span>Surface: unmetalled</span><br><span>Length: 0.39 km</span><br><span>Length rank: 560</span></div>
road_3258091,path,3258091,sealed,BOND STREET,0.3863460327939031,561,32,#1464a5cc,#1464a5cc,@EAA}hcjmIda~`gAqMxe@kU|~@iA~C{WjaAyJxa@,<div><strong>BOND STREET</strong><br><span>Surface: sealed</span><br><span>Length: 0.39 km</span><br><span>Length rank: 561</span></div>
road_3283356,path,3283356,sealed,SPRINGFIELD CRESCENT,0.3856392037281563,562,31,#1464a5cc,#1464a5cc,@EAAwiximIdqz_gAuSiQyCqC{BwA_KsBy~AgYiBCaBTy@h@aPpd@aMjj@,<div><strong>SPRINGFIELD CRESCENT</strong><br><span>Surface: sealed</span><br><span>Length: 0.39 km</span><br><span>Length rank: 562</span></div>
road_3258090,path,3258090,sealed,ARGYLE STREET,0.3855750139823873,563,31,#1464a5cc,#1464a5cc,@EAA_tcjmId`eagAjKg`@lYwgAnc@ueB,<div><strong>ARGYLE STREET</strong><br><span>Surface: sealed</span><br><span>Length: 0.39 km</span><br><span>Length rank: 563</span></div>
road_3283350,path,3283350,sealed,YEATS CRESCENT,0.3843386433933586,564,31,#1464a5cc,#1464a5cc,@EAAqpuimIt_h`gA|Nyj@^kC_@gCwCuCgFqAau@cKiJ_@gFImJj@eYdFoPzHoJrIkGdK{DlL,<div><strong>YEATS CRESCENT</strong><br><span>Surface: sealed</span><br><span>Length: 0.38 km</span><br><span>Length rank: 564</span></div>
road_3258095,path,3258095,sealed,PEARSONS AVENUE,0.3838586993439865,565,31,#1464a5cc,#1464a5cc,@EAAyt_jmIzls`gAwD@_T^it@d@w|AhBeMf@sqAdK,<div><strong>PEARSONS AVENUE</strong><br><span>Surface: sealed</span><br><span>Length: 0.38 km</span><br><span>Length rank: 565</span></div>
road_3258236,path,3258236,sealed,RALEIGH AVENUE,0.3838044958595059,566,31,#1464a5cc,#1464a5cc,@EAA}v}jmIhrq_gAda@bJl\xItJpGvLhNxLjXxNzWzEfGpIrEpQnHlWvF~PvC,<div><strong>RALEIGH AVENUE</strong><br><span>Surface: sealed</span><br><span>Length: 0.38 km</span><br><span>Length rank: 566</span></div>
road_3258181,path,3258181,sealed,RIVER ROAD,0.3831217368711384,567,31,#1464a5cc,#1464a5cc,@EAAytwgmIprq~fAzAgB~KsPxCqEnKgRxDiHnEwLtFePnFiQ`F{NxD_KjCcHhCeFfF_IhHsItNoM~EmE,<div><strong>RIVER ROAD</strong><br><span>Surface: sealed</span><br><span>Length: 0.38 km</span><br><span>Length rank: 567</span></div>
road_3283223,path,3283223,sealed,MOONEY STREET,0.3820514258999742,568,31,#1464a5cc,#1464a5cc,@EAAeclfmIrxe`gAgGqZ_FcVeB}AyCi@cnCvVyFRgGu@c\aK,<div><strong>MOONEY STREET</strong><br><span>Surface: sealed</span><br><span>Length: 0.38 km</span><br><span>Length rank: 568</span></div>
road_3258214,path,3258214,sealed,DRYDEN ROAD,0.3818870524978098,569,31,#1464a5cc,#1464a5cc,@EAA_aajmIp_j`gAjq@sdBzJii@OuHcDeF_IkEug@oJ,<div><strong>DRYDEN ROAD</strong><br><span>Surface: sealed</span><br><span>Length: 0.38 km</span><br><span>Length rank: 569</span></div>
road_3258215,path,3258215,sealed,BYRON ROAD,0.3810324402232028,570,31,#1464a5cc,#1464a5cc,@EAAaljjmIdaf`gA`f@|RxItBtGRvFWrZyJ|Im@~Gt@ns@`R|H^|Eo@rCqAnAsAvRek@,<div><strong>BYRON ROAD</strong><br><span>Surface: sealed</span><br><span>Length: 0.38 km</span><br><span>Length rank: 570</span></div>
road_8328189,path,8328189,sealed,,0.3810087874436485,571,31,#1464a5cc,#1464a5cc,@EAAmazfmIfma~fAgA^um@vR{e@nO|d@tw@Nv@dlAs_@,<div><strong>Road 8328189</strong><br><span>Surface: sealed</span><br><span>Length: 0.38 km</span><br><span>Length rank: 571</span></div>
road_3258162,path,3258162,sealed,OLD RUFFELL ROAD,0.3805664408131418,572,31,#1464a5cc,#1464a5cc,@EAAoelemIdg{}fA`AaB`BiDj@wGIyDy@aD}mAgkCcHeJyEyEkFkF,<div><strong>OLD RUFFELL ROAD</strong><br><span>Surface: sealed</span><br><span>Length: 0.38 km</span><br><span>Length rank: 572</span></div>
road_8326478,path,8326478,sealed,EARP CRESCENT,0.3803998543206064,573,31,#1464a5cc,#1464a5cc,@EAA{unjmItyl_gAvi@|L_c@jhAe\nz@}Nl_@,<div><strong>EARP CRESCENT</strong><br><span>Surface: sealed</span><br><span>Length: 0.38 km</span><br><span>Length rank: 573</span></div>
road_3257989,path,3257989,sealed,HAZELWOOD AVENUE,0.3802891810128699,574,31,#1464a5cc,#1464a5cc,@EAA_r|fmIpjnagAe@pH]`IH|Mb@zE`@lHrBfO|Mnm@rRzs@zGvPzBjE`AdGt@zG,<div><strong>HAZELWOOD AVENUE</strong><br><span>Surface: sealed</span><br><span>Length: 0.38 km</span><br><span>Length rank: 574</span></div>
road_7742046,path,7742046,sealed,RIDGEDALE CRESCENT,0.3802315749511593,575,31,#1464a5cc,#1464a5cc,@EAAucmgmIf~b}fAxGj@bXpIlBzBU|Cy@pJqL`~@sAfEqBfEaH~L{Xp^gCpAuC\mESgTwG,<div><strong>RIDGEDALE CRESCENT</strong><br><span>Surface: sealed</span><br><span>Length: 0.38 km</span><br><span>Length rank: 575</span></div>
road_3258129,path,3258129,sealed,,0.3800936283800866,576,31,#1464a5cc,#1464a5cc,@EAAirjfmIpvw_gA^L|An@px@~VbGtA|DPhDQfnAsKxI{@tCoAzE{EdM{SzEwGzB_BfCe@~E_ArIeA,<div><strong>Road 3258129</strong><br><span>Surface: sealed</span><br><span>Length: 0.38 km</span><br><span>Length rank: 576</span></div>
road_3258003,path,3258003,sealed,LYON STREET,0.3798284517844946,577,31,#1464a5cc,#1464a5cc,@EAA_ltgmIzsyagA|JyjAdSogC,<div><strong>LYON STREET</strong><br><span>Surface: sealed</span><br><span>Length: 0.38 km</span><br><span>Length rank: 577</span></div>
road_7742045,path,7742045,sealed,TENNILLE STREET,0.3794267222424574,578,31,#1464a5cc,#1464a5cc,@EAAg{lgmIbbb}fAmGb[mDnT_BbSIdAwEzb@eBhEeFfM{B|CsDnFmB~BqEtFaJdVoFdNmGbI,<div><strong>TENNILLE STREET</strong><br><span>Surface: sealed</span><br><span>Length: 0.38 km</span><br><span>Length rank: 578</span></div>
road_7742404,path,7742404,sealed,WAIKAI CLOSE,0.379422656588199,579,31,#1464a5cc,#1464a5cc,@EAAkgrjmId{l`gAa]mGsDsEnEgUrl@umBpFmCfGBn_@xF,<div><strong>WAIKAI CLOSE</strong><br><span>Surface: sealed</span><br><span>Length: 0.38 km</span><br><span>Length rank: 579</span></div>
road_8328182,path,8328182,sealed,CHALMERS ROAD,0.3789703670689395,580,31,#1464a5cc,#1464a5cc,@EAAqt}emIvjb_gArgB|jABBbOvKbGdFrE~EhBdC`EnGfCrFzQhe@,<div><strong>CHALMERS ROAD</strong><br><span>Surface: sealed</span><br><span>Length: 0.38 km</span><br><span>Length rank: 580</span></div>
road_3258111,path,3258111,sealed,BARRIE CRESCENT,0.3781347821541167,581,31,#1464a5cc,#1464a5cc,@EAAgudlmIj`tagAmv@ob@uBaAmBg@uBUcCIgC@gUjA{s@rDiJd@sF@qF[uFy@sFmBal@a[,<div><strong>BARRIE CRESCENT</strong><br><span>Surface: sealed</span><br><span>Length: 0.38 km</span><br><span>Length rank: 581</span></div>
road_3314739,path,3314739,sealed,SOVEREIGN ISLE LANE,0.3780688240727856,582,31,#1464a5cc,#1464a5cc,@EAA}lbimIz}f~fAqEiAuDs@oNoBqAGkBRm@h@aAxAySrr@{DpNPhAf@z@bAv@zAh@nOhClAHfBKjA_@x@q@t@_BrKs]xEePpHkU,<div><strong>SOVEREIGN ISLE LANE</strong><br><span>Surface: sealed</span><br><span>Length: 0.38 km</span><br><span>Length rank: 582</span></div>
road_3257997,path,3257997,sealed,WOODWARD STREET,0.3772898052005842,583,31,#1464a5cc,#1464a5cc,@EAAeovgmIfggbgAqgFtv@wLrBcG`D,<div><strong>WOODWARD STREET</strong><br><span>Surface: sealed</span><br><span>Length: 0.38 km</span><br><span>Length rank: 583</span></div>
road_3258078,path,3258078,sealed,BEALE STREET,0.3772806219065274,584,31,#1464a5cc,#1464a5cc,@EAAqd{imIpkoagAmOcCcWuDkMmB{g@wH{Eu@y`AoNsQmCoXgGwi@oI,<div><strong>BEALE STREET</strong><br><span>Surface: sealed</span><br><span>Length: 0.38 km</span><br><span>Length rank: 584</span></div>
road_6064038,path,6064038,unmetalled,,0.3772636363682947,585,31,#734a12cc,#734a12cc,@EAAsrbdmIdwi~fA}CzAsAr@s@d@cB~AaD`EcJtLsLjOoW`\wVx[_A`BcBtDcA|COv@k@hGKnDCxBIhBOjAYnBy@bDkCxHsC|GoFrO,<div><strong>Road 6064038</strong><br><span>Surface: unmetalled</span><br><span>Length: 0.38 km</span><br><span>Length rank: 585</span></div>
road_3283284,path,3283284,sealed,ASHLEY STREET,0.3761333732445738,586,31,#1464a5cc,#1464a5cc,@EAAcoogmI`pz~fAfA{DbBeDxJ_QvJ_Q@eB{@gAov@{Uql@oQyh@sQ_IeC_E_AuBOgCEwDK,<div><strong>ASHLEY STREET</strong><br><span>Surface: sealed</span><br><span>Length: 0.38 km</span><br><span>Length rank: 586</span></div>
road_3258142,path,3258142,sealed,HINTON AVENUE,0.3757565010441105,587,31,#1464a5cc,#1464a5cc,@EAAmiugmIbfm`gAidAoj@eIoCmEc@q_@hAoHg@_GoAar@o`@{X}OaFsC,<div><strong>HINTON AVENUE</strong><br><span>Surface: sealed</span><br><span>Length: 0.38 km</span><br><span>Length rank: 587</span></div>
road_3283079,path,3283079,sealed,WALSH STREET,0.3754717676804413,588,31,#1464a5cc,#1464a5cc,@EAAotkgmIxgr`gAoZdT{uA|aAykAbz@,<div><strong>WALSH STREET</strong><br><span>Surface: sealed</span><br><span>Length: 0.38 km</span><br><span>Length rank: 588</span></div>
road_6064025,path,6064025,sealed,,0.3726960123033391,589,31,#1464a5cc,#1464a5cc,@EAAeecjmIvbg_gA}LjTyD`G}HlM}GdMaHtMoAbBeBxCyX~_@uGfIwB|CyG~IyGlKoAdCeFnM{@~BiD~G,<div><strong>Road 6064025</strong><br><span>Surface: sealed</span><br><span>Length: 0.37 km</span><br><span>Length rank: 589</span></div>
road_3258250,path,3258250,sealed,THE FORD,0.3719879659793265,590,31,#1464a5cc,#1464a5cc,@EAAaljimInur}fAa\_Bo|AmH}K_A{H{AmH_CaHqCaMyFmEeBqGkAkIUi_@PwD^uJvB,<div><strong>THE FORD</strong><br><span>Surface: sealed</span><br><span>Length: 0.37 km</span><br><span>Length rank: 590</span></div>
road_6064542,path,6064542,sealed,BRAD AVENUE,0.3706400490035572,591,31,#1464a5cc,#1464a5cc,@EAAqukfmIdle}fAfCnBzAhAzBpB`C`ChBfCz@pB^dBXbBf@`FvAjL`@rHb@dI@bJJ`MFtI]nEu@hEaAbC}BhFiD|HoCxHsDjJcCdFsBhDoG|HmJvI,<div><strong>BRAD AVENUE</strong><br><span>Surface: sealed</span><br><span>Length: 0.37 km</span><br><span>Length rank: 591</span></div>
road_3258043,path,3258043,sealed,ODETTE STREET,0.3703601464678381,592,31,#1464a5cc,#1464a5cc,@EAAwiqimItawbgA_HdHcFjCqv@~b@ky@nd@yJlFqTdM{e@~V,<div><strong>ODETTE STREET</strong><br><span>Surface: sealed</span><br><span>Length: 0.37 km</span><br><span>Length rank: 592</span></div>
road_3258223,path,3258223,sealed,WAKE STREET,0.3697336068085797,593,31,#1464a5cc,#1464a5cc,@EAAsxyhmIpl`_gAcaAyB{tA_CiKHcELwENiGd@ur@xD{FZcCLS@cEGcD@,<div><strong>WAKE STREET</strong><br><span>Surface: sealed</span><br><span>Length: 0.37 km</span><br><span>Length rank: 593</span></div>
road_3283264,path,3283264,sealed,NORMAN HAYWARD PLACE,0.3691804431921253,594,31,#1464a5cc,#1464a5cc,@EAAulvemIb_m~fApk@rZlAtAt@hBJhCUjAMv@_@p@sLdMwZb[mXfYkAhAqUsLm`@uS,<div><strong>NORMAN HAYWARD PLACE</strong><br><span>Surface: sealed</span><br><span>Length: 0.37 km</span><br><span>Length rank: 594</span></div>
road_3283355,path,3283355,sealed,CLAREMONT AVENUE,0.3682702529562282,595,31,#1464a5cc,#1464a5cc,@EAAm~fimIbkf_gAuAJcBPiAd@{@l@aAxA}Tjb@iI`NmT~a@s[vl@_AbCoAxCmHlV_@zDZ`Dj@bB,<div><strong>CLAREMONT AVENUE</strong><br><span>Surface: sealed</span><br><span>Length: 0.37 km</span><br><span>Length rank: 595</span></div>
road_8328193,path,8328193,sealed,ATHIER AVENUE,0.3675081921351377,596,31,#1464a5cc,#1464a5cc,@EAAo|mjmI~lk_gAbWsb@nB{DlEcHfD_HzCsH|DoK~Pmk@hWmaA,<div><strong>ATHIER AVENUE</strong><br><span>Surface: sealed</span><br><span>Length: 0.37 km</span><br><span>Length rank: 596</span></div>
road_3258057,path,3258057,sealed,JOHNSVIEW TERRACE,0.3672187021675975,597,31,#1464a5cc,#1464a5cc,@EAAoopkmIdefbgAyOhUyBxCqAbDm@|C[|CWtCy@fDeBnEaB~CwBnDaCtDy^zh@s@z@s@z@y@p@qAdA}AnBmB~Di@vAs@tAs@`Aa\fg@,<div><strong>JOHNSVIEW TERRACE</strong><br><span>Surface: sealed</span><br><span>Length: 0.37 km</span><br><span>Length rank: 597</span></div>
road_3257985,path,3257985,sealed,LANCASTER STREET,0.3670161225851222,598,31,#1464a5cc,#1464a5cc,@EAAcvtfmIp~_bgApLdiA`DlYfAjGfC`EpC~HjA|FG`Cg@~DaCpHcK`SoArCiAvFyA~M,<div><strong>LANCASTER STREET</strong><br><span>Surface: sealed</span><br><span>Length: 0.37 km</span><br><span>Length rank: 598</span></div>
road_3283206,path,3283206,sealed,,0.3663756240709716,599,31,#1464a5cc,#1464a5cc,@EAAigbkmIbep`gAwB\gEVwC@iIOoHm@}F{@oE]gCCoD\_Cz@{Az@cB`C{BvIi@pF\nCdAhBbBp@d\lAta@h@dCp@`Az@f@nDqBlg@uB|L,<div><strong>Road 3283206</strong><br><span>Surface: sealed</span><br><span>Length: 0.37 km</span><br><span>Length rank: 599</span></div>
road_6064253,path,6064253,sealed,BRIANNAROSE DRIVE,0.3656455434643927,600,31,#1464a5cc,#1464a5cc,@EAAoarjmIdtocgAfMkO|CoElAyA~BuCzGcGvHsKPUzEyGh@s@lE_ExOoJ`HcCpKeD`LcDhH{BfGi@`HAdJ[bLmAbAY`HqBfI}CbHsDxBaA,<div><strong>BRIANNAROSE DRIVE</strong><br><span>Surface: sealed</span><br><span>Length: 0.37 km</span><br><span>Length rank: 600</span></div>
road_3283145,path,3283145,sealed,ALEXANDRA STREET,0.3654348993123759,601,31,#1464a5cc,#1464a5cc,@EAAqkjimIf}kagAcAJe@l@u^~]mPtRydBpfBkDnD,<div><strong>ALEXANDRA STREET</strong><br><span>Surface: sealed</span><br><span>Length: 0.37 km</span><br><span>Length rank: 601</span></div>
road_3283228,path,3283228,sealed,JAMIESON CRESCENT,0.3652638441892054,602,31,#1464a5cc,#1464a5cc,@EAA{wrgmIzpk_gAbl@|JdGhBdInDzw@ld@fAh@zA^dBF~AIxBo@lBiAhz@_z@,<div><strong>JAMIESON CRESCENT</strong><br><span>Surface: sealed</span><br><span>Length: 0.37 km</span><br><span>Length rank: 602</span></div>
road_8326479,path,8326479,sealed,GUILLAUME STREET,0.3649164209843991,603,31,#1464a5cc,#1464a5cc,@EAA{smjmI~vd_gAABqMpb@wYb_AoYfr@uX`g@,<div><strong>GUILLAUME STREET</strong><br><span>Surface: sealed</span><br><span>Length: 0.36 km</span><br><span>Length rank: 603</span></div>
road_3283177,path,3283177,sealed,YOUNG STREET,0.3639887901795113,604,31,#1464a5cc,#1464a5cc,@EAA}}djmIxuu`gAnAlo@rDnCdI^tqDqE,<div><strong>YOUNG STREET</strong><br><span>Surface: sealed</span><br><span>Length: 0.36 km</span><br><span>Length rank: 604</span></div>
road_3283224,path,3283224,sealed,RIDOUT STREET,0.3631982719592487,605,31,#1464a5cc,#1464a5cc,@EAAqzvgmIjfq`gAot@rXqDdAiEv@mRhBug@hFmHh@qCf@uEvAmCdAul@pf@qEnDkDnAsCXkDC,<div><strong>RIDOUT STREET</strong><br><span>Surface: sealed</span><br><span>Length: 0.36 km</span><br><span>Length rank: 605</span></div>
road_3291510,path,3291510,sealed,LINCOLN STREET,0.3626252723034822,606,31,#1464a5cc,#1464a5cc,@EAAs|jgmIfa}`gAci@x`@_m@za@ag@lWu`@bRm_@zS,<div><strong>LINCOLN STREET</strong><br><span>Surface: sealed</span><br><span>Length: 0.36 km</span><br><span>Length rank: 606</span></div>
road_3283037,path,3283037,sealed,GLENDALE DRIVE,0.3626177129487245,607,31,#1464a5cc,#1464a5cc,@EAAsurfmIztragAjJ_AlEIbHHrQdAdB[z@m@z@gA^mA^oNYqIsUcy@{AeKeJFo^dEwEdAaErBcItG,<div><strong>GLENDALE DRIVE</strong><br><span>Surface: sealed</span><br><span>Length: 0.36 km</span><br><span>Length rank: 607</span></div>
road_7742405,path,7742405,sealed,MEDWAY PLACE,0.3625260399835289,608,31,#1464a5cc,#1464a5cc,@EAAizijmIpue_gAo_@|uA{AhFqCtJ{HrSyKfU_MfUy@jAo@`A}IpM,<div><strong>MEDWAY PLACE</strong><br><span>Surface: sealed</span><br><span>Length: 0.36 km</span><br><span>Length rank: 608</span></div>
road_7742029,path,7742029,sealed,VOIGHT AVENUE,0.3620622491753193,609,31,#1464a5cc,#1464a5cc,@EAA_|jjmIpbl_gAt@gChDgLzFwRdXe~@vFaTr\{gA,<div><strong>VOIGHT AVENUE</strong><br><span>Surface: sealed</span><br><span>Length: 0.36 km</span><br><span>Length rank: 609</span></div>
road_3283143,path,3283143,sealed,VIALOU STREET,0.3616959374922942,610,31,#1464a5cc,#1464a5cc,@EAAuf}hmI|jdagAjq@qt@pcBcnB,<div><strong>VIALOU STREET</strong><br><span>Surface: sealed</span><br><span>Length: 0.36 km</span><br><span>Length rank: 610</span></div>
road_6064273,path,6064273,sealed,KAHU CRESCENT,0.3616228939647927,611,31,#1464a5cc,#1464a5cc,@EAAae|emIfhr~fAx^jUfSfMjBpBd@xBcAvCaCxBov@po@{CnBuCZmEe@yDoBa]mUsJ_F,<div><strong>KAHU CRESCENT</strong><br><span>Surface: sealed</span><br><span>Length: 0.36 km</span><br><span>Length rank: 611</span></div>
road_7742846,path,7742846,sealed,CAPPER CRESCENT,0.3614004931295554,612,31,#1464a5cc,#1464a5cc,@EAAavijmI`eb_gAzZfFrSjDrb@rGlDdB|@hD}Kt`@{AdEcCzAqFJia@uG}p@yK,<div><strong>CAPPER CRESCENT</strong><br><span>Surface: sealed</span><br><span>Length: 0.36 km</span><br><span>Length rank: 612</span></div>
road_3258158,path,3258158,sealed,PORTAL CRESCENT,0.3611782376349301,613,31,#1464a5cc,#1464a5cc,@EAAew`hmIrg~_gArAy@zLmNjBcCdA{DdMwkBa@qCoAeB_CgCoDqBal@}T,<div><strong>PORTAL CRESCENT</strong><br><span>Surface: sealed</span><br><span>Length: 0.36 km</span><br><span>Length rank: 613</span></div>
road_6082272,path,6082272,sealed,GLAISDALE CRESCENT,0.3611488774232955,614,31,#1464a5cc,#1464a5cc,@EAAybdgmI~cc}fAfBg@vEuAjBk@hBq@rB{@nAs@|FeDvFkCdEyAfHuAdFo@hEWlGWn`@}@vAGlR{@nDGbBFbBRjAh@fAjBl@nCjA~HbBnRhDxg@,<div><strong>GLAISDALE CRESCENT</strong><br><span>Surface: sealed</span><br><span>Length: 0.36 km</span><br><span>Length rank: 614</span></div>
road_6064246,path,6064246,unmetalled,,0.3598401398947066,615,31,#734a12cc,#734a12cc,@EAAscnkmIdandgAvDmTh@{CfAwAzAaAdDgB|F_DfG_FjDkEG}Cc@iByCqBmG_EeCeH[eDL_Dx@qDtJaZnMuZfK{S|C}F,<div><strong>Road 6064246</strong><br><span>Surface: unmetalled</span><br><span>Length: 0.36 km</span><br><span>Length rank: 615</span></div>
road_3258000,path,3258000,sealed,RHODE STREET,0.3590464745106901,616,31,#1464a5cc,#1464a5cc,@EAAcnlgmI`w_bgAwjAxPaIjAixAzP}BXk~@zT,<div><strong>RHODE STREET</strong><br><span>Surface: sealed</span><br><span>Length: 0.36 km</span><br><span>Length rank: 616</span></div>
road_3258249,path,3258249,sealed,PARKSIDE DRIVE,0.3583930106956485,617,31,#1464a5cc,#1464a5cc,@EAA}z~hmIzvz}fAwUdBq_@v@}CYgCiAcIsJ{Tma@{FaJgZwj@cJmR}@_FOsE,<div><strong>PARKSIDE DRIVE</strong><br><span>Surface: sealed</span><br><span>Length: 0.36 km</span><br><span>Length rank: 617</span></div>
road_3314479,path,3314479,sealed,THE LINK,0.3581427342064651,618,31,#1464a5cc,#1464a5cc,@EAAy_ggmIpz|}fA_e@wJcWiIiNcKi@uBsDeOcEwPaFeHu@Q}Cs@aE_A_GP}E~@qFfDiE|DcGxFwDtBkZnL,<div><strong>THE LINK</strong><br><span>Surface: sealed</span><br><span>Length: 0.36 km</span><br><span>Length rank: 618</span></div>
road_3258137,path,3258137,sealed,CRAWFORD STREET,0.3576313390213121,619,31,#1464a5cc,#1464a5cc,@EAAgiwfmIjt``gAbQxdADbAA|Fg@bCaDnGaCnDiThVqRtT}C|D{@`CG~Gb@jFnBlO,<div><strong>CRAWFORD STREET</strong><br><span>Surface: sealed</span><br><span>Length: 0.36 km</span><br><span>Length rank: 619</span></div>
road_3258084,path,3258084,sealed,STANLEY STREET,0.3574533007660591,620,31,#1464a5cc,#1464a5cc,@EAAcajimIrmv`gA{DFqB?cEw@crEquA,<div><strong>STANLEY STREET</strong><br><span>Surface: sealed</span><br><span>Length: 0.36 km</span><br><span>Length rank: 620</span></div>
road_3258196,path,3258196,sealed,CHERRYWOOD STREET,0.3569349693754344,621,31,#1464a5cc,#1464a5cc,@EAAcupgmIpqs~fAps@js@nD|AbE|@nh@bHzGf@rGKpJcAfF}AvGcDfMqKrEmCrG_BrN{ChF_A,<div><strong>CHERRYWOOD STREET</strong><br><span>Surface: sealed</span><br><span>Length: 0.36 km</span><br><span>Length rank: 621</span></div>
road_3258029,path,3258029,sealed,LILAC STREET,0.3568915058538235,622,31,#1464a5cc,#1464a5cc,@EAAkmqhmIl~ecgAaJFgLjBiLtBaL~EgJvHo[j`@kb@hi@oc@pk@,<div><strong>LILAC STREET</strong><br><span>Surface: sealed</span><br><span>Length: 0.36 km</span><br><span>Length rank: 622</span></div>
road_3283412,path,3283412,sealed,HASWELL PLACE,0.3551177568506997,623,31,#1464a5cc,#1464a5cc,@EAAi`kimI~``~fAlCcHj@{Cv@kDpAoFp@qE[kB]gAi@w@{A{@sBq@kHAgMlA_MxAeK|AmL~AeGr@mCXyGl@qCTyNdAuBZoR~CsUvDm`@hE,<div><strong>HASWELL PLACE</strong><br><span>Surface: sealed</span><br><span>Length: 0.36 km</span><br><span>Length rank: 623</span></div>
road_3258186,path,3258186,sealed,ROTOTUNA ROAD,0.3548054731081376,624,31,#1464a5cc,#1464a5cc,@EAAwszgmIbvh~fA}HrAiGr@aFHuEa@yDu@sB]wkCoc@ed@oHoSeD,<div><strong>ROTOTUNA ROAD</strong><br><span>Surface: sealed</span><br><span>Length: 0.35 km</span><br><span>Length rank: 624</span></div>
road_6064250,path,6064250,unmetalled,,0.3546350200966099,625,31,#734a12cc,#734a12cc,@EAA_ccdmIvdj_gAvCgEd@_ALcAC{@Q{@_@y@m@i@gCwBuIcIqHkIaHyGsEcE}HoHsFiFcGaH}EmG}CmEu@eBw@kDUaBaAsHg@{I[iBg@kAy@_AiAy@mAo@aBi@aB_@uBYmD_@gCMuAAwBBoHZeDH,<div><strong>Road 6064250</strong><br><span>Surface: unmetalled</span><br><span>Length: 0.35 km</span><br><span>Length rank: 625</span></div>
road_3258101,path,3258101,sealed,KITCHENER STREET,0.3545203136697122,626,31,#1464a5cc,#1464a5cc,@EAAcvoimI|xv`gAspAj}Bq_@nr@,<div><strong>KITCHENER STREET</strong><br><span>Surface: sealed</span><br><span>Length: 0.35 km</span><br><span>Length rank: 626</span></div>
road_3283048,path,3283048,sealed,TATTERSFIELD PLACE,0.3524373021792904,627,31,#1464a5cc,#1464a5cc,@EAAg|bgmIvz}agA_c@~nB{Jpe@c@pAkAx@qBf@uBRqf@wC,<div><strong>TATTERSFIELD PLACE</strong><br><span>Surface: sealed</span><br><span>Length: 0.35 km</span><br><span>Length rank: 627</span></div>
road_3258176,path,3258176,sealed,CLEMATIS AVENUE,0.3522000356017016,628,31,#1464a5cc,#1464a5cc,@EAA}swfmIl~j~fAc@rF{@xG{l@~pD,<div><strong>CLEMATIS AVENUE</strong><br><span>Surface: sealed</span><br><span>Length: 0.35 km</span><br><span>Length rank: 628</span></div>
road_3283360,path,3283360,sealed,HERITAGE AVENUE,0.3521974848720275,629,31,#1464a5cc,#1464a5cc,@EAAat`jmIljd_gAmStTiBlCi@rCIlEPjFlFnTtDvRrCnMt@zAbBnBhDhC|Bt@hCj@rBJvBMtGaAnEiAxMmDvM}BvPuClK}A,<div><strong>HERITAGE AVENUE</strong><br><span>Surface: sealed</span><br><span>Length: 0.35 km</span><br><span>Length rank: 629</span></div>
road_3258125,path,3258125,sealed,ALDERSHOT PLACE,0.3521661678253455,630,31,#1464a5cc,#1464a5cc,@EAAsqafmIt`r`gAmOqGeCq@sBEwBHuAv@sVpZgX~VgDpEw@lBYpDXpGjAtGlA`FjBlF~BdHTnIRvb@,<div><strong>ALDERSHOT PLACE</strong><br><span>Surface: sealed</span><br><span>Length: 0.35 km</span><br><span>Length rank: 630</span></div>
road_3283172,path,3283172,sealed,SCOTT AVENUE,0.3509466541861407,631,31,#1464a5cc,#1464a5cc,@EAAc`rjmI~ieagA`b@`HxDfB|[|EbDH|E]vFSnDDfaAnNrg@tKfSvC|Ht@hDD,<div><strong>SCOTT AVENUE</strong><br><span>Surface: sealed</span><br><span>Length: 0.35 km</span><br><span>Length rank: 631</span></div>
road_3265091,path,3265091,sealed,GAINSFORD ROAD,0.3507974703939382,632,31,#1464a5cc,#1464a5cc,@EAAysrkmIneedgAoDDeBA{AOuCg@wC}@kJeDyKyDmHsCiDsAgBw@aB_AuByAcDmCqHgGgFeEgFsDiFeEkGcFqIoHuGeFgKuIcPiMmTqQ,<div><strong>GAINSFORD ROAD</strong><br><span>Surface: sealed</span><br><span>Length: 0.35 km</span><br><span>Length rank: 632</span></div>
road_3258159,path,3258159,sealed,ANN STREET,0.350328153031064,633,31,#1464a5cc,#1464a5cc,@EAAawehmIhty_gA}AhAgFzD}\fWwB~AeFjC_[|O}AjAkCpCmM`QiAzAyLhPmKnQ}@lCFvAH`@RnAd@f@j@l@zCfAjDl@jO`C,<div><strong>ANN STREET</strong><br><span>Surface: sealed</span><br><span>Length: 0.35 km</span><br><span>Length rank: 633</span></div>
road_8326496,path,8326496,sealed,KEERANGI PLACE,0.3497691031161201,634,31,#1464a5cc,#1464a5cc,@EAA}arhmIzxg}fA|Nk@li@sJjL}BtDuCnDwFt@_G}@{FuC_JoCcI{F_QkDeRfAwDzBkCdBcBnIeDhGqB~LeC,<div><strong>KEERANGI PLACE</strong><br><span>Surface: sealed</span><br><span>Length: 0.35 km</span><br><span>Length rank: 634</span></div>
road_3283027,path,3283027,sealed,EDGAR STREET,0.3497317839925021,635,31,#1464a5cc,#1464a5cc,@EAAavygmIlxfagAjVd}@|]tmApFjTHJtA|BhBvA~Ct@~CJnEW`E{@,<div><strong>EDGAR STREET</strong><br><span>Surface: sealed</span><br><span>Length: 0.35 km</span><br><span>Length rank: 635</span></div>
road_3258005,path,3258005,sealed,MICHAEL AVENUE,0.3496048292484133,636,31,#1464a5cc,#1464a5cc,@EAAswcgmItlhagAj\xnA|@dGGtDkCfKuBnF}@bEDfIl@rHxQnq@,<div><strong>MICHAEL AVENUE</strong><br><span>Surface: sealed</span><br><span>Length: 0.35 km</span><br><span>Length rank: 636</span></div>
road_3283398,path,3283398,sealed,TUDOR CRESCENT,0.3491123281651923,637,31,#1464a5cc,#1464a5cc,@EAAimiimIthb_gAwcAcR}CYqEXaH~BkI`F{DdFyBzG{@lFn@~OpBhInCnClDpAxr@fT,<div><strong>TUDOR CRESCENT</strong><br><span>Surface: sealed</span><br><span>Length: 0.35 km</span><br><span>Length rank: 637</span></div>
road_6064251,path,6064251,metalled,TUI AVENUE,0.3485286412493599,638,31,#bb7f22cc,#bb7f22cc,@EAAifggmIj_r`gAjnAalC`Sqe@,<div><strong>TUI AVENUE</strong><br><span>Surface: metalled</span><br><span>Length: 0.35 km</span><br><span>Length rank: 638</span></div>
road_3283418,path,3283418,sealed,GRACE AVENUE,0.3484355466983368,639,31,#1464a5cc,#1464a5cc,@EAAudqhmIzav}fAcA|JDfChAhD|@hBrBrAdCdAtCt@|j@~J~NjB`iAgzA,<div><strong>GRACE AVENUE</strong><br><span>Surface: sealed</span><br><span>Length: 0.35 km</span><br><span>Length rank: 639</span></div>
road_3258030,path,3258030,sealed,PRISCILLA CRESCENT,0.3479842235973508,640,31,#1464a5cc,#1464a5cc,@EAAspthmIvmbcgAcZrKeCj@eCp@em@lJiHNyFKoE{@oDkAobAmp@qGgBmXiD,<div><strong>PRISCILLA CRESCENT</strong><br><span>Surface: sealed</span><br><span>Length: 0.35 km</span><br><span>Length rank: 640</span></div>
road_3283040,path,3283040,sealed,LINDSAY CRESCENT,0.3474649032663627,641,31,#1464a5cc,#1464a5cc,@EAAe}sfmItp`agAbs@`_@fuAbr@bn@f[~BlDlAhC,<div><strong>LINDSAY CRESCENT</strong><br><span>Surface: sealed</span><br><span>Length: 0.35 km</span><br><span>Length rank: 641</span></div>
road_3258157,path,3258157,sealed,COTTON STREET,0.347189279625389,642,30,#1464a5cc,#1464a5cc,@EAAc`tgmInzw_gAkiAwy@acBgnA,<div><strong>COTTON STREET</strong><br><span>Surface: sealed</span><br><span>Length: 0.35 km</span><br><span>Length rank: 642</span></div>
road_7742386,path,7742386,sealed,TE TIIREKE DRIVE,0.3466977350876092,643,30,#1464a5cc,#1464a5cc,@EAAurojmInuncgAdFiEdRmHp`@sNHC|IqCxIT`Ht@rH`DdPf^|AjCjBzD|InOtA|KJ~Iq@jM,<div><strong>TE TIIREKE DRIVE</strong><br><span>Surface: sealed</span><br><span>Length: 0.35 km</span><br><span>Length rank: 643</span></div>
road_3258011,path,3258011,sealed,EMPIRE STREET,0.3459187031615263,644,30,#1464a5cc,#1464a5cc,@EAA}cehmIbucagAvFt^rF~]Nz@~I~k@jAtKfA|D`ClC`EvCpDfAbEpAp^rZtAnB,<div><strong>EMPIRE STREET</strong><br><span>Surface: sealed</span><br><span>Length: 0.35 km</span><br><span>Length rank: 644</span></div>
road_7742022,path,7742022,sealed,TE KOWHAI ROAD,0.3458750661403637,645,30,#1464a5cc,#1464a5cc,@EAAmodemIlzu~fAsEoMKqDl@gEr@iClA}Ebb@gzAjLcc@`FsNrBiD,<div><strong>TE KOWHAI ROAD</strong><br><span>Surface: sealed</span><br><span>Length: 0.35 km</span><br><span>Length rank: 645</span></div>
road_3258211,path,3258211,sealed,HAULTAIN STREET,0.345601914956354,646,30,#1464a5cc,#1464a5cc,@EAAsm}hmIlk``gA}b@faB[pVmB`JgBnEgDfGgFfFsZ~U,<div><strong>HAULTAIN STREET</strong><br><span>Surface: sealed</span><br><span>Length: 0.35 km</span><br><span>Length rank: 646</span></div>
road_3283409,path,3283409,sealed,GLEN CREE AVENUE,0.3454633466146674,647,30,#1464a5cc,#1464a5cc,@EAA{pvhmIjzk~fAIxCWrEeAlDcDnScEzWcGfTsKn\[tBNvCtBvCfz@nVbFp@lEN,<div><strong>GLEN CREE AVENUE</strong><br><span>Surface: sealed</span><br><span>Length: 0.35 km</span><br><span>Length rank: 647</span></div>
road_3283187,path,3283187,sealed,HOGAN STREET,0.3454223510454443,648,30,#1464a5cc,#1464a5cc,@EAAsvdkmIbwgagAz\fl@fb@dt@dPdY~JpIfLzDf`@xF,<div><strong>HOGAN STREET</strong><br><span>Surface: sealed</span><br><span>Length: 0.35 km</span><br><span>Length rank: 648</span></div>
road_3258217,path,3258217,sealed,MCMEEKAN AVENUE,0.3453818535587341,649,30,#1464a5cc,#1464a5cc,@EAAgewimIdfd_gAkBnGmEdMeP|[w\bm@s[he@{BvDa@bEWnIWzHS~G,<div><strong>MCMEEKAN AVENUE</strong><br><span>Surface: sealed</span><br><span>Length: 0.35 km</span><br><span>Length rank: 649</span></div>
road_3258080,path,3258080,sealed,VON TEMPSKY STREET,0.3436308931758348,650,30,#1464a5cc,#1464a5cc,@EAA_b}imIlypagA`BcGxPqn@v^_tAxOyk@,<div><strong>VON TEMPSKY STREET</strong><br><span>Surface: sealed</span><br><span>Length: 0.34 km</span><br><span>Length rank: 650</span></div>
road_3258187,path,3258187,sealed,NIELSEN GARDENS,0.3435492475372847,651,30,#1464a5cc,#1464a5cc,@EAAo~bhmIpcf~fAnDmG~FyPpIcZdDyOpGuUpMg_@`Lq[dCoLhA_P,<div><strong>NIELSEN GARDENS</strong><br><span>Surface: sealed</span><br><span>Length: 0.34 km</span><br><span>Length rank: 651</span></div>
road_3258208,path,3258208,sealed,LAURENCE STREET,0.343434846583069,652,30,#1464a5cc,#1464a5cc,@EAAcd|hmIhre_gAzG`Azk@tIng@zGzKv@pIH`JKpI[~Gi@vFu@nOqCjBa@~DQtB@nDb@rg@dHbCH,<div><strong>LAURENCE STREET</strong><br><span>Surface: sealed</span><br><span>Length: 0.34 km</span><br><span>Length rank: 652</span></div>
road_3283115,path,3283115,sealed,OHAUPO ROAD,0.3424789838620848,653,30,#1464a5cc,#1464a5cc,@EAAgjkimIbmybgAqX`T{MlJaCrCk@dDAxCHzSDdMIvPInNZvOTrM`Fd^,<div><strong>OHAUPO ROAD</strong><br><span>Surface: sealed</span><br><span>Length: 0.34 km</span><br><span>Length rank: 653</span></div>
road_7742387,path,7742387,sealed,,0.3423131554973881,654,30,#1464a5cc,#1464a5cc,@EAAq{tjmIrikcgAbK|HjLzI|H`GdDtBzB`AnBj@pBJlB?|AO`BY|As@tYkSrUgPnAqA`@_ARiAE{AWiAYiAEaAJ_BDqAE_@Ei@c@gAy@mA{AiAoN{HqIcFiDqCiCkC,<div><strong>Road 7742387</strong><br><span>Surface: sealed</span><br><span>Length: 0.34 km</span><br><span>Length rank: 654</span></div>
road_8328175,path,8328175,sealed,AKAKURA TERRACE,0.3421794428409313,655,30,#1464a5cc,#1464a5cc,@EAAsvljmIxqzcgAlq@iEj[{AdTy@pAb@hAtAx@~ML|GyJnh@_EdSiDfR,<div><strong>AKAKURA TERRACE</strong><br><span>Surface: sealed</span><br><span>Length: 0.34 km</span><br><span>Length rank: 655</span></div>
road_3283092,path,3283092,sealed,WILLIS STREET,0.3411359383016448,656,30,#1464a5cc,#1464a5cc,@EAAwruimIzmsbgAkE~Vg@tLpAdKnLh{@[pK_HzKqo@dc@,<div><strong>WILLIS STREET</strong><br><span>Surface: sealed</span><br><span>Length: 0.34 km</span><br><span>Length rank: 656</span></div>
road_8328197,path,8328197,sealed,GOSSET AVENUE,0.34047024880198,657,30,#1464a5cc,#1464a5cc,@EAAwwojmI`ni_gA}e@kLyAoA_@gA|@iD`U{c@nJkU|Ooj@pj@xI,<div><strong>GOSSET AVENUE</strong><br><span>Surface: sealed</span><br><span>Length: 0.34 km</span><br><span>Length rank: 657</span></div>
road_3283273,path,3283273,sealed,AMOKURA CRESCENT,0.3400759128529406,658,30,#1464a5cc,#1464a5cc,@EAA_nofmIpdv}fAns@co@r@aAh@_Ca@}BcQkLeEiAcE]ai@IkC\aQlC}Jl@sFp@iJpDqFjE,<div><strong>AMOKURA CRESCENT</strong><br><span>Surface: sealed</span><br><span>Length: 0.34 km</span><br><span>Length rank: 658</span></div>
road_8326482,path,8326482,sealed,MAANIHI DRIVE,0.3399078182250157,659,30,#1464a5cc,#1464a5cc,@EAA_y|hmIjep}fARGpxDojAt[}I,<div><strong>MAANIHI DRIVE</strong><br><span>Surface: sealed</span><br><span>Length: 0.34 km</span><br><span>Length rank: 659</span></div>
road_3283105,path,3283105,sealed,JOANNA PLACE,0.3395150964224133,660,30,#1464a5cc,#1464a5cc,@EAAoj`imIxrhcgA{BnE_BtC_C`Dia@bc@yCtD{AnFyGn`@i@~G@fEv@fC`BtCbBvBvDnC|BbAvEdAjW`BvObA,<div><strong>JOANNA PLACE</strong><br><span>Surface: sealed</span><br><span>Length: 0.34 km</span><br><span>Length rank: 660</span></div>
road_3258164,path,3258164,sealed,THE BASE PARADE,0.3385902941554216,661,30,#1464a5cc,#1464a5cc,@EAAcpefmIde__gAc[yTiIsHmCaC}@kBc@cCyAwBeDuBuC}AcM_JgBoBsBuBcK_F{MaJgVkN}\iSuHoF,<div><strong>THE BASE PARADE</strong><br><span>Surface: sealed</span><br><span>Length: 0.34 km</span><br><span>Length rank: 661</span></div>
road_7742428,path,7742428,sealed,KAPUA CRESCENT,0.3373589313845414,662,30,#1464a5cc,#1464a5cc,@EAAqiahmI~dt|fAePy@_Fc@yEm@iDa@kCW_CQmBEiEDG?aEV{Dl@yG`BiJ|ByDhA}CdBs@j@{AlA{AvBmAvCa@|CCvC\tFp@vFxA~GlCdIfHfN|O|TtBvC,<div><strong>KAPUA CRESCENT</strong><br><span>Surface: sealed</span><br><span>Length: 0.34 km</span><br><span>Length rank: 662</span></div>
road_3258156,path,3258156,sealed,EUCLID AVENUE,0.3367399174289913,663,30,#1464a5cc,#1464a5cc,@EAAoingmIv{p_gA|gEneB,<div><strong>EUCLID AVENUE</strong><br><span>Surface: sealed</span><br><span>Length: 0.34 km</span><br><span>Length rank: 663</span></div>
road_3258226,path,3258226,sealed,BETTINA ROAD,0.3366170309287051,664,30,#1464a5cc,#1464a5cc,@EAA{mfimIldo`gAokB}X_|AeTsZiE,<div><strong>BETTINA ROAD</strong><br><span>Surface: sealed</span><br><span>Length: 0.34 km</span><br><span>Length rank: 664</span></div>
road_3283438,path,3283438,sealed,CHRISTOBEL CIRCLE,0.3365262561458679,665,30,#1464a5cc,#1464a5cc,@EAAkz_imIpir}fA@On@yF^oEf@eJ~CcJdBaCvB{BvAw@`Cy@lEm@vGM|A`@tBjAnC~A`CxDrCjKb@vCSzFu@jJs@tF{AnBoBlByCdAcEf@sBA{_@yA]iL,<div><strong>CHRISTOBEL CIRCLE</strong><br><span>Surface: sealed</span><br><span>Length: 0.34 km</span><br><span>Length rank: 665</span></div>
road_3258160,path,3258160,sealed,LARNACH STREET,0.3351194261169403,666,30,#1464a5cc,#1464a5cc,@EAAeicgmI~fa_gAgRnKyFnB{JPuABw~@cAomAyAuOAaCt@}D~CwIhI,<div><strong>LARNACH STREET</strong><br><span>Surface: sealed</span><br><span>Length: 0.34 km</span><br><span>Length rank: 666</span></div>
road_6064562,path,6064562,sealed,CHALMERS ROAD,0.3339434713064602,667,30,#1464a5cc,#1464a5cc,@EAAo~bfmIzg~~fAxFbEhOpL`~@|n@~@p@rc@`[`RdN`XlQ,<div><strong>CHALMERS ROAD</strong><br><span>Surface: sealed</span><br><span>Length: 0.33 km</span><br><span>Length rank: 667</span></div>
road_3283144,path,3283144,sealed,ANGLESEA STREET,0.3337712908197531,668,30,#1464a5cc,#1464a5cc,@EAAkbrimIpjwagAaVbWcUdVoOfPgDlDsLbMc}@z`A,<div><strong>ANGLESEA STREET</strong><br><span>Surface: sealed</span><br><span>Length: 0.33 km</span><br><span>Length rank: 668</span></div>
road_3258197,path,3258197,sealed,WHITNEY PLACE,0.333075987145672,669,30,#1464a5cc,#1464a5cc,@EAAwtvgmI~_n}fAs\tk@uNnSkE~CaFnA_FFos@qDiNTkBVmOxCsMtGcG|D,<div><strong>WHITNEY PLACE</strong><br><span>Surface: sealed</span><br><span>Length: 0.33 km</span><br><span>Length rank: 669</span></div>
road_3283116,path,3283116,sealed,JONES CRESCENT,0.33118357826647,670,30,#1464a5cc,#1464a5cc,@EAAamlimI`gubgA@{CSeF{AwPgAcD}AgC}EqDwGcC{gA}S{CGeEJqD^oCl@iH~CuD|C_DlG}@tEZpGnB|I,<div><strong>JONES CRESCENT</strong><br><span>Surface: sealed</span><br><span>Length: 0.33 km</span><br><span>Length rank: 670</span></div>
road_7742792,path,7742792,sealed,INUWAI STREET,0.330874432503887,671,30,#1464a5cc,#1464a5cc,@EAAutpjmIj`ncgAjRpLrMpFzKfG~EhDhCbFpAzG`AdEh@vCzA|Jv@jBdBxB|AfAnBp@lCRfDSz{@}JfVx@,<div><strong>INUWAI STREET</strong><br><span>Surface: sealed</span><br><span>Length: 0.33 km</span><br><span>Length rank: 671</span></div>
road_3283210,path,3283210,sealed,FARNBOROUGH DRIVE,0.3307665474047362,672,30,#1464a5cc,#1464a5cc,@EAAq~~emIbsp`gAcRtTuG~JcDjLW~JvBvOf@~]u@`R?tL|Dxe@,<div><strong>FARNBOROUGH DRIVE</strong><br><span>Surface: sealed</span><br><span>Length: 0.33 km</span><br><span>Length rank: 672</span></div>
road_3258118,path,3258118,sealed,SUBSTATION ROAD,0.3306058998430821,673,30,#1464a5cc,#1464a5cc,@EAAa{yjmIt|}`gAbVgiCpBiVxC{U,<div><strong>SUBSTATION ROAD</strong><br><span>Surface: sealed</span><br><span>Length: 0.33 km</span><br><span>Length rank: 673</span></div>
road_8329694,path,8329694,sealed,HALO GREEN,0.3303110443442327,674,30,#1464a5cc,#1464a5cc,@EAAedkjmInkzcgAcJq}@`@uBpCmI|AgAxBGdd@rEtAh@dAdAzH|x@FxBi@vB,<div><strong>HALO GREEN</strong><br><span>Surface: sealed</span><br><span>Length: 0.33 km</span><br><span>Length rank: 674</span></div>
road_3283363,path,3283363,sealed,WOODSTOCK ROAD,0.3301552119602128,675,30,#1464a5cc,#1464a5cc,@EAAuguhmI`ui`gAJeB~CgVz@yOp@cGd@_FNcCCwAe@wB{@cBqBaBkEcBmGiAmBUqe@iHabAaNeCIoAL,<div><strong>WOODSTOCK ROAD</strong><br><span>Surface: sealed</span><br><span>Length: 0.33 km</span><br><span>Length rank: 675</span></div>
road_3283226,path,3283226,sealed,CHARLES CRESCENT,0.330098825538856,676,30,#1464a5cc,#1464a5cc,@EAAcz~gmIxu``gAsCfAmS|H{N|EgG|AwGx@cEX}RIgYwHaVsG}nAa\,<div><strong>CHARLES CRESCENT</strong><br><span>Surface: sealed</span><br><span>Length: 0.33 km</span><br><span>Length rank: 676</span></div>
road_3283330,path,3283330,sealed,BENTLEY RISE,0.3298327417514467,677,30,#1464a5cc,#1464a5cc,@EAAs~yfmIhvy}fAfAuDf@yFiBsHyh@_a@u@q@iB_@sALiHxB{FxCcBnD`BjMT`Ch@|A~DnErHpDbHrIzBjAhEb@pJw@|EGxDPxA?lA_@,<div><strong>BENTLEY RISE</strong><br><span>Surface: sealed</span><br><span>Length: 0.33 km</span><br><span>Length rank: 677</span></div>
road_3258085,path,3258085,sealed,DAWSON STREET,0.3293492426354144,678,30,#1464a5cc,#1464a5cc,@EAAimyimIbvkagAoKwIyDgBaI{B{QiCwu@qKihBaWgIkA,<div><strong>DAWSON STREET</strong><br><span>Surface: sealed</span><br><span>Length: 0.33 km</span><br><span>Length rank: 678</span></div>
road_3258100,path,3258100,sealed,BLEDISLOE TERRACE,0.3293263545702508,679,30,#1464a5cc,#1464a5cc,@EAA_u_jmI`obbgAfMxGnYbOfFxEdCtEp@bGiFjp@~AnQrDhIhGdHtK|G|O~F,<div><strong>BLEDISLOE TERRACE</strong><br><span>Surface: sealed</span><br><span>Length: 0.33 km</span><br><span>Length rank: 679</span></div>
road_3283260,path,3283260,sealed,DORIEMUS DRIVE,0.3292003536755243,680,30,#1464a5cc,#1464a5cc,@EAAghigmIbma`gARr@rBjCnDnFlBjFt@~FL|Du@xFg@zCmA|D_BvDwAnCuAnDwCtEmDrDoH`@_EWaBi@qFkB]_D_@mBGuBn@eIJqGk@iF}BeIaDyFcEsEyBiBkB_B,<div><strong>DORIEMUS DRIVE</strong><br><span>Surface: sealed</span><br><span>Length: 0.33 km</span><br><span>Length rank: 680</span></div>
road_3283277,path,3283277,sealed,CATE ROAD,0.3285024839450061,681,30,#1464a5cc,#1464a5cc,@EAAwtohmIdw`~fAnEyI`LoTz@}AlNeW|GkNjEiKrC}IhA_DbCsLfAoG`BiOn@wE`AwDfDgMt@qC,<div><strong>CATE ROAD</strong><br><span>Surface: sealed</span><br><span>Length: 0.33 km</span><br><span>Length rank: 681</span></div>
road_3258002,path,3258002,sealed,MAITLAND STREET,0.3284948913050099,682,30,#1464a5cc,#1464a5cc,@EAA_ltgmIzsyagAiAbFNjE~XreA`c@h|A,<div><strong>MAITLAND STREET</strong><br><span>Surface: sealed</span><br><span>Length: 0.33 km</span><br><span>Length rank: 682</span></div>
road_3283185,path,3283185,sealed,BROCAS AVENUE,0.3280947808232931,683,30,#1464a5cc,#1464a5cc,@EAAk}akmIveragAuFtBwIdEcxB~nAoB~AyBpAe[nX,<div><strong>BROCAS AVENUE</strong><br><span>Surface: sealed</span><br><span>Length: 0.33 km</span><br><span>Length rank: 683</span></div>
road_3283088,path,3283088,sealed,POLLEN CRESCENT,0.3280437136287804,684,30,#1464a5cc,#1464a5cc,@EAAsltimI~{}bgAmC~BoCfCgCnC{UxY_ArASvBy@ha@m@|B}A|CgChCuDbCcFxAuG|@kGCmD]cDm@{HqDcWeSwBcAaCm@,<div><strong>POLLEN CRESCENT</strong><br><span>Surface: sealed</span><br><span>Length: 0.33 km</span><br><span>Length rank: 684</span></div>
road_3257958,path,3257958,sealed,DESERET ROAD,0.3278271179241895,685,30,#1464a5cc,#1464a5cc,@EAAmalemI|qecgA~JxLpGvIlEhGvA`DT`FiCjNoGpZcIz`@uNhs@,<div><strong>DESERET ROAD</strong><br><span>Surface: sealed</span><br><span>Length: 0.33 km</span><br><span>Length rank: 685</span></div>
road_3314810,path,3314810,sealed,CHALGROVE ROAD,0.3275093176684245,686,30,#1464a5cc,#1464a5cc,@EAAgyeimIbmm}fAuHB{I@gMNiCDuFHcHf@sYlDm\jFo^pK{NfFiSlIq`@dP,<div><strong>CHALGROVE ROAD</strong><br><span>Surface: sealed</span><br><span>Length: 0.33 km</span><br><span>Length rank: 686</span></div>
road_3283054,path,3283054,sealed,SMITH STREET,0.3271401369469343,687,30,#1464a5cc,#1464a5cc,@EAAke|gmIbtsagAoX~cDaBxP,<div><strong>SMITH STREET</strong><br><span>Surface: sealed</span><br><span>Length: 0.33 km</span><br><span>Length rank: 687</span></div>
road_7742426,path,7742426,sealed,MCCORQUINDALE DRIVE,0.3269454347767647,688,30,#1464a5cc,#1464a5cc,@EAAse|fmIb|c}fAwBjDiAlBqAzAwBbBaB~@kC~@_Dl@}DN{FCqLGeI@sADkDH{H^oFTgDZuF~@kDhAsCfB{CjC}B|C[|@kA|CoC|GaYpr@,<div><strong>MCCORQUINDALE DRIVE</strong><br><span>Surface: sealed</span><br><span>Length: 0.33 km</span><br><span>Length rank: 688</span></div>
road_8328187,path,8328187,sealed,KOURA DRIVE,0.3263240356303308,689,30,#1464a5cc,#1464a5cc,@EAAmp_emIv|}}fAux@su@aOqMeZgSeq@y[sMkG,<div><strong>KOURA DRIVE</strong><br><span>Surface: sealed</span><br><span>Length: 0.33 km</span><br><span>Length rank: 689</span></div>
road_3283089,path,3283089,sealed,EXETER STREET,0.3254341743113923,690,30,#1464a5cc,#1464a5cc,@EAAgnajmIpgucgAua@pJeFbBmEdBiDpByBdC_CjC{BtFc`@npB,<div><strong>EXETER STREET</strong><br><span>Surface: sealed</span><br><span>Length: 0.33 km</span><br><span>Length rank: 690</span></div>
road_3257978,path,3257978,sealed,LOCHINVER DRIVE,0.3237781608306062,691,30,#1464a5cc,#1464a5cc,@EAA}ddfmIfi~`gAnYpCnIh@`HSpEgAnCoApC}BbD}D`DuE~GsHpEsD~EuChf@}OlC}@dDYvCGdEhApBjB~AhEJlDqAvG?hH,<div><strong>LOCHINVER DRIVE</strong><br><span>Surface: sealed</span><br><span>Length: 0.32 km</span><br><span>Length rank: 691</span></div>
road_3283376,path,3283376,sealed,SPENSER ROAD,0.322329017368097,692,30,#1464a5cc,#1464a5cc,@EAAyigjmIl`d`gAinAnl@}QfRou@paA,<div><strong>SPENSER ROAD</strong><br><span>Surface: sealed</span><br><span>Length: 0.32 km</span><br><span>Length rank: 692</span></div>
road_3258149,path,3258149,sealed,DOVER ROAD,0.3222914354323892,693,30,#1464a5cc,#1464a5cc,@EAAm~zgmIf{p_gAleA_pAzXe[xCq@nEX|g@dT,<div><strong>DOVER ROAD</strong><br><span>Surface: sealed</span><br><span>Length: 0.32 km</span><br><span>Length rank: 693</span></div>
road_3258093,path,3258093,sealed,BAINS AVENUE,0.3222421844863539,694,30,#1464a5cc,#1464a5cc,@EAAowcjmI~g_agAg{Emo@,<div><strong>BAINS AVENUE</strong><br><span>Surface: sealed</span><br><span>Length: 0.32 km</span><br><span>Length rank: 694</span></div>
road_3258205,path,3258205,sealed,ANSON AVENUE,0.320575749569154,695,30,#1464a5cc,#1464a5cc,@EAAkd{hmIfxk`gAWsCPgDvf@qkBfQyp@p@uAnAy@,<div><strong>ANSON AVENUE</strong><br><span>Surface: sealed</span><br><span>Length: 0.32 km</span><br><span>Length rank: 695</span></div>
road_8328198,path,8328198,sealed,COULDSACK AVENUE,0.319834087817874,696,30,#1464a5cc,#1464a5cc,@EAAobqjmI|{h_gAoGK_^sMe@{@SeAJcA`@{@tKqPlJ{PfJkTpMib@tAo@`BMrc@`H,<div><strong>COULDSACK AVENUE</strong><br><span>Surface: sealed</span><br><span>Length: 0.32 km</span><br><span>Length rank: 696</span></div>
road_7742030,path,7742030,sealed,MAGGIE PLACE,0.3191473992146446,697,30,#1464a5cc,#1464a5cc,@EAAkvejmItng_gAuN~o@sNrc@kEfIuGdIuDbHYbLaBlLoIrJiC`N,<div><strong>MAGGIE PLACE</strong><br><span>Surface: sealed</span><br><span>Length: 0.32 km</span><br><span>Length rank: 697</span></div>
road_3258120,path,3258120,sealed,BRETTON TERRACE,0.3189872244685473,698,30,#1464a5cc,#1464a5cc,@EAAmvckmIno_bgAcoCpWqj@xFeCbAoAlAsCnEkFdJ,<div><strong>BRETTON TERRACE</strong><br><span>Surface: sealed</span><br><span>Length: 0.32 km</span><br><span>Length rank: 698</span></div>
road_3283053,path,3283053,sealed,ALLEN STREET,0.3183552518189409,699,30,#1464a5cc,#1464a5cc,@EAAk{ygmIh{sagAkEdf@gRhzB_@lN,<div><strong>ALLEN STREET</strong><br><span>Surface: sealed</span><br><span>Length: 0.32 km</span><br><span>Length rank: 699</span></div>
road_3283406,path,3283406,sealed,ERNEST ROAD,0.3183180480026394,700,30,#1464a5cc,#1464a5cc,@EAAsg~jmIl`{_gAcCu~@e@}V_@aE{@sFmDoFwDuE}FeEaGkCyr@mO,<div><strong>ERNEST ROAD</strong><br><span>Surface: sealed</span><br><span>Length: 0.32 km</span><br><span>Length rank: 700</span></div>
road_3257992,path,3257992,sealed,VELMA CRESCENT,0.318310002274381,701,30,#1464a5cc,#1464a5cc,@EAAuqofmI~fiagAugA{x@wIeEoHoBss@aNeFe@eEYq\H,<div><strong>VELMA CRESCENT</strong><br><span>Surface: sealed</span><br><span>Length: 0.32 km</span><br><span>Length rank: 701</span></div>
road_3283348,path,3283348,sealed,VEREL STREET,0.3182975693119887,702,30,#1464a5cc,#1464a5cc,@EAAswjimIfih`gAvwE`q@,<div><strong>VEREL STREET</strong><br><span>Surface: sealed</span><br><span>Length: 0.32 km</span><br><span>Length rank: 702</span></div>
road_3283140,path,3283140,metalled,ECHOBANK PLACE,0.3182701654685013,703,30,#bb7f22cc,#bb7f22cc,@EAAkkdkmIblmbgAb@pD_CrM_JbNxA~TiEvRwCtIyL|Po@vDc@lEZ|EjLtl@,<div><strong>ECHOBANK PLACE</strong><br><span>Surface: metalled</span><br><span>Length: 0.32 km</span><br><span>Length rank: 703</span></div>
road_8328179,path,8328179,unmetalled,,0.318239597770257,704,30,#734a12cc,#734a12cc,@EAAa_}dmIlaa`gAgWhRgDlA{s@fMmjA|QeE|@cCrAgCbCaRxRED,<div><strong>Road 8328179</strong><br><span>Surface: unmetalled</span><br><span>Length: 0.32 km</span><br><span>Length rank: 704</span></div>
road_3257959,path,3257959,sealed,GOODWIN TERRACE,0.3181192554939599,705,30,#1464a5cc,#1464a5cc,@EAAkp|emIt}hcgAgLnYa@nEDlD\zDhHrMho@ljAzL|RlDxF,<div><strong>GOODWIN TERRACE</strong><br><span>Surface: sealed</span><br><span>Length: 0.32 km</span><br><span>Length rank: 705</span></div>
road_3283404,path,3283404,sealed,NEWFIELD DRIVE,0.3179976603348157,706,30,#1464a5cc,#1464a5cc,@EAAqw`kmIhkz_gAlP~FvPxErNzCtJdAlFJ~Hc@fr@oD|TaB|RdAhi@tK,<div><strong>NEWFIELD DRIVE</strong><br><span>Surface: sealed</span><br><span>Length: 0.32 km</span><br><span>Length rank: 706</span></div>
road_3283423,path,3283423,sealed,LANGDALE COURT,0.3165472235238261,707,30,#1464a5cc,#1464a5cc,@EAA}yjimInow~fAeMdEsPlDcMpBoMdBgMhAaMvA}Cf@_K~AiSpEwN`DkCR{DYkCkAmBeBu@oGDcD_@uDq@qE{@uDgA_CkAeD,<div><strong>LANGDALE COURT</strong><br><span>Surface: sealed</span><br><span>Length: 0.32 km</span><br><span>Length rank: 707</span></div>
road_3283013,path,3283013,sealed,WEST RIDGE DRIVE,0.3160419078294271,708,30,#1464a5cc,#1464a5cc,@EAAokkfmItiqagAlT@hE}@bCcBn@gBNaC}BuMWqGv@cGhC_G|NiTvGmH~G{C|MyBpb@z@lTm@,<div><strong>WEST RIDGE DRIVE</strong><br><span>Surface: sealed</span><br><span>Length: 0.32 km</span><br><span>Length rank: 708</span></div>
road_3258068,path,3258068,sealed,DEVON ROAD,0.3155893983256969,709,30,#1464a5cc,#1464a5cc,@EAAg|vhmIf_magAxi@cx@fe@yr@hCwC|EsDna@qX,<div><strong>DEVON ROAD</strong><br><span>Surface: sealed</span><br><span>Length: 0.32 km</span><br><span>Length rank: 709</span></div>
road_3257911,path,3257911,sealed,FAIPING ROAD,0.3151541096369836,710,30,#1464a5cc,#1464a5cc,@EAAcqqkmIn~edgAaChDeBfC_DnEmA`BsA`BgEjDmFpD_E|BeAx@_AjAe@tAwBlJyA~H{@`Jy@jIs@`Is@zIe@jE{@lIaA~HaArHa@rDy@rH_@jC,<div><strong>FAIPING ROAD</strong><br><span>Surface: sealed</span><br><span>Length: 0.32 km</span><br><span>Length rank: 710</span></div>
road_6082176,path,6082176,sealed,PATATEE TERRACE,0.3150085480800804,711,30,#1464a5cc,#1464a5cc,@EAAmytemIlb``gAeoAaa@aNeEcOyCoJiAqPSeQjAuKfCqMjEkNdI,<div><strong>PATATEE TERRACE</strong><br><span>Surface: sealed</span><br><span>Length: 0.32 km</span><br><span>Length rank: 711</span></div>
road_3283029,path,3283029,sealed,FREDERICK DRIVE,0.3142487827709601,712,30,#1464a5cc,#1464a5cc,@EAAycmgmInt`agAy^h[qA~BMjBMtC^~BdS`e@LdABz@QbAq@dA}@x@mAl@gCj@}`A`O_JtA,<div><strong>FREDERICK DRIVE</strong><br><span>Surface: sealed</span><br><span>Length: 0.31 km</span><br><span>Length rank: 712</span></div>
road_3283225,path,3283225,sealed,WINDSOR ROAD,0.3141514594460202,713,30,#1464a5cc,#1464a5cc,@EAAmx`hmIv`m`gAfqAfq@jc@fTvy@pb@,<div><strong>WINDSOR ROAD</strong><br><span>Surface: sealed</span><br><span>Length: 0.31 km</span><br><span>Length rank: 713</span></div>
road_3283007,path,3283007,sealed,HAMBLYN CRESCENT,0.3138739460064607,714,30,#1464a5cc,#1464a5cc,@EAAexhfmIlbeagAgg@dj@gBvA_ClAewBt_A,<div><strong>HAMBLYN CRESCENT</strong><br><span>Surface: sealed</span><br><span>Length: 0.31 km</span><br><span>Length rank: 714</span></div>
road_3283173,path,3283173,sealed,PATRICIA AVENUE,0.3131832492548589,715,30,#1464a5cc,#1464a5cc,@EAAgwpjmIhveagAwC`@oApAoLle@{DtOqErQbApE~ClCxb@|PrAdA`AjBI~B{Jfa@,<div><strong>PATRICIA AVENUE</strong><br><span>Surface: sealed</span><br><span>Length: 0.31 km</span><br><span>Length rank: 715</span></div>
road_3283392,path,3283392,sealed,,0.3123320823065278,716,30,#1464a5cc,#1464a5cc,@EAAmz{imInxm_gA`l@eBjGq@rF_ApGmE~EgHrAyBdAaDf@}HFaJHwFv@{GhBeE|]gm@,<div><strong>Road 3283392</strong><br><span>Surface: sealed</span><br><span>Length: 0.31 km</span><br><span>Length rank: 716</span></div>
road_3258229,path,3258229,sealed,ASPIRING CRESCENT,0.3117750160904327,717,30,#1464a5cc,#1464a5cc,@EAAqpfimI`}n_gAu|Bc`@sCa@wFL_Gr@uFvB{DfC}BhCsBhH}@fX,<div><strong>ASPIRING CRESCENT</strong><br><span>Surface: sealed</span><br><span>Length: 0.31 km</span><br><span>Length rank: 717</span></div>
road_3258051,path,3258051,sealed,ROSALIND STREET,0.3110803938139587,718,30,#1464a5cc,#1464a5cc,@EAAe_`imI`{kcgAjT`BlKbBhIpCfmBzx@rKvFhFlDtInH,<div><strong>ROSALIND STREET</strong><br><span>Surface: sealed</span><br><span>Length: 0.31 km</span><br><span>Length rank: 718</span></div>
road_6064577,path,6064577,sealed,TRAMWAY ROAD,0.3110363509840416,719,30,#1464a5cc,#1464a5cc,@EAAwbfjmIftl_gAbMyKvF}HjEiHhEmIrJyQnBqC~AqAlBo@bCEhCf@tA\vA|@l@jA|AzGx@{JHcDy@uD_BeDuBcDeAuCKsD`AcHtBoK,<div><strong>TRAMWAY ROAD</strong><br><span>Surface: sealed</span><br><span>Length: 0.31 km</span><br><span>Length rank: 719</span></div>
road_3258256,path,3258256,sealed,RAVENSCOURT PLACE,0.3109873468567448,720,30,#1464a5cc,#1464a5cc,@EAAwepimI~`a~fA_JjCmOhFyIpC}C`BsBxAyB~C{@xCe@xDUbEg@~EcAnEwBvHiBnIgC`KkCnNwAbOaAlBmBrAgCXqCA{Ds@wImC,<div><strong>RAVENSCOURT PLACE</strong><br><span>Surface: sealed</span><br><span>Length: 0.31 km</span><br><span>Length rank: 720</span></div>
road_3258013,path,3258013,sealed,PURIRI STREET,0.3103988492195495,721,30,#1464a5cc,#1464a5cc,@EAAg}|fmIhft`gArnDlhB,<div><strong>PURIRI STREET</strong><br><span>Surface: sealed</span><br><span>Length: 0.31 km</span><br><span>Length rank: 721</span></div>
road_3258076,path,3258076,sealed,HILL STREET,0.3095365470737704,722,29,#1464a5cc,#1464a5cc,@EAAm_`imIxnsagAkC}EqAaBgAoBoQq\g}@obBaDeCSIyGwC,<div><strong>HILL STREET</strong><br><span>Surface: sealed</span><br><span>Length: 0.31 km</span><br><span>Length rank: 722</span></div>
road_3283347,path,3283347,sealed,WINTER STREET,0.3093814095844077,723,29,#1464a5cc,#1464a5cc,@EAAqskimIz}i`gAx`Cb]xcAzNrBFhBo@dBeB,<div><strong>WINTER STREET</strong><br><span>Surface: sealed</span><br><span>Length: 0.31 km</span><br><span>Length rank: 723</span></div>
road_3283244,path,3283244,sealed,STEELE ROAD,0.3093356623670767,724,29,#1464a5cc,#1464a5cc,@EAAsf`hmIj|i`gAvGuDhHsDrl@e_@nuAuqA,<div><strong>STEELE ROAD</strong><br><span>Surface: sealed</span><br><span>Length: 0.31 km</span><br><span>Length rank: 724</span></div>
road_3258227,path,3258227,sealed,HOWDEN ROAD,0.3090514702976072,725,29,#1464a5cc,#1464a5cc,@EAAyrlimI|vk`gAhIhBvJfBfvAtSdSpBvDK~CoAtAqCbQiq@,<div><strong>HOWDEN ROAD</strong><br><span>Surface: sealed</span><br><span>Length: 0.31 km</span><br><span>Length rank: 725</span></div>
road_8328183,path,8328183,sealed,WINDERS ROAD,0.3082177334797734,726,29,#1464a5cc,#1464a5cc,@EAAig`fmInk`_gAUTsiBnbBeFdE}F~CmHfCoR|E,<div><strong>WINDERS ROAD</strong><br><span>Surface: sealed</span><br><span>Length: 0.31 km</span><br><span>Length rank: 726</span></div>
road_3314890,path,3314890,sealed,TE RAPA ACCESS ROAD,0.3079605663754837,727,29,#1464a5cc,#1464a5cc,@EAAoujemIxpj}fApF_N~BcFbJ}OnDsF~CwErAkCvAoEp@yCLoD_@{E_@}FgBwGuCkFc@cAy@eAoA{AcAs@uKoIs]sV,<div><strong>TE RAPA ACCESS ROAD</strong><br><span>Surface: sealed</span><br><span>Length: 0.31 km</span><br><span>Length rank: 727</span></div>
road_3257996,path,3257996,sealed,DURHAM STREET,0.3078430505277826,728,29,#1464a5cc,#1464a5cc,@EAAsrsfmIte`agA}o@k[i~B_iA,<div><strong>DURHAM STREET</strong><br><span>Surface: sealed</span><br><span>Length: 0.31 km</span><br><span>Length rank: 728</span></div>
road_6082175,path,6082175,sealed,CARLINGFORD RISE,0.3077320559380156,729,29,#1464a5cc,#1464a5cc,@EAAq}pfmIrmibgAR_I^iHn@}H]yA}@eAqBoAcDw@sBGuiAyDmDSyB_@sBm@kBgA{@aAq@qAWqACmAdEui@,<div><strong>CARLINGFORD RISE</strong><br><span>Surface: sealed</span><br><span>Length: 0.31 km</span><br><span>Length rank: 729</span></div>
road_3283240,path,3283240,sealed,HOBSON STREET,0.3075249088123665,730,29,#1464a5cc,#1464a5cc,@EAA{sbhmIlfh`gA{CzC_CjEwv@pxC,<div><strong>HOBSON STREET</strong><br><span>Surface: sealed</span><br><span>Length: 0.31 km</span><br><span>Length rank: 730</span></div>
road_3283075,path,3283075,sealed,WHA STREET,0.3056616517303235,731,29,#1464a5cc,#1464a5cc,@EAAoq}gmIrobagA_AiGgJcn@wB{Ni@mAsAw@mDYeZlCiEl@uEbBiv@z[yBjA,<div><strong>WHA STREET</strong><br><span>Surface: sealed</span><br><span>Length: 0.31 km</span><br><span>Length rank: 731</span></div>
road_3283367,path,3283367,sealed,TAMIHANA AVENUE,0.3055653676739935,732,29,#1464a5cc,#1464a5cc,@EAAolbimIdmn`gAvu@`u@rB|B`@lBNpBaAtEqTlp@[tBKhDXdEzA`Ed@nAxAtE,<div><strong>TAMIHANA AVENUE</strong><br><span>Surface: sealed</span><br><span>Length: 0.31 km</span><br><span>Length rank: 732</span></div>
road_7742384,path,7742384,sealed,,0.3052803787872185,733,29,#1464a5cc,#1464a5cc,@EAA}y~fmIlw`agA`@zA@v@]p@iBpBiXnUo[jXwDpDw@x@e@rBsA|Vc@tBs@fAaKlFaAh@{]rRiF|C,<div><strong>Road 7742384</strong><br><span>Surface: sealed</span><br><span>Length: 0.31 km</span><br><span>Length rank: 733</span></div>
road_3258155,path,3258155,sealed,DALGLIESH AVENUE,0.3051985948084513,734,29,#1464a5cc,#1464a5cc,@EAAejxgmIbfa`gAtBlE|G|OvF~LfCzDHLjDjCpQbKjvAby@xFfD,<div><strong>DALGLIESH AVENUE</strong><br><span>Surface: sealed</span><br><span>Length: 0.31 km</span><br><span>Length rank: 734</span></div>
road_3258045,path,3258045,sealed,SANDLEIGH ROAD,0.3048621310982282,735,29,#1464a5cc,#1464a5cc,@EAAwcfimI~zmbgAfI`@ty@bEfA@tHFvJSjDUxx@aFrUwA`FiAlE_ChK}K,<div><strong>SANDLEIGH ROAD</strong><br><span>Surface: sealed</span><br><span>Length: 0.30 km</span><br><span>Length rank: 735</span></div>
road_3258174,path,3258174,sealed,SHERWOOD DRIVE,0.3046276183579915,736,29,#1464a5cc,#1464a5cc,@EAA}oxfmIbaw~fAxbAlJzcAhIfjAhJ,<div><strong>SHERWOOD DRIVE</strong><br><span>Surface: sealed</span><br><span>Length: 0.30 km</span><br><span>Length rank: 736</span></div>
road_3258096,path,3258096,sealed,OAKLEY AVENUE,0.3046022061213544,737,29,#1464a5cc,#1464a5cc,@EAAuzhimIjjs`gAkc@p~AaAtB`Kfm@|B`N~@vC,<div><strong>OAKLEY AVENUE</strong><br><span>Surface: sealed</span><br><span>Length: 0.30 km</span><br><span>Length rank: 737</span></div>
road_3283371,path,3283371,sealed,WALTER STREET,0.3040015385391225,738,29,#1464a5cc,#1464a5cc,@EAA_{qimItol`gAlR}t@vRqt@tS}w@,<div><strong>WALTER STREET</strong><br><span>Surface: sealed</span><br><span>Length: 0.30 km</span><br><span>Length rank: 738</span></div>
road_3314333,path,3314333,sealed,EMPIRE ROSE DRIVE,0.303909012915674,739,29,#1464a5cc,#1464a5cc,@EAAyaigmIfz``gAd@cANaA[gBsA_CmE_D}F}C}CwAcE}@qB[yDs@oIq@_GFaIDsFh@uEj@sGtAkFbBmEvBoC|BoB`B}AlBe@lAGnBRvB~@fDfB|@rCx@|Cb@nCXnC^dInB`FdCjFpC,<div><strong>EMPIRE ROSE DRIVE</strong><br><span>Surface: sealed</span><br><span>Length: 0.30 km</span><br><span>Length rank: 739</span></div>
road_8326465,path,8326465,sealed,TAAHUNUI RISE,0.3028799391467011,740,29,#1464a5cc,#1464a5cc,@EAAgmljmIzfvcgAuDpU}Izc@fFnnAh@fSGrH,<div><strong>TAAHUNUI RISE</strong><br><span>Surface: sealed</span><br><span>Length: 0.30 km</span><br><span>Length rank: 740</span></div>
road_3283025,path,3283025,sealed,ABERFOYLE STREET,0.3027439289618721,741,29,#1464a5cc,#1464a5cc,@EAA}b`gmIfqfagAwTp[oCpCuBjAyC`BsIdCifAtO}IfAer@pKgBX,<div><strong>ABERFOYLE STREET</strong><br><span>Surface: sealed</span><br><span>Length: 0.30 km</span><br><span>Length rank: 741</span></div>
road_3283136,path,3283136,sealed,SILVA CRESCENT,0.3023173116925501,742,29,#1464a5cc,#1464a5cc,@EAAekukmIhjmbgAFvRC|BGtB[pBq@nByJlU{@tBeA`ByB`BgD|@edAxT}Bl@{BVeBk@iB{AeBeBiFiFiFwE,<div><strong>SILVA CRESCENT</strong><br><span>Surface: sealed</span><br><span>Length: 0.30 km</span><br><span>Length rank: 742</span></div>
road_3283259,path,3283259,sealed,MARNANE TERRACE,0.3017347463490662,743,29,#1464a5cc,#1464a5cc,@EAAkfugmI~ra_gAm{@mMsDCoE\wDh@cDlAeFlCsBbB{AfBcCfFwQxg@i@`CoBtCoStP,<div><strong>MARNANE TERRACE</strong><br><span>Surface: sealed</span><br><span>Length: 0.30 km</span><br><span>Length rank: 743</span></div>
road_3283420,path,3283420,sealed,CRANBROOK PLACE,0.3016112986064105,744,29,#1464a5cc,#1464a5cc,@EAAsxvhmI|hu}fAeQc@_EN_Ef@aAReAz@kA`Cp@rSXpMbAdHfBxJjAxBxBtCdDzAtCF`JShPq@vVk@nSWpCM,<div><strong>CRANBROOK PLACE</strong><br><span>Surface: sealed</span><br><span>Length: 0.30 km</span><br><span>Length rank: 744</span></div>
road_3258165,path,3258165,sealed,TAWN PLACE,0.301233380299453,745,29,#1464a5cc,#1464a5cc,@EAAioafmI|ho~fAqk@s_@i`@oRaJiG}u@_e@oHuC_KcA,<div><strong>TAWN PLACE</strong><br><span>Surface: sealed</span><br><span>Length: 0.30 km</span><br><span>Length rank: 745</span></div>
road_3258119,path,3258119,sealed,MULLANE STREET,0.3004545433627374,746,29,#1464a5cc,#1464a5cc,@EAAcx~kmIbmcbgAmLpe@aDnMkM~g@c@rB[pB[fBWvCyCvf@RtD^nBx@fBfAvA,<div><strong>MULLANE STREET</strong><br><span>Surface: sealed</span><br><span>Length: 0.30 km</span><br><span>Length rank: 746</span></div>
road_3283294,path,3283294,sealed,MICKELSON AVENUE,0.3001847379976849,747,29,#1464a5cc,#1464a5cc,@EAAurghmIddn~fAnm@eXnB}AbBaBt@cB`AyB~@mCd@wCn@_Dn@kEnA}Bd@wBUoAc@q@qGs@{AGiBMcC]qB]wA[aAUeDcAaF_BiDkAyIwBmTsCuJyA,<div><strong>MICKELSON AVENUE</strong><br><span>Surface: sealed</span><br><span>Length: 0.30 km</span><br><span>Length rank: 747</span></div>
road_3283436,path,3283436,sealed,ARISTA WAY,0.3001793527428306,748,29,#1464a5cc,#1464a5cc,@EAAyvmhmI`{n}fA[kBiEaTsA_HkCoMcAsYgAmE{AyBs@c@yC}@wOuDaKkCqHoAu_@sHeOiG,<div><strong>ARISTA WAY</strong><br><span>Surface: sealed</span><br><span>Length: 0.30 km</span><br><span>Length rank: 748</span></div>
road_3283229,path,3283229,sealed,POLLOCK DRIVE,0.2995318461135566,749,29,#1464a5cc,#1464a5cc,@EAAowjhmIr|t_gAoVx~@qF~WwKxh@gEzUB~H,<div><strong>POLLOCK DRIVE</strong><br><span>Surface: sealed</span><br><span>Length: 0.30 km</span><br><span>Length rank: 749</span></div>
road_3258190,path,3258190,sealed,CATE ROAD,0.2992047079674912,750,29,#1464a5cc,#1464a5cc,@EAAivkhmInu{}fAxZejAbFkQdD_KxAgCtBgDnRcUnHuElDuAlEa@,<div><strong>CATE ROAD</strong><br><span>Surface: sealed</span><br><span>Length: 0.30 km</span><br><span>Length rank: 750</span></div>
road_3283272,path,3283272,sealed,MANUKA STREET,0.2987606114891465,751,29,#1464a5cc,#1464a5cc,@EAAwwzfmIpxp~fAiGx]c@`QnBbOdD|Ql@fPuMp_A,<div><strong>MANUKA STREET</strong><br><span>Surface: sealed</span><br><span>Length: 0.30 km</span><br><span>Length rank: 751</span></div>
road_3283090,path,3283090,sealed,DERMONT STREET,0.2986097645066697,752,29,#1464a5cc,#1464a5cc,@EAAas|imIrc~bgA`Ez@hEf@nMLnIw@xK}Crc@uWdJ}KfDkItAeCbAgAjCoBpm@e_@,<div><strong>DERMONT STREET</strong><br><span>Surface: sealed</span><br><span>Length: 0.30 km</span><br><span>Length rank: 752</span></div>
road_3258235,path,3258235,sealed,SARINDAH PLACE,0.2983414889902568,753,29,#1464a5cc,#1464a5cc,@EAA{hxjmIdkw_gAi`BcZic@qHoZwH{YaFcJ_B,<div><strong>SARINDAH PLACE</strong><br><span>Surface: sealed</span><br><span>Length: 0.30 km</span><br><span>Length rank: 753</span></div>
road_3283184,path,3283184,sealed,ETON DRIVE,0.2980312135116973,754,29,#1464a5cc,#1464a5cc,@EAAgzilmInddbgAzDhBzBl@~CDpCSvyAqTrFk@rDYxDK|DFdGNv|@nD,<div><strong>ETON DRIVE</strong><br><span>Surface: sealed</span><br><span>Length: 0.30 km</span><br><span>Length rank: 754</span></div>
road_3283298,path,3283298,sealed,ECLIPSE RISE,0.2972240884423617,755,29,#1464a5cc,#1464a5cc,@EAA}yggmInfa~fAc@hAErAp@nKV`Gi@xDcBdGsBpC_EvDuGxDiClBeAlBmA|CYhDDnDd@~CRrBi@tBqBhCaCrByF`CoGf@wFMqQqBwXsG,<div><strong>ECLIPSE RISE</strong><br><span>Surface: sealed</span><br><span>Length: 0.30 km</span><br><span>Length rank: 755</span></div>
road_3258232,path,3258232,sealed,SADLER STREET,0.2961278049073777,756,29,#1464a5cc,#1464a5cc,@EAAimzjmI|b|_gAb{@nOthCpf@,<div><strong>SADLER STREET</strong><br><span>Surface: sealed</span><br><span>Length: 0.30 km</span><br><span>Length rank: 756</span></div>
road_3283135,path,3283135,sealed,WESTBROOK PLACE,0.2960519724209307,757,29,#1464a5cc,#1464a5cc,@EAAwwckmIprzbgA`BfBrAl@pCNlET~DPvIJrCHzCb@dDjA|D`C`P|Ita@nRnbAdi@,<div><strong>WESTBROOK PLACE</strong><br><span>Surface: sealed</span><br><span>Length: 0.30 km</span><br><span>Length rank: 757</span></div>
road_3257991,path,3257991,sealed,MAPLE AVENUE,0.2960433380936775,758,29,#1464a5cc,#1464a5cc,@EAAgoxfmInpiagA_p@~iBuFbTo@x],<div><strong>MAPLE AVENUE</strong><br><span>Surface: sealed</span><br><span>Length: 0.30 km</span><br><span>Length rank: 758</span></div>
road_3283286,path,3283286,sealed,ARCUS STREET,0.2957867371017956,759,29,#1464a5cc,#1464a5cc,@EAAgnxgmIbpz~fAkr@n@uDLcDp@uEdBo|@|b@aAhBd@rBbRhTzBfB~CpBtEzB,<div><strong>ARCUS STREET</strong><br><span>Surface: sealed</span><br><span>Length: 0.30 km</span><br><span>Length rank: 759</span></div>
road_3283214,path,3283214,sealed,KYLNA LANE,0.2942972223579309,760,29,#1464a5cc,#1464a5cc,@EAAkiwdmIzde`gAit@vHeq@hHwFz@yFx@mV`H_M`DoIxBuE|A}BrAiC|BuCrC}B~B,<div><strong>KYLNA LANE</strong><br><span>Surface: sealed</span><br><span>Length: 0.29 km</span><br><span>Length rank: 760</span></div>
road_3258248,path,3258248,sealed,SEXTON ROAD,0.294012368328728,761,29,#1464a5cc,#1464a5cc,@EAAuvgimI~o|}fAx@tDFjBOvC_AbDsCjMcEvQiLzg@[rAgB`Ie@lE}@pDgApBmBtBq@bBe@lCCtC@|D`@nCxAjDtCxD,<div><strong>SEXTON ROAD</strong><br><span>Surface: sealed</span><br><span>Length: 0.29 km</span><br><span>Length rank: 761</span></div>
road_3257977,path,3257977,sealed,FRIESIAN PLACE,0.2939110328140668,762,29,#1464a5cc,#1464a5cc,@EAAof{emIt~fagAgB|BeFnDuw@`Z}EbA{Gb@mSNePe@y`@qAyFo@aEeAwS_H,<div><strong>FRIESIAN PLACE</strong><br><span>Surface: sealed</span><br><span>Length: 0.29 km</span><br><span>Length rank: 762</span></div>
road_3258088,path,3258088,sealed,PINFOLD AVENUE,0.2938346696039116,763,29,#1464a5cc,#1464a5cc,@EAA_upjmIlljagAeLtm@`BzLvMnUnLxTlCfMzA`f@,<div><strong>PINFOLD AVENUE</strong><br><span>Surface: sealed</span><br><span>Length: 0.29 km</span><br><span>Length rank: 763</span></div>
road_8326474,path,8326474,sealed,BRENT GREIG LANE,0.2924760174091065,764,29,#1464a5cc,#1464a5cc,@EAA{vhfmIfbc_gAvk@b\xElDfM`Lvq@vo@tDnApCZfDUzRiF,<div><strong>BRENT GREIG LANE</strong><br><span>Surface: sealed</span><br><span>Length: 0.29 km</span><br><span>Length rank: 764</span></div>
road_7742041,path,7742041,sealed,ROY HILTON DRIVE,0.2923266572285947,765,29,#1464a5cc,#1464a5cc,@EAAqzhfmI`ai}fAr@gGb@qLm@oQ}Ci]k@iE]cCgDu[eAgHq@kCu@eB}A_CyBqB}CkBuFmC_FsBgGiC,<div><strong>ROY HILTON DRIVE</strong><br><span>Surface: sealed</span><br><span>Length: 0.29 km</span><br><span>Length rank: 765</span></div>
road_3258254,path,3258254,sealed,TE PUROA PLACE,0.2921520105742591,766,29,#1464a5cc,#1464a5cc,@EAAosgimIh`y~fAfCIlDCzm@eFbf@wEhRiAjCQlF^dFjBdXhKpRhEtF|@|Il@,<div><strong>TE PUROA PLACE</strong><br><span>Surface: sealed</span><br><span>Length: 0.29 km</span><br><span>Length rank: 766</span></div>
road_3283166,path,3283166,sealed,MYRTLE STREET,0.2920631877267287,767,29,#1464a5cc,#1464a5cc,@EAAwpqimI`dcagAklBq~@cBa@oBF_A\m@j@}B`E}BvF}Ph\,<div><strong>MYRTLE STREET</strong><br><span>Surface: sealed</span><br><span>Length: 0.29 km</span><br><span>Length rank: 767</span></div>
road_3283312,path,3283312,sealed,WAIPUNA PLACE,0.291981027860749,768,29,#1464a5cc,#1464a5cc,@EAA_~jhmIleb~fAxQjBnODzLaAnJmDpKoHxFcIlAkEl@mEd@eGtC_HpD_D`EgClGkBfF_@tEBz^pB,<div><strong>WAIPUNA PLACE</strong><br><span>Surface: sealed</span><br><span>Length: 0.29 km</span><br><span>Length rank: 768</span></div>
road_3283093,path,3283093,sealed,,0.2906681702164689,769,29,#1464a5cc,#1464a5cc,@EAAayojmI~~hbgAyDpMs@lDHtEl@fBxGtLlAtEr@zDRvDc@tGuAzGcCxEyHlQmEtOc@nEi@nFVvDPhDdCxH,<div><strong>Road 3283093</strong><br><span>Surface: sealed</span><br><span>Length: 0.29 km</span><br><span>Length rank: 769</span></div>
road_7742391,path,7742391,sealed,IWI ROAD,0.2897331556726581,770,29,#1464a5cc,#1464a5cc,@EAAoqyemIz~|_gAcFcE_RyOsIiNaFiImEaJgJmRyKqM{KgGuOwIyTuK,<div><strong>IWI ROAD</strong><br><span>Surface: sealed</span><br><span>Length: 0.29 km</span><br><span>Length rank: 770</span></div>
road_3313959,path,3313959,sealed,DUNVEGAN PLACE,0.2891468628380962,771,29,#1464a5cc,#1464a5cc,@EAA}xmfmI`jwagAsIVeNb@ev@pB}Dh@aB`B_AnBsOf_@a@dBZtAlAh@bCJxCGz[mD|Eq@xEuA,<div><strong>DUNVEGAN PLACE</strong><br><span>Surface: sealed</span><br><span>Length: 0.29 km</span><br><span>Length rank: 771</span></div>
road_3283026,path,3283026,sealed,ABERFOYLE STREET,0.2889743899381243,772,29,#1464a5cc,#1464a5cc,@EAA_tggmIjjiagAaxDbl@}ItA,<div><strong>ABERFOYLE STREET</strong><br><span>Surface: sealed</span><br><span>Length: 0.29 km</span><br><span>Length rank: 772</span></div>
road_3283022,path,3283022,sealed,CULVERDON STREET,0.2889236852462468,773,29,#1464a5cc,#1464a5cc,@EAAavsfmIpcdbgAbKtC|S~Hp\~InJvAjMl@zKXlL]vm@gGf_@uF,<div><strong>CULVERDON STREET</strong><br><span>Surface: sealed</span><br><span>Length: 0.29 km</span><br><span>Length rank: 773</span></div>
road_3282997,path,3282997,sealed,COVENTRY ROAD,0.2881777251316417,774,29,#1464a5cc,#1464a5cc,@EAAedohmI~b_cgASpBeCpUmBrQw@hH{Dx^kMtYwItVjFnS,<div><strong>COVENTRY ROAD</strong><br><span>Surface: sealed</span><br><span>Length: 0.29 km</span><br><span>Length rank: 774</span></div>
road_3283113,path,3283113,sealed,CROMWELL DRIVE,0.2881135894131134,775,29,#1464a5cc,#1464a5cc,@EAAesqjmIvudcgAp\hW`wAlgA|ElDfGdDfKpE,<div><strong>CROMWELL DRIVE</strong><br><span>Surface: sealed</span><br><span>Length: 0.29 km</span><br><span>Length rank: 775</span></div>
road_3258143,path,3258143,sealed,MACDIARMID ROAD,0.2870188226728677,776,29,#1464a5cc,#1464a5cc,@EAAowdhmIffd`gAejAf{@eErEeEdICjCl@fCr[xi@,<div><strong>MACDIARMID ROAD</strong><br><span>Surface: sealed</span><br><span>Length: 0.29 km</span><br><span>Length rank: 776</span></div>
road_3283386,path,3283386,sealed,RYAN AVENUE,0.2865737518931091,777,29,#1464a5cc,#1464a5cc,@EAAmztimI~zu_gAa{AwvAuOqNyA{AgAyAm@cB]oB{AsK,<div><strong>RYAN AVENUE</strong><br><span>Surface: sealed</span><br><span>Length: 0.29 km</span><br><span>Length rank: 777</span></div>
road_8329730,path,8329730,sealed,COGAR TERRACE,0.2860019877782437,778,29,#1464a5cc,#1464a5cc,@EAAqfmjmIf}o_gAqg@gKsd@kJi[~y@vc@zJ,<div><strong>COGAR TERRACE</strong><br><span>Surface: sealed</span><br><span>Length: 0.29 km</span><br><span>Length rank: 778</span></div>
road_3283153,path,3283153,sealed,HUNTER STREET,0.2853671584438813,779,29,#1464a5cc,#1464a5cc,@EAAydfimIpjzagA~c@}{@JoAQoAe@m@cAs@wAq@uAi@qcAeYcFoAyCWwCPqDK,<div><strong>HUNTER STREET</strong><br><span>Surface: sealed</span><br><span>Length: 0.29 km</span><br><span>Length rank: 779</span></div>
road_3283325,path,3283325,sealed,CHESHAM STREET,0.2837576785959754,780,29,#1464a5cc,#1464a5cc,@EAAaudhmIx_l}fA\_GlEih@l@yJC}CoA}F{AwCaDqDsHoDeYqGch@sMuDwA,<div><strong>CHESHAM STREET</strong><br><span>Surface: sealed</span><br><span>Length: 0.28 km</span><br><span>Length rank: 780</span></div>
road_3283403,path,3283403,sealed,THORPE STREET,0.2833897009663091,781,29,#1464a5cc,#1464a5cc,@EAA}ayjmIvcy_gAv{Dxu@,<div><strong>THORPE STREET</strong><br><span>Surface: sealed</span><br><span>Length: 0.28 km</span><br><span>Length rank: 781</span></div>
road_3283428,path,3283428,sealed,MALBEC PLACE,0.282509210752608,782,29,#1464a5cc,#1464a5cc,@EAAur|hmI|we~fAmA|EiBnHmBhPiAfDk@n@}Ax@yA^aC\mBQsC[uIcBkb@eJwj@aKmFeBcCeBsBaM,<div><strong>MALBEC PLACE</strong><br><span>Surface: sealed</span><br><span>Length: 0.28 km</span><br><span>Length rank: 782</span></div>
road_7742395,path,7742395,sealed,WAIRUA AVENUE,0.2811691252960015,783,29,#1464a5cc,#1464a5cc,@EAAqt_fmIbqz_gAb{@wc@fHyIfp@mjA,<div><strong>WAIRUA AVENUE</strong><br><span>Surface: sealed</span><br><span>Length: 0.28 km</span><br><span>Length rank: 783</span></div>
road_3283047,path,3283047,sealed,LETHBORG STREET,0.2806951601700042,784,29,#1464a5cc,#1464a5cc,@EAAyplgmI~zhbgAaCyFiPk`@aFyJk\}i@w^}k@,<div><strong>LETHBORG STREET</strong><br><span>Surface: sealed</span><br><span>Length: 0.28 km</span><br><span>Length rank: 784</span></div>
road_3283071,path,3283071,sealed,WYE STREET,0.2805429142025024,785,29,#1464a5cc,#1464a5cc,@EAA}pnhmIticagAbcAkIh~BmR,<div><strong>WYE STREET</strong><br><span>Surface: sealed</span><br><span>Length: 0.28 km</span><br><span>Length rank: 785</span></div>
road_3258018,path,3258018,sealed,LAFFERTY STREET,0.2804661198232339,786,29,#1464a5cc,#1464a5cc,@EAAw}xgmIl|w`gA`d@fs@~d@fs@fNbUj@~Bz@bG,<div><strong>LAFFERTY STREET</strong><br><span>Surface: sealed</span><br><span>Length: 0.28 km</span><br><span>Length rank: 786</span></div>
road_3283111,path,3283111,sealed,JEANETTE STREET,0.2798082664637589,787,29,#1464a5cc,#1464a5cc,@EAA}rajmIjmdcgAfoAc|@|}@_o@,<div><strong>JEANETTE STREET</strong><br><span>Surface: sealed</span><br><span>Length: 0.28 km</span><br><span>Length rank: 787</span></div>
road_3283344,path,3283344,sealed,INGLETON TERRACE,0.2794540488615216,788,29,#1464a5cc,#1464a5cc,@EAAkd{hmIfxk`gA|ApCrCtAzBt@tEv@`Hl@zGKnFe@rKuApCs@zBw@hUkIxDmAfCs@bm@}MvRiDhEMdCHxFd@,<div><strong>INGLETON TERRACE</strong><br><span>Surface: sealed</span><br><span>Length: 0.28 km</span><br><span>Length rank: 788</span></div>
road_3283378,path,3283378,sealed,KEATS CRESCENT,0.2792457332182201,789,29,#1464a5cc,#1464a5cc,@EAAq__jmI`q~_gAdAwUc@yI_C_H{GqGcGsCcoBg`@,<div><strong>KEATS CRESCENT</strong><br><span>Surface: sealed</span><br><span>Length: 0.28 km</span><br><span>Length rank: 789</span></div>
road_8328200,path,8328200,sealed,BENJAMIN AVENUE,0.2789840742206583,790,29,#1464a5cc,#1464a5cc,@EAAak|hmIbkm}fAoS{`@AcCbB}A~b@_NbFiAjxAsP,<div><strong>BENJAMIN AVENUE</strong><br><span>Surface: sealed</span><br><span>Length: 0.28 km</span><br><span>Length rank: 790</span></div>
road_8326467,path,8326467,sealed,JACKS LANDING DRIVE,0.2787746917235697,791,29,#1464a5cc,#1464a5cc,@EAAecnhmIfxjbgAEE{@gAy@]}A_@eASsy@w@us@q@uKMy@LiBv@uSrLkAjAYvADrP,<div><strong>JACKS LANDING DRIVE</strong><br><span>Surface: sealed</span><br><span>Length: 0.28 km</span><br><span>Length rank: 791</span></div>
road_8328229,path,8328229,sealed,KAURI POINT DRIVE,0.2784160234492179,792,29,#1464a5cc,#1464a5cc,@EAAkdnhmIxz{|fA?oXa@uIcAaDqFeQ}Vak@_FuKcPk^,<div><strong>KAURI POINT DRIVE</strong><br><span>Surface: sealed</span><br><span>Length: 0.28 km</span><br><span>Length rank: 792</span></div>
road_3283066,path,3283066,sealed,HUIA AVENUE,0.2782968100075961,793,29,#1464a5cc,#1464a5cc,@EAAs}jgmIppx`gAyFmEm`CeiB,<div><strong>HUIA AVENUE</strong><br><span>Surface: sealed</span><br><span>Length: 0.28 km</span><br><span>Length rank: 793</span></div>
road_7742424,path,7742424,metalled,,0.2782456948513748,794,29,#bb7f22cc,#bb7f22cc,@EAAcbcemItyq|fAbDyCjBoZrBsHbOsTlAgJcDwJoIiGaFsDk[oQ{@kEdB}F,<div><strong>Road 7742424</strong><br><span>Surface: metalled</span><br><span>Length: 0.28 km</span><br><span>Length rank: 794</span></div>
road_3283256,path,3283256,sealed,PERINDALE DRIVE,0.2780399209050487,795,29,#1464a5cc,#1464a5cc,@EAAubphmIxpp_gAoD}DqBaCwK}Wy@kGp@kGnBaE~EsDzc@wRnZyMzDsAtI]`Ge@rC?,<div><strong>PERINDALE DRIVE</strong><br><span>Surface: sealed</span><br><span>Length: 0.28 km</span><br><span>Length rank: 795</span></div>
road_3283091,path,3283091,sealed,ANTHONY CRESCENT,0.2779567859000041,796,29,#1464a5cc,#1464a5cc,@EAAob}imIruvbgAyy@fm@mAfAeBvDm@bCInBJ`Dz@lFn@zDCzB[zB}AdFyTvb@,<div><strong>ANTHONY CRESCENT</strong><br><span>Surface: sealed</span><br><span>Length: 0.28 km</span><br><span>Length rank: 796</span></div>
road_3282991,path,3282991,sealed,,0.277675251390779,797,29,#1464a5cc,#1464a5cc,@EAAcs}emItc{cgAvn@aIr|@yMbNmEzEmB`DuDd@yJwCmKkGqK,<div><strong>Road 3282991</strong><br><span>Surface: sealed</span><br><span>Length: 0.28 km</span><br><span>Length rank: 797</span></div>
road_8328194,path,8328194,sealed,OGILVIE AVENUE,0.2775392006298328,798,29,#1464a5cc,#1464a5cc,@EAAobnjmItze_gAdf@vHd@RT\Lh@@t@Kp@sHfXqVps@aQn^,<div><strong>OGILVIE AVENUE</strong><br><span>Surface: sealed</span><br><span>Length: 0.28 km</span><br><span>Length rank: 798</span></div>
road_3283141,path,3283141,metalled,COUNTY CRESCENT,0.2774928308716509,799,29,#bb7f22cc,#bb7f22cc,@EAA_cdlmIdipbgAgBu@mAk@i@u@BmAp@uA|AyB|@gBj@cBZmB@wALcBHmBVeCVqCRoAT{AJ_BKeB]qAy@mAcBmAiBw@yA]qBSeBG_BFsf@tHqj@`KsBh@aBtA,<div><strong>COUNTY CRESCENT</strong><br><span>Surface: metalled</span><br><span>Length: 0.28 km</span><br><span>Length rank: 799</span></div>
road_3283311,path,3283311,sealed,FENDALTON DRIVE,0.2772015317104001,800,29,#1464a5cc,#1464a5cc,@EAAe}ehmIr~`~fAjFaArK{AfJi@jFHxFv@lEv@xEnBjEtAhCvBnB`Em@|EmCtIcHfMmFzLqE|TAnCz@zDdA`E,<div><strong>FENDALTON DRIVE</strong><br><span>Surface: sealed</span><br><span>Length: 0.28 km</span><br><span>Length rank: 800</span></div>
road_7742410,path,7742410,sealed,POPHAM ROAD,0.2763329442013427,801,29,#1464a5cc,#1464a5cc,@EAAa`kjmIjle_gAwQyC{SiDgk@cJyj@aJ_z@{M,<div><strong>POPHAM ROAD</strong><br><span>Surface: sealed</span><br><span>Length: 0.28 km</span><br><span>Length rank: 801</span></div>
road_3283012,path,3283012,sealed,THE DALES,0.2762788192252807,802,29,#1464a5cc,#1464a5cc,@EAAuigfmIfvyagAmb@r@aHv@oGvB_K~FkFtDoFxBcF~A{\xFgI|@{MtBg[bDoJzA,<div><strong>THE DALES</strong><br><span>Surface: sealed</span><br><span>Length: 0.28 km</span><br><span>Length rank: 802</span></div>
road_7742403,path,7742403,sealed,DROWER GLEN,0.2762545199756826,803,29,#1464a5cc,#1464a5cc,@EAAerggmIh_l}fAxFoRh@iBrAoFBSb@aEnAuIrCiFvEsEhGmD|VkShP`JtClBbBrA~BX~BGxJKpLs@,<div><strong>DROWER GLEN</strong><br><span>Surface: sealed</span><br><span>Length: 0.28 km</span><br><span>Length rank: 803</span></div>
road_3283146,path,3283146,sealed,GEORGE STREET,0.275523661292217,804,29,#1464a5cc,#1464a5cc,@EAAusnimIxf|`gAu|@hhBqXf`@,<div><strong>GEORGE STREET</strong><br><span>Surface: sealed</span><br><span>Length: 0.28 km</span><br><span>Length rank: 804</span></div>
road_3258087,path,3258087,sealed,JAMES STREET,0.2754362794417022,805,29,#1464a5cc,#1464a5cc,@EAAykjjmIvb`agA~CI|OzAtdDrf@,<div><strong>JAMES STREET</strong><br><span>Surface: sealed</span><br><span>Length: 0.28 km</span><br><span>Length rank: 805</span></div>
road_6064582,path,6064582,sealed,,0.2743431224781131,806,29,#1464a5cc,#1464a5cc,@EAA_f~emIflw~fAeAlDkCrEiHzIi@hASlAFvAnAfAxKfGf@jA?x@s@bBktAtcA,<div><strong>Road 6064582</strong><br><span>Surface: sealed</span><br><span>Length: 0.27 km</span><br><span>Length rank: 806</span></div>
road_3283276,path,3283276,sealed,NIELSEN GARDENS,0.2741457857519726,807,29,#1464a5cc,#1464a5cc,@EAAmnehmI~o~}fA~H|@xHtAzD^`F@~b@o@rFBjFZhV`BfD`@|Bn@dOlG~FxDlBdCjEbLv@nBTpBY|H,<div><strong>NIELSEN GARDENS</strong><br><span>Surface: sealed</span><br><span>Length: 0.27 km</span><br><span>Length rank: 807</span></div>
road_6064254,path,6064254,sealed,,0.2740493602347079,808,29,#1464a5cc,#1464a5cc,@EAAqhiimIblu_gAo{BcZaSwCcQqDgF_C{B_BsF{D,<div><strong>Road 6064254</strong><br><span>Surface: sealed</span><br><span>Length: 0.27 km</span><br><span>Length rank: 808</span></div>
road_3314143,path,3314143,metalled,UNITY LANE,0.273507269114342,809,29,#bb7f22cc,#bb7f22cc,@EAAajlimIbp`cgAs|@lD}@Vg@l@NnAlAdNz@pGlDtQf@~@jAf@bBT|z@aI,<div><strong>UNITY LANE</strong><br><span>Surface: metalled</span><br><span>Length: 0.27 km</span><br><span>Length rank: 809</span></div>
road_3283275,path,3283275,sealed,COMMODORE AVENUE,0.2732915336254123,810,29,#1464a5cc,#1464a5cc,@EAAmrlgmIfmf~fAwRiFoOyDkJkBeJmAyG}@wPi@uEWwFHmDTwHF{I[}r@cHcDQ{Bd@,<div><strong>COMMODORE AVENUE</strong><br><span>Surface: sealed</span><br><span>Length: 0.27 km</span><br><span>Length rank: 810</span></div>
road_3257999,path,3257999,sealed,JASMINE AVENUE,0.2730328851127518,811,29,#1464a5cc,#1464a5cc,@EAAycggmI|c}agAhfAbKf_AtIdu@bG,<div><strong>JASMINE AVENUE</strong><br><span>Surface: sealed</span><br><span>Length: 0.27 km</span><br><span>Length rank: 811</span></div>
road_3283288,path,3283288,sealed,HIGHLAND DRIVE,0.2727866463314729,812,28,#1464a5cc,#1464a5cc,@EAAa{`gmIp{y~fApImh@pZ{cBn@aAhD{B,<div><strong>HIGHLAND DRIVE</strong><br><span>Surface: sealed</span><br><span>Length: 0.27 km</span><br><span>Length rank: 812</span></div>
road_3283364,path,3283364,sealed,DALETHORPE AVENUE,0.2726527694103655,813,28,#1464a5cc,#1464a5cc,@EAAgpthmIlmb`gA}e@leAqd@peA,<div><strong>DALETHORPE AVENUE</strong><br><span>Surface: sealed</span><br><span>Length: 0.27 km</span><br><span>Length rank: 813</span></div>
road_7742797,path,7742797,sealed,YANICKS CRESCENT,0.2720724477973429,814,28,#1464a5cc,#1464a5cc,@EAAmiwjmIzgmcgAdGJnD@`HeAlIuFxKaGrJ}Hgi@ib@uCk@o@HmDNkQhMeO`L,<div><strong>YANICKS CRESCENT</strong><br><span>Surface: sealed</span><br><span>Length: 0.27 km</span><br><span>Length rank: 814</span></div>
road_3258074,path,3258074,sealed,MANNING STREET,0.2720508358233237,815,28,#1464a5cc,#1464a5cc,@EAAkyoimIli{agAmoAdbC_CpE,<div><strong>MANNING STREET</strong><br><span>Surface: sealed</span><br><span>Length: 0.27 km</span><br><span>Length rank: 815</span></div>
road_6064320,path,6064320,sealed,HANCOCK DRIVE,0.2718856197553277,816,28,#1464a5cc,#1464a5cc,@EAAqmdgmI~ib}fAt@tEt@nBjFxNDx@T~@~H~JlJjJhIrG~FtFdD|ExAvCz@hC|@hE\jCF~D_@bFkAdHcCjHyBdH,<div><strong>HANCOCK DRIVE</strong><br><span>Surface: sealed</span><br><span>Length: 0.27 km</span><br><span>Length rank: 816</span></div>
road_7742392,path,7742392,sealed,HAPORI AVENUE,0.271639866696852,817,28,#1464a5cc,#1464a5cc,@EAAg`|emI~j~_gAi\}_@oV_Wi^__@e_@}_@,<div><strong>HAPORI AVENUE</strong><br><span>Surface: sealed</span><br><span>Length: 0.27 km</span><br><span>Length rank: 817</span></div>
road_8328184,path,8328184,sealed,CHAFER PLACE,0.2713387184253654,818,28,#1464a5cc,#1464a5cc,@EAAk__fmIzxg_gAjrC}`BDC,<div><strong>CHAFER PLACE</strong><br><span>Surface: sealed</span><br><span>Length: 0.27 km</span><br><span>Length rank: 818</span></div>
road_3258098,path,3258098,sealed,TAINUI STREET,0.2710962180191723,819,28,#1464a5cc,#1464a5cc,@EAAw}}hmI`mnagABfDFfCdApDhlAzyB,<div><strong>TAINUI STREET</strong><br><span>Surface: sealed</span><br><span>Length: 0.27 km</span><br><span>Length rank: 819</span></div>
road_3283353,path,3283353,sealed,FEND STREET,0.2710094619013387,820,28,#1464a5cc,#1464a5cc,@EAAwlcimIzxs_gA{Hh[}El^mTzg@mP|k@,<div><strong>FEND STREET</strong><br><span>Surface: sealed</span><br><span>Length: 0.27 km</span><br><span>Length rank: 820</span></div>
road_3283435,path,3283435,sealed,HAWKRIDGE RISE,0.2705536420717839,821,28,#1464a5cc,#1464a5cc,@EAAsfnimI`ir}fAa@rEsApQk@zHw@xCaBnAiFxCi`@jOoDjBeCjCkVzXcIjJeDpCaChAyA|@,<div><strong>HAWKRIDGE RISE</strong><br><span>Surface: sealed</span><br><span>Length: 0.27 km</span><br><span>Length rank: 821</span></div>
road_3283242,path,3283242,sealed,CHARLEMONT STREET,0.2704559853706104,822,28,#1464a5cc,#1464a5cc,@EAAubqhmIfps`gAfmDu~@,<div><strong>CHARLEMONT STREET</strong><br><span>Surface: sealed</span><br><span>Length: 0.27 km</span><br><span>Length rank: 822</span></div>
road_8328190,path,8328190,sealed,KELLY MAREE CRESCENT,0.2704404821971462,823,28,#1464a5cc,#1464a5cc,@EAA_usfmIvmj}fA|LnSvG~K}ApGwGrEax@d[aIc@{EyBeCoAgL_FmJ_E,<div><strong>KELLY MAREE CRESCENT</strong><br><span>Surface: sealed</span><br><span>Length: 0.27 km</span><br><span>Length rank: 823</span></div>
road_3283108,path,3283108,sealed,TE ANAU PLACE,0.2702901782877727,824,28,#1464a5cc,#1464a5cc,@EAAisbjmIvylcgAfG|A|F`A`EJnBW`k@iOx_AqX|h@yH,<div><strong>TE ANAU PLACE</strong><br><span>Surface: sealed</span><br><span>Length: 0.27 km</span><br><span>Length rank: 824</span></div>
road_7742421,path,7742421,sealed,TE RAPA ACCESS ROAD,0.2701137920875369,825,28,#1464a5cc,#1464a5cc,@EAA{|demIrhg}fAmAqFcCoEyE}EoDgBiDiAoEu@qEYqFAqE\qEt@sEhAgFnBiD`BqH~EsKdKwB~BwA~AcGvGmRdU,<div><strong>TE RAPA ACCESS ROAD</strong><br><span>Surface: sealed</span><br><span>Length: 0.27 km</span><br><span>Length rank: 825</span></div>
road_3283234,path,3283234,sealed,BRISTOL PLACE,0.2694195677711281,826,28,#1464a5cc,#1464a5cc,@EAAodxfmIhgr_gAksCq~A,<div><strong>BRISTOL PLACE</strong><br><span>Surface: sealed</span><br><span>Length: 0.27 km</span><br><span>Length rank: 826</span></div>
road_3283315,path,3283315,sealed,SAXON WOODS DRIVE,0.2692086731126117,827,28,#1464a5cc,#1464a5cc,@EAAij_hmIrv{}fAsDcB_Cs@ko@eKsSqCuFe@mFn@kIxB_O`KsE~FgAhBcB|F}DdW,<div><strong>SAXON WOODS DRIVE</strong><br><span>Surface: sealed</span><br><span>Length: 0.27 km</span><br><span>Length rank: 827</span></div>
road_7742031,path,7742031,sealed,MEDLAND PLACE,0.2692024772704315,828,28,#1464a5cc,#1464a5cc,@EAAa`kjmIjle_gAvT}r@jIsXzHwX|Kw`@xAmF,<div><strong>MEDLAND PLACE</strong><br><span>Surface: sealed</span><br><span>Length: 0.27 km</span><br><span>Length rank: 828</span></div>
road_3283430,path,3283430,sealed,STRATHMORE DRIVE,0.269158846261028,829,28,#1464a5cc,#1464a5cc,@EAAcn`imIhg_~fAdTDvKIfNU|aAkMhQiCJAtIeAzFO|FJpXjB,<div><strong>STRATHMORE DRIVE</strong><br><span>Surface: sealed</span><br><span>Length: 0.27 km</span><br><span>Length rank: 829</span></div>
road_3283000,path,3283000,sealed,GREEN STREET,0.2677641188207343,830,28,#1464a5cc,#1464a5cc,@EAAkpugmIf`ibgAitDbl@,<div><strong>GREEN STREET</strong><br><span>Surface: sealed</span><br><span>Length: 0.27 km</span><br><span>Length rank: 830</span></div>
road_7742380,path,7742380,metalled,,0.2670116113189101,831,28,#bb7f22cc,#bb7f22cc,@EAAg_zemI`zedgAiLeGwIcEqG_DiH{DyEaBwFoBqCoAaCqAqA{@oAuAw@qAu@{Ai@{AUaBQeBEuBOaEc@_KQiEOiHMsS@eF,<div><strong>Road 7742380</strong><br><span>Surface: metalled</span><br><span>Length: 0.27 km</span><br><span>Length rank: 831</span></div>
road_3283291,path,3283291,sealed,WOODLAND DRIVE,0.2666785313987959,832,28,#1464a5cc,#1464a5cc,@EAAqewgmIlpj~fAwChM_ArD{AfDoQb_@yA|B}@|@yAbAeCv@c@DiE^wLq@yFm@oj@iD_KBiGf@,<div><strong>WOODLAND DRIVE</strong><br><span>Surface: sealed</span><br><span>Length: 0.27 km</span><br><span>Length rank: 832</span></div>
road_3258069,path,3258069,sealed,NORTON ROAD,0.2664437866379142,833,28,#1464a5cc,#1464a5cc,@EAAgu|hmIhjgagAhxCeXzPmClLiA,<div><strong>NORTON ROAD</strong><br><span>Surface: sealed</span><br><span>Length: 0.27 km</span><br><span>Length rank: 833</span></div>
road_3283221,path,3283221,sealed,ANTRIM PLACE,0.265803880828779,834,28,#1464a5cc,#1464a5cc,@EAAwsffmI~gr`gAl\`BxGH|Eq@xDmAtCeB|B{B`BwE~Lmd@rNuWzOkS,<div><strong>ANTRIM PLACE</strong><br><span>Surface: sealed</span><br><span>Length: 0.27 km</span><br><span>Length rank: 834</span></div>
road_3283233,path,3283233,sealed,METRO AVENUE,0.2658033178343875,835,28,#1464a5cc,#1464a5cc,@EAAkbnfmI``a`gA`BdDvB~Ev@dEHlFWbDmBhGkAjBiD|C{D|CuClAeIlBqGp@}MdAiI`AcDVmDB{CBkNjAcY~BcEP,<div><strong>METRO AVENUE</strong><br><span>Surface: sealed</span><br><span>Length: 0.27 km</span><br><span>Length rank: 835</span></div>
road_6082278,path,6082278,sealed,BLACKWOOD CRESCENT,0.265138228926349,836,28,#1464a5cc,#1464a5cc,@EAAgojjmIvzscgAEvIg@nIq@dE_CpBgIrC}F`BeDRuCG}CUaMsAcD_@wk@oGuE{@oAu@aA{A]iAcBgIe@cGoCk@,<div><strong>BLACKWOOD CRESCENT</strong><br><span>Surface: sealed</span><br><span>Length: 0.27 km</span><br><span>Length rank: 836</span></div>
road_3314643,path,3314643,sealed,CHAMBERLAIN PLACE,0.2646009117239184,837,28,#1464a5cc,#1464a5cc,@EAAmx_jmIjmr_gArBuAlAcAp@kAfKe\Pu@U{@gBs@sg@gIuAOoAD_Bj@wAdBc@jA[zAh@bCn@hAfa@zb@,<div><strong>CHAMBERLAIN PLACE</strong><br><span>Surface: sealed</span><br><span>Length: 0.26 km</span><br><span>Length rank: 837</span></div>
road_3283304,path,3283304,sealed,CASHMERE PLACE,0.2644454418822983,838,28,#1464a5cc,#1464a5cc,@EAAghpgmInw|}fA_@~GoDdOq@|EA`E`@~CnAtCjBnBrGjDzEfB~L`F|KdFvJ|FdOnKxB~B|AbDj@rD@fCYvB,<div><strong>CASHMERE PLACE</strong><br><span>Surface: sealed</span><br><span>Length: 0.26 km</span><br><span>Length rank: 838</span></div>
road_3283197,path,3283197,sealed,DALESFORD STREET,0.2640423823674962,839,28,#1464a5cc,#1464a5cc,@EAAulflmIz|ragAbUqUhXmXhWiXlj@{j@,<div><strong>DALESFORD STREET</strong><br><span>Surface: sealed</span><br><span>Length: 0.26 km</span><br><span>Length rank: 839</span></div>
road_3283087,path,3283087,sealed,GRETA STREET,0.2639361481302008,840,28,#1464a5cc,#1464a5cc,@EAAiwtimIdlkcgAcyB}bBcG{E,<div><strong>GRETA STREET</strong><br><span>Surface: sealed</span><br><span>Length: 0.26 km</span><br><span>Length rank: 840</span></div>
road_3258105,path,3258105,sealed,CASSIDY STREET,0.2633174042676128,841,28,#1464a5cc,#1464a5cc,@EAA}owjmIfgmagAlL|ArAPdnAhPrsAfR,<div><strong>CASSIDY STREET</strong><br><span>Surface: sealed</span><br><span>Length: 0.26 km</span><br><span>Length rank: 841</span></div>
road_3258213,path,3258213,sealed,ORCHARD AVENUE,0.2622702089970525,842,28,#1464a5cc,#1464a5cc,@EAA}rnjmInql`gAqIpLmGpGyTjr@mXn~@,<div><strong>ORCHARD AVENUE</strong><br><span>Surface: sealed</span><br><span>Length: 0.26 km</span><br><span>Length rank: 842</span></div>
road_3283065,path,3283065,sealed,MAGNOLIA CRESCENT,0.2620412785784808,843,28,#1464a5cc,#1464a5cc,@EAAivcgmIjw|`gAyHjCkl@|YuDnBmu@f_@oa@dS,<div><strong>MAGNOLIA CRESCENT</strong><br><span>Surface: sealed</span><br><span>Length: 0.26 km</span><br><span>Length rank: 843</span></div>
road_3314441,path,3314441,sealed,WINCHESTER PLACE,0.2619381138896199,844,28,#1464a5cc,#1464a5cc,@EAAwfbhmIbwp}fA_ErN{@|AkBxCgDnCoDlBuEvAkDn@yE`@{DHqHScHyA_GyByGiF}AoDm@wEd@eEzAgFlCcD`HwDzHwBlF}@,<div><strong>WINCHESTER PLACE</strong><br><span>Surface: sealed</span><br><span>Length: 0.26 km</span><br><span>Length rank: 844</span></div>
road_3258016,path,3258016,sealed,RAMSAY STREET,0.2616470374196684,845,28,#1464a5cc,#1464a5cc,@EAA{zvgmIb`{agAs{AjUuiAjQeIpA,<div><strong>RAMSAY STREET</strong><br><span>Surface: sealed</span><br><span>Length: 0.26 km</span><br><span>Length rank: 845</span></div>
road_3314602,path,3314602,sealed,ELIOT STREET,0.2614987899083025,846,28,#1464a5cc,#1464a5cc,@EAAyn`jmIjo~_gAuB|g@hBrFdDbCbdAhSrGXjGo@xV{E,<div><strong>ELIOT STREET</strong><br><span>Surface: sealed</span><br><span>Length: 0.26 km</span><br><span>Length rank: 846</span></div>
road_3283046,path,3283046,sealed,WINNING TERRACE,0.2609661480660065,847,28,#1464a5cc,#1464a5cc,@EAAyjfgmIfogbgAhAcFHmD{AgI_GgN_IsHuw@ai@kQmKwEuC}FkA,<div><strong>WINNING TERRACE</strong><br><span>Surface: sealed</span><br><span>Length: 0.26 km</span><br><span>Length rank: 847</span></div>
road_3257962,path,3257962,sealed,,0.2601869737465202,848,28,#1464a5cc,#1464a5cc,@EAAwxyemI~yscgAolBtl@[Hka@nMyQpF,<div><strong>Road 3257962</strong><br><span>Surface: sealed</span><br><span>Length: 0.26 km</span><br><span>Length rank: 848</span></div>
road_3283137,path,3283137,sealed,MEXTED PLACE,0.2595775588355836,849,28,#1464a5cc,#1464a5cc,@EAAquclmIbstbgAeSzBoZbE}Jj@mMt@cMn@qDHyCOoCe@wBgAmAgBe@cBmA{Jm@aGMmCAiDh@iEn@oC|AoDtAiC,<div><strong>MEXTED PLACE</strong><br><span>Surface: sealed</span><br><span>Length: 0.26 km</span><br><span>Length rank: 849</span></div>
road_3258017,path,3258017,sealed,MAKOMAKO STREET,0.2584988474894768,850,28,#1464a5cc,#1464a5cc,@EAAugvgmIfvmagAuHjAgaAjO_hA`QcBdA{BtBcBpBoDdG,<div><strong>MAKOMAKO STREET</strong><br><span>Surface: sealed</span><br><span>Length: 0.26 km</span><br><span>Length rank: 850</span></div>
road_3283015,path,3283015,sealed,HIGHGROVE DRIVE,0.2581376733505783,851,28,#1464a5cc,#1464a5cc,@EAAekoemIvs`agAkEcCmGmD}HkFiIwBiL{ByHuCoHoEcE{FuMgN}d@}h@,<div><strong>HIGHGROVE DRIVE</strong><br><span>Surface: sealed</span><br><span>Length: 0.26 km</span><br><span>Length rank: 851</span></div>
road_3283366,path,3283366,sealed,SAPPHIRE PLACE,0.2574447257468923,852,28,#1464a5cc,#1464a5cc,@EAAkyxhmIj|l_gAyBqCsB_AyBcAegAkP}COaDVuDbAsBlAgBtBkQ|o@,<div><strong>SAPPHIRE PLACE</strong><br><span>Surface: sealed</span><br><span>Length: 0.26 km</span><br><span>Length rank: 852</span></div>
road_7742027,path,7742027,sealed,,0.2569614195212821,853,28,#1464a5cc,#1464a5cc,@EAAcvifmI`b|}fA`@n@bBzC|MhRlBbCpA|@tCbBfBn@dBZtBV`CPzCHxAAxEk@bKiAhIiBfDa@hFDhEJjDVvBPhC\zBl@dG|B~C`AzB^pCHlBDbECtCS,<div><strong>Road 7742027</strong><br><span>Surface: sealed</span><br><span>Length: 0.26 km</span><br><span>Length rank: 853</span></div>
road_3283340,path,3283340,sealed,,0.2568747228500985,854,28,#1464a5cc,#1464a5cc,@EAAql{gmIjrd~fA{Ia@_OsAoEJuDjAkFfEqAp@y@d@sDdAgMlDeL`DaT`GmU`H}Ah@cBj@q@D{@FiCCmBGmBZqOlE,<div><strong>Road 3283340</strong><br><span>Surface: sealed</span><br><span>Length: 0.26 km</span><br><span>Length rank: 854</span></div>
road_7742402,path,7742402,sealed,EASBY WAY,0.2559349498932926,855,28,#1464a5cc,#1464a5cc,@EAAqjzfmIflj}fAwSlAs]pBgRfAeWRaDeAyDoGaDyOmGeMI?aHi@gG^qGV,<div><strong>EASBY WAY</strong><br><span>Surface: sealed</span><br><span>Length: 0.26 km</span><br><span>Length rank: 855</span></div>
road_3314336,path,3314336,sealed,DARLEY STREET,0.2553939642027039,856,28,#1464a5cc,#1464a5cc,@EAAowghmIhoo`gAtfAfN~ASz@[`AeB~YaiA,<div><strong>DARLEY STREET</strong><br><span>Surface: sealed</span><br><span>Length: 0.26 km</span><br><span>Length rank: 856</span></div>
road_3283422,path,3283422,sealed,RAUNGAWARI DRIVE,0.2544452523491723,857,28,#1464a5cc,#1464a5cc,@EAAgvgimIfox~fAr@pGb@nGc@zEWxCsAxC{BlCcEdC{N`Fgf@tNoJnCqB^qDDuEY}Ek@gSqI,<div><strong>RAUNGAWARI DRIVE</strong><br><span>Surface: sealed</span><br><span>Length: 0.25 km</span><br><span>Length rank: 857</span></div>
road_3283157,path,3283157,sealed,TISDALL STREET,0.254112884256343,858,28,#1464a5cc,#1464a5cc,@EAA}myimIx~wagAzHuMbBsChGcI`JuLbk@qm@dYsZ,<div><strong>TISDALL STREET</strong><br><span>Surface: sealed</span><br><span>Length: 0.25 km</span><br><span>Length rank: 858</span></div>
road_3283028,path,3283028,sealed,WEST STREET,0.2534749651394345,859,28,#1464a5cc,#1464a5cc,@EAAmk}gmI~elagApEjB|CTbD@jGi@tqCob@,<div><strong>WEST STREET</strong><br><span>Surface: sealed</span><br><span>Length: 0.25 km</span><br><span>Length rank: 859</span></div>
road_3258255,path,3258255,sealed,MILBROOK PLACE,0.2529951892194695,860,28,#1464a5cc,#1464a5cc,@EAAgvvimIxp{~fAeKnG{GpCkFrBgEfAcFe@qE}A_DeC}C_BmDqAmDu@{Cg@sDOkGBgHl@yDx@kDf@qJp@uFFiGCkHa@iQ{B,<div><strong>MILBROOK PLACE</strong><br><span>Surface: sealed</span><br><span>Length: 0.25 km</span><br><span>Length rank: 860</span></div>
road_3283158,path,3283158,sealed,KNOX STREET,0.2526975425073192,861,28,#1464a5cc,#1464a5cc,@EAAcunimIpwsagAcmCyuA,<div><strong>KNOX STREET</strong><br><span>Surface: sealed</span><br><span>Length: 0.25 km</span><br><span>Length rank: 861</span></div>
road_7742397,path,7742397,sealed,,0.2524542602134471,862,28,#1464a5cc,#1464a5cc,@EAAmvhfmIvai_gA~KrQ~S~OnFtDvIdFlR|IzUdJjTbHtFnFzBzF,<div><strong>Road 7742397</strong><br><span>Surface: sealed</span><br><span>Length: 0.25 km</span><br><span>Length rank: 862</span></div>
road_3283274,path,3283274,sealed,BURN-MURDOCH STREET,0.2523569749676803,863,28,#1464a5cc,#1464a5cc,@EAAayqgmIdrw~fAa|Alo@ww@j\,<div><strong>BURN-MURDOCH STREET</strong><br><span>Surface: sealed</span><br><span>Length: 0.25 km</span><br><span>Length rank: 863</span></div>
road_7742420,path,7742420,sealed,TE RAPA ACCESS ROAD,0.2523527806238158,864,28,#1464a5cc,#1464a5cc,@EAAszdemI`}b}fAwDlSi@tBk@dBeAfEs@fDa@zCWbCSdCWbEItD@nCDjFRjDZdEp@xExGx]x@bFMpF,<div><strong>TE RAPA ACCESS ROAD</strong><br><span>Surface: sealed</span><br><span>Length: 0.25 km</span><br><span>Length rank: 864</span></div>
road_3283384,path,3283384,sealed,KENSINGTON PLACE,0.2516482196406507,865,28,#1464a5cc,#1464a5cc,@EAAortimI~~w_gAlXdWbCzBhDvAzCn@jt@|JhDFhCYdD_A`BqApLka@,<div><strong>KENSINGTON PLACE</strong><br><span>Surface: sealed</span><br><span>Length: 0.25 km</span><br><span>Length rank: 865</span></div>
road_3283171,path,3283171,sealed,UNION STREET,0.2516467045753416,866,28,#1464a5cc,#1464a5cc,@EAAiomimIvuw`gAspA~|B,<div><strong>UNION STREET</strong><br><span>Surface: sealed</span><br><span>Length: 0.25 km</span><br><span>Length rank: 866</span></div>
road_3258099,path,3258099,sealed,HOOD STREET,0.2513630100613972,867,28,#1464a5cc,#1464a5cc,@EAAahmimIxgragA}u@q`@eKmFkFmCsbAag@,<div><strong>HOOD STREET</strong><br><span>Surface: sealed</span><br><span>Length: 0.25 km</span><br><span>Length rank: 867</span></div>
road_3283346,path,3283346,sealed,STROWAN AVENUE,0.2513448422966652,868,28,#1464a5cc,#1464a5cc,@EAAewuhmIzsd`gAijDcf@,<div><strong>STROWAN AVENUE</strong><br><span>Surface: sealed</span><br><span>Length: 0.25 km</span><br><span>Length rank: 868</span></div>
road_3283299,path,3283299,sealed,GROSVENOR GARDENS,0.2511944551084016,869,28,#1464a5cc,#1464a5cc,@EAA_|mgmInzj~fAdFmC~G{EtZm^X{@uDeIqAsCmBqA_CSiCXyArBgBhDwN`YkBlBqDrCaFzC,<div><strong>GROSVENOR GARDENS</strong><br><span>Surface: sealed</span><br><span>Length: 0.25 km</span><br><span>Length rank: 869</span></div>
road_3283396,path,3283396,sealed,RUTLAND STREET,0.2510930516220859,870,28,#1464a5cc,#1464a5cc,@EAAmqpjmIxvs_gA~Z~MbIfCfj@jM|DxC`BbEF|BS`C}Rbk@,<div><strong>RUTLAND STREET</strong><br><span>Surface: sealed</span><br><span>Length: 0.25 km</span><br><span>Length rank: 870</span></div>
road_3283319,path,3283319,sealed,MIERS GLADE,0.2507742979488954,871,28,#1464a5cc,#1464a5cc,@EAA}dahmIz}v}fAa`@aK}HwBeIoAkH}@gIaAcJ_AaN_@oPGiRl@wOdAyFRcDC{De@,<div><strong>MIERS GLADE</strong><br><span>Surface: sealed</span><br><span>Length: 0.25 km</span><br><span>Length rank: 871</span></div>
road_3283114,path,3283114,sealed,MCKAIN PLACE,0.2500727706790892,872,28,#1464a5cc,#1464a5cc,@EAAaksjmI`vccgAlFm@bFsB|GkHpDgHhD{LdEma@XkCr@wBhAwBbBqAxCs@zl@n@,<div><strong>MCKAIN PLACE</strong><br><span>Surface: sealed</span><br><span>Length: 0.25 km</span><br><span>Length rank: 872</span></div>
road_3283248,path,3283248,sealed,MAINSTREET PLACE,0.2495700062913987,873,28,#1464a5cc,#1464a5cc,@EAA}u~fmI~it_gAcwAzvAgEdG_B`D{@zDJ~E,<div><strong>MAINSTREET PLACE</strong><br><span>Surface: sealed</span><br><span>Length: 0.25 km</span><br><span>Length rank: 873</span></div>
road_3283165,path,3283165,sealed,OPOIA ROAD,0.2493172137211255,874,28,#1464a5cc,#1464a5cc,@EAAuqtimI~{gagAn_Cm_B,<div><strong>OPOIA ROAD</strong><br><span>Surface: sealed</span><br><span>Length: 0.25 km</span><br><span>Length rank: 874</span></div>
road_3257970,path,3257970,sealed,TIRONUI TERRACE,0.2492780903059355,875,28,#1464a5cc,#1464a5cc,@EAAerlfmIzkpagAkAzKUlI`@xJzAzKf@dE~BhGzFpKtCvDz@bBbAdDXjDLxP_@xDKhEdArB`FbD,<div><strong>TIRONUI TERRACE</strong><br><span>Surface: sealed</span><br><span>Length: 0.25 km</span><br><span>Length rank: 875</span></div>
road_3283241,path,3283241,sealed,CARDRONA ROAD,0.2489476909777434,876,28,#1464a5cc,#1464a5cc,@EAAormhmIfdn`gArIgAxG{@nMaCbHeCtmAuqA,<div><strong>CARDRONA ROAD</strong><br><span>Surface: sealed</span><br><span>Length: 0.25 km</span><br><span>Length rank: 876</span></div>
road_3283357,path,3283357,sealed,BLAKE STREET,0.2488645937085472,877,28,#1464a5cc,#1464a5cc,@EAAu~cjmIxi~_gArMov@|@_CnIgU|V_s@,<div><strong>BLAKE STREET</strong><br><span>Surface: sealed</span><br><span>Length: 0.25 km</span><br><span>Length rank: 877</span></div>
road_3283155,path,3283155,sealed,RADNOR STREET,0.2488349650110361,878,28,#1464a5cc,#1464a5cc,@EAA}`yimInkwagAbGvCzdClmA,<div><strong>RADNOR STREET</strong><br><span>Surface: sealed</span><br><span>Length: 0.25 km</span><br><span>Length rank: 878</span></div>
road_6064545,path,6064545,sealed,NORTHBROOK GLEN,0.2488304163908659,879,28,#1464a5cc,#1464a5cc,@EAAapbgmIxam}fApAtHvCvUtCvV|BzIzD|K|GxJfIbHjG~D~M`IpFlC,<div><strong>NORTHBROOK GLEN</strong><br><span>Surface: sealed</span><br><span>Length: 0.25 km</span><br><span>Length rank: 879</span></div>
road_3283207,path,3283207,sealed,BEVERLEY CRESCENT,0.2479616869061644,880,28,#1464a5cc,#1464a5cc,@EAA{thlmId_fbgAxk@|HrBNdDEh@M|A_@p@c@p@e@nAaBx@cCr@uCpL{f@fJg`@,<div><strong>BEVERLEY CRESCENT</strong><br><span>Surface: sealed</span><br><span>Length: 0.25 km</span><br><span>Length rank: 880</span></div>
road_3283024,path,3283024,sealed,CHARLIES WAY,0.2468306310493269,881,28,#1464a5cc,#1464a5cc,@EAAo_ygmIjsbbgAeTdDgqCrb@,<div><strong>CHARLIES WAY</strong><br><span>Surface: sealed</span><br><span>Length: 0.25 km</span><br><span>Length rank: 881</span></div>
road_3283192,path,3283192,sealed,,0.2464524694861258,882,28,#1464a5cc,#1464a5cc,@EAAmlhkmIf}kagArk@fc@bFxCdFpAxFRbHYdQkCxR_DxQmEtLcCt@O,<div><strong>Road 3283192</strong><br><span>Surface: sealed</span><br><span>Length: 0.25 km</span><br><span>Length rank: 882</span></div>
road_3283023,path,3283023,sealed,CAREW STREET,0.2464368536481465,883,28,#1464a5cc,#1464a5cc,@EAAibqfmIfijagAmCeDqDcEqEmDwl@oa@wDoBcEu@qk@}KkUcE,<div><strong>CAREW STREET</strong><br><span>Surface: sealed</span><br><span>Length: 0.25 km</span><br><span>Length rank: 883</span></div>
road_3283289,path,3283289,sealed,CYPRESS CRESCENT,0.245895080226505,884,28,#1464a5cc,#1464a5cc,@EAAea{fmIlir~fA}L^{o@iEihAmJkE`BiAnBSlHjAdH,<div><strong>CYPRESS CRESCENT</strong><br><span>Surface: sealed</span><br><span>Length: 0.25 km</span><br><span>Length rank: 884</span></div>
road_3283205,path,3283205,sealed,CHELMSFORD STREET,0.2452778667484086,885,28,#1464a5cc,#1464a5cc,@EAAcgjlmIviiagAgElAaDn@gGbB{DdCqLhMoAhAiAx@eB`AwIdE_[bO_FjBiElAsPxEyCjA_Av@e@z@IjAJjA^nAl@|Ap@nA,<div><strong>CHELMSFORD STREET</strong><br><span>Surface: sealed</span><br><span>Length: 0.25 km</span><br><span>Length rank: 885</span></div>
road_3258228,path,3258228,sealed,EMERALD PLACE,0.2452716865303173,886,28,#1464a5cc,#1464a5cc,@EAAihzhmIxxm_gAqI|G{DvAmFz@kCFuEa@oY_E_OyBw{@uLgSwC}Ba@,<div><strong>EMERALD PLACE</strong><br><span>Surface: sealed</span><br><span>Length: 0.25 km</span><br><span>Length rank: 886</span></div>
road_3283416,path,3283416,sealed,CHESTERFIELD PLACE,0.2452691195271102,887,28,#1464a5cc,#1464a5cc,@EAAgrqhmIpc|}fAq@lHy@|S\rHzCSfEExq@`BvVLr[z@vG?,<div><strong>CHESTERFIELD PLACE</strong><br><span>Surface: sealed</span><br><span>Length: 0.25 km</span><br><span>Length rank: 887</span></div>
road_3283077,path,3283077,sealed,RICHMOND STREET,0.2452035409066044,888,28,#1464a5cc,#1464a5cc,@EAAs}lhmIljy`gAFyAe@eBiLcViPc]ke@waA,<div><strong>RICHMOND STREET</strong><br><span>Surface: sealed</span><br><span>Length: 0.25 km</span><br><span>Length rank: 888</span></div>
road_3314029,path,3314029,sealed,,0.2446773426473033,889,28,#1464a5cc,#1464a5cc,@EAAwfkhmIfdsagAhV{e@r@kD_A{ByBmBwH}CkBUaEr@kErCgCdFiEpJEtH~DhHdJdL,<div><strong>Road 3314029</strong><br><span>Surface: sealed</span><br><span>Length: 0.24 km</span><br><span>Length rank: 889</span></div>
road_3283323,path,3283323,sealed,BRAMBER STREET,0.2444720798252306,890,28,#1464a5cc,#1464a5cc,@EAAut{fmI~ms}fAc^oPyCy@eBu@uMwFmDgD{AoDKgB?_BnCaJfAoDZaFK{Ek@qFa@{F{@gHy@uI,<div><strong>BRAMBER STREET</strong><br><span>Surface: sealed</span><br><span>Length: 0.24 km</span><br><span>Length rank: 890</span></div>
road_8328181,path,8328181,sealed,TEKAPO ROAD,0.244305116938213,891,28,#1464a5cc,#1464a5cc,@EAA{ucfmIbh~_gAe}@le@_SdJ{Gd@yLkFkKyLwEwFiEiF,<div><strong>TEKAPO ROAD</strong><br><span>Surface: sealed</span><br><span>Length: 0.24 km</span><br><span>Length rank: 891</span></div>
road_3283107,path,3283107,sealed,RICHAN STREET,0.2442499957288364,892,28,#1464a5cc,#1464a5cc,@EAAgpvimI~pfcgAhjAat@r@gAl@{BpCmDn[ge@,<div><strong>RICHAN STREET</strong><br><span>Surface: sealed</span><br><span>Length: 0.24 km</span><br><span>Length rank: 892</span></div>
road_3283014,path,3283014,sealed,LIMOUSIN PLACE,0.2436026272691997,893,28,#1464a5cc,#1464a5cc,@EAAktwemI`waagAjs@tfAvD|DbC~BfEbBlHbCfIx@lEZ|Fa@xGiA,<div><strong>LIMOUSIN PLACE</strong><br><span>Surface: sealed</span><br><span>Length: 0.24 km</span><br><span>Length rank: 893</span></div>
road_3283417,path,3283417,sealed,HORSHAM DOWNS ROAD,0.2417946109629697,894,28,#1464a5cc,#1464a5cc,@EAA{zyhmI|y{}fAyKxh@}AtLsGjb@_EdWa@pQ,<div><strong>HORSHAM DOWNS ROAD</strong><br><span>Surface: sealed</span><br><span>Length: 0.24 km</span><br><span>Length rank: 894</span></div>
road_3283413,path,3283413,sealed,HOLFORD PLACE,0.2415489914941108,895,28,#1464a5cc,#1464a5cc,@EAAmpkimI|~z}fAmnAbNec@zD{CXsExA{BhB}BdDMrCNpEbBvH,<div><strong>HOLFORD PLACE</strong><br><span>Surface: sealed</span><br><span>Length: 0.24 km</span><br><span>Length rank: 895</span></div>
road_3283159,path,3283159,sealed,COATES STREET,0.2413523470841914,896,28,#1464a5cc,#1464a5cc,@EAA{dljmIfgvagAlcDzd@,<div><strong>COATES STREET</strong><br><span>Surface: sealed</span><br><span>Length: 0.24 km</span><br><span>Length rank: 896</span></div>
road_3283164,path,3283164,sealed,BARTON STREET,0.2413198293125808,897,28,#1464a5cc,#1464a5cc,@EAAgecimIltcagAicBbmB,<div><strong>BARTON STREET</strong><br><span>Surface: sealed</span><br><span>Length: 0.24 km</span><br><span>Length rank: 897</span></div>
road_8328204,path,8328204,unmetalled,,0.2410703797239514,898,28,#734a12cc,#734a12cc,@EAAuiqimIbqi}fAmR`JqZnKgZlKaMtDsPfEiK`BcGfAkB|@iCdDqMmB,<div><strong>Road 8328204</strong><br><span>Surface: unmetalled</span><br><span>Length: 0.24 km</span><br><span>Length rank: 898</span></div>
road_3283236,path,3283236,sealed,RAWENE STREET,0.2409685099350044,899,28,#1464a5cc,#1464a5cc,@EAAs}`gmIllt`gAdeBwkB,<div><strong>RAWENE STREET</strong><br><span>Surface: sealed</span><br><span>Length: 0.24 km</span><br><span>Length rank: 899</span></div>
road_7742427,path,7742427,sealed,MIHARO CRESCENT,0.2408957031314168,900,28,#1464a5cc,#1464a5cc,@EAA{s{fmIpdd}fAxCcEvAoCjAqCt@aDViD@iEk@mH{A}Oi@}Fa@cCc@mAm@{@_Am@{@_@eB[mBIqM^_[hAkQf@,<div><strong>MIHARO CRESCENT</strong><br><span>Surface: sealed</span><br><span>Length: 0.24 km</span><br><span>Length rank: 900</span></div>
road_3283168,path,3283168,sealed,CLIFTON ROAD,0.2408636478486256,901,28,#1464a5cc,#1464a5cc,@EAAoudimIrn}`gA`cB}lB,<div><strong>CLIFTON ROAD</strong><br><span>Surface: sealed</span><br><span>Length: 0.24 km</span><br><span>Length rank: 901</span></div>
road_3283390,path,3283390,sealed,ROSSITER PLACE,0.2405683713252449,902,28,#1464a5cc,#1464a5cc,@EAAgfcimIlse_gAtMgf@pCmCrDO|t@hKfIf@lSWdR_@,<div><strong>ROSSITER PLACE</strong><br><span>Surface: sealed</span><br><span>Length: 0.24 km</span><br><span>Length rank: 902</span></div>
road_3283282,path,3283282,sealed,RIVERSIDE LANE,0.2401894594534857,903,28,#1464a5cc,#1464a5cc,@EAAausfmIfy_~fArCsBzByDnKi\n@eDRyCk@kBsDaCkd@aLaE_EwDsF{EqHuD_FkBqB,<div><strong>RIVERSIDE LANE</strong><br><span>Surface: sealed</span><br><span>Length: 0.24 km</span><br><span>Length rank: 903</span></div>
road_3283230,path,3283230,sealed,PENNEY GREEN,0.2401406128751139,904,28,#1464a5cc,#1464a5cc,@EAAqosfmIrji`gAfI`FrEtAlHlAlDrBdDvCtCrFpD|H~A`EvDlGfCbCtApAnBv@rCh@pNtBxDh@tBx@dBhBrEtDfBfA~BlAjC`AdBl@,<div><strong>PENNEY GREEN</strong><br><span>Surface: sealed</span><br><span>Length: 0.24 km</span><br><span>Length rank: 904</span></div>
road_3314423,path,3314423,sealed,MATIPO CRESCENT,0.239644206130199,905,28,#1464a5cc,#1464a5cc,@EAAkoegmIxpv~fAa]rc@g@jAEpAJzAn@xA~ArAnBj@fuApY,<div><strong>MATIPO CRESCENT</strong><br><span>Surface: sealed</span><br><span>Length: 0.24 km</span><br><span>Length rank: 905</span></div>
road_3283431,path,3283431,sealed,PORTOBELLO WAY,0.2395694789919824,906,28,#1464a5cc,#1464a5cc,@EAAq~kimI|mc~fABfFWjJw@rDc@`Dk@`ByAhEsCbFuCzEgGbHyDnEmBpCaA`FaBpI{@`EiAdGg@|ERfDpB|C|ArB,<div><strong>PORTOBELLO WAY</strong><br><span>Surface: sealed</span><br><span>Length: 0.24 km</span><br><span>Length rank: 906</span></div>
road_3283163,path,3283163,sealed,NISBET STREET,0.2394439370006316,907,28,#1464a5cc,#1464a5cc,@EAAufbimIzmmagAkhCgnA,<div><strong>NISBET STREET</strong><br><span>Surface: sealed</span><br><span>Length: 0.24 km</span><br><span>Length rank: 907</span></div>
road_3283287,path,3283287,sealed,CATTANACH STREET,0.2393946180862683,908,28,#1464a5cc,#1464a5cc,@EAA}dxgmIhr|~fAdCo@xKmDjGuBhuB_|@,<div><strong>CATTANACH STREET</strong><br><span>Surface: sealed</span><br><span>Length: 0.24 km</span><br><span>Length rank: 908</span></div>
road_3283068,path,3283068,sealed,WATERLOO STREET,0.238859865967292,909,28,#1464a5cc,#1464a5cc,@EAAoqfhmIdroagA~NcLt]cVnjA}w@,<div><strong>WATERLOO STREET</strong><br><span>Surface: sealed</span><br><span>Length: 0.24 km</span><br><span>Length rank: 909</span></div>
road_3314382,path,3314382,sealed,AVALON DRIVE,0.2387880239594585,910,28,#1464a5cc,#1464a5cc,@EAAcbyfmIddg`gAPaEz@gC|AyBzBiBtCoAdDw@hAIfBOrDBnD^bD|@nCtArBlBvA|BTz@\lALlCWlC{@fC}AxB{BfBsCpAgDv@oDXuDCoD_@a@M_Co@oCwAuBkBuA}Bs@iCIyA,<div><strong>AVALON DRIVE</strong><br><span>Surface: sealed</span><br><span>Length: 0.24 km</span><br><span>Length rank: 910</span></div>
road_3283095,path,3283095,sealed,ALOMA WAY,0.2383709512203244,911,28,#1464a5cc,#1464a5cc,@EAA{}ximIvk~cgAcCsCgB{CyOo[gCmIQyAWoBuAcGmJuRqBiCwDgCuV}LsAkAs@mAk@gB,<div><strong>ALOMA WAY</strong><br><span>Surface: sealed</span><br><span>Length: 0.24 km</span><br><span>Length rank: 911</span></div>
road_3283231,path,3283231,sealed,LUGTON STREET,0.2378796532569079,912,28,#1464a5cc,#1464a5cc,@EAA_{qfmIdhc`gAmF~DmBhC{OxXu]ln@WfBJnBjAdJfDjR,<div><strong>LUGTON STREET</strong><br><span>Surface: sealed</span><br><span>Length: 0.24 km</span><br><span>Length rank: 912</span></div>
road_3282999,path,3282999,sealed,WICKHAM STREET,0.2376716064695429,913,28,#1464a5cc,#1464a5cc,@EAAikzgmItspbgAqYgeAaU{x@,<div><strong>WICKHAM STREET</strong><br><span>Surface: sealed</span><br><span>Length: 0.24 km</span><br><span>Length rank: 913</span></div>
road_3314258,path,3314258,sealed,FINCHLEY PLACE,0.2376588683012386,914,28,#1464a5cc,#1464a5cc,@EAA_yxjmIhr_agArY|C`NjB|QpC`F`AxEj@dL`BpIrAxGZdDm@lBsA`A{Ah@}Ar@wETwHcAkM,<div><strong>FINCHLEY PLACE</strong><br><span>Surface: sealed</span><br><span>Length: 0.24 km</span><br><span>Length rank: 914</span></div>
road_3283099,path,3283099,sealed,MINIFIE AVENUE,0.2372320963869667,915,27,#1464a5cc,#1464a5cc,@EAAic{hmIffacgA{u@}`@mnAsm@,<div><strong>MINIFIE AVENUE</strong><br><span>Surface: sealed</span><br><span>Length: 0.24 km</span><br><span>Length rank: 915</span></div>
road_8328199,path,8328199,sealed,BROOKVIEW COURT,0.2370566367034162,916,27,#1464a5cc,#1464a5cc,@EAAwcvhmIvys~fAia@\{Gc@IA}Lw@_KkBGAwIqBcJkBkPkCeAMwLsAq_@iEqDQ,<div><strong>BROOKVIEW COURT</strong><br><span>Surface: sealed</span><br><span>Length: 0.24 km</span><br><span>Length rank: 916</span></div>
road_3283419,path,3283419,sealed,LAVENHAM PLACE,0.2368682705051844,917,27,#1464a5cc,#1464a5cc,@EAAyhuhmI~zy}fAbYe@lHc@zRuBhEsBvA{Cz@{\x@qHjBoWl@_L,<div><strong>LAVENHAM PLACE</strong><br><span>Surface: sealed</span><br><span>Length: 0.24 km</span><br><span>Length rank: 917</span></div>
road_3283170,path,3283170,sealed,HARDLEY STREET,0.2360697387213804,918,27,#1464a5cc,#1464a5cc,@EAAy}`imItjz`gAnEuEvJcKzkAs|@dOkQ,<div><strong>HARDLEY STREET</strong><br><span>Surface: sealed</span><br><span>Length: 0.24 km</span><br><span>Length rank: 918</span></div>
road_3314032,path,3314032,sealed,WALKER TERRACE,0.2357115897833206,919,27,#1464a5cc,#1464a5cc,@EAAykjgmIdgkagAXfCo@bCkEzHy@lCg@dBQrBKfDlBng@]lCcAjBcD|CeEhBgi@|H,<div><strong>WALKER TERRACE</strong><br><span>Surface: sealed</span><br><span>Length: 0.24 km</span><br><span>Length rank: 919</span></div>
road_8326469,path,8326469,sealed,COBHAM DRIVE,0.2353986086401888,920,27,#1464a5cc,#1464a5cc,@EAAaiokmI~vfbgAjnC|bA,<div><strong>COBHAM DRIVE</strong><br><span>Surface: sealed</span><br><span>Length: 0.24 km</span><br><span>Length rank: 920</span></div>
road_6064304,path,6064304,sealed,KENNEDY LANE,0.235189579283572,921,27,#1464a5cc,#1464a5cc,@EAAscmjmIveaagAjSe@dANbAb@Zp@V~B~C`q@tDfD`IlA~p@zI,<div><strong>KENNEDY LANE</strong><br><span>Surface: sealed</span><br><span>Length: 0.24 km</span><br><span>Length rank: 921</span></div>
road_3282996,path,3282996,sealed,PURCELL PLACE,0.2347834426011123,922,27,#1464a5cc,#1464a5cc,@EAAmbphmIpsbcgAl`@jJ|He@hVkFjGoBjCwC~Sq_@MeEoCoC_NoE,<div><strong>PURCELL PLACE</strong><br><span>Surface: sealed</span><br><span>Length: 0.23 km</span><br><span>Length rank: 922</span></div>
road_3283060,path,3283060,sealed,OLWYN TERRACE,0.234251401966509,923,27,#1464a5cc,#1464a5cc,@EAA}ijgmInueagAoQlAa{AbNiPzBs[zEcDt@,<div><strong>OLWYN TERRACE</strong><br><span>Surface: sealed</span><br><span>Length: 0.23 km</span><br><span>Length rank: 923</span></div>
road_3283138,path,3283138,sealed,PICCADILLY LANE,0.23418980450803,924,27,#1464a5cc,#1464a5cc,@EAA{{almIrckbgA`Bg@jBs@lBaAr@}@dByB|@iCZqENsHA}Dg@cBeBoBuCyAsDk@{H_@kH[yFw@qFsAkFuBuBkAgCaBqG{DeCuAoCaAyJwD,<div><strong>PICCADILLY LANE</strong><br><span>Surface: sealed</span><br><span>Length: 0.23 km</span><br><span>Length rank: 924</span></div>
road_3283218,path,3283218,sealed,AILEEN PLACE,0.2335908536124984,925,27,#1464a5cc,#1464a5cc,@EAAqcifmI~_k`gA`BbFp@pFN`OqBxHuBhD_CvCwXdRcGbFoF|GiE`HwH|P,<div><strong>AILEEN PLACE</strong><br><span>Surface: sealed</span><br><span>Length: 0.23 km</span><br><span>Length rank: 925</span></div>
road_3314237,path,3314237,sealed,NORTON ROAD,0.2334395489007031,926,27,#1464a5cc,#1464a5cc,@EAAghuhmIxefagA}BwHcGeEuKkB}MxA}InHw@pJd@rCpEdGhHtC|KVnIeBtGmFdBeK,<div><strong>NORTON ROAD</strong><br><span>Surface: sealed</span><br><span>Length: 0.23 km</span><br><span>Length rank: 926</span></div>
road_3314028,path,3314028,sealed,COURTNEY AVENUE,0.2332275815121995,927,27,#1464a5cc,#1464a5cc,@EAAg`zfmIn{lagA{g@_Amy@yAmDhBaA`EyBpg@,<div><strong>COURTNEY AVENUE</strong><br><span>Surface: sealed</span><br><span>Length: 0.23 km</span><br><span>Length rank: 927</span></div>
road_3283119,path,3283119,sealed,NORRIE STREET,0.2330590558463035,928,27,#1464a5cc,#1464a5cc,@EAA{hfjmI|ntbgAiGhC_DpCaG`Iih@hr@w\vd@,<div><strong>NORRIE STREET</strong><br><span>Surface: sealed</span><br><span>Length: 0.23 km</span><br><span>Length rank: 928</span></div>
road_3283285,path,3283285,sealed,WILFRED STREET,0.2324916017700003,929,27,#1464a5cc,#1464a5cc,@EAAksrgmIzs{~fAebBpq@ub@fW,<div><strong>WILFRED STREET</strong><br><span>Surface: sealed</span><br><span>Length: 0.23 km</span><br><span>Length rank: 929</span></div>
road_3258166,path,3258166,sealed,TAKSAN PLACE,0.2321757096755774,930,27,#1464a5cc,#1464a5cc,@EAAwjgfmIf_c~fA{QtWmDbFcB`EaA`CgEhKg@jAaEzSsE~k@,<div><strong>TAKSAN PLACE</strong><br><span>Surface: sealed</span><br><span>Length: 0.23 km</span><br><span>Length rank: 930</span></div>
road_3283290,path,3283290,sealed,HARROWFIELD DRIVE,0.2321149028168057,931,27,#1464a5cc,#1464a5cc,@EAA}pxgmIzvr~fAuq@}K_iBaZ,<div><strong>HARROWFIELD DRIVE</strong><br><span>Surface: sealed</span><br><span>Length: 0.23 km</span><br><span>Length rank: 931</span></div>
road_3283255,path,3283255,sealed,DUNCAN ROAD,0.2316301104954987,932,27,#1464a5cc,#1464a5cc,@EAAmj}gmIxpm_gAudCyjA,<div><strong>DUNCAN ROAD</strong><br><span>Surface: sealed</span><br><span>Length: 0.23 km</span><br><span>Length rank: 932</span></div>
road_3257966,path,3257966,sealed,GRASSLANDS PLACE,0.2311393302572428,933,27,#1464a5cc,#1464a5cc,@EAAwcdhmIpkmbgAor@pKihBrX,<div><strong>GRASSLANDS PLACE</strong><br><span>Surface: sealed</span><br><span>Length: 0.23 km</span><br><span>Length rank: 933</span></div>
road_3283081,path,3283081,sealed,STOKES CRESCENT,0.2307374231546814,934,27,#1464a5cc,#1464a5cc,@EAAucchmInds`gArKbRnAfAhGrE|CvAt@hA`@fAE~CaKt\}@jEQ|CVle@,<div><strong>STOKES CRESCENT</strong><br><span>Surface: sealed</span><br><span>Length: 0.23 km</span><br><span>Length rank: 934</span></div>
road_3283309,path,3283309,sealed,TOI TOI PLACE,0.2305438403545177,935,27,#1464a5cc,#1464a5cc,@EAA{h_hmI|li~fAoCjHgDhLcBhFeAtByAn@}B`AtCpBXh@TtB@rCWtFW~BIrBHtBXpBbAzB~DjCnKjCbQtCxNjC,<div><strong>TOI TOI PLACE</strong><br><span>Surface: sealed</span><br><span>Length: 0.23 km</span><br><span>Length rank: 935</span></div>
road_3283243,path,3283243,sealed,BOLMUIR ROAD,0.2297263735627552,936,27,#1464a5cc,#1464a5cc,@EAA}a`hmI~hg`gA~y@zf@n`Arj@,<div><strong>BOLMUIR ROAD</strong><br><span>Surface: sealed</span><br><span>Length: 0.23 km</span><br><span>Length rank: 936</span></div>
road_3314284,path,3314284,sealed,,0.2295788997939983,937,27,#1464a5cc,#1464a5cc,@EAAgv~kmIf`ragAnAvAzAdAfB`AjCnAlBz@zAv@|@z@|@vAnAbB~AlAlAp@|Ah@|AZdB?dB[nCqApMgGjAq@nAeBf@aBFmBEsBYsAcAyA}AcAqBi@yBIsB?iB?gCMkBe@kBq@iAo@eBqAcAcAuAu@kBc@yCF,<div><strong>Road 3314284</strong><br><span>Surface: sealed</span><br><span>Length: 0.23 km</span><br><span>Length rank: 937</span></div>
road_3283314,path,3283314,sealed,GROSVENOR PLACE,0.2295653212872601,938,27,#1464a5cc,#1464a5cc,@EAA{onhmIv{~}fAdBt@fFpAbMtBtHjA`I`@vNrApGXlEVxDhAtRdMzCrB`EzA~EMrDy@tPuL,<div><strong>GROSVENOR PLACE</strong><br><span>Surface: sealed</span><br><span>Length: 0.23 km</span><br><span>Length rank: 938</span></div>
road_3283362,path,3283362,sealed,RANFURLY AVENUE,0.2295234831027189,939,27,#1464a5cc,#1464a5cc,@EAAis}hmIxhk`gAhLaQ`H{Wz[enA,<div><strong>RANFURLY AVENUE</strong><br><span>Surface: sealed</span><br><span>Length: 0.23 km</span><br><span>Length rank: 939</span></div>
road_3314436,path,3314436,sealed,CANAANDALE DRIVE,0.2294768844334581,940,27,#1464a5cc,#1464a5cc,@EAA}i`hmInrg~fAmF`OmDjK}K`VoB`HuE~Ng@tCZrAhAr@|Bf@jh@|G,<div><strong>CANAANDALE DRIVE</strong><br><span>Surface: sealed</span><br><span>Length: 0.23 km</span><br><span>Length rank: 940</span></div>
road_3283352,path,3283352,sealed,NGAERE AVENUE,0.2293129018467038,941,27,#1464a5cc,#1464a5cc,@EAA_{`imI|iy_gAwIoAu}B_\yQkC,<div><strong>NGAERE AVENUE</strong><br><span>Surface: sealed</span><br><span>Length: 0.23 km</span><br><span>Length rank: 941</span></div>
road_3283032,path,3283032,sealed,TANIWHA STREET,0.228881024455771,942,27,#1464a5cc,#1464a5cc,@EAAqbhhmIhf`agAaAjIeKhYy@hF`@nI`C`NxLzv@,<div><strong>TANIWHA STREET</strong><br><span>Surface: sealed</span><br><span>Length: 0.23 km</span><br><span>Length rank: 942</span></div>
road_3283044,path,3283044,sealed,HASTINGS PLACE,0.2280341210473278,943,27,#1464a5cc,#1464a5cc,@EAAejlhmI~kibgAsEfBkFd@iH^aHU{JgCkDuC{BuCk@mCF_Dj@eC`AgFj@cJRuFYaSG}Cc@{G]aD,<div><strong>HASTINGS PLACE</strong><br><span>Surface: sealed</span><br><span>Length: 0.23 km</span><br><span>Length rank: 943</span></div>
road_3314604,path,3314604,sealed,FERNLEIGH STREET,0.2276145561010173,944,27,#1464a5cc,#1464a5cc,@EAAgmuimIr`p_gAbv@fl@bx@zm@,<div><strong>FERNLEIGH STREET</strong><br><span>Surface: sealed</span><br><span>Length: 0.23 km</span><br><span>Length rank: 944</span></div>
road_8328172,path,8328172,sealed,TIMATANGA ROAD,0.2274555017092446,945,27,#1464a5cc,#1464a5cc,@EAA{k}emIroncgA{RjEsR`EoJlDkLvHo@`@yG`EmFToJ?cIuAm\aY,<div><strong>TIMATANGA ROAD</strong><br><span>Surface: sealed</span><br><span>Length: 0.23 km</span><br><span>Length rank: 945</span></div>
road_3258258,path,3258258,sealed,HARTFORD TERRACE,0.2269322093093561,946,27,#1464a5cc,#1464a5cc,@EAA_gmimIp~m}fAcMpBaInAcJ`AcCRqGNii@}BkQsAwK_CyJuE_NoK,<div><strong>HARTFORD TERRACE</strong><br><span>Surface: sealed</span><br><span>Length: 0.23 km</span><br><span>Length rank: 946</span></div>
road_8328186,path,8328186,sealed,GILBEK PLACE,0.2261203748498826,947,27,#1464a5cc,#1464a5cc,@EAAsagfmI|wg_gAgwAykAeS_P,<div><strong>GILBEK PLACE</strong><br><span>Surface: sealed</span><br><span>Length: 0.23 km</span><br><span>Length rank: 947</span></div>
road_3283067,path,3283067,sealed,MIRO STREET,0.2259705962940439,948,27,#1464a5cc,#1464a5cc,@EAAe`zgmI`z|`gA{MiaAsc@ks@,<div><strong>MIRO STREET</strong><br><span>Surface: sealed</span><br><span>Length: 0.23 km</span><br><span>Length rank: 948</span></div>
road_7742806,path,7742806,sealed,CHIEFS COURT,0.2255936356808843,949,27,#1464a5cc,#1464a5cc,@EAA_x}jmIxjgagAiGlUlc@fGzJa_@oQcCmBpHaQaC,<div><strong>CHIEFS COURT</strong><br><span>Surface: sealed</span><br><span>Length: 0.23 km</span><br><span>Length rank: 949</span></div>
road_3283302,path,3283302,sealed,WISTERIA PLACE,0.2254905319245978,950,27,#1464a5cc,#1464a5cc,@EAA}j{fmIt}{}fAiGqHqBiDqDeDeRaKaKwIaEqC{DqAaGmAaDY{CW{MgAgEeAwIqDyGsA_GgA,<div><strong>WISTERIA PLACE</strong><br><span>Surface: sealed</span><br><span>Length: 0.23 km</span><br><span>Length rank: 950</span></div>
road_3283148,path,3283148,sealed,FRANCES STREET,0.2254631181942777,951,27,#1464a5cc,#1464a5cc,@EAAaiejmIhocagAarCw`@{EI,<div><strong>FRANCES STREET</strong><br><span>Surface: sealed</span><br><span>Length: 0.23 km</span><br><span>Length rank: 951</span></div>
road_3283258,path,3283258,sealed,EDWIN STREET,0.2249993549229598,952,27,#1464a5cc,#1464a5cc,@EAAcqqgmIz}|~fA}t@pZqhAfo@,<div><strong>EDWIN STREET</strong><br><span>Surface: sealed</span><br><span>Length: 0.22 km</span><br><span>Length rank: 952</span></div>
road_3283421,path,3283421,sealed,WESTMINSTER PLACE,0.224856681816673,953,27,#1464a5cc,#1464a5cc,@EAAy|uhmIvas}fAvM_Dxa@oIv_@cKdCk@|B?fCn@lC~AdVbc@,<div><strong>WESTMINSTER PLACE</strong><br><span>Surface: sealed</span><br><span>Length: 0.22 km</span><br><span>Length rank: 953</span></div>
road_6064574,path,6064574,sealed,WAIRERE DRIVE,0.2247909575901272,954,27,#1464a5cc,#1464a5cc,@EAAwuajmIb|b_gAeAi@oBgBoAuBq@aCKeCTeCv@_CvAqBtBaBjCmAzCs@~BQpEAbD\xCx@fCpAlBdBpAvBf@hBT|CUdCw@|ByArBcAx@o@f@kCjA}Cr@eDXiDCeD_@yCw@_Ag@,<div><strong>WAIRERE DRIVE</strong><br><span>Surface: sealed</span><br><span>Length: 0.22 km</span><br><span>Length rank: 954</span></div>
road_3283152,path,3283152,sealed,FOW STREET,0.2245337963448824,955,27,#1464a5cc,#1464a5cc,@EAAyjkimIt`}agAaPpZaKlRke@||@yAnC,<div><strong>FOW STREET</strong><br><span>Surface: sealed</span><br><span>Length: 0.22 km</span><br><span>Length rank: 955</span></div>
road_7742796,path,7742796,sealed,BOSTONKIP CRESCENT,0.2245166551362152,956,27,#1464a5cc,#1464a5cc,@EAAebsjmIrjncgAQOgTyRgLcJ_FaDeFZ_InDwCnC_AfFdDbFz_@t[^Z,<div><strong>BOSTONKIP CRESCENT</strong><br><span>Surface: sealed</span><br><span>Length: 0.22 km</span><br><span>Length rank: 956</span></div>
road_3283018,path,3283018,sealed,PALM GROVE DRIVE,0.2241147400829979,957,27,#1464a5cc,#1464a5cc,@EAAoodfmIla|agAhP{@zGm@xMkD|B{@tCkBhAgAjAiC`@uBXiCQ}Dc@qMK_BUiBgA{FmJq^,<div><strong>PALM GROVE DRIVE</strong><br><span>Surface: sealed</span><br><span>Length: 0.22 km</span><br><span>Length rank: 957</span></div>
road_3283394,path,3283394,sealed,MCINTOSH STREET,0.2240592899185901,958,27,#1464a5cc,#1464a5cc,@EAA}`zimI|`x_gAcFcEiD_AkeCud@,<div><strong>MCINTOSH STREET</strong><br><span>Surface: sealed</span><br><span>Length: 0.22 km</span><br><span>Length rank: 958</span></div>
road_3314567,path,3314567,sealed,TURNBURY COURT,0.2237962853702434,959,27,#1464a5cc,#1464a5cc,@EAAi~fhmIxeh~fAzKzBlQfDfJpBfB^vJpB|T`E`HnAlB\rAHbAQf@k@hJuYV}ALuAGcAa@y@{@o@uAi@,<div><strong>TURNBURY COURT</strong><br><span>Surface: sealed</span><br><span>Length: 0.22 km</span><br><span>Length rank: 959</span></div>
road_8329732,path,8329732,sealed,KEYES STREET,0.223540909259269,960,27,#1464a5cc,#1464a5cc,@EAA{umjmInfa_gAwDqAq\oFo@Dg@Pa@`@W`@uTfv@Cl@Jf@L^`@^z`@bG,<div><strong>KEYES STREET</strong><br><span>Surface: sealed</span><br><span>Length: 0.22 km</span><br><span>Length rank: 960</span></div>
road_3258060,path,3258060,sealed,LAKE DOMAIN DRIVE,0.2232234914981519,961,27,#1464a5cc,#1464a5cc,@EAA{{{hmIl|ragAjJlOnEdJtL|N|AfBrCjBfF|BtFvBlIhBxHjAxPtAvGThPV,<div><strong>LAKE DOMAIN DRIVE</strong><br><span>Surface: sealed</span><br><span>Length: 0.22 km</span><br><span>Length rank: 961</span></div>
road_3314334,path,3314334,sealed,KEN BROWNE DRIVE,0.2230992998666125,962,27,#1464a5cc,#1464a5cc,@EAAcqngmIpia`gAdMmJbRyMpe@wZjj@__@,<div><strong>KEN BROWNE DRIVE</strong><br><span>Surface: sealed</span><br><span>Length: 0.22 km</span><br><span>Length rank: 962</span></div>
road_3283434,path,3283434,sealed,RENE WAY,0.22279303325944,963,27,#1464a5cc,#1464a5cc,@EAAo{cimIdqz}fAdDeDtCyCtAwBpAyDCe@NaAFwBEmBQkBe@yBMYM]a@_AwE_JcFmJqH}LsFiKkJwPcBkD,<div><strong>RENE WAY</strong><br><span>Surface: sealed</span><br><span>Length: 0.22 km</span><br><span>Length rank: 963</span></div>
road_100047913,path,100047913,sealed,MALCOLM STREET,0.2227082212634467,964,27,#1464a5cc,#1464a5cc,@EAAqsqkmIj{obgAlN~@`Jn@fLl@dLz@bKb@bJr@zUWhE]rJu@lOoAjLwCpEcC,<div><strong>MALCOLM STREET</strong><br><span>Surface: sealed</span><br><span>Length: 0.22 km</span><br><span>Length rank: 964</span></div>
road_3283058,path,3283058,sealed,MOA CRESCENT,0.2224801461287591,965,27,#1464a5cc,#1464a5cc,@EAAilngmIf_jagAqBfHuCrImBfJ}@jHB|Cz@zFvBrFjFhKvAbD~B~CvCtDxD~CvKtEfBdAHV\nAd@jC,<div><strong>MOA CRESCENT</strong><br><span>Surface: sealed</span><br><span>Length: 0.22 km</span><br><span>Length rank: 965</span></div>
road_3283051,path,3283051,sealed,ROSS VIEW TERRACE,0.2223954471049131,966,27,#1464a5cc,#1464a5cc,@EAA}y~fmIjfpagAonAkH{DEoDBqL|A_q@hJ,<div><strong>ROSS VIEW TERRACE</strong><br><span>Surface: sealed</span><br><span>Length: 0.22 km</span><br><span>Length rank: 966</span></div>
road_7742871,path,7742871,sealed,AVIAN PLACE,0.2223124238457175,967,27,#1464a5cc,#1464a5cc,@EAAswsfmIxhb}fAmC?gT\iAPw@Za@`@Ub@Oj@Gt@l@rNh@lAn@l@z@^rARpg@qA~Am@v@s@`@cANcAKiDWqAc@q@{@k@gAYyEg@uCq@yA{@uAqA,<div><strong>AVIAN PLACE</strong><br><span>Surface: sealed</span><br><span>Length: 0.22 km</span><br><span>Length rank: 967</span></div>
road_3283131,path,3283131,sealed,FOX LANE,0.2222596245486754,968,27,#1464a5cc,#1464a5cc,@EAAezxjmI|ufbgAcTgDm`BqToGq@yE_AaBaAe@qCd@wE,<div><strong>FOX LANE</strong><br><span>Surface: sealed</span><br><span>Length: 0.22 km</span><br><span>Length rank: 968</span></div>
road_3283327,path,3283327,sealed,PIWAKAWAKA COURT,0.2216944999187304,969,27,#1464a5cc,#1464a5cc,@EAAyjjhmIzhg}fAdJnGzB|CrFbNXfF{ApE_FrDmNzCgh@xLuIrAiBHaIL,<div><strong>PIWAKAWAKA COURT</strong><br><span>Surface: sealed</span><br><span>Length: 0.22 km</span><br><span>Length rank: 969</span></div>
road_3313961,path,3313961,sealed,EVERTON PLACE,0.2211990554307779,970,27,#1464a5cc,#1464a5cc,@EAAcruemIth~`gAyA}Dy@}ByAmEoAyBmAiB_DeAC?yBg@yCYeDGyGA}DGaD@kDi@aCUsCg@iEkA{GuAqIc@iFHqE`@}Cj@}Bj@gAfAq@rBo@~AFbAPlB,<div><strong>EVERTON PLACE</strong><br><span>Surface: sealed</span><br><span>Length: 0.22 km</span><br><span>Length rank: 970</span></div>
road_3283121,path,3283121,sealed,RILEY PLACE,0.2211954759900322,971,27,#1464a5cc,#1464a5cc,@EAAcopjmIbkwbgAtCzCnC~Eb@dDm@dEuA~Bsc@fb@_f@vd@,<div><strong>RILEY PLACE</strong><br><span>Surface: sealed</span><br><span>Length: 0.22 km</span><br><span>Length rank: 971</span></div>
road_3283042,path,3283042,sealed,HOLMES STREET,0.2208502270393738,972,27,#1464a5cc,#1464a5cc,@EAAawvfmI~oz`gA}e@rg@{c@te@aNzNmAn@_BV,<div><strong>HOLMES STREET</strong><br><span>Surface: sealed</span><br><span>Length: 0.22 km</span><br><span>Length rank: 972</span></div>
road_3283201,path,3283201,sealed,BEAUMONT STREET,0.2207573180954182,973,27,#1464a5cc,#1464a5cc,@EAA{e_kmItkiagAoDBqGw@yIuAkEaBug@od@qg@ic@,<div><strong>BEAUMONT STREET</strong><br><span>Surface: sealed</span><br><span>Length: 0.22 km</span><br><span>Length rank: 973</span></div>
road_3314213,path,3314213,sealed,PARK TERRACE,0.2205384263505199,974,27,#1464a5cc,#1464a5cc,@EAA_rnimItwbbgAoAnBe@vBG~BxAvLXdF@dAQpAkBvB{XdP}BYwSqC_I}@_CK}DBmRp@{BH,<div><strong>PARK TERRACE</strong><br><span>Surface: sealed</span><br><span>Length: 0.22 km</span><br><span>Length rank: 974</span></div>
road_3283017,path,3283017,sealed,GLENCOE PLACE,0.220433356219387,975,27,#1464a5cc,#1464a5cc,@EAA}qefmI|j`agAnQhJ`LlE|Fz@xE@lIo@vAe@fD_BbCoCxAaCjB{D~CgDtCcAvEy@vF]hK~@bHxBdFhD,<div><strong>GLENCOE PLACE</strong><br><span>Surface: sealed</span><br><span>Length: 0.22 km</span><br><span>Length rank: 975</span></div>
road_3283395,path,3283395,sealed,MAGEE PLACE,0.219840959933084,976,27,#1464a5cc,#1464a5cc,@EAAg``jmIzjx_gAhBc@rd@mp@pBeDzAaEzImY~FsPt@_C,<div><strong>MAGEE PLACE</strong><br><span>Surface: sealed</span><br><span>Length: 0.22 km</span><br><span>Length rank: 976</span></div>
road_8328173,path,8328173,sealed,TEMEPARA DRIVE,0.2196772870501252,977,27,#1464a5cc,#1464a5cc,@EAAaqafmIhvncgAxHcHvDwEjAwCf@cC`@mCi@sC_BaEcEmD_L}Hca@aYmPkL,<div><strong>TEMEPARA DRIVE</strong><br><span>Surface: sealed</span><br><span>Length: 0.22 km</span><br><span>Length rank: 977</span></div>
road_6082141,path,6082141,sealed,ROSE BERRY CRESCENT,0.2194251838856012,978,27,#1464a5cc,#1464a5cc,@EAAek`gmIpai}fAIlFVhFIvGUtBSxAe@v@aARsAE_Gk@sB[kAQaAOqD_@gDEiBHeCReALyCLqEWqDq@mDaAqGcB{GwAiCO{CEmDLiN~A,<div><strong>ROSE BERRY CRESCENT</strong><br><span>Surface: sealed</span><br><span>Length: 0.22 km</span><br><span>Length rank: 978</span></div>
road_3314433,path,3314433,sealed,VANTAGE PLACE,0.2189687365581383,979,27,#1464a5cc,#1464a5cc,@EAAme`gmIn~_~fAcCzCiCtBkEfCaEpAqD`@cFWsDqBiC{CaOaV{BsDk@qBCmC|@aC~JaNpCgF~BoE,<div><strong>VANTAGE PLACE</strong><br><span>Surface: sealed</span><br><span>Length: 0.22 km</span><br><span>Length rank: 979</span></div>
road_3283383,path,3283383,sealed,ST PAULS ROAD,0.2170427792044846,980,27,#1464a5cc,#1464a5cc,@EAAi_eimItls_gApq@dKhhAjO|G`@dDF|Ce@rCkA,<div><strong>ST PAULS ROAD</strong><br><span>Surface: sealed</span><br><span>Length: 0.22 km</span><br><span>Length rank: 980</span></div>
road_3283359,path,3283359,sealed,CARRS ROAD,0.216129541388709,981,27,#1464a5cc,#1464a5cc,@EAAgmdjmIzvm_gAqYsIqI_CaJmB}JeB}JgBcEs@{F_AiFk@oCW_Mo@yP[_G@eFrA,<div><strong>CARRS ROAD</strong><br><span>Surface: sealed</span><br><span>Length: 0.22 km</span><br><span>Length rank: 981</span></div>
road_3283439,path,3283439,sealed,EASTRIDGE TERRACE,0.2158474433250255,982,27,#1464a5cc,#1464a5cc,@EAAw_uimI|lo}fAfFjNzBjIVrHQpBu@nC{JjSySh]wBtBaHxByFv@,<div><strong>EASTRIDGE TERRACE</strong><br><span>Surface: sealed</span><br><span>Length: 0.22 km</span><br><span>Length rank: 982</span></div>
road_3283039,path,3283039,sealed,KENTUCKY CRESCENT,0.2153921482245235,983,27,#1464a5cc,#1464a5cc,@EAAkppfmIdhw`gAza@zRtSnG`UbEzo@hG`Ln@,<div><strong>KENTUCKY CRESCENT</strong><br><span>Surface: sealed</span><br><span>Length: 0.22 km</span><br><span>Length rank: 983</span></div>
road_7742841,path,7742841,sealed,BEAUFORT PLACE,0.2152503881447149,984,27,#1464a5cc,#1464a5cc,@EAAologmIt{x}fAbCaBrDgChGwCnHqAtWmCjI_A~CwAx@aDLqF~@{IeA_DiGoBsRaEsHe@,<div><strong>BEAUFORT PLACE</strong><br><span>Surface: sealed</span><br><span>Length: 0.22 km</span><br><span>Length rank: 984</span></div>
road_7742849,path,7742849,sealed,MAGGIE PLACE,0.2150073864854951,985,27,#1464a5cc,#1464a5cc,@EAAkvejmItng_gAjAePlEsL~]lDdDlAmAtIsE|MiCzCwG[gN_BsFuB,<div><strong>MAGGIE PLACE</strong><br><span>Surface: sealed</span><br><span>Length: 0.22 km</span><br><span>Length rank: 985</span></div>
road_3283292,path,3283292,sealed,SAMUEL PLACE,0.2149196475791905,986,27,#1464a5cc,#1464a5cc,@EAAavjhmIfj}~fAxDkAxw@q[vr@sX~CmCtAwF,<div><strong>SAMUEL PLACE</strong><br><span>Surface: sealed</span><br><span>Length: 0.21 km</span><br><span>Length rank: 986</span></div>
road_3283283,path,3283283,sealed,BOS CRESCENT,0.2147239059297789,987,27,#1464a5cc,#1464a5cc,@EAA}tvfmIfjv}fAuDF_Gn@oD~@yBdB}UjPaHlFgBzBQt@a@jG@vEn@pC`BjC`GnF|F`E~DnCnGlD,<div><strong>BOS CRESCENT</strong><br><span>Surface: sealed</span><br><span>Length: 0.21 km</span><br><span>Length rank: 987</span></div>
road_3283064,path,3283064,sealed,RAILSIDE PLACE,0.214529864863239,988,27,#1464a5cc,#1464a5cc,@EAAqfpgmI|ldagAkFz@_~@`OcHjBcEtC_BlDe@|Cf@lD~ApKXbQ,<div><strong>RAILSIDE PLACE</strong><br><span>Surface: sealed</span><br><span>Length: 0.21 km</span><br><span>Length rank: 988</span></div>
road_3283399,path,3283399,sealed,COOPER PLACE,0.214398838214823,989,27,#1464a5cc,#1464a5cc,@EAAadtimIbc`_gAyb@yN}J_B}KPsI~@gt@lSwDnCiDbC,<div><strong>COOPER PLACE</strong><br><span>Surface: sealed</span><br><span>Length: 0.21 km</span><br><span>Length rank: 989</span></div>
road_3283194,path,3283194,sealed,VESTY AVENUE,0.2141753867548657,990,27,#1464a5cc,#1464a5cc,@EAAextkmIdpqagA_tBxd@aE|@yEfAeBf@wAn@_CbA,<div><strong>VESTY AVENUE</strong><br><span>Surface: sealed</span><br><span>Length: 0.21 km</span><br><span>Length rank: 990</span></div>
road_3291512,path,3291512,sealed,FAIRFIELD BRIDGE,0.2141410489824163,991,27,#1464a5cc,#1464a5cc,@EAA_zqhmIvgm`gAgK}F}EoCay@_f@e@YiGqDsKqGyPgI,<div><strong>FAIRFIELD BRIDGE</strong><br><span>Surface: sealed</span><br><span>Length: 0.21 km</span><br><span>Length rank: 991</span></div>
road_3283305,path,3283305,sealed,ACHILLES RISE,0.2140921679159063,992,27,#1464a5cc,#1464a5cc,@EAAcfmgmIxxz}fAod@zRmBtAeBvBUjBv@|B`Qn[|BpG|@pF|ApErE~J,<div><strong>ACHILLES RISE</strong><br><span>Surface: sealed</span><br><span>Length: 0.21 km</span><br><span>Length rank: 992</span></div>
road_3283339,path,3283339,sealed,WHITFORD PLACE,0.2139548568689939,993,27,#1464a5cc,#1464a5cc,@EAAakygmIjrq}fAkBvJi@`CmXnf@kBfCsBrAuDRiLa@yOmCyEuAyEoBaEuBaB_A,<div><strong>WHITFORD PLACE</strong><br><span>Surface: sealed</span><br><span>Length: 0.21 km</span><br><span>Length rank: 993</span></div>
road_3283505,path,3283505,metalled,AKATEA LANE,0.2135017693499364,994,27,#bb7f22cc,#bb7f22cc,@EAAyesgmIl`w|fAyiCh\kFz@,<div><strong>AKATEA LANE</strong><br><span>Surface: metalled</span><br><span>Length: 0.21 km</span><br><span>Length rank: 994</span></div>
road_3283307,path,3283307,sealed,GALLERY GROVE,0.2133720962313082,995,27,#1464a5cc,#1464a5cc,@EAAm|qgmIz{{}fA{MkAcDIeDH}EA}Gq@{DeAcEaB}GaCeHcBmKeBqLwAaL_@iJn@iU`F,<div><strong>GALLERY GROVE</strong><br><span>Surface: sealed</span><br><span>Length: 0.21 km</span><br><span>Length rank: 995</span></div>
road_7742393,path,7742393,sealed,WHAKAPONO AVENUE,0.2131735452246026,996,27,#1464a5cc,#1464a5cc,@EAAenyemItyw_gAuGvKuExNqBp^IhLwAhGoF~HqLpGoIfD,<div><strong>WHAKAPONO AVENUE</strong><br><span>Surface: sealed</span><br><span>Length: 0.21 km</span><br><span>Length rank: 996</span></div>
road_3283219,path,3283219,sealed,ROCHESTER PLACE,0.2130446761145244,997,27,#1464a5cc,#1464a5cc,@EAAm~}emI~|r`gAw@dPSvFBjHd@~I~AfK`BxExAtB`B`AlCp@fDHbJUnG]fGAtLHxFG,<div><strong>ROCHESTER PLACE</strong><br><span>Surface: sealed</span><br><span>Length: 0.21 km</span><br><span>Length rank: 997</span></div>
road_8329774,path,8329774,sealed,RIKO LANE,0.2129027006187731,998,27,#1464a5cc,#1464a5cc,@EAAqgnhmIpqz|fA_X`DeCcAea@k~@`@mDxVaH,<div><strong>RIKO LANE</strong><br><span>Surface: sealed</span><br><span>Length: 0.21 km</span><br><span>Length rank: 998</span></div>
road_8328177,path,8328177,sealed,WHATUKOORURU DRIVE,0.2124255025138431,999,27,#1464a5cc,#1464a5cc,@EAA}xhjmIn|vcgAoCMaVaDye@mE}p@uH}ZmDkAM,<div><strong>WHATUKOORURU DRIVE</strong><br><span>Surface: sealed</span><br><span>Length: 0.21 km</span><br><span>Length rank: 999</span></div>
road_3283063,path,3283063,sealed,KEA STREET,0.2123126644433462,1000,27,#1464a5cc,#1464a5cc,@EAAkdsgmIz~lagAdImAd|Be]xGaA,"<div><strong>KEA STREET</strong><br><span>Surface: sealed</span><br><span>Length: 0.21 km</span><br><span>Length rank: 1,000</span></div>"
road_3283176,path,3283176,sealed,ST OLPHERTS AVENUE,0.2121981804798947,1001,27,#1464a5cc,#1464a5cc,@EAAavejmIrsy`gAsg@`rB,"<div><strong>ST OLPHERTS AVENUE</strong><br><span>Surface: sealed</span><br><span>Length: 0.21 km</span><br><span>Length rank: 1,001</span></div>"
road_3283078,path,3283078,sealed,KIWI AVENUE,0.2118680051508809,1002,27,#1464a5cc,#1464a5cc,@EAA_plgmI~|r`gA``BvmA`GpE,"<div><strong>KIWI AVENUE</strong><br><span>Surface: sealed</span><br><span>Length: 0.21 km</span><br><span>Length rank: 1,002</span></div>"
road_3283400,path,3283400,sealed,RUBY COURT,0.2114310795822083,1003,27,#1464a5cc,#1464a5cc,@EAAoc_jmItfd_gAjMiCzCy@v@}@`@kCmAoH^aDhCyDpD}B~CoBpByC`AaErA}BbCaBxDoBlEuAjGmCjNcKlDeB,"<div><strong>RUBY COURT</strong><br><span>Surface: sealed</span><br><span>Length: 0.21 km</span><br><span>Length rank: 1,003</span></div>"
road_3283389,path,3283389,sealed,RUAPEHU STREET,0.2114300807257275,1004,27,#1464a5cc,#1464a5cc,@EAAc}eimI|im_gAw`AqOwaAcOmCiAmByB,"<div><strong>RUAPEHU STREET</strong><br><span>Surface: sealed</span><br><span>Length: 0.21 km</span><br><span>Length rank: 1,004</span></div>"
road_6064540,path,6064540,sealed,MAX LANDING,0.2114083495143705,1005,27,#1464a5cc,#1464a5cc,@EAAi{xemIpr{`gA`HxApGf@hOLrJt@bL`BbRdEpD`AfFzB`CjCvArBp@hDF~Be@|DkIzN,"<div><strong>MAX LANDING</strong><br><span>Surface: sealed</span><br><span>Length: 0.21 km</span><br><span>Length rank: 1,005</span></div>"
road_3283150,path,3283150,sealed,ST WINIFREDS AVENUE,0.211167175909382,1006,27,#1464a5cc,#1464a5cc,@EAAohhjmIhay`gA_h@jqB,"<div><strong>ST WINIFREDS AVENUE</strong><br><span>Surface: sealed</span><br><span>Length: 0.21 km</span><br><span>Length rank: 1,006</span></div>"
road_3283174,path,3283174,sealed,WHYTE STREET,0.2110291138840052,1007,27,#1464a5cc,#1464a5cc,@EAAki}imI`c}`gAeXfdAsBdBaBnHaIt^,"<div><strong>WHYTE STREET</strong><br><span>Surface: sealed</span><br><span>Length: 0.21 km</span><br><span>Length rank: 1,007</span></div>"
road_3314431,path,3314431,sealed,MUNRO PLACE,0.210873371402265,1008,27,#1464a5cc,#1464a5cc,@EAAqrggmIh|f~fAeYbUsF~BaF~@kEP{EGuEw@oEqA{CsBgCaCaAqB_A_DgIo_@,"<div><strong>MUNRO PLACE</strong><br><span>Surface: sealed</span><br><span>Length: 0.21 km</span><br><span>Length rank: 1,008</span></div>"
road_3283198,path,3283198,sealed,YORKSHIRE ROAD,0.2108540348842262,1009,27,#1464a5cc,#1464a5cc,@EAAapflmIj~lagA_JdEeIhDghB|r@,"<div><strong>YORKSHIRE ROAD</strong><br><span>Surface: sealed</span><br><span>Length: 0.21 km</span><br><span>Length rank: 1,009</span></div>"
road_3283250,path,3283250,sealed,HILTON ROAD,0.2103855023172215,1010,27,#1464a5cc,#1464a5cc,@EAAydxgmIrir_gAsxAkm@{WyKoCw@_CMkBX,"<div><strong>HILTON ROAD</strong><br><span>Surface: sealed</span><br><span>Length: 0.21 km</span><br><span>Length rank: 1,010</span></div>"
road_3314693,path,3314693,sealed,RODERICK PLACE,0.2103667752075619,1011,27,#1464a5cc,#1464a5cc,@EAA}wqhmIxsd~fAzQoHh\kO~CoBtAeClLcWJsBkA}A{XcS,"<div><strong>RODERICK PLACE</strong><br><span>Surface: sealed</span><br><span>Length: 0.21 km</span><br><span>Length rank: 1,011</span></div>"
road_7742036,path,7742036,sealed,TE MANATU DRIVE,0.2103622625069287,1012,27,#1464a5cc,#1464a5cc,@EAAgyeimIbmm}fAfAsEf@{FjAiILeFSqDiAyEwIsRuT_p@,"<div><strong>TE MANATU DRIVE</strong><br><span>Surface: sealed</span><br><span>Length: 0.21 km</span><br><span>Length rank: 1,012</span></div>"
road_3283380,path,3283380,sealed,AUGUSTA STREET,0.2095013028367651,1013,27,#1464a5cc,#1464a5cc,@EAA{|gimIpdz_gAyOrn@eBpEaKlSwBdEkAbCiGzUu@jB,"<div><strong>AUGUSTA STREET</strong><br><span>Surface: sealed</span><br><span>Length: 0.21 km</span><br><span>Length rank: 1,013</span></div>"
road_3278053,path,3278053,sealed,COBHAM DRIVE,0.2087373334753185,1014,27,#1464a5cc,#1464a5cc,@EAAsgskmI~ydbgA`FpBxB|@tCzAvD`BpF|Bfz@xZbA^hc@xO,"<div><strong>COBHAM DRIVE</strong><br><span>Surface: sealed</span><br><span>Length: 0.21 km</span><br><span>Length rank: 1,014</span></div>"
road_3283429,path,3283429,sealed,MERLOT PLACE,0.2084432689230989,1015,27,#1464a5cc,#1464a5cc,@EAAe~|hmIbcc~fAnMdDxM~AhBd@jAz@lA|@jEfErCtEjB~Dx@hCt@lDlAfF`@nGU|EeAtD_LpS,"<div><strong>MERLOT PLACE</strong><br><span>Surface: sealed</span><br><span>Length: 0.21 km</span><br><span>Length rank: 1,015</span></div>"
road_3283239,path,3283239,sealed,SEIFERT STREET,0.2082794286043635,1016,27,#1464a5cc,#1464a5cc,@EAAcdqgmInch`gAcjBwoA,"<div><strong>SEIFERT STREET</strong><br><span>Surface: sealed</span><br><span>Length: 0.21 km</span><br><span>Length rank: 1,016</span></div>"
road_3314122,path,3314122,sealed,OBAN AVENUE,0.208236507305214,1017,27,#1464a5cc,#1464a5cc,@EAAicoimIvoscgApCsApyBcx@,"<div><strong>OBAN AVENUE</strong><br><span>Surface: sealed</span><br><span>Length: 0.21 km</span><br><span>Length rank: 1,017</span></div>"
road_7742413,path,7742413,sealed,HATRIC ROAD,0.2081176020198746,1018,27,#1464a5cc,#1464a5cc,@EAAqkejmIz~}~fA_\fgAaG`UmErP,"<div><strong>HATRIC ROAD</strong><br><span>Surface: sealed</span><br><span>Length: 0.21 km</span><br><span>Length rank: 1,018</span></div>"
road_3314422,path,3314422,sealed,DALLINGER STREET,0.2080302981343444,1019,27,#1464a5cc,#1464a5cc,@EAAokpgmItdx~fAyDfIyj@|v@aCpCyBpAk_@jO,"<div><strong>DALLINGER STREET</strong><br><span>Surface: sealed</span><br><span>Length: 0.21 km</span><br><span>Length rank: 1,019</span></div>"
road_3314707,path,3314707,sealed,OLDFIELD COURT,0.2073626616830017,1020,27,#1464a5cc,#1464a5cc,@EAAmejimIluu}fAkArDyCdDuIjH_DzCkBvCyBjEuAxBaC|BoD`CeE~AuKnBcE\iEg@}D}AaYwM,"<div><strong>OLDFIELD COURT</strong><br><span>Surface: sealed</span><br><span>Length: 0.21 km</span><br><span>Length rank: 1,020</span></div>"
road_3283320,path,3283320,sealed,HOLLY PLACE,0.2071151521192785,1021,27,#1464a5cc,#1464a5cc,@EAAakfhmI~vr}fAgBbAsLfIcG~CsEnB}JhD{PhDaOfBa]~BoHn@yF|@kEvB,"<div><strong>HOLLY PLACE</strong><br><span>Surface: sealed</span><br><span>Length: 0.21 km</span><br><span>Length rank: 1,021</span></div>"
road_3283281,path,3283281,sealed,RIVER OAKS PLACE,0.2065576241699161,1022,27,#1464a5cc,#1464a5cc,@EAAk{xfmItqi~fAiD_@yEs@_Fm@uCUkEDaGn@oJxAuEt@uARkF\uF?i\uAwCW{CUePkBcL_@,"<div><strong>RIVER OAKS PLACE</strong><br><span>Surface: sealed</span><br><span>Length: 0.21 km</span><br><span>Length rank: 1,022</span></div>"
road_3283393,path,3283393,sealed,HILLARY STREET,0.2064701151470186,1023,27,#1464a5cc,#1464a5cc,@EAAenrimIz|c_gAoEeAyvA{Vkk@cJ,"<div><strong>HILLARY STREET</strong><br><span>Surface: sealed</span><br><span>Length: 0.21 km</span><br><span>Length rank: 1,023</span></div>"
road_7742415,path,7742415,unmetalled,,0.2060007745457867,1024,27,#734a12cc,#734a12cc,@EAAkgijmI`qy~fAeUdGeaBda@cCrBwAbE,"<div><strong>Road 7742415</strong><br><span>Surface: unmetalled</span><br><span>Length: 0.21 km</span><br><span>Length rank: 1,024</span></div>"
road_3314426,path,3314426,sealed,NGAIO PLACE,0.2059690767248307,1025,27,#1464a5cc,#1464a5cc,@EAAgpbgmI|ap~fAqr@p`@gDzDs@nH~Inc@UtDK~A,"<div><strong>NGAIO PLACE</strong><br><span>Surface: sealed</span><br><span>Length: 0.21 km</span><br><span>Length rank: 1,025</span></div>"
road_3283247,path,3283247,sealed,SIR TRISTRAM AVENUE,0.2059444523561798,1026,27,#1464a5cc,#1464a5cc,@EAAc`hgmId|y_gAapBmhA,"<div><strong>SIR TRISTRAM AVENUE</strong><br><span>Surface: sealed</span><br><span>Length: 0.21 km</span><br><span>Length rank: 1,026</span></div>"
road_3283031,path,3283031,sealed,PARR STREET,0.2058184965823513,1027,27,#1464a5cc,#1464a5cc,@EAAczehmI|xcagA}ZwpB,"<div><strong>PARR STREET</strong><br><span>Surface: sealed</span><br><span>Length: 0.21 km</span><br><span>Length rank: 1,027</span></div>"
road_3283167,path,3283167,sealed,MASONS AVENUE,0.2056943904195945,1028,27,#1464a5cc,#1464a5cc,@EAA}u{imIvg`agAga@xu@DtBtDvXVvDE~AuDjN,"<div><strong>MASONS AVENUE</strong><br><span>Surface: sealed</span><br><span>Length: 0.21 km</span><br><span>Length rank: 1,028</span></div>"
road_3283301,path,3283301,sealed,MERIDIAN PLACE,0.205687093511273,1029,27,#1464a5cc,#1464a5cc,@EAAmhngmI`lc~fA_CpAsBn@wGRgG_AiJ{DcKcF}EqAsCcAsBgAoL{KmDcB{FiBuDu@aFScGd@qLxC,"<div><strong>MERIDIAN PLACE</strong><br><span>Surface: sealed</span><br><span>Length: 0.21 km</span><br><span>Length rank: 1,029</span></div>"
road_3283050,path,3283050,sealed,JOHNSON STREET,0.2055533362796879,1030,27,#1464a5cc,#1464a5cc,@EAAczigmIz_uagAjgB{WvLgB|NyBbBEpAX,"<div><strong>JOHNSON STREET</strong><br><span>Surface: sealed</span><br><span>Length: 0.21 km</span><br><span>Length rank: 1,030</span></div>"
road_8115376,path,8115376,sealed,COTEBROOKE LANE,0.2054245593868759,1031,27,#1464a5cc,#1464a5cc,@EAA_eilmIbk`bgA_C~IiCbJmArD]l@c@j@g@n@m@j@u@h@kAr@sAl@eBh@_Er@yI`BoC?qd@yD{TVoDl@,"<div><strong>COTEBROOKE LANE</strong><br><span>Surface: sealed</span><br><span>Length: 0.21 km</span><br><span>Length rank: 1,031</span></div>"
road_3283117,path,3283117,sealed,SELWYN STREET,0.205365256135885,1032,27,#1464a5cc,#1464a5cc,@EAAkemimItnibgAzqAfDh}@vC,"<div><strong>SELWYN STREET</strong><br><span>Surface: sealed</span><br><span>Length: 0.21 km</span><br><span>Length rank: 1,032</span></div>"
road_8329695,path,8329695,sealed,OHAUPO ROAD,0.2047786439610116,1033,27,#1464a5cc,#1464a5cc,@EAAwbhjmIrrwcgAK?{Gq@mFcCyCcEq@aFZgBb@yBdD{DtF{B|Ge@zGp@lFbCzCbEd@nDJp@_A`FgDzDuFzBqGd@,"<div><strong>OHAUPO ROAD</strong><br><span>Surface: sealed</span><br><span>Length: 0.20 km</span><br><span>Length rank: 1,033</span></div>"
road_3283056,path,3283056,sealed,MARY STREET,0.204705511760217,1034,27,#1464a5cc,#1464a5cc,@EAAgnlhmIjjwagAj@br@FlGl@nt@@dA,"<div><strong>MARY STREET</strong><br><span>Surface: sealed</span><br><span>Length: 0.20 km</span><br><span>Length rank: 1,034</span></div>"
road_3283175,path,3283175,sealed,BELL STREET,0.2045914455537228,1035,27,#1464a5cc,#1464a5cc,@EAAwdcjmIdjz`gA_g@vmB,"<div><strong>BELL STREET</strong><br><span>Surface: sealed</span><br><span>Length: 0.20 km</span><br><span>Length rank: 1,035</span></div>"
road_3258184,path,3258184,sealed,PURSER CRESCENT,0.2045528308354158,1036,27,#1464a5cc,#1464a5cc,@EAAg`ggmIl}}}fAsU~@}ObBPtCd@bBzDzHbHlOvAdDhF`DrDrBz`@sC,"<div><strong>PURSER CRESCENT</strong><br><span>Surface: sealed</span><br><span>Length: 0.20 km</span><br><span>Length rank: 1,036</span></div>"
road_3283179,path,3283179,sealed,DYER STREET,0.204530588006051,1037,27,#1464a5cc,#1464a5cc,@EAAswqhmIljr`gA_cCvn@,"<div><strong>DYER STREET</strong><br><span>Surface: sealed</span><br><span>Length: 0.20 km</span><br><span>Length rank: 1,037</span></div>"
road_3283106,path,3283106,sealed,MORRISON CRESCENT,0.2045151642788291,1038,27,#1464a5cc,#1464a5cc,@EAAi`himIrxicgAaEjJwCzM}B|BgD~@oDb@i{AoA,"<div><strong>MORRISON CRESCENT</strong><br><span>Surface: sealed</span><br><span>Length: 0.20 km</span><br><span>Length rank: 1,038</span></div>"
road_7742856,path,7742856,sealed,LAVENDER WAY,0.2043648221706704,1039,27,#1464a5cc,#1464a5cc,@EAAazdimIbfn}fAdCmCfIkMlAq@dAWzACdAF`p@zN~\tHvAd@`Ad@v@f@p@v@nClF,"<div><strong>LAVENDER WAY</strong><br><span>Surface: sealed</span><br><span>Length: 0.20 km</span><br><span>Length rank: 1,039</span></div>"
road_3314087,path,3314087,sealed,GOLDSMITH STREET,0.2042853227238524,1040,27,#1464a5cc,#1464a5cc,@EAAuxfhmI|wz`gAm^hb@eBnBQ`ADv@v@`AhA~@xDjB~RnJv`@lR,"<div><strong>GOLDSMITH STREET</strong><br><span>Surface: sealed</span><br><span>Length: 0.20 km</span><br><span>Length rank: 1,040</span></div>"
road_3282998,path,3282998,sealed,NEWTON PLACE,0.2042010066264198,1041,27,#1464a5cc,#1464a5cc,@EAAk{vgmInkmbgAoiC|`@,"<div><strong>NEWTON PLACE</strong><br><span>Surface: sealed</span><br><span>Length: 0.20 km</span><br><span>Length rank: 1,041</span></div>"
road_7742875,path,7742875,sealed,ANNA JEAN CRESCENT,0.2039595293132239,1042,27,#1464a5cc,#1464a5cc,@EAAojngmI|rf}fAeDoAeDgAeDi@wNoC_EKkCj@uAfAm@tAwDpL}BlHyB`HYtBXrAtA`BxOhOnClAv@RpAZ,"<div><strong>ANNA JEAN CRESCENT</strong><br><span>Surface: sealed</span><br><span>Length: 0.20 km</span><br><span>Length rank: 1,042</span></div>"
road_3314560,path,3314560,sealed,MIRANDA PLACE,0.2038433398238644,1043,27,#1464a5cc,#1464a5cc,@EAAk`bgmIjot}fAiFbHmAnByAhEo@lEs@bCaCfEeHjHgDlBuHdCqJnAiMJgG_@iF[cGOwJl@,"<div><strong>MIRANDA PLACE</strong><br><span>Surface: sealed</span><br><span>Length: 0.20 km</span><br><span>Length rank: 1,043</span></div>"
road_3314710,path,3314710,sealed,MERCURY COURT,0.203637523764407,1044,27,#1464a5cc,#1464a5cc,@EAA}_uhmIvon}fAaUbDa^nJmGzBmNdGgFlCiBjDQrE`AvDtEdJfCtF,"<div><strong>MERCURY COURT</strong><br><span>Surface: sealed</span><br><span>Length: 0.20 km</span><br><span>Length rank: 1,044</span></div>"
road_8328228,path,8328228,sealed,KAKARIKI LANE,0.203500672950767,1045,27,#1464a5cc,#1464a5cc,@EAA{qlhmIfr{|fA}KgTck@}rA,"<div><strong>KAKARIKI LANE</strong><br><span>Surface: sealed</span><br><span>Length: 0.20 km</span><br><span>Length rank: 1,045</span></div>"
road_3283199,path,3283199,sealed,LEEDS STREET,0.2034277019833434,1046,27,#1464a5cc,#1464a5cc,@EAAglilmI|~jagAiFfBwD|A{JvEocApf@uA~@_Az@eL|M,"<div><strong>LEEDS STREET</strong><br><span>Surface: sealed</span><br><span>Length: 0.20 km</span><br><span>Length rank: 1,046</span></div>"
road_3283270,path,3283270,sealed,RIVERLINKS LANE,0.2030303696341126,1047,27,#1464a5cc,#1464a5cc,@EAAykdfmIr|j}fA_@`VGrD\rCYzOc@dLuB~MoCdLqBvE}BdAcDEiGe@,"<div><strong>RIVERLINKS LANE</strong><br><span>Surface: sealed</span><br><span>Length: 0.20 km</span><br><span>Length rank: 1,047</span></div>"
road_3283338,path,3283338,sealed,SANTIAGO PLACE,0.2029097225082036,1048,27,#1464a5cc,#1464a5cc,@EAAevegmIlks}fA_C_^ScDgAsCaDmAuFg@wPl@oOlBqIfBsGrAmDt@cGj@oGO,"<div><strong>SANTIAGO PLACE</strong><br><span>Surface: sealed</span><br><span>Length: 0.20 km</span><br><span>Length rank: 1,048</span></div>"
road_3283388,path,3283388,sealed,EGMONT STREET,0.2028388974721122,1049,27,#1464a5cc,#1464a5cc,@EAAuvdimIphj_gAohCs`@,"<div><strong>EGMONT STREET</strong><br><span>Surface: sealed</span><br><span>Length: 0.20 km</span><br><span>Length rank: 1,049</span></div>"
road_3283381,path,3283381,sealed,CASPER STREET,0.2024386948984473,1050,26,#1464a5cc,#1464a5cc,@EAAuefimIrtz_gAqE{BoDeAcj@_IepAaQ,"<div><strong>CASPER STREET</strong><br><span>Surface: sealed</span><br><span>Length: 0.20 km</span><br><span>Length rank: 1,050</span></div>"
road_3314128,path,3314128,sealed,CLEVELAND STREET,0.2023169809320163,1051,26,#1464a5cc,#1464a5cc,@EAAykyimInp|bgA}C_Cic@w\uB_AqCWgCI}BVyk@`L{BnAuChCeCjC,"<div><strong>CLEVELAND STREET</strong><br><span>Surface: sealed</span><br><span>Length: 0.20 km</span><br><span>Length rank: 1,051</span></div>"
road_3283076,path,3283076,sealed,MARIRE AVENUE,0.2016490472709479,1052,26,#1464a5cc,#1464a5cc,@EAAgvchmItncagAuYonB,"<div><strong>MARIRE AVENUE</strong><br><span>Surface: sealed</span><br><span>Length: 0.20 km</span><br><span>Length rank: 1,052</span></div>"
road_3314331,path,3314331,sealed,KINGSWAY CRESCENT,0.2015680762373315,1053,26,#1464a5cc,#1464a5cc,@EAAqdrgmIt{n`gAlg@eSnHiEfCmEdOul@b@iDc@qD,"<div><strong>KINGSWAY CRESCENT</strong><br><span>Surface: sealed</span><br><span>Length: 0.20 km</span><br><span>Length rank: 1,053</span></div>"
road_3283080,path,3283080,sealed,MOORE STREET,0.2011897723170597,1054,26,#1464a5cc,#1464a5cc,@EAA_qqgmIvdt`gAm_@uf@w@q@{@]_ASeAIuAJoB\eV~Ji`@fP,"<div><strong>MOORE STREET</strong><br><span>Surface: sealed</span><br><span>Length: 0.20 km</span><br><span>Length rank: 1,054</span></div>"
road_3313968,path,3313968,sealed,DERBYSHIRE PLACE,0.2009495420417263,1055,26,#1464a5cc,#1464a5cc,@EAAwqhfmIt`}agAeS?mNPwC?_AU_@q@YeDA_CBwAmWqWuCeDoB}DiIwR,"<div><strong>DERBYSHIRE PLACE</strong><br><span>Surface: sealed</span><br><span>Length: 0.20 km</span><br><span>Length rank: 1,055</span></div>"
road_3283062,path,3283062,sealed,KAKA STREET,0.2001283110933076,1056,26,#1464a5cc,#1464a5cc,@EAAcprgmIbunagAgSgu@iSct@GQ,"<div><strong>KAKA STREET</strong><br><span>Surface: sealed</span><br><span>Length: 0.20 km</span><br><span>Length rank: 1,056</span></div>"
road_3283253,path,3283253,sealed,ARRAN ROAD,0.2000697409366651,1057,26,#1464a5cc,#1464a5cc,@EAA_oihmIteu_gAog@aH__BsT,"<div><strong>ARRAN ROAD</strong><br><span>Surface: sealed</span><br><span>Length: 0.20 km</span><br><span>Length rank: 1,057</span></div>"
road_3283084,path,3283084,sealed,KORIMAKO STREET,0.200045108557856,1058,26,#1464a5cc,#1464a5cc,@EAAk{ngmIfiwagApeAzMzEPpEc@tDeAtF_FzQqX,"<div><strong>KORIMAKO STREET</strong><br><span>Surface: sealed</span><br><span>Length: 0.20 km</span><br><span>Length rank: 1,058</span></div>"
road_3283061,path,3283061,sealed,KERERU STREET,0.1987718636328336,1059,26,#1464a5cc,#1464a5cc,@EAAi{vgmIdalagArR`t@bT`u@,"<div><strong>KERERU STREET</strong><br><span>Surface: sealed</span><br><span>Length: 0.20 km</span><br><span>Length rank: 1,059</span></div>"
road_3283252,path,3283252,sealed,SEAMER PLACE,0.1986885372544178,1060,26,#1464a5cc,#1464a5cc,@EAAo`ugmIjvf_gA{fAfsAgFhG,"<div><strong>SEAMER PLACE</strong><br><span>Surface: sealed</span><br><span>Length: 0.20 km</span><br><span>Length rank: 1,060</span></div>"
road_3314506,path,3314506,sealed,TRAUZER PLACE,0.1984548382775923,1061,26,#1464a5cc,#1464a5cc,@EAAa_kgmIjml}fAa@`LyBpFmD|CgFvByFf@aXwAiOFaE`@gHt@}OvDyJzC,"<div><strong>TRAUZER PLACE</strong><br><span>Surface: sealed</span><br><span>Length: 0.20 km</span><br><span>Length rank: 1,061</span></div>"
road_3314068,path,3314068,sealed,,0.1982910968009404,1062,26,#1464a5cc,#1464a5cc,@EAA{{lhmI`fvagA|EeChNmGhJuJxCmKvMa|@,"<div><strong>Road 3314068</strong><br><span>Surface: sealed</span><br><span>Length: 0.20 km</span><br><span>Length rank: 1,062</span></div>"
road_6064317,path,6064317,sealed,,0.1981404884181177,1063,26,#1464a5cc,#1464a5cc,@EAAc_jfmIz}p~fAnB{@l@i@xA_QVmHOoBYcBuG_R[cB?eBh@qDnA{CtBeDvA{AhFaDhQoH,"<div><strong>Road 6064317</strong><br><span>Surface: sealed</span><br><span>Length: 0.20 km</span><br><span>Length rank: 1,063</span></div>"
road_3283052,path,3283052,sealed,GOODALL STREET,0.1978332275302247,1064,26,#1464a5cc,#1464a5cc,@EAAw`fgmI|oragA}JsAqEgB_C_C{@}BeAuh@{@cGsDaLqDcNiB_E,"<div><strong>GOODALL STREET</strong><br><span>Surface: sealed</span><br><span>Length: 0.20 km</span><br><span>Length rank: 1,064</span></div>"
road_3314036,path,3314036,sealed,KEDDELL STREET,0.1972784707290402,1065,26,#1464a5cc,#1464a5cc,@EAA_djhmI|wjagA}dBbkA,"<div><strong>KEDDELL STREET</strong><br><span>Surface: sealed</span><br><span>Length: 0.20 km</span><br><span>Length rank: 1,065</span></div>"
road_3283266,path,3283266,sealed,KAPUNI STREET,0.1970676050241421,1066,26,#1464a5cc,#1464a5cc,@EAAcltemItrc~fAkQwD{SiEquA}YmCa@,"<div><strong>KAPUNI STREET</strong><br><span>Surface: sealed</span><br><span>Length: 0.20 km</span><br><span>Length rank: 1,066</span></div>"
road_3314504,path,3314504,sealed,DENHAM COURT,0.1962368089636889,1067,26,#1464a5cc,#1464a5cc,@EAAczhgmIhai}fAkL`Y}SzS}q@ee@,"<div><strong>DENHAM COURT</strong><br><span>Surface: sealed</span><br><span>Length: 0.20 km</span><br><span>Length rank: 1,067</span></div>"
road_3283189,path,3283189,sealed,,0.1962102085404032,1068,26,#1464a5cc,#1464a5cc,@EAAmxujmIjfs`gAqXyEog@{Jeh@yIyI}AkDc@uCC}BL,"<div><strong>Road 3283189</strong><br><span>Surface: sealed</span><br><span>Length: 0.20 km</span><br><span>Length rank: 1,068</span></div>"
road_3314709,path,3314709,sealed,RADDINGTON WAY,0.1959645180755409,1069,26,#1464a5cc,#1464a5cc,@EAAybpimIjpt}fAiP{HeGmE}FcHgCyB_FqBui@gPiK{EoHsG,"<div><strong>RADDINGTON WAY</strong><br><span>Surface: sealed</span><br><span>Length: 0.20 km</span><br><span>Length rank: 1,069</span></div>"
road_3314232,path,3314232,sealed,JOSHUA LANE,0.1953946086275662,1070,26,#1464a5cc,#1464a5cc,@EAA}ejjmIbxaagAuEf@kQrFmEZaF_@gDw@aAkAq@u@]aCmAoW_AcOm@yU,"<div><strong>JOSHUA LANE</strong><br><span>Surface: sealed</span><br><span>Length: 0.20 km</span><br><span>Length rank: 1,070</span></div>"
road_3313943,path,3313943,sealed,KITTYHAWK PLACE,0.1951072391647956,1071,26,#1464a5cc,#1464a5cc,@EAA}mohmIf{fcgAbX|ExEx@jDp@rA|@XbAPbBgDnK_CnL}ArIk@bHkAdIyBrEsCbC,"<div><strong>KITTYHAWK PLACE</strong><br><span>Surface: sealed</span><br><span>Length: 0.20 km</span><br><span>Length rank: 1,071</span></div>"
road_3283043,path,3283043,sealed,NORMAN STREET,0.1949710733941874,1072,26,#1464a5cc,#1464a5cc,@EAAwr|fmIhyy`gAqmB_aA,"<div><strong>NORMAN STREET</strong><br><span>Surface: sealed</span><br><span>Length: 0.19 km</span><br><span>Length rank: 1,072</span></div>"
road_3314417,path,3314417,sealed,MILLTHORPE CRESCENT,0.1945577067050908,1073,26,#1464a5cc,#1464a5cc,@EAAgpnfmItv`~fAnHz@~M`BhJ|@lH\tHc@pDe@nCq@tCyB|@mA~AoDz@uE?cBYiBe@eB_BmBmBwAyDeByFcB}Ds@,"<div><strong>MILLTHORPE CRESCENT</strong><br><span>Surface: sealed</span><br><span>Length: 0.19 km</span><br><span>Length rank: 1,073</span></div>"
road_3314473,path,3314473,sealed,ALANDALE AVENUE,0.194432339828125,1074,26,#1464a5cc,#1464a5cc,@EAAuxngmIp`j~fApN`KvGjGjCnDrI|J`LhGlDV`D`@vBNbE@|FJdC^~Bj@p@n@p@n@`DxCtDlD,"<div><strong>ALANDALE AVENUE</strong><br><span>Surface: sealed</span><br><span>Length: 0.19 km</span><br><span>Length rank: 1,074</span></div>"
road_3283415,path,3283415,sealed,DRUMFEARN PLACE,0.194147836879954,1075,26,#1464a5cc,#1464a5cc,@EAAi|thmIbef~fApErIKrF}DvGcEbI_DxK}BjJeApIQxDO|Fa@~G_AvH,"<div><strong>DRUMFEARN PLACE</strong><br><span>Surface: sealed</span><br><span>Length: 0.19 km</span><br><span>Length rank: 1,075</span></div>"
road_3283316,path,3283316,sealed,INNSWOOD PLACE,0.1939854924971712,1076,26,#1464a5cc,#1464a5cc,@EAAwsbhmIdoy}fAp@gChEeM~A}Gn@kArAiApBkAhB{@pCw@`DGlCB`D`@lEbB|CdBtGlB~DZdEE|FOzEcA`LsC,"<div><strong>INNSWOOD PLACE</strong><br><span>Surface: sealed</span><br><span>Length: 0.19 km</span><br><span>Length rank: 1,076</span></div>"
road_3283318,path,3283318,sealed,WAKEFIELD PLACE,0.1936390172884169,1077,26,#1464a5cc,#1464a5cc,@EAA}y{gmIfir}fAuRcD{E[_LG_JpAuHlBkFtAuFdAwGV}EEqMs@mJoBgKqF,"<div><strong>WAKEFIELD PLACE</strong><br><span>Surface: sealed</span><br><span>Length: 0.19 km</span><br><span>Length rank: 1,077</span></div>"
road_3283397,path,3283397,sealed,PICKERING CRESCENT,0.1933605108804239,1078,26,#1464a5cc,#1464a5cc,@EAAa`fimIv{|~fA{DhD}@|ElIhIhMhJl{@lk@,"<div><strong>PICKERING CRESCENT</strong><br><span>Surface: sealed</span><br><span>Length: 0.19 km</span><br><span>Length rank: 1,078</span></div>"
road_7742411,path,7742411,sealed,NAISMITH STREET,0.192905261590093,1079,26,#1464a5cc,#1464a5cc,@EAA{smjmI~vd_gAvg@ufB,"<div><strong>NAISMITH STREET</strong><br><span>Surface: sealed</span><br><span>Length: 0.19 km</span><br><span>Length rank: 1,079</span></div>"
road_3283425,path,3283425,sealed,WINSLOW COURT,0.1928651119350831,1080,26,#1464a5cc,#1464a5cc,@EAAusgimIpfu~fAqCaF{UcX{EaCcC]sCi@}HIeHr@aGpAwE|AiEvCoGlJ}BfE,"<div><strong>WINSLOW COURT</strong><br><span>Surface: sealed</span><br><span>Length: 0.19 km</span><br><span>Length rank: 1,080</span></div>"
road_3283280,path,3283280,sealed,MINNIE PLACE,0.1927163713657029,1081,26,#1464a5cc,#1464a5cc,@EAAu|lfmIbuk~fAiFkCeIcBgqBkQ,"<div><strong>MINNIE PLACE</strong><br><span>Surface: sealed</span><br><span>Length: 0.19 km</span><br><span>Length rank: 1,081</span></div>"
road_7742814,path,7742814,sealed,RIVERPOINT GLADE,0.1925706092814713,1082,26,#1464a5cc,#1464a5cc,@EAAqc`gmIhje~fAcD}AiBcBoBiCqCmFuFuKeCuE{DwFkB}CcGoLoCcDaCaA{DyAqKqBuEyE,"<div><strong>RIVERPOINT GLADE</strong><br><span>Surface: sealed</span><br><span>Length: 0.19 km</span><br><span>Length rank: 1,082</span></div>"
road_7742798,path,7742798,sealed,,0.1925131766884132,1083,26,#1464a5cc,#1464a5cc,@EAAcqujmIpvhcgA_MtIkD`CsB`BaApAs@dBkB|HMbBHz@Vx@x@fA`JfHfBbA`CbAnAn@r@x@hArArA`BxIbH|IzG,"<div><strong>Road 7742798</strong><br><span>Surface: sealed</span><br><span>Length: 0.19 km</span><br><span>Length rank: 1,083</span></div>"
road_3283001,path,3283001,sealed,CLOW PLACE,0.1924484323389161,1084,26,#1464a5cc,#1464a5cc,@EAA{_lhmItpsbgAuI`CgNhAelB|@,"<div><strong>CLOW PLACE</strong><br><span>Surface: sealed</span><br><span>Length: 0.19 km</span><br><span>Length rank: 1,084</span></div>"
road_3283104,path,3283104,sealed,MANAPOURI PLACE,0.1922682993614076,1085,26,#1464a5cc,#1464a5cc,@EAAmp}imIvzncgAsFeDy_A}h@aDuCgCuEiJeQ,"<div><strong>MANAPOURI PLACE</strong><br><span>Surface: sealed</span><br><span>Length: 0.19 km</span><br><span>Length rank: 1,085</span></div>"
road_3314204,path,3314204,sealed,ARMAGH STREET,0.1921073209875473,1086,26,#1464a5cc,#1464a5cc,@EAAsgcjmI|~cagA|uA~RhBxC|@|D?~BkFzR,"<div><strong>ARMAGH STREET</strong><br><span>Surface: sealed</span><br><span>Length: 0.19 km</span><br><span>Length rank: 1,086</span></div>"
road_3283254,path,3283254,sealed,BRAITHWAITE AVENUE,0.1919509912257764,1087,26,#1464a5cc,#1464a5cc,@EAAutjhmIlly_gA{BoB_DaAwUoC_NcBoIeAuFsAyG}BuFcB_KqAcI{@cW{C,"<div><strong>BRAITHWAITE AVENUE</strong><br><span>Surface: sealed</span><br><span>Length: 0.19 km</span><br><span>Length rank: 1,087</span></div>"
road_3314037,path,3314037,sealed,AINTREE STREET,0.1916568870840431,1088,26,#1464a5cc,#1464a5cc,@EAAupqfmIlfs`gAvkBv_A,"<div><strong>AINTREE STREET</strong><br><span>Surface: sealed</span><br><span>Length: 0.19 km</span><br><span>Length rank: 1,088</span></div>"
road_7742394,path,7742394,sealed,PUKENGA AVENUE,0.1914658419138249,1089,26,#1464a5cc,#1464a5cc,@EAAifxemI|hx_gAwVaGcOeF{c@mO{i@cR,"<div><strong>PUKENGA AVENUE</strong><br><span>Surface: sealed</span><br><span>Length: 0.19 km</span><br><span>Length rank: 1,089</span></div>"
road_3314120,path,3314120,sealed,SUSAN PLACE,0.1913098817034127,1090,26,#1464a5cc,#1464a5cc,@EAAkv|hmIvcocgAkQoJg|@o^eHiC{IaAiPkA,"<div><strong>SUSAN PLACE</strong><br><span>Surface: sealed</span><br><span>Length: 0.19 km</span><br><span>Length rank: 1,090</span></div>"
road_8328203,path,8328203,sealed,ROCKY ROAD,0.1910946922372285,1091,26,#1464a5cc,#1464a5cc,@EAAmvcimIpbi}fAyIaO_C{B{Be@qD^cpA~S}A\i@lAj@lB,"<div><strong>ROCKY ROAD</strong><br><span>Surface: sealed</span><br><span>Length: 0.19 km</span><br><span>Length rank: 1,091</span></div>"
road_3283215,path,3283215,sealed,DORCHESTER PLACE,0.1909953092003796,1092,26,#1464a5cc,#1464a5cc,@EAAo|_fmI|~r`gAlK[~JQnTi@pFGpG`@rG~@lEbBbD`BrGjEdDlAvF|@tETpEJ`DEzDE,"<div><strong>DORCHESTER PLACE</strong><br><span>Surface: sealed</span><br><span>Length: 0.19 km</span><br><span>Length rank: 1,092</span></div>"
road_3283263,path,3283263,sealed,ERROL CLOSE,0.1909460807492257,1093,26,#1464a5cc,#1464a5cc,@EAAck_emI|io~fAyGyNwd@sbAy@mB{AgEa@yD,"<div><strong>ERROL CLOSE</strong><br><span>Surface: sealed</span><br><span>Length: 0.19 km</span><br><span>Length rank: 1,093</span></div>"
road_3283011,path,3283011,sealed,BLAKEWELL LANE,0.1905118422008207,1094,26,#1464a5cc,#1464a5cc,@EAA{pffmIls|agApC{XFqDj@kEJgE{Dm]m@cEm@eD_BmBsCeAuBWiJ_@,"<div><strong>BLAKEWELL LANE</strong><br><span>Surface: sealed</span><br><span>Length: 0.19 km</span><br><span>Length rank: 1,094</span></div>"
road_3283369,path,3283369,sealed,BALLOCH STREET,0.1904008330414426,1095,26,#1464a5cc,#1464a5cc,@EAAybeimIlgk`gA|b@ck@nZ_^bEsEnGeD,"<div><strong>BALLOCH STREET</strong><br><span>Surface: sealed</span><br><span>Length: 0.19 km</span><br><span>Length rank: 1,095</span></div>"
road_3283110,path,3283110,sealed,RIDGEWAY PLACE,0.1897734763960124,1096,26,#1464a5cc,#1464a5cc,@EAAwhijmIxlicgAbKtI`J~@~Ku@bWsMdl@i`@,"<div><strong>RIDGEWAY PLACE</strong><br><span>Surface: sealed</span><br><span>Length: 0.19 km</span><br><span>Length rank: 1,096</span></div>"
road_3283333,path,3283333,sealed,FERNWATER PLACE,0.189493642674788,1097,26,#1464a5cc,#1464a5cc,@EAAw_ugmIdep~fA`BaGfAqF^iF`AoDrB_FvAaCxA{Bl@iBt@sBf@}CXiECqDwAgFgEmDcQqE_Fk@,"<div><strong>FERNWATER PLACE</strong><br><span>Surface: sealed</span><br><span>Length: 0.19 km</span><br><span>Length rank: 1,097</span></div>"
road_3283139,path,3283139,sealed,CRANWELL PLACE,0.18935581026858,1098,26,#1464a5cc,#1464a5cc,@EAAuhilmIxlhbgAjk@dGtdAzKxObB,"<div><strong>CRANWELL PLACE</strong><br><span>Surface: sealed</span><br><span>Length: 0.19 km</span><br><span>Length rank: 1,098</span></div>"
road_6082275,path,6082275,sealed,TEATREE CLOSE,0.189163412214018,1099,26,#1464a5cc,#1464a5cc,@EAAk_gimIl~n}fAyJLwKlAeNlCuL`CiM`CgD@mDu@kE_FqSi[,"<div><strong>TEATREE CLOSE</strong><br><span>Surface: sealed</span><br><span>Length: 0.19 km</span><br><span>Length rank: 1,099</span></div>"
road_3314408,path,3314408,sealed,EAGLE WAY,0.1890668547185211,1100,26,#1464a5cc,#1464a5cc,@EAAsyjfmIj`{~fA{HoDeNwJm\kUuKqJyIqIqFuEaCcBoBk@qAU,"<div><strong>EAGLE WAY</strong><br><span>Surface: sealed</span><br><span>Length: 0.19 km</span><br><span>Length rank: 1,100</span></div>"
road_7742399,path,7742399,sealed,,0.1888617053805016,1101,26,#1464a5cc,#1464a5cc,@EAAm`~gmIbge~fApGnO~EtMlAhDb@bBbBdNHhALnBx@bHXxB`@fArA~@lDbArIlAhBj@rGnB,"<div><strong>Road 7742399</strong><br><span>Surface: sealed</span><br><span>Length: 0.19 km</span><br><span>Length rank: 1,101</span></div>"
road_3314456,path,3314456,sealed,HENSLEY CRESCENT,0.1887363783670803,1102,26,#1464a5cc,#1464a5cc,@EAAojyfmI`h{}fA~PzNjPtVn@z@j@f@pB`AtBLzDa@|DuAfKyDdFkBbE}AlB_BjFcF,"<div><strong>HENSLEY CRESCENT</strong><br><span>Surface: sealed</span><br><span>Length: 0.19 km</span><br><span>Length rank: 1,102</span></div>"
road_3283342,path,3283342,sealed,WESSEX PLACE,0.1887156622142159,1103,26,#1464a5cc,#1464a5cc,@EAAcyxgmIhym}fAV|BEfC}@`CgCnEcCzDiBhA}ENcKiAoMkAmMEcMf@cGvBcEnCeGdI,"<div><strong>WESSEX PLACE</strong><br><span>Surface: sealed</span><br><span>Length: 0.19 km</span><br><span>Length rank: 1,103</span></div>"
road_3283426,path,3283426,sealed,MERLIN CLOSE,0.1883473624934455,1104,26,#1464a5cc,#1464a5cc,@EAA_viimI|zq~fAuHlAeDvAcM~GqClAyCt@sBd@kBNmCN_BOyA[aCaA_DaBaEsBiCiBwAuAk@m@g@s@u@qAuAwCeCgGaEaJ,"<div><strong>MERLIN CLOSE</strong><br><span>Surface: sealed</span><br><span>Length: 0.19 km</span><br><span>Length rank: 1,104</span></div>"
road_3313963,path,3313963,sealed,PROSPECT PLACE,0.1879041670468868,1105,26,#1464a5cc,#1464a5cc,@EAAypffmIlvlagAiLwB_Q}GqFc@}Jn@qK`CmMr@yIPcIx@sYtG,"<div><strong>PROSPECT PLACE</strong><br><span>Surface: sealed</span><br><span>Length: 0.19 km</span><br><span>Length rank: 1,105</span></div>"
road_3283160,path,3283160,sealed,KELVIN PLACE,0.1877252323597009,1106,26,#1464a5cc,#1464a5cc,@EAAy_jjmItipagAxJs]lBoEtD_Dfc@wQlCqBzAaCbFyM,"<div><strong>KELVIN PLACE</strong><br><span>Surface: sealed</span><br><span>Length: 0.19 km</span><br><span>Length rank: 1,106</span></div>"
road_3283190,path,3283190,sealed,SUTTON CRESCENT,0.1874692742238362,1107,26,#1464a5cc,#1464a5cc,@EAAyzjkmInobbgAz[rVnFhCvEv@dG~@pIw@zFmC~Xi],"<div><strong>SUTTON CRESCENT</strong><br><span>Surface: sealed</span><br><span>Length: 0.19 km</span><br><span>Length rank: 1,107</span></div>"
road_3283391,path,3283391,sealed,FREEMONT STREET,0.1874441596451508,1108,26,#1464a5cc,#1464a5cc,@EAAm`himIztg_gAp~Bp\,"<div><strong>FREEMONT STREET</strong><br><span>Surface: sealed</span><br><span>Length: 0.19 km</span><br><span>Length rank: 1,108</span></div>"
road_3283296,path,3283296,sealed,GAVIN HEIGHTS,0.187415462111923,1109,26,#1464a5cc,#1464a5cc,@EAAsflhmIlhk~fAu@~CaBzGsEnIsJrXaEzGcOdR_HpP,"<div><strong>GAVIN HEIGHTS</strong><br><span>Surface: sealed</span><br><span>Length: 0.19 km</span><br><span>Length rank: 1,109</span></div>"
road_3283096,path,3283096,sealed,MARGARET PLACE,0.1873273633682125,1110,26,#1464a5cc,#1464a5cc,@EAAufyhmIdgncgA`M|OzGtHvg@`_@zBbD?tFi@|L,"<div><strong>MARGARET PLACE</strong><br><span>Surface: sealed</span><br><span>Length: 0.19 km</span><br><span>Length rank: 1,110</span></div>"
road_3283432,path,3283432,sealed,PARKWOOD PLACE,0.1873152549893025,1111,26,#1464a5cc,#1464a5cc,@EAAidnimIlkd~fAgGlDmBrBeBpBeDjH{AhI{@bKmAnK_B`Kg@hCu@xCkAhCw@jBuCzDqBpC,"<div><strong>PARKWOOD PLACE</strong><br><span>Surface: sealed</span><br><span>Length: 0.19 km</span><br><span>Length rank: 1,111</span></div>"
road_3283073,path,3283073,sealed,AVON STREET,0.1872252775584908,1112,26,#1464a5cc,#1464a5cc,@EAA}_nhmIjxaagAxEKx`@_DvpAmKdGg@,"<div><strong>AVON STREET</strong><br><span>Surface: sealed</span><br><span>Length: 0.19 km</span><br><span>Length rank: 1,112</span></div>"
road_3283235,path,3283235,sealed,PERCLO PLACE,0.1870353279146815,1113,26,#1464a5cc,#1464a5cc,@EAAes~fmIzua_gAbiBgHnKSfCB`HD,"<div><strong>PERCLO PLACE</strong><br><span>Surface: sealed</span><br><span>Length: 0.19 km</span><br><span>Length rank: 1,113</span></div>"
road_3283193,path,3283193,sealed,ORELIO STREET,0.1865603148014199,1114,26,#1464a5cc,#1464a5cc,@EAAyfzkmIxzvagAr~B|Z,"<div><strong>ORELIO STREET</strong><br><span>Surface: sealed</span><br><span>Length: 0.19 km</span><br><span>Length rank: 1,114</span></div>"
road_3283427,path,3283427,sealed,CHARTWELL GLEN,0.1857711273132835,1115,26,#1464a5cc,#1464a5cc,@EAAiezhmId_j~fA}WgBkE]{B]cC{@y`@mPiCs@KAyDYsf@gA,"<div><strong>CHARTWELL GLEN</strong><br><span>Surface: sealed</span><br><span>Length: 0.19 km</span><br><span>Length rank: 1,115</span></div>"
road_7742876,path,7742876,sealed,REBEKAH CRESCENT,0.1857369101694906,1116,26,#1464a5cc,#1464a5cc,@EAAclmgmIzgd}fAyEJ_TwBuJ}B}@_Ai@eAEsApFkWhAuAlBwA|AOzBHlIjAtNhBbDeB,"<div><strong>REBEKAH CRESCENT</strong><br><span>Surface: sealed</span><br><span>Length: 0.19 km</span><br><span>Length rank: 1,116</span></div>"
road_3283112,path,3283112,sealed,PATRICK PLACE,0.185514931451596,1117,26,#1464a5cc,#1464a5cc,@EAAg{ijmIp_acgAaJ}EmEeCsg@_`@eDoBqd@uQ,"<div><strong>PATRICK PLACE</strong><br><span>Surface: sealed</span><br><span>Length: 0.19 km</span><br><span>Length rank: 1,117</span></div>"
road_8329706,path,8329706,sealed,TE KAAREAREA AVENUE,0.1853702759502902,1118,26,#1464a5cc,#1464a5cc,@EAAuptjmI`|magA`A{GC_Ba@iBuT{^a@aBCiE`@eFl@kDfAiBdCoA~WwI,"<div><strong>TE KAAREAREA AVENUE</strong><br><span>Surface: sealed</span><br><span>Length: 0.19 km</span><br><span>Length rank: 1,118</span></div>"
road_3283161,path,3283161,sealed,NELSON STREET,0.1852947983360902,1119,26,#1464a5cc,#1464a5cc,@EAA}`rjmInnoagAmAdCkb@t~A,"<div><strong>NELSON STREET</strong><br><span>Surface: sealed</span><br><span>Length: 0.19 km</span><br><span>Length rank: 1,119</span></div>"
road_3314343,path,3314343,sealed,MYRLENE PLACE,0.1852747761565432,1120,26,#1464a5cc,#1464a5cc,@EAAelofmIvla`gAwCSiD@oJh@}XpBkHlAwCzAaBtAkL|Rq@xEWxCb@lFLbG,"<div><strong>MYRLENE PLACE</strong><br><span>Surface: sealed</span><br><span>Length: 0.19 km</span><br><span>Length rank: 1,120</span></div>"
road_7742870,path,7742870,sealed,SYDNEY PLACE,0.1850612542298134,1121,26,#1464a5cc,#1464a5cc,@EAAkxqfmIxxc}fA~BbA`FtBjDbAvBb@xANtBJrCAjE_@~KeAnDe@tBk@xAaAbAoA^uALcDPaPFyDCqAGgAk@uAiAkAuA_A{Au@,"<div><strong>SYDNEY PLACE</strong><br><span>Surface: sealed</span><br><span>Length: 0.19 km</span><br><span>Length rank: 1,121</span></div>"
road_3314079,path,3314079,sealed,LINCOLN STREET,0.1847469490424503,1122,26,#1464a5cc,#1464a5cc,@EAAqqqgmId{`agAxDX|Bn@nBbAxArAbA`BL`@XfAJlBQlBo@fBgA~A_BnAsB~@_Ch@iCRkCAgCY}Bo@mBaA{AuAaA_Bg@iBKoBPmBX{@Vu@dAsA~AqApB}@`Ck@fCSxA@,"<div><strong>LINCOLN STREET</strong><br><span>Surface: sealed</span><br><span>Length: 0.18 km</span><br><span>Length rank: 1,122</span></div>"
road_7742398,path,7742398,sealed,MARK PORTER WAY,0.1845625146885534,1123,26,#1464a5cc,#1464a5cc,@EAAihiemIt`l~fAl]rJxXtFbj@dIxVvC,"<div><strong>MARK PORTER WAY</strong><br><span>Surface: sealed</span><br><span>Length: 0.18 km</span><br><span>Length rank: 1,123</span></div>"
road_3283123,path,3283123,sealed,SURREY LANE,0.1829061492765835,1124,26,#1464a5cc,#1464a5cc,@EAAir{imInctcgAyIiOkAcByA}Acc@aa@_CcAqBSkCBgLdC}BJsBo@aCsB,"<div><strong>SURREY LANE</strong><br><span>Surface: sealed</span><br><span>Length: 0.18 km</span><br><span>Length rank: 1,124</span></div>"
road_3314459,path,3314459,sealed,KARL MICHAEL CRESCENT,0.1828777922800523,1125,26,#1464a5cc,#1464a5cc,@EAAmgtfmIrat}fA{GuLqBkAiCi@aBDoDDuBVyBX_Fd@mFHoGCoDWsEFyExAaZdX,"<div><strong>KARL MICHAEL CRESCENT</strong><br><span>Surface: sealed</span><br><span>Length: 0.18 km</span><br><span>Length rank: 1,125</span></div>"
road_3283440,path,3283440,sealed,TE IRONUI PLACE,0.1825291917157355,1126,26,#1464a5cc,#1464a5cc,@EAAuwrimIdcn}fAea@gTqD{@eEKmDPqIjD}HbEqHvBkMhD{NxB,"<div><strong>TE IRONUI PLACE</strong><br><span>Surface: sealed</span><br><span>Length: 0.18 km</span><br><span>Length rank: 1,126</span></div>"
road_7742422,path,7742422,sealed,TE RAPA ROAD,0.1824976044386272,1127,26,#1464a5cc,#1464a5cc,@EAAon~dmIloz|fA`PkYhDuHdCeHrB{Hv@qF`@uBVmCNqCHeDDiEImI,"<div><strong>TE RAPA ROAD</strong><br><span>Surface: sealed</span><br><span>Length: 0.18 km</span><br><span>Length rank: 1,127</span></div>"
road_3313941,path,3313941,sealed,BOYACK DRIVE,0.1823788900950586,1128,26,#1464a5cc,#1464a5cc,@EAAsm}emInqkcgAoAlNKvARdBl@lAzDzGfKnQf@bAbAr@xAd@rBF`DEnh@sD,"<div><strong>BOYACK DRIVE</strong><br><span>Surface: sealed</span><br><span>Length: 0.18 km</span><br><span>Length rank: 1,128</span></div>"
road_8328180,path,8328180,sealed,CITY VIEW TERRACE,0.1823780094391703,1129,26,#1464a5cc,#1464a5cc,@EAAwdyemIdic`gAhs@`AFBhVvF@?fm@xP,"<div><strong>CITY VIEW TERRACE</strong><br><span>Surface: sealed</span><br><span>Length: 0.18 km</span><br><span>Length rank: 1,129</span></div>"
road_3283334,path,3283334,sealed,BRIARWOOD DRIVE,0.1821969321522233,1130,26,#1464a5cc,#1464a5cc,@EAAyeogmIbfm~fAhCt@vBNlBA`Bg@~@a@z@i@f@uBr@oGt@{HA}BEkEoDuQRqG`@kBpA}B~AoBxB}AbHgE,"<div><strong>BRIARWOOD DRIVE</strong><br><span>Surface: sealed</span><br><span>Length: 0.18 km</span><br><span>Length rank: 1,130</span></div>"
road_3283407,path,3283407,sealed,BENSON ROAD,0.1820832374942174,1131,26,#1464a5cc,#1464a5cc,@EAAyo~jmIb{w_gAzAOtDs@pBc@jIqAdAG~BDvO~@|CDbCG|BSbDe@hF{@vBa@xFcDbFqEhC}D|CeIxAqE,"<div><strong>BENSON ROAD</strong><br><span>Surface: sealed</span><br><span>Length: 0.18 km</span><br><span>Length rank: 1,131</span></div>"
road_3283097,path,3283097,sealed,KATHERINE PLACE,0.1820776568324349,1132,26,#1464a5cc,#1464a5cc,@EAAekuhmIdbicgA}kAqg@{LeCyIe@aJI,"<div><strong>KATHERINE PLACE</strong><br><span>Surface: sealed</span><br><span>Length: 0.18 km</span><br><span>Length rank: 1,132</span></div>"
road_3283154,path,3283154,sealed,CLARENCE STREET,0.1820106329453979,1133,26,#1464a5cc,#1464a5cc,@EAA{zpimIhavagAzDlCfNnFjKhDroA~\,"<div><strong>CLARENCE STREET</strong><br><span>Surface: sealed</span><br><span>Length: 0.18 km</span><br><span>Length rank: 1,133</span></div>"
road_3283072,path,3283072,sealed,TORRINGTON AVENUE,0.1819216323999258,1134,26,#1464a5cc,#1464a5cc,@EAAm_lhmIrwdagAkLiw@oIik@,"<div><strong>TORRINGTON AVENUE</strong><br><span>Surface: sealed</span><br><span>Length: 0.18 km</span><br><span>Length rank: 1,134</span></div>"
road_3283100,path,3283100,sealed,LANCEWOOD AVENUE,0.1818749543845292,1135,26,#1464a5cc,#1464a5cc,@EAAgwxhmI~e~bgArCeNhKu`@|EgSbBcDzDaFfFoN,"<div><strong>LANCEWOOD AVENUE</strong><br><span>Surface: sealed</span><br><span>Length: 0.18 km</span><br><span>Length rank: 1,135</span></div>"
road_3283069,path,3283069,sealed,RAWHITI STREET,0.1812287866504242,1136,26,#1464a5cc,#1464a5cc,@EAAuljhmI~uhagA|vAliA,"<div><strong>RAWHITI STREET</strong><br><span>Surface: sealed</span><br><span>Length: 0.18 km</span><br><span>Length rank: 1,136</span></div>"
road_3283033,path,3283033,sealed,SALMOND PLACE,0.1810506839467552,1137,26,#1464a5cc,#1464a5cc,@EAAikpfmIrsabgA{Bv@mFlA}El@kj@rFs~@zF,"<div><strong>SALMOND PLACE</strong><br><span>Surface: sealed</span><br><span>Length: 0.18 km</span><br><span>Length rank: 1,137</span></div>"
road_7742423,path,7742423,sealed,,0.1809863530857662,1138,26,#1464a5cc,#1464a5cc,@EAA_b|dmIx_r|fAmGfW_@lQmAfLmBlFcCnCgOrHcChCaD~G,"<div><strong>Road 7742423</strong><br><span>Surface: sealed</span><br><span>Length: 0.18 km</span><br><span>Length rank: 1,138</span></div>"
road_3314492,path,3314492,sealed,GRESHAM PLACE,0.1809638269294844,1139,26,#1464a5cc,#1464a5cc,@EAAsr}gmI|xv}fAw]fFiGTuDMeDy@{B_AkBmBkAkBq@{BGiC|@wJ_@uDaBcD{AsAwBaAgKqA,"<div><strong>GRESHAM PLACE</strong><br><span>Surface: sealed</span><br><span>Length: 0.18 km</span><br><span>Length rank: 1,139</span></div>"
road_3314040,path,3314040,sealed,ROTHESAY PLACE,0.1806566153625592,1140,26,#1464a5cc,#1464a5cc,@EAAywvfmIxvwagA|LyHrF{EnC}ClJcQ|A_B~Bw@zC?nDx@z]jR~BtA,"<div><strong>ROTHESAY PLACE</strong><br><span>Surface: sealed</span><br><span>Length: 0.18 km</span><br><span>Length rank: 1,140</span></div>"
road_3314419,path,3314419,sealed,WOODRIDGE DRIVE,0.1806379098869042,1141,26,#1464a5cc,#1464a5cc,@EAAou{fmIbn_~fA}]km@_I_Su@cF\mS,"<div><strong>WOODRIDGE DRIVE</strong><br><span>Surface: sealed</span><br><span>Length: 0.18 km</span><br><span>Length rank: 1,141</span></div>"
road_6064319,path,6064319,sealed,,0.1803730097192753,1142,26,#1464a5cc,#1464a5cc,@EAAarqhmIvbj~fAlIoGdEyEbDqJ@Ev@{CdAcC?kD_@eBiCyBeC}AcIgDwF_CyD{CeBqBuHoI,"<div><strong>Road 6064319</strong><br><span>Surface: sealed</span><br><span>Length: 0.18 km</span><br><span>Length rank: 1,142</span></div>"
road_3314127,path,3314127,sealed,CRESCENT COURT,0.1797888024425135,1143,26,#1464a5cc,#1464a5cc,@EAAg}`imI`irbgAxMdF|}@|]zDfDrC`Fb@bEh@nF,"<div><strong>CRESCENT COURT</strong><br><span>Surface: sealed</span><br><span>Length: 0.18 km</span><br><span>Length rank: 1,143</span></div>"
road_3314753,path,3314753,sealed,CRANMORE AVENUE,0.1796433515075418,1144,26,#1464a5cc,#1464a5cc,@EAA_bhimIxc{}fAo@wCiA_CoFuGeAm@oASuCG}DIqIReKx@yI`BoM|BgK|@oVxB,"<div><strong>CRANMORE AVENUE</strong><br><span>Surface: sealed</span><br><span>Length: 0.18 km</span><br><span>Length rank: 1,144</span></div>"
road_7742400,path,7742400,sealed,BUCKLEY WAY,0.1794955557405132,1145,26,#1464a5cc,#1464a5cc,@EAAgezfmIbnk}fAg\jBvEj`@OpCo@jB_B|AsB`AiBXoXvAmEL,"<div><strong>BUCKLEY WAY</strong><br><span>Surface: sealed</span><br><span>Length: 0.18 km</span><br><span>Length rank: 1,145</span></div>"
road_3314434,path,3314434,sealed,ANCHOR CLOSE,0.1790862986608648,1146,26,#1464a5cc,#1464a5cc,@EAAeoygmIzmw}fA|a@xAdJz@lBd@|Az@h@tAHhB}CvKy@|AgBfAsDfB{@xA_M`S,"<div><strong>ANCHOR CLOSE</strong><br><span>Surface: sealed</span><br><span>Length: 0.18 km</span><br><span>Length rank: 1,146</span></div>"
road_3314337,path,3314337,sealed,GALBRAITH AVENUE,0.1788290781827965,1147,26,#1464a5cc,#1464a5cc,@EAAsbihmIhmd`gAvXgj@hDwCjFsA`l@sB`D],"<div><strong>GALBRAITH AVENUE</strong><br><span>Surface: sealed</span><br><span>Length: 0.18 km</span><br><span>Length rank: 1,147</span></div>"
road_3283238,path,3283238,sealed,MINOGUE DRIVE,0.1787380586099366,1148,26,#1464a5cc,#1464a5cc,@EAAsfkgmIxnb`gAoAuBgB_C}BsBkAs@kG_DcFyAgEo@yD_@kDKmCAsEBwDX{Eh@eEPkCAoCWuBc@eFcCkHyDoAoC,"<div><strong>MINOGUE DRIVE</strong><br><span>Surface: sealed</span><br><span>Length: 0.18 km</span><br><span>Length rank: 1,148</span></div>"
road_8328188,path,8328188,sealed,,0.1786807359702678,1149,26,#1464a5cc,#1464a5cc,@EAAyr{fmI|ld~fAh@nJh@bAdAdAjBj@pCd@pBAnUuArM]nPk@nEi@b[yJ,"<div><strong>Road 8328188</strong><br><span>Surface: sealed</span><br><span>Length: 0.18 km</span><br><span>Length rank: 1,149</span></div>"
road_3283125,path,3283125,sealed,GARDENIA CLOSE,0.1783797296376317,1150,26,#1464a5cc,#1464a5cc,@EAAksdimIf{_cgApFn@tEvAlZpRhD`BpCj@rC@bIoA|g@mR,"<div><strong>GARDENIA CLOSE</strong><br><span>Surface: sealed</span><br><span>Length: 0.18 km</span><br><span>Length rank: 1,150</span></div>"
road_7742783,path,7742783,sealed,,0.1778768724182527,1151,26,#1464a5cc,#1464a5cc,@EAAsvyemIlvxcgA`@cE@aBa@wA{NeXm@w@w@[k@Io@AeAJgCx@i@ZWf@CfAZt@fOpWt@rAhBz@fG`BBG,"<div><strong>Road 7742783</strong><br><span>Surface: sealed</span><br><span>Length: 0.18 km</span><br><span>Length rank: 1,151</span></div>"
road_3283220,path,3283220,sealed,SANDHURST PLACE,0.1777974424083117,1152,26,#1464a5cc,#1464a5cc,@EAA_|cfmIndu`gApNmAvFq@dEqArCuCvDwGzCsEjB_CdKkKdK_NrFkK,"<div><strong>SANDHURST PLACE</strong><br><span>Surface: sealed</span><br><span>Length: 0.18 km</span><br><span>Length rank: 1,152</span></div>"
road_6064300,path,6064300,sealed,CORUM PLACE,0.1777378134982216,1153,26,#1464a5cc,#1464a5cc,@EAAgpsgmIvbhbgAnGeA~CWnFo@nIaBZCjEa@zFYpEuAnLoCvCEfFTfAxD|@jDbClJjCrI,"<div><strong>CORUM PLACE</strong><br><span>Surface: sealed</span><br><span>Length: 0.18 km</span><br><span>Length rank: 1,153</span></div>"
road_3314051,path,3314051,sealed,ARKLE PLACE,0.1776422920185405,1154,26,#1464a5cc,#1464a5cc,@EAAmytfmI~t}`gAqcBk{@,"<div><strong>ARKLE PLACE</strong><br><span>Surface: sealed</span><br><span>Length: 0.18 km</span><br><span>Length rank: 1,154</span></div>"
road_3283444,path,3283444,sealed,GIBBSTON CLOSE,0.1776266759421686,1155,26,#1464a5cc,#1464a5cc,@EAAmtrimIths~fAcLtCwx@tOaBr@sChBgBfBu@dDMnCBdDhA|DvAbE,"<div><strong>GIBBSTON CLOSE</strong><br><span>Surface: sealed</span><br><span>Length: 0.18 km</span><br><span>Length rank: 1,155</span></div>"
road_3283217,path,3283217,sealed,PRINGLE PLACE,0.1774331450925527,1156,26,#1464a5cc,#1464a5cc,@EAA{hifmIxto`gAtP{IvJmFfIoF~GoF`GiHhJwL~BeCzCuBlE{AvDM,"<div><strong>PRINGLE PLACE</strong><br><span>Surface: sealed</span><br><span>Length: 0.18 km</span><br><span>Length rank: 1,156</span></div>"
road_3314215,path,3314215,sealed,COBHAM DRIVE,0.1772038079928627,1157,26,#1464a5cc,#1464a5cc,@EAA_opimIl_zagAnG_WZmNgA{GsEoGeRePmPqI,"<div><strong>COBHAM DRIVE</strong><br><span>Surface: sealed</span><br><span>Length: 0.18 km</span><br><span>Length rank: 1,157</span></div>"
road_3314720,path,3314720,sealed,STRATHCONNAN COURT,0.1770598739636319,1158,26,#1464a5cc,#1464a5cc,@EAAc_shmIbrc~fAvRoZhEsKXiDi@qDiCwAwD[cj@_B,"<div><strong>STRATHCONNAN COURT</strong><br><span>Surface: sealed</span><br><span>Length: 0.18 km</span><br><span>Length rank: 1,158</span></div>"
road_3283209,path,3283209,sealed,DEFOE AVENUE,0.1767737084675391,1159,26,#1464a5cc,#1464a5cc,@EAAyrykmIbouagAgDfEq@jAs@zAqJd_@uPxq@,"<div><strong>DEFOE AVENUE</strong><br><span>Surface: sealed</span><br><span>Length: 0.18 km</span><br><span>Length rank: 1,159</span></div>"
road_3314897,path,3314897,sealed,CASTLETON WAY,0.1765089727653118,1160,26,#1464a5cc,#1464a5cc,@EAA}vggmIjfg}fAuTmh@y@mBi@aBMmAOoBG{BJeCf@kCtAuDpAkC`A_Bv@yA^sAXeBIsAS{A,"<div><strong>CASTLETON WAY</strong><br><span>Surface: sealed</span><br><span>Length: 0.18 km</span><br><span>Length rank: 1,160</span></div>"
road_100124450,path,100124450,sealed,KAWAKAWA PLACE,0.1763617093940635,1161,26,#1464a5cc,#1464a5cc,@EAAkykkmIvctagAwQdJ{JpDeOlAs\~AkP\aWj@,"<div><strong>KAWAKAWA PLACE</strong><br><span>Surface: sealed</span><br><span>Length: 0.18 km</span><br><span>Length rank: 1,161</span></div>"
road_3314687,path,3314687,sealed,REEVES CLOSE,0.1760641043041478,1162,26,#1464a5cc,#1464a5cc,@EAAku}jmInb_`gA{R_DoEFsE`AuCbBaBfC_IjU]nCZvCdAjCzArA`BdAtBr@|OjC,"<div><strong>REEVES CLOSE</strong><br><span>Surface: sealed</span><br><span>Length: 0.18 km</span><br><span>Length rank: 1,162</span></div>"
road_7742880,path,7742880,sealed,WAIKAKA PLACE,0.1754534456816014,1163,26,#1464a5cc,#1464a5cc,@EAAco_hmIbpu|fAg@`KIdBQlBYjAqA~BsBhCmArAgBnAuBrAsBz@_DbA_Dz@wBl@{BbA{BxAcDbCwAt@sAb@eABeAEcAKy@e@gAiAsDgEkBeC,"<div><strong>WAIKAKA PLACE</strong><br><span>Surface: sealed</span><br><span>Length: 0.18 km</span><br><span>Length rank: 1,163</span></div>"
road_3283085,path,3283085,sealed,HAIG STREET,0.175138639763427,1164,26,#1464a5cc,#1464a5cc,@EAAaidhmItbgagA{q@vF{B^cBr@sn@ra@,"<div><strong>HAIG STREET</strong><br><span>Surface: sealed</span><br><span>Length: 0.18 km</span><br><span>Length rank: 1,164</span></div>"
road_6064544,path,6064544,sealed,MICHAEL TERRENCE PLACE,0.1743542485240609,1165,26,#1464a5cc,#1464a5cc,@EAAaunfmIpvf}fAgA`C_@jCEnE\rb@KpDy@hE}BvFoPxU,"<div><strong>MICHAEL TERRENCE PLACE</strong><br><span>Surface: sealed</span><br><span>Length: 0.17 km</span><br><span>Length rank: 1,165</span></div>"
road_3314432,path,3314432,sealed,HALCIONE CLOSE,0.1742152598647152,1166,26,#1464a5cc,#1464a5cc,@EAA_vpgmI|dh~fAlLoClHcC`G{CpE{DpEwDdDyEjC{ErAiF^mCdD}Tn@aC,"<div><strong>HALCIONE CLOSE</strong><br><span>Surface: sealed</span><br><span>Length: 0.17 km</span><br><span>Length rank: 1,166</span></div>"
road_3283265,path,3283265,sealed,ANN MICHELE STREET,0.1741460088464537,1167,26,#1464a5cc,#1464a5cc,@EAAifpemIdfc~fAie@kMyv@_ToPqE,"<div><strong>ANN MICHELE STREET</strong><br><span>Surface: sealed</span><br><span>Length: 0.17 km</span><br><span>Length rank: 1,167</span></div>"
road_3283180,path,3283180,sealed,BROWN STREET,0.1740728188818444,1168,26,#1464a5cc,#1464a5cc,@EAA_srjmI|dxagAwuBaZ,"<div><strong>BROWN STREET</strong><br><span>Surface: sealed</span><br><span>Length: 0.17 km</span><br><span>Length rank: 1,168</span></div>"
road_3313944,path,3313944,sealed,LATHAM COURT,0.1740238114357905,1169,26,#1464a5cc,#1464a5cc,@EAAg~`hmI~}pbgA?wD}`@gwA,"<div><strong>LATHAM COURT</strong><br><span>Surface: sealed</span><br><span>Length: 0.17 km</span><br><span>Length rank: 1,169</span></div>"
road_3283332,path,3283332,sealed,SYCAMORE PLACE,0.1739215276074372,1170,26,#1464a5cc,#1464a5cc,@EAAe{hgmI|lo~fAQtC{@jDuDzGkFjGag@jPoEpBqBnCiK`P,"<div><strong>SYCAMORE PLACE</strong><br><span>Surface: sealed</span><br><span>Length: 0.17 km</span><br><span>Length rank: 1,170</span></div>"
road_3283034,path,3283034,sealed,PHOENIX PLACE,0.1738701826602684,1171,26,#1464a5cc,#1464a5cc,@EAAwm}fmIzwfbgAiIg\m@sE_@wF[_t@,"<div><strong>PHOENIX PLACE</strong><br><span>Surface: sealed</span><br><span>Length: 0.17 km</span><br><span>Length rank: 1,171</span></div>"
road_3283035,path,3283035,sealed,LEONG AVENUE,0.1735739975653806,1172,26,#1464a5cc,#1464a5cc,@EAAk`wfmI`d}agAmIzVy@vHdEl}@,"<div><strong>LEONG AVENUE</strong><br><span>Surface: sealed</span><br><span>Length: 0.17 km</span><br><span>Length rank: 1,172</span></div>"
road_3314261,path,3314261,sealed,VINE STREET,0.1733750493989826,1173,26,#1464a5cc,#1464a5cc,@EAA_ghkmI`oyagA|z@RvDCnPiAbH_@`FGdHJrGv@hCfA,"<div><strong>VINE STREET</strong><br><span>Surface: sealed</span><br><span>Length: 0.17 km</span><br><span>Length rank: 1,173</span></div>"
road_6064570,path,6064570,sealed,WAIRERE DRIVE,0.1731291759757141,1174,26,#1464a5cc,#1464a5cc,@EAAgfqjmIzue`gA|@VxAx@tAlA|@zAd@bBHfBOdBk@`BcAxAyAhAkBz@yBf@_CPcCA}BW{@UCA_AW}A{@uAmA}@{Ae@cBIgBNeBj@aBbAyAxAiAjB{@vBg@`CQ`C@~BVdAX,"<div><strong>WAIRERE DRIVE</strong><br><span>Surface: sealed</span><br><span>Length: 0.17 km</span><br><span>Length rank: 1,174</span></div>"
road_6064301,path,6064301,sealed,ASTOR AVENUE,0.1730816427254921,1175,26,#1464a5cc,#1464a5cc,@EAAo`tgmIpvgbgAgImH{DoDsAaFa@uCg@aAy@_BeDkDwAmCu@oCiBuG{@gDoGiN_DuJ,"<div><strong>ASTOR AVENUE</strong><br><span>Surface: sealed</span><br><span>Length: 0.17 km</span><br><span>Length rank: 1,175</span></div>"
road_3283200,path,3283200,sealed,INVERNESS AVENUE,0.1729602471169424,1176,26,#1464a5cc,#1464a5cc,@EAAoazjmIvffagAytBeZ,"<div><strong>INVERNESS AVENUE</strong><br><span>Surface: sealed</span><br><span>Length: 0.17 km</span><br><span>Length rank: 1,176</span></div>"
road_3283204,path,3283204,sealed,EARLSWOOD AVENUE,0.1729559459916804,1177,26,#1464a5cc,#1464a5cc,@EAAubdkmI|w}`gA|@`d@Mta@MbF}@rE}C~I,"<div><strong>EARLSWOOD AVENUE</strong><br><span>Surface: sealed</span><br><span>Length: 0.17 km</span><br><span>Length rank: 1,177</span></div>"
road_3283385,path,3283385,sealed,LOVELOCK PLACE,0.1726420562910947,1178,26,#1464a5cc,#1464a5cc,@EAAygsimIbxt_gAemA{iA,"<div><strong>LOVELOCK PLACE</strong><br><span>Surface: sealed</span><br><span>Length: 0.17 km</span><br><span>Length rank: 1,178</span></div>"
road_3314125,path,3314125,sealed,SUNDOWN CRESCENT,0.1725605106041324,1179,26,#1464a5cc,#1464a5cc,@EAAswaimIbiccgAhAjChBlBnUbPhCxC|BbFN`EW~CcHxYiBnI,"<div><strong>SUNDOWN CRESCENT</strong><br><span>Surface: sealed</span><br><span>Length: 0.17 km</span><br><span>Length rank: 1,179</span></div>"
road_3314440,path,3314440,sealed,GAMBIA GROVE,0.1725483938932145,1180,26,#1464a5cc,#1464a5cc,@EAA{ysgmIdgo}fAwC~EiArHIjEz@pFz@tDjC~CzElE`HbD~IzAfEvAnCdDx@lChA~H,"<div><strong>GAMBIA GROVE</strong><br><span>Surface: sealed</span><br><span>Length: 0.17 km</span><br><span>Length rank: 1,180</span></div>"
road_8328227,path,8328227,sealed,KIMBOLTON STREET,0.172238556212057,1181,26,#1464a5cc,#1464a5cc,@EAAkbuhmIbtf}fAfG_RxKe\zBmId@yC\eF]}U,"<div><strong>KIMBOLTON STREET</strong><br><span>Surface: sealed</span><br><span>Length: 0.17 km</span><br><span>Length rank: 1,181</span></div>"
road_3283382,path,3283382,sealed,OPAL PLACE,0.172010278745852,1182,26,#1464a5cc,#1464a5cc,@EAAwu|hmIt}s_gAyG{AkIcAmDMmFWmTCuDNoE`@yJ~A{JhDuVfL,"<div><strong>OPAL PLACE</strong><br><span>Surface: sealed</span><br><span>Length: 0.17 km</span><br><span>Length rank: 1,182</span></div>"
road_3314059,path,3314059,sealed,WHATAWHATA ROAD,0.1717573370031297,1183,26,#1464a5cc,#1464a5cc,@EAAkhggmIt~xagAAHGv@i@xAcAvAyAhAiBx@wBf@_CRqAAmDWuBm@gB}@sAmA}@yASw@Ss@G}APeBh@aBbAwAxAiAhB{@vBg@~BQ`C@|BVtBj@dB~@n@h@l@h@t@rAd@`BHfBGj@,"<div><strong>WHATAWHATA ROAD</strong><br><span>Surface: sealed</span><br><span>Length: 0.17 km</span><br><span>Length rank: 1,183</span></div>"
road_3283195,path,3283195,sealed,O'DONOGHUE STREET,0.1716052290082004,1184,26,#1464a5cc,#1464a5cc,@EAA_ytkmI~kqagAd`@iInC[xBMbCAvBBvCJ~BPlCTxBJjB?bAKhDq@lBc@zC{@x\qH,"<div><strong>O&#x27;DONOGHUE STREET</strong><br><span>Surface: sealed</span><br><span>Length: 0.17 km</span><br><span>Length rank: 1,184</span></div>"
road_3283269,path,3283269,sealed,REDOAKS CLOSE,0.1712525051375962,1185,26,#1464a5cc,#1464a5cc,@EAAou~dmIx~n}fAdZlCxQrA`@D~fAtJ,"<div><strong>REDOAKS CLOSE</strong><br><span>Surface: sealed</span><br><span>Length: 0.17 km</span><br><span>Length rank: 1,185</span></div>"
road_3283045,path,3283045,sealed,RIMMINGTON DRIVE,0.1711571789776761,1186,26,#1464a5cc,#1464a5cc,@EAAcfmhmIbdfbgAqAtB}CvC{O|FoFt@eIhAqNfAiNPgf@U,"<div><strong>RIMMINGTON DRIVE</strong><br><span>Surface: sealed</span><br><span>Length: 0.17 km</span><br><span>Length rank: 1,186</span></div>"
road_6064318,path,6064318,sealed,FEATHERSTONE DRIVE,0.1710136426514227,1187,26,#1464a5cc,#1464a5cc,@EAAck~fmInmc~fAwCh@oHj@[?cD?aGs@}Dw@gDiAiGsDcCmDmBmDgO_Y_CyCwCqE,"<div><strong>FEATHERSTONE DRIVE</strong><br><span>Surface: sealed</span><br><span>Length: 0.17 km</span><br><span>Length rank: 1,187</span></div>"
road_3314763,path,3314763,sealed,ASHWICK TERRACE,0.1709980979060427,1188,26,#1464a5cc,#1464a5cc,@EAAuspimIfan}fAs@xCeAdFHjE|@pWq@lDuBpCeEdDmF~AkG^wJ_@kMuB,"<div><strong>ASHWICK TERRACE</strong><br><span>Surface: sealed</span><br><span>Length: 0.17 km</span><br><span>Length rank: 1,188</span></div>"
road_3283245,path,3283245,sealed,CUSSEN STREET,0.1709734861751437,1189,26,#1464a5cc,#1464a5cc,@EAA{|mhmIzra`gAuj@iMiFe@}ENqDj@iDdAwB|AkRzPkDdH,"<div><strong>CUSSEN STREET</strong><br><span>Surface: sealed</span><br><span>Length: 0.17 km</span><br><span>Length rank: 1,189</span></div>"
road_3283203,path,3283203,sealed,ST JOHNS AVENUE,0.1706840030115335,1190,26,#1464a5cc,#1464a5cc,@EAAu{~jmI~q_agA}RQ}Gi@cKiCcMoB}~@_@,"<div><strong>ST JOHNS AVENUE</strong><br><span>Surface: sealed</span><br><span>Length: 0.17 km</span><br><span>Length rank: 1,190</span></div>"
road_3314066,path,3314066,sealed,BELFAST PLACE,0.1705931334565411,1191,26,#1464a5cc,#1464a5cc,@EAActihmIxi{agA_AvEGlEdBfLr@fBrAxAhCrAfCT~BP`DOxw@uL,"<div><strong>BELFAST PLACE</strong><br><span>Surface: sealed</span><br><span>Length: 0.17 km</span><br><span>Length rank: 1,191</span></div>"
road_3282995,path,3282995,sealed,WADE LANE,0.1704201072663994,1192,26,#1464a5cc,#1464a5cc,@EAAqf|emIlgncgAbr@nmAVbBSjC,"<div><strong>WADE LANE</strong><br><span>Surface: sealed</span><br><span>Length: 0.17 km</span><br><span>Length rank: 1,192</span></div>"
road_3283441,path,3283441,sealed,PORTREE PLACE,0.1702772517602524,1193,26,#1464a5cc,#1464a5cc,@EAAeqvhmIjaw~fAiJuBiFA_M`A}G`AmAn@yAjBMfBnAv_@gAtEq@lBc@pAi@tA_AjA,"<div><strong>PORTREE PLACE</strong><br><span>Surface: sealed</span><br><span>Length: 0.17 km</span><br><span>Length rank: 1,193</span></div>"
road_3313993,path,3313993,sealed,SHANNON PLACE,0.1698848092523046,1194,26,#1464a5cc,#1464a5cc,@EAAc~hfmIl{t`gAzCqCbC}ClBuCdBsFl@_Ff@qN`AuCfA_A|Cy@nDg@df@H,"<div><strong>SHANNON PLACE</strong><br><span>Surface: sealed</span><br><span>Length: 0.17 km</span><br><span>Length rank: 1,194</span></div>"
road_3283098,path,3283098,sealed,CRICKET PLACE,0.1697755966807276,1195,26,#1464a5cc,#1464a5cc,@EAAwl|hmIpwecgAxJUdDYvq@_MnD_AjCuAtUgW,"<div><strong>CRICKET PLACE</strong><br><span>Surface: sealed</span><br><span>Length: 0.17 km</span><br><span>Length rank: 1,195</span></div>"
road_3314418,path,3314418,sealed,FEATHERSTONE DRIVE,0.1695529701234604,1196,26,#1464a5cc,#1464a5cc,@EAAasyfmIzs`~fA`Ay@~f@iPy_@oq@,"<div><strong>FEATHERSTONE DRIVE</strong><br><span>Surface: sealed</span><br><span>Length: 0.17 km</span><br><span>Length rank: 1,196</span></div>"
road_3283424,path,3283424,sealed,SHALIMAR PLACE,0.1691896812718694,1197,26,#1464a5cc,#1464a5cc,@EAAk`nimIxpv~fAaLnC{R|CcMbC_GxBsGpCgCp@gDp@_JZmFJoGMyKQ,"<div><strong>SHALIMAR PLACE</strong><br><span>Surface: sealed</span><br><span>Length: 0.17 km</span><br><span>Length rank: 1,197</span></div>"
road_3283279,path,3283279,sealed,LICKFOLD LANE,0.1691784614163037,1198,26,#1464a5cc,#1464a5cc,@EAAavvfmIp{o~fAnBPvv@~G`APv@b@z@Z~@T`APdAJdACnBEtBElABv`@lD,"<div><strong>LICKFOLD LANE</strong><br><span>Surface: sealed</span><br><span>Length: 0.17 km</span><br><span>Length rank: 1,198</span></div>"
road_3314599,path,3314599,sealed,PAULETTE PLACE,0.1684753476145533,1199,25,#1464a5cc,#1464a5cc,@EAAe|xhmI|hc_gAsCbGql@~lA,"<div><strong>PAULETTE PLACE</strong><br><span>Surface: sealed</span><br><span>Length: 0.17 km</span><br><span>Length rank: 1,199</span></div>"
road_3314277,path,3314277,sealed,PANAIR CRESCENT,0.1684665838601226,1200,25,#1464a5cc,#1464a5cc,@EAAicukmIh~yagAza@eR~AiArAmA|@sBTcBCqAOcBkJyg@,"<div><strong>PANAIR CRESCENT</strong><br><span>Surface: sealed</span><br><span>Length: 0.17 km</span><br><span>Length rank: 1,200</span></div>"
road_3314742,path,3314742,sealed,BURGUNDY COURT,0.168384109360156,1201,25,#1464a5cc,#1464a5cc,@EAAei_imIlbd~fApBeHrF_MzA_JEyBk@{BcAyAyCkAcFs@}JoAuLgBsJ{@}BKkCE,"<div><strong>BURGUNDY COURT</strong><br><span>Surface: sealed</span><br><span>Length: 0.17 km</span><br><span>Length rank: 1,201</span></div>"
road_3314130,path,3314130,sealed,MANOR PLACE,0.168151538035034,1202,25,#1464a5cc,#1464a5cc,@EAAkscjmIzr|bgA}MyQwCiCsE{AoNkDmp@oY,"<div><strong>MANOR PLACE</strong><br><span>Surface: sealed</span><br><span>Length: 0.17 km</span><br><span>Length rank: 1,202</span></div>"
road_7742825,path,7742825,sealed,,0.1680234677308966,1203,25,#1464a5cc,#1464a5cc,@EAAyndhmIb}h~fAsLp`@s@pBe@t@aAhAkAfA{@zAmOxc@MdAGhB,"<div><strong>Road 7742825</strong><br><span>Surface: sealed</span><br><span>Length: 0.17 km</span><br><span>Length rank: 1,203</span></div>"
road_3314129,path,3314129,sealed,DOWDING STREET,0.1680211065062106,1204,25,#1464a5cc,#1464a5cc,@EAAmhqimIloqbgA_Je}A,"<div><strong>DOWDING STREET</strong><br><span>Surface: sealed</span><br><span>Length: 0.17 km</span><br><span>Length rank: 1,204</span></div>"
road_3283246,path,3283246,sealed,,0.1679564687485968,1205,25,#1464a5cc,#1464a5cc,@EAAc`hgmId|y_gA|JxEdGtBtE~@pH|@|PbCfS`H~TnI|B~AjBxA,"<div><strong>Road 3283246</strong><br><span>Surface: sealed</span><br><span>Length: 0.17 km</span><br><span>Length rank: 1,205</span></div>"
road_3313940,path,3313940,sealed,MAYNARD PLACE,0.1678214238468089,1206,25,#1464a5cc,#1464a5cc,@EAA__remI`{jcgAiAiGkBaKO_GnAoEhDeF|CaCxFwBnj@}M,"<div><strong>MAYNARD PLACE</strong><br><span>Surface: sealed</span><br><span>Length: 0.17 km</span><br><span>Length rank: 1,206</span></div>"
road_3283402,path,3283402,sealed,LAMONT STREET,0.1677821574026921,1207,25,#1464a5cc,#1464a5cc,@EAA_lcimI|dg_gAmqByX,"<div><strong>LAMONT STREET</strong><br><span>Surface: sealed</span><br><span>Length: 0.17 km</span><br><span>Length rank: 1,207</span></div>"
road_6082182,path,6082182,sealed,WISHBONE COURT,0.1676617850135909,1208,25,#1464a5cc,#1464a5cc,@EAAwx}fmI~km}fAcNtOeDxDaFnKyGbDsCl@uCP{DP}DSyBw@}A_AqJkIsDcD,"<div><strong>WISHBONE COURT</strong><br><span>Surface: sealed</span><br><span>Length: 0.17 km</span><br><span>Length rank: 1,208</span></div>"
road_3314460,path,3314460,sealed,CAMDEN PLACE,0.1674961059872295,1209,25,#1464a5cc,#1464a5cc,@EAAws|fmIney~fAsGtb@gBlC{CtBqD~@}DF_n@uE,"<div><strong>CAMDEN PLACE</strong><br><span>Surface: sealed</span><br><span>Length: 0.17 km</span><br><span>Length rank: 1,209</span></div>"
road_6082180,path,6082180,sealed,RYEDALE ROAD,0.1674259454297016,1210,25,#1464a5cc,#1464a5cc,@EAAqj_gmIj{h}fAaARkBt@iD|@cFh@_ERwD?_B?{C[yJy@aEk@q@KwH{AuIeCaNqEiFyAiJcB,"<div><strong>RYEDALE ROAD</strong><br><span>Surface: sealed</span><br><span>Length: 0.17 km</span><br><span>Length rank: 1,210</span></div>"
road_3314708,path,3314708,sealed,COMPTON GROVE,0.1672952405608139,1211,25,#1464a5cc,#1464a5cc,@EAAiklimIdqu}fAwPeHiJyDgFoAoDUcEZwFtB_TlLoQ|O,"<div><strong>COMPTON GROVE</strong><br><span>Surface: sealed</span><br><span>Length: 0.17 km</span><br><span>Length rank: 1,211</span></div>"
road_3283317,path,3283317,sealed,WOODHAM PLACE,0.1672628847665365,1212,25,#1464a5cc,#1464a5cc,@EAAocchmIriv}fAqDlM{B`IkCjF{EvGoBjCmA`BkBxE_AvFkFjX,"<div><strong>WOODHAM PLACE</strong><br><span>Surface: sealed</span><br><span>Length: 0.17 km</span><br><span>Length rank: 1,212</span></div>"
road_3283074,path,3283074,sealed,OLD MILL STREET,0.1667952217248117,1213,25,#1464a5cc,#1464a5cc,@EAAsjphmIdleagAeOkIuAgCy@yCkNoaA,"<div><strong>OLD MILL STREET</strong><br><span>Surface: sealed</span><br><span>Length: 0.17 km</span><br><span>Length rank: 1,213</span></div>"
road_3283336,path,3283336,sealed,AZIMUTH PLACE,0.1667522402428563,1214,25,#1464a5cc,#1464a5cc,@EAAocxgmIhxb~fA|e@dGlEHhEq@jCu@vCeB|@sAxI}PbC{CdJwI,"<div><strong>AZIMUTH PLACE</strong><br><span>Surface: sealed</span><br><span>Length: 0.17 km</span><br><span>Length rank: 1,214</span></div>"
road_3283169,path,3283169,sealed,HAMILTON PARADE,0.1667430701903865,1215,25,#1464a5cc,#1464a5cc,@EAAgufimIxp|`gAkBp@{BxAmBjB{JzMeDvI_R~q@,"<div><strong>HAMILTON PARADE</strong><br><span>Surface: sealed</span><br><span>Length: 0.17 km</span><br><span>Length rank: 1,215</span></div>"
road_3314339,path,3314339,sealed,ALANBROOKE PLACE,0.1666179390988326,1216,25,#1464a5cc,#1464a5cc,@EAAm}zgmIhh}_gA}kAs{@yEsD,"<div><strong>ALANBROOKE PLACE</strong><br><span>Surface: sealed</span><br><span>Length: 0.17 km</span><br><span>Length rank: 1,216</span></div>"
road_3314123,path,3314123,sealed,LESLIE PLACE,0.1664724535646676,1217,25,#1464a5cc,#1464a5cc,@EAA_ubimItjncgA}@fH_SxqA,"<div><strong>LESLIE PLACE</strong><br><span>Surface: sealed</span><br><span>Length: 0.17 km</span><br><span>Length rank: 1,217</span></div>"
road_3283126,path,3283126,sealed,OREGON CRESCENT,0.1663827258803241,1218,25,#1464a5cc,#1464a5cc,@EAA{qgjmInlncgAzKvq@zTbe@,"<div><strong>OREGON CRESCENT</strong><br><span>Surface: sealed</span><br><span>Length: 0.17 km</span><br><span>Length rank: 1,218</span></div>"
road_3314645,path,3314645,sealed,WATKINS STREET,0.1663553772428651,1219,25,#1464a5cc,#1464a5cc,@EAAktljmIxwn_gAzPlEvDj@xShGdMtDlo@jP,"<div><strong>WATKINS STREET</strong><br><span>Surface: sealed</span><br><span>Length: 0.17 km</span><br><span>Length rank: 1,219</span></div>"
road_8328174,path,8328174,sealed,TAOTAHI AVENUE,0.1661319895932889,1220,25,#1464a5cc,#1464a5cc,@EAA_{gfmIxp}agAH_At@yK~AwDvAoCS{CaP_|@,"<div><strong>TAOTAHI AVENUE</strong><br><span>Surface: sealed</span><br><span>Length: 0.17 km</span><br><span>Length rank: 1,220</span></div>"
road_3314136,path,3314136,sealed,THORNTON PLACE,0.1660337708604428,1221,25,#1464a5cc,#1464a5cc,@EAAk}~hmIb|`cgAh|A`x@,"<div><strong>THORNTON PLACE</strong><br><span>Surface: sealed</span><br><span>Length: 0.17 km</span><br><span>Length rank: 1,221</span></div>"
road_3283101,path,3283101,sealed,FILMER PLACE,0.1660003858600806,1222,25,#1464a5cc,#1464a5cc,@EAAc_uhmIn_~bgA{}@o_@kHkC{LuBaPy@,"<div><strong>FILMER PLACE</strong><br><span>Surface: sealed</span><br><span>Length: 0.17 km</span><br><span>Length rank: 1,222</span></div>"
road_3283181,path,3283181,sealed,RIRO STREET,0.1657432882628776,1223,25,#1464a5cc,#1464a5cc,@EAAmavimIt_hagAp]{HrFn@pHtCfp@da@,"<div><strong>RIRO STREET</strong><br><span>Surface: sealed</span><br><span>Length: 0.17 km</span><br><span>Length rank: 1,223</span></div>"
road_3283293,path,3283293,sealed,MCINNES PLACE,0.165686492122499,1224,25,#1464a5cc,#1464a5cc,@EAAazihmIprx~fAuFbFoBfCmh@rfA,"<div><strong>MCINNES PLACE</strong><br><span>Surface: sealed</span><br><span>Length: 0.17 km</span><br><span>Length rank: 1,224</span></div>"
road_3283341,path,3283341,sealed,CRANMER CLOSE,0.1655968300668673,1225,25,#1464a5cc,#1464a5cc,@EAAopchmIbms}fADxUGjAa@~Bi@t@uBfAwCfAgj@`GeERqDWwIkB,"<div><strong>CRANMER CLOSE</strong><br><span>Surface: sealed</span><br><span>Length: 0.17 km</span><br><span>Length rank: 1,225</span></div>"
road_3314696,path,3314696,sealed,GERRAND PLACE,0.1655522935568941,1226,25,#1464a5cc,#1464a5cc,@EAAop}hmItcz~fAfNlCviAvQ|D^bGRnGE,"<div><strong>GERRAND PLACE</strong><br><span>Surface: sealed</span><br><span>Length: 0.17 km</span><br><span>Length rank: 1,226</span></div>"
road_3313969,path,3313969,sealed,WESTVIEW PLACE,0.1655184666542982,1227,25,#1464a5cc,#1464a5cc,@EAAwgcfmItbyagAww@pE_Ff@cClAgAvA?jB|ArNnCdGpClD,"<div><strong>WESTVIEW PLACE</strong><br><span>Surface: sealed</span><br><span>Length: 0.17 km</span><br><span>Length rank: 1,227</span></div>"
road_7742383,path,7742383,sealed,GLENNIS PLACE,0.1655069680714914,1228,25,#1464a5cc,#1464a5cc,@EAAsrbhmIb~}agAme@hGgv@zKiRfC,"<div><strong>GLENNIS PLACE</strong><br><span>Surface: sealed</span><br><span>Length: 0.17 km</span><br><span>Length rank: 1,228</span></div>"
road_3314254,path,3314254,sealed,SULLIVAN CRESCENT,0.165293541006872,1229,25,#1464a5cc,#1464a5cc,@EAAepkjmIzdw`gAvD[dJe@fRg@~AD`B\r@p@HdBAnB]lP_@hB}A|@kAZqSpAiEXmBT,"<div><strong>SULLIVAN CRESCENT</strong><br><span>Surface: sealed</span><br><span>Length: 0.17 km</span><br><span>Length rank: 1,229</span></div>"
road_3314348,path,3314348,sealed,HOLLOWAY PLACE,0.1649391448259675,1230,25,#1464a5cc,#1464a5cc,@EAAevqgmIbak`gAq`A}kA,"<div><strong>HOLLOWAY PLACE</strong><br><span>Surface: sealed</span><br><span>Length: 0.16 km</span><br><span>Length rank: 1,230</span></div>"
road_3314606,path,3314606,sealed,MCLAREN PLACE,0.1647700619023171,1231,25,#1464a5cc,#1464a5cc,@EAAwbuimIxuf_gAbl@i@tIs@bHwBlHeDnDyDrAmCtAuCpAiFVaE,"<div><strong>MCLAREN PLACE</strong><br><span>Surface: sealed</span><br><span>Length: 0.16 km</span><br><span>Length rank: 1,231</span></div>"
road_100047914,path,100047914,sealed,CALLARD PLACE,0.1647385639964998,1232,25,#1464a5cc,#1464a5cc,@EAAggnkmIf_lbgAsG}RoA{B{AmA}VoJy\iMgCs@oCg@eGa@,"<div><strong>CALLARD PLACE</strong><br><span>Surface: sealed</span><br><span>Length: 0.16 km</span><br><span>Length rank: 1,232</span></div>"
road_8115828,path,8115828,sealed,CROSHER PLACE,0.164673858499549,1233,25,#1464a5cc,#1464a5cc,@EAAgv~kmIf`ragAbB[nAs@~@m@dHoHf@}@`@qAEuA[gAmAqAqCsAaE}AoBUyA@cBXeAt@gJ`JYfAG`AJtAx@~@bJ~EdBh@lAV,"<div><strong>CROSHER PLACE</strong><br><span>Surface: sealed</span><br><span>Length: 0.16 km</span><br><span>Length rank: 1,233</span></div>"
road_3283331,path,3283331,sealed,HOUHERE PLACE,0.1642270624484707,1234,25,#1464a5cc,#1464a5cc,@EAAuufgmItlq~fAyYlE{Dz@{FlBgDjCmMdUiB`LHtEvArE,"<div><strong>HOUHERE PLACE</strong><br><span>Surface: sealed</span><br><span>Length: 0.16 km</span><br><span>Length rank: 1,234</span></div>"
road_3283182,path,3283182,sealed,PRINCES STREET,0.1640264227526681,1235,25,#1464a5cc,#1464a5cc,@EAAar`imI~`}`gAr}Avt@,"<div><strong>PRINCES STREET</strong><br><span>Surface: sealed</span><br><span>Length: 0.16 km</span><br><span>Length rank: 1,235</span></div>"
road_3314605,path,3314605,sealed,SANDFORD PLACE,0.1637283965274206,1236,25,#1464a5cc,#1464a5cc,@EAAyl~hmI|zb_gArFvCbDv@~Dp@jlA`G~NbB,"<div><strong>SANDFORD PLACE</strong><br><span>Surface: sealed</span><br><span>Length: 0.16 km</span><br><span>Length rank: 1,236</span></div>"
road_3314202,path,3314202,sealed,WORLEY PLACE,0.1636712441149856,1237,25,#1464a5cc,#1464a5cc,@EAA{tgimI||hagAkNhOiu@lx@,"<div><strong>WORLEY PLACE</strong><br><span>Surface: sealed</span><br><span>Length: 0.16 km</span><br><span>Length rank: 1,237</span></div>"
road_8328192,path,8328192,sealed,FERGY PLACE,0.1635286986576676,1238,25,#1464a5cc,#1464a5cc,@EAA{zzgmIljj}fAc_BcAmH_BoGmB,"<div><strong>FERGY PLACE</strong><br><span>Surface: sealed</span><br><span>Length: 0.16 km</span><br><span>Length rank: 1,238</span></div>"
road_3283002,path,3283002,sealed,GREENLEA LANE,0.1635219310095119,1239,25,#1464a5cc,#1464a5cc,@EAAcbfhmIncqbgArNgCpGgAbCuBrCaClAgCVaF[_Cy@eDuLma@o@}B,"<div><strong>GREENLEA LANE</strong><br><span>Surface: sealed</span><br><span>Length: 0.16 km</span><br><span>Length rank: 1,239</span></div>"
road_3283021,path,3283021,sealed,RUSKE PLACE,0.163451228265712,1240,25,#1464a5cc,#1464a5cc,@EAA{bremInvt`gAiIvV}b@by@e@|@,"<div><strong>RUSKE PLACE</strong><br><span>Surface: sealed</span><br><span>Length: 0.16 km</span><br><span>Length rank: 1,240</span></div>"
road_3283038,path,3283038,sealed,VINCENT PLACE,0.1634305674798233,1241,25,#1464a5cc,#1464a5cc,@EAAmcufmIp}qagAh@qFUyCkBgEa^mYeHkDqFoAoXwD,"<div><strong>VINCENT PLACE</strong><br><span>Surface: sealed</span><br><span>Length: 0.16 km</span><br><span>Length rank: 1,241</span></div>"
road_3234691,path,3234691,sealed,WATERVIEW DRIVE,0.1631003580319308,1242,25,#1464a5cc,#1464a5cc,@EAAcbcemItyq|fA{A`BcBdB{B`CaCfCku@nz@,"<div><strong>WATERVIEW DRIVE</strong><br><span>Surface: sealed</span><br><span>Length: 0.16 km</span><br><span>Length rank: 1,242</span></div>"
road_3313950,path,3313950,sealed,SHELLEY JANE PLACE,0.1630568223861083,1243,25,#1464a5cc,#1464a5cc,@EAAg`ogmIdoibgAjEbQnFlQpPb`@xExO,"<div><strong>SHELLEY JANE PLACE</strong><br><span>Surface: sealed</span><br><span>Length: 0.16 km</span><br><span>Length rank: 1,243</span></div>"
road_3283271,path,3283271,sealed,SIMSEY PLACE,0.1630451883498329,1244,25,#1464a5cc,#1464a5cc,@EAAyyoemI`~f~fA{AcB{AkAyEmBa_AiXuGe@aJIwEp@,"<div><strong>SIMSEY PLACE</strong><br><span>Surface: sealed</span><br><span>Length: 0.16 km</span><br><span>Length rank: 1,244</span></div>"
road_3283445,path,3283445,sealed,LANDMARK COURT,0.1630025458904598,1245,25,#1464a5cc,#1464a5cc,@EAAsw~hmId{v}fAcAoFqAwHkCuJs@iC?sCH{JIuCk@aE_CkMyAeN,"<div><strong>LANDMARK COURT</strong><br><span>Surface: sealed</span><br><span>Length: 0.16 km</span><br><span>Length rank: 1,245</span></div>"
road_3314706,path,3314706,sealed,ALFORD PLACE,0.1629988638262144,1246,25,#1464a5cc,#1464a5cc,@EAAiprimI|cx}fAie@eByE?sFPiITaEFmEeAkC}Bs@cAwBeFsAmN,"<div><strong>ALFORD PLACE</strong><br><span>Surface: sealed</span><br><span>Length: 0.16 km</span><br><span>Length rank: 1,246</span></div>"
road_3314650,path,3314650,sealed,MCDOWALL PLACE,0.162826113125425,1247,25,#1464a5cc,#1464a5cc,@EAAinshmIlz|~fAkI~QoAvBqA|AwQzPeFzHkElMKdL,"<div><strong>MCDOWALL PLACE</strong><br><span>Surface: sealed</span><br><span>Length: 0.16 km</span><br><span>Length rank: 1,247</span></div>"
road_3314350,path,3314350,sealed,HOLDEN AVENUE,0.1625538374991448,1248,25,#1464a5cc,#1464a5cc,@EAAws~gmIb}k`gAzSkH|F}BtG_Dxg@im@,"<div><strong>HOLDEN AVENUE</strong><br><span>Surface: sealed</span><br><span>Length: 0.16 km</span><br><span>Length rank: 1,248</span></div>"
road_3314736,path,3314736,sealed,COLE THOMAS PLACE,0.1621762407424924,1249,25,#1464a5cc,#1464a5cc,@EAAkxqimIvgl~fAcJgAkBUoBc@gCm@aF}BmEmCyCsCwBiCsBoCeAqCw@iCm@oDY{FZaF`@}D|@kE,"<div><strong>COLE THOMAS PLACE</strong><br><span>Surface: sealed</span><br><span>Length: 0.16 km</span><br><span>Length rank: 1,249</span></div>"
road_3314065,path,3314065,sealed,PEREGRINE PLACE,0.1621265133610793,1250,25,#1464a5cc,#1464a5cc,@EAA_`bhmIbacbgAn@|HUlFyAtGqG|GkGpEaFtB_FnAgIfAwED_UcB,"<div><strong>PEREGRINE PLACE</strong><br><span>Surface: sealed</span><br><span>Length: 0.16 km</span><br><span>Length rank: 1,250</span></div>"
road_6064547,path,6064547,sealed,DROWER GLEN,0.1620739683357118,1251,25,#1464a5cc,#1464a5cc,@EAAawegmIzgi}fAhCyDvDwF~BiF~ByGRuAv@mFz@eGX{E_@_HiCiV,"<div><strong>DROWER GLEN</strong><br><span>Surface: sealed</span><br><span>Length: 0.16 km</span><br><span>Length rank: 1,251</span></div>"
road_7742782,path,7742782,sealed,,0.1618198879191596,1252,25,#1464a5cc,#1464a5cc,@EAA{x}emI|rscgAmArBwBjAgDpAwMhDkDxA}CpEeCxL?vRJd@zCbP,"<div><strong>Road 7742782</strong><br><span>Surface: sealed</span><br><span>Length: 0.16 km</span><br><span>Length rank: 1,252</span></div>"
road_3283055,path,3283055,sealed,KILLARNEY LANE,0.1616488080805919,1253,25,#1464a5cc,#1464a5cc,@EAAchbhmIveyagAQ~E{B~o@GzEp@hEfFxS,"<div><strong>KILLARNEY LANE</strong><br><span>Surface: sealed</span><br><span>Length: 0.16 km</span><br><span>Length rank: 1,253</span></div>"
road_3314205,path,3314205,sealed,KINGSFORD MEWS,0.1613315518260509,1254,25,#1464a5cc,#1464a5cc,@EAAidnjmIrogagAfi@vHvOrDtEn@pF|@tIvBhEhBtBf@vE\dF@,"<div><strong>KINGSFORD MEWS</strong><br><span>Surface: sealed</span><br><span>Length: 0.16 km</span><br><span>Length rank: 1,254</span></div>"
road_3283103,path,3283103,sealed,REYNOLDS DRIVE,0.1609099695079351,1255,25,#1464a5cc,#1464a5cc,@EAA{|pimIpjvcgAAbBbAxB`B|BlBdDpBtFzEpMnNbRzBjDzAtE~@pChA~AjCfB,"<div><strong>REYNOLDS DRIVE</strong><br><span>Surface: sealed</span><br><span>Length: 0.16 km</span><br><span>Length rank: 1,255</span></div>"
road_3314705,path,3314705,sealed,SHRULE PLACE,0.1606748030934574,1256,25,#1464a5cc,#1464a5cc,@EAAmj}hmIruu}fAy@~As@nDi@~Bs@nAcGjK_E~CqC~@kDj@wMx@gGt@s^bG,"<div><strong>SHRULE PLACE</strong><br><span>Surface: sealed</span><br><span>Length: 0.16 km</span><br><span>Length rank: 1,256</span></div>"
road_7742811,path,7742811,sealed,HAPU AVENUE,0.1605731138616355,1257,25,#1464a5cc,#1464a5cc,@EAAaszemIfiw_gAst@vnA,"<div><strong>HAPU AVENUE</strong><br><span>Surface: sealed</span><br><span>Length: 0.16 km</span><br><span>Length rank: 1,257</span></div>"
road_3314508,path,3314508,sealed,TENNILLE STREET,0.1604936730139406,1258,25,#1464a5cc,#1464a5cc,@EAA{zlgmIllj}fAuRmMmCaDwBeCyGcEaGeCiAs@gBiAeAy@eF}DwJyHeB{B_CaD,"<div><strong>TENNILLE STREET</strong><br><span>Surface: sealed</span><br><span>Length: 0.16 km</span><br><span>Length rank: 1,258</span></div>"
road_3283343,path,3283343,sealed,WALTHAM PLACE,0.1603480477394459,1259,25,#1464a5cc,#1464a5cc,@EAAk`}gmIjrm}fAgX\sDNeFz@eDjAcElBa^bb@wCvC,"<div><strong>WALTHAM PLACE</strong><br><span>Surface: sealed</span><br><span>Length: 0.16 km</span><br><span>Length rank: 1,259</span></div>"
road_3314210,path,3314210,sealed,FOWLERS AVENUE,0.1600170503239927,1260,25,#1464a5cc,#1464a5cc,@EAAi~shmIz{ragA{{@n~@{FfG,"<div><strong>FOWLERS AVENUE</strong><br><span>Surface: sealed</span><br><span>Length: 0.16 km</span><br><span>Length rank: 1,260</span></div>"
road_3283151,path,3283151,sealed,,0.160001809093382,1261,25,#1464a5cc,#1464a5cc,@EAA}jwhmIxncbgAdIP|C`AnMpI~GlGbe@|g@,"<div><strong>Road 3283151</strong><br><span>Surface: sealed</span><br><span>Length: 0.16 km</span><br><span>Length rank: 1,261</span></div>"
road_3314199,path,3314199,sealed,VALLEY TERRACE,0.1597140290771865,1262,25,#1464a5cc,#1464a5cc,@EAAsgoimIdkgbgAC{BGwGaCye@_Cee@,"<div><strong>VALLEY TERRACE</strong><br><span>Surface: sealed</span><br><span>Length: 0.16 km</span><br><span>Length rank: 1,262</span></div>"
road_3313946,path,3313946,sealed,AZTEC PLACE,0.1597015249848156,1263,25,#1464a5cc,#1464a5cc,@EAA_jdhmIjpkbgAi_@guA,"<div><strong>AZTEC PLACE</strong><br><span>Surface: sealed</span><br><span>Length: 0.16 km</span><br><span>Length rank: 1,263</span></div>"
road_3238147,path,3238147,sealed,HAYNES PLACE,0.159540204208019,1264,25,#1464a5cc,#1464a5cc,@EAAi~uimI`jk}fA{f@cJgOcCgJ_@}OJcWvE,"<div><strong>HAYNES PLACE</strong><br><span>Surface: sealed</span><br><span>Length: 0.16 km</span><br><span>Length rank: 1,264</span></div>"
road_3313962,path,3313962,sealed,WIMBLEDON CLOSE,0.1592576857680231,1265,25,#1464a5cc,#1464a5cc,@EAAwi}emIdbz`gAr@mJCoDs@oCeCoBwJoEkJgCiFmCoI_GmEuBuCs@oEy@_HI,"<div><strong>WIMBLEDON CLOSE</strong><br><span>Surface: sealed</span><br><span>Length: 0.16 km</span><br><span>Length rank: 1,265</span></div>"
road_3314335,path,3314335,sealed,GARRICK PLACE,0.1591869721930982,1266,25,#1464a5cc,#1464a5cc,@EAAupvgmIfp``gAwEiDuaA_t@aBgB{@wA,"<div><strong>GARRICK PLACE</strong><br><span>Surface: sealed</span><br><span>Length: 0.16 km</span><br><span>Length rank: 1,266</span></div>"
road_3314420,path,3314420,sealed,BREE PLACE,0.1591069500529721,1267,25,#1464a5cc,#1464a5cc,@EAAglqfmInyt}fA{{@rw@eIvK,"<div><strong>BREE PLACE</strong><br><span>Surface: sealed</span><br><span>Length: 0.16 km</span><br><span>Length rank: 1,267</span></div>"
road_3314124,path,3314124,sealed,COLSTONE STREET,0.1590945897311007,1268,25,#1464a5cc,#1464a5cc,@EAAeroimIlmncgAxc@tsA,"<div><strong>COLSTONE STREET</strong><br><span>Surface: sealed</span><br><span>Length: 0.16 km</span><br><span>Length rank: 1,268</span></div>"
road_3283003,path,3283003,sealed,KELLS PLACE,0.1590931870539813,1269,25,#1464a5cc,#1464a5cc,@EAAknahmIvyjbgA_a@ktA,"<div><strong>KELLS PLACE</strong><br><span>Surface: sealed</span><br><span>Length: 0.16 km</span><br><span>Length rank: 1,269</span></div>"
road_3314262,path,3314262,sealed,,0.1588940915598634,1270,25,#1464a5cc,#1464a5cc,@EAAi`vkmIpamagAnJhGlNjHpCtAjCv@zBH|BQrCi@pDu@vk@uM,"<div><strong>Road 3314262</strong><br><span>Surface: sealed</span><br><span>Length: 0.16 km</span><br><span>Length rank: 1,270</span></div>"
road_3283443,path,3283443,sealed,AZURE PLACE,0.1585677534985227,1271,25,#1464a5cc,#1464a5cc,@EAAa_himIfhr~fAUgCk@wGw@gHKeAwAkFuCuFyCaDuMsOwNwP,"<div><strong>AZURE PLACE</strong><br><span>Surface: sealed</span><br><span>Length: 0.16 km</span><br><span>Length rank: 1,271</span></div>"
road_3314725,path,3314725,sealed,GUILDFORD PLACE,0.1585338616614588,1272,25,#1464a5cc,#1464a5cc,@EAAkiqhmIdfx}fAmCfXRjHjAtBjCl@`KV~L[vPh@lMl@,"<div><strong>GUILDFORD PLACE</strong><br><span>Surface: sealed</span><br><span>Length: 0.16 km</span><br><span>Length rank: 1,272</span></div>"
road_8328201,path,8328201,sealed,JENNIAN AVENUE,0.1582984522271433,1273,25,#1464a5cc,#1464a5cc,@EAAgs|hmI`ij}fA{ClHwa@fNow@fN,"<div><strong>JENNIAN AVENUE</strong><br><span>Surface: sealed</span><br><span>Length: 0.16 km</span><br><span>Length rank: 1,273</span></div>"
road_3283016,path,3283016,sealed,BEN LOMOND PLACE,0.1581960578993526,1274,25,#1464a5cc,#1464a5cc,@EAAqd_fmItx~`gAkKScTH_HG}J[gJs@eNUyFHmFa@cFgBoCuC,"<div><strong>BEN LOMOND PLACE</strong><br><span>Surface: sealed</span><br><span>Length: 0.16 km</span><br><span>Length rank: 1,274</span></div>"
road_3314330,path,3314330,sealed,BISHOPS LANE,0.1581929798046961,1275,25,#1464a5cc,#1464a5cc,@EAAqlnfmItdj`gAcT}NoO}J_L_KoE{CwGoCwK}BqFe@,"<div><strong>BISHOPS LANE</strong><br><span>Surface: sealed</span><br><span>Length: 0.16 km</span><br><span>Length rank: 1,275</span></div>"
road_3314607,path,3314607,sealed,JENNIFER PLACE,0.1581112727311342,1276,25,#1464a5cc,#1464a5cc,@EAAun{hmIlk}~fAfUyRzEoBdDE`Ib@pLhCt`@~P,"<div><strong>JENNIFER PLACE</strong><br><span>Surface: sealed</span><br><span>Length: 0.16 km</span><br><span>Length rank: 1,276</span></div>"
road_8329710,path,8329710,sealed,HORSESHOE TERRACE,0.1579358171165568,1277,25,#1464a5cc,#1464a5cc,@EAAuzuemInke`gAul@_P{BcBkA_Dq@yE?e_@,"<div><strong>HORSESHOE TERRACE</strong><br><span>Surface: sealed</span><br><span>Length: 0.16 km</span><br><span>Length rank: 1,277</span></div>"
road_3313979,path,3313979,sealed,EVERGREEN RISE,0.157867670659479,1278,25,#1464a5cc,#1464a5cc,@EAAqtuemIlxu`gAi@rDa@|Cw@vC_@r@kDnIkCjGyBhDiBjDuBfDs@x@i@p@iCnCaFnDaCzAmBtAqE|C,"<div><strong>EVERGREEN RISE</strong><br><span>Surface: sealed</span><br><span>Length: 0.16 km</span><br><span>Length rank: 1,278</span></div>"
road_6064302,path,6064302,sealed,,0.157772235333972,1279,25,#1464a5cc,#1464a5cc,@EAAmzeimIr_bbgA_CoBgBcC}@cCw@mCoC}G_CwCsAmAsAoAa@oA[qAMkDFeFA{F}D}LuC_F,"<div><strong>Road 6064302</strong><br><span>Surface: sealed</span><br><span>Length: 0.16 km</span><br><span>Length rank: 1,279</span></div>"
road_3314457,path,3314457,sealed,HAMPSHIRE COURT,0.1577710529773006,1280,25,#1464a5cc,#1464a5cc,@EAA}|tfmIlcy}fA}ApCuBfBwRzLqCtAeAJgAIoAy@{@yAsAuJ[qBk@qBaByBqAaAuIsF}DgC,"<div><strong>HAMPSHIRE COURT</strong><br><span>Surface: sealed</span><br><span>Length: 0.16 km</span><br><span>Length rank: 1,280</span></div>"
road_3314283,path,3314283,sealed,ASHBURY AVENUE,0.1576889864465767,1281,25,#1464a5cc,#1464a5cc,@EAAovelmI|pyagAiLcDyFoBw^{KoEaB_FsBeFcCoTyL,"<div><strong>ASHBURY AVENUE</strong><br><span>Surface: sealed</span><br><span>Length: 0.16 km</span><br><span>Length rank: 1,281</span></div>"
road_3258167,path,3258167,sealed,,0.1573402328593375,1282,25,#1464a5cc,#1464a5cc,@EAAuhdfmIxk{}fAtBg@jJkL^qAD_BU}Ac@_AmAeAg@YcE{B}I}DyJuDmI}CyDsBuI}E,"<div><strong>Road 3258167</strong><br><span>Surface: sealed</span><br><span>Length: 0.16 km</span><br><span>Length rank: 1,282</span></div>"
road_3314629,path,3314629,sealed,COLLEGE PLACE,0.1572547046214204,1283,25,#1464a5cc,#1464a5cc,@EAA}``imIfaw_gArd@pGbDHlC_AhBqCzHcZToC??MoDSwD,"<div><strong>COLLEGE PLACE</strong><br><span>Surface: sealed</span><br><span>Length: 0.16 km</span><br><span>Length rank: 1,283</span></div>"
road_3314288,path,3314288,sealed,FORD STREET,0.1570652626411698,1284,25,#1464a5cc,#1464a5cc,@EAAyz{jmIvcjagA_eB_WaDA,"<div><strong>FORD STREET</strong><br><span>Surface: sealed</span><br><span>Length: 0.16 km</span><br><span>Length rank: 1,284</span></div>"
road_3313977,path,3313977,sealed,SHARALEIGH PLACE,0.1570373287132564,1285,25,#1464a5cc,#1464a5cc,@EAAmyqemIzsy`gAyHuJcHgEeH}BqEg@gFS{Hd@gEp@sD|@iClAmDrC_F|GyBpD,"<div><strong>SHARALEIGH PLACE</strong><br><span>Surface: sealed</span><br><span>Length: 0.16 km</span><br><span>Length rank: 1,285</span></div>"
road_3313984,path,3313984,sealed,HOLLINGER PLACE,0.1570109185928822,1286,25,#1464a5cc,#1464a5cc,@EAAaeffmIbrdagAlGmC~YcLtCuBzI{NlCyC`C{AhSmM,"<div><strong>HOLLINGER PLACE</strong><br><span>Surface: sealed</span><br><span>Length: 0.16 km</span><br><span>Length rank: 1,286</span></div>"
road_3313990,path,3313990,sealed,WEMBLEY CLOSE,0.1570006877057984,1287,25,#1464a5cc,#1464a5cc,@EAAg{_fmIlvw`gAuD~@aH`AuMr@aLHwRXaQv@iJ`AoOdE,"<div><strong>WEMBLEY CLOSE</strong><br><span>Surface: sealed</span><br><span>Length: 0.16 km</span><br><span>Length rank: 1,287</span></div>"
road_3314027,path,3314027,sealed,KNIGHTSBRIDGE PLACE,0.1567162305714829,1288,25,#1464a5cc,#1464a5cc,@EAAg~_gmIp{abgAdTlAvFHjBSnAu@xA}CbGyg@Z_L,"<div><strong>KNIGHTSBRIDGE PLACE</strong><br><span>Surface: sealed</span><br><span>Length: 0.16 km</span><br><span>Length rank: 1,288</span></div>"
road_3314332,path,3314332,sealed,PAVILION DRIVE,0.1566660749544839,1289,25,#1464a5cc,#1464a5cc,@EAAyaigmIfz``gA{@vA{AzBgAxBSzBFbA\lAyAjAaEz@qE^{AE_CFyCWiFq@uDOiDL_Fl@kErBoCpAsCfCoE|D,"<div><strong>PAVILION DRIVE</strong><br><span>Surface: sealed</span><br><span>Length: 0.16 km</span><br><span>Length rank: 1,289</span></div>"
road_3314610,path,3314610,sealed,GOLDEN PLACE,0.1566216463311043,1290,25,#1464a5cc,#1464a5cc,@EAAs~{hmIdv``gAdFsSfEqMlBuEzV{f@,"<div><strong>GOLDEN PLACE</strong><br><span>Surface: sealed</span><br><span>Length: 0.16 km</span><br><span>Length rank: 1,290</span></div>"
road_3314430,path,3314430,sealed,WOODBURN AVENUE,0.1564974640313872,1291,25,#1464a5cc,#1464a5cc,@EAAg~kgmIjuk~fAxBmA`A_ArCwBnB_A~By@~J{B~@[bEaBtDcBxC{B`BiBlBqBbBqCbB}D|@}ApAcAdAa@fCk@|ASjF_@,"<div><strong>WOODBURN AVENUE</strong><br><span>Surface: sealed</span><br><span>Length: 0.16 km</span><br><span>Length rank: 1,291</span></div>"
road_3314049,path,3314049,sealed,MILLAR PLACE,0.1563849504137403,1292,25,#1464a5cc,#1464a5cc,@EAAsoufmIzjdagAks@RuJnAoEhBaEnCaCzC_CzDwApDs@pD,"<div><strong>MILLAR PLACE</strong><br><span>Surface: sealed</span><br><span>Length: 0.16 km</span><br><span>Length rank: 1,292</span></div>"
road_7742388,path,7742388,sealed,,0.1563351640387189,1293,25,#1464a5cc,#1464a5cc,@EAAkqrjmIdlicgA_CmC_B{AyBgAgDgAqK_BqUeDuE}@sDcAqC{A_CiAsBa@eBImBLyBp@uBlA}DpC,"<div><strong>Road 7742388</strong><br><span>Surface: sealed</span><br><span>Length: 0.16 km</span><br><span>Length rank: 1,293</span></div>"
road_3283057,path,3283057,sealed,SANDALWOOD DRIVE,0.1561865868761162,1294,25,#1464a5cc,#1464a5cc,@EAAezfgmIbrlagAgAzDL|Cv@tClX`dA,"<div><strong>SANDALWOOD DRIVE</strong><br><span>Surface: sealed</span><br><span>Length: 0.16 km</span><br><span>Length rank: 1,294</span></div>"
road_8329717,path,8329717,sealed,,0.1560739890886945,1295,25,#1464a5cc,#1464a5cc,@EAAo~|fmIn_`~fAJP`KdQnNfVdOnWnFfJ,"<div><strong>Road 8329717</strong><br><span>Surface: sealed</span><br><span>Length: 0.16 km</span><br><span>Length rank: 1,295</span></div>"
road_3283049,path,3283049,sealed,BURROWS PLACE,0.1560190001577118,1296,25,#1464a5cc,#1464a5cc,@EAAykmgmIdh}agAthBgY,"<div><strong>BURROWS PLACE</strong><br><span>Surface: sealed</span><br><span>Length: 0.16 km</span><br><span>Length rank: 1,296</span></div>"
road_3314191,path,3314191,sealed,GORDON STREET,0.1557868907010416,1297,25,#1464a5cc,#1464a5cc,@EAA}n~kmIh`gbgArRsWl@eBPgBUmBk@cB{@qAsBaAaBm@ue@mQ,"<div><strong>GORDON STREET</strong><br><span>Surface: sealed</span><br><span>Length: 0.16 km</span><br><span>Length rank: 1,297</span></div>"
road_3314264,path,3314264,sealed,CARLSON CRESCENT,0.1552435129866224,1298,25,#1464a5cc,#1464a5cc,@EAAcuilmIhj|agApC_@pCo@lBi@hBo@~\iT`CsAbCw@bCOdBHzBV`Cf@~W`G,"<div><strong>CARLSON CRESCENT</strong><br><span>Surface: sealed</span><br><span>Length: 0.16 km</span><br><span>Length rank: 1,298</span></div>"
road_3283070,path,3283070,sealed,JOLLY STREET,0.154971872310719,1299,25,#1464a5cc,#1464a5cc,@EAAifahmIpacagAbAbZHrCnA`k@`B`FhAlB,"<div><strong>JOLLY STREET</strong><br><span>Surface: sealed</span><br><span>Length: 0.15 km</span><br><span>Length rank: 1,299</span></div>"
road_6064581,path,6064581,sealed,,0.1547246961185376,1300,25,#1464a5cc,#1464a5cc,@EAAgsudmI~qn~fAfGd@rDbBrBpCRrAPvAo@hD}BlCwD|AwE\uEe@sDcBuBsCU_BOiAn@iD|BoCxD{AdD],"<div><strong>Road 6064581</strong><br><span>Surface: sealed</span><br><span>Length: 0.15 km</span><br><span>Length rank: 1,300</span></div>"
road_3314437,path,3314437,sealed,BUCKINGHAM PLACE,0.1543374325892763,1301,25,#1464a5cc,#1464a5cc,@EAA{jghmIzuy}fAmM~[eCrFmAtFSzBKl]IbD,"<div><strong>BUCKINGHAM PLACE</strong><br><span>Surface: sealed</span><br><span>Length: 0.15 km</span><br><span>Length rank: 1,301</span></div>"
road_3314138,path,3314138,sealed,CAESAR ROOSE DRIVE,0.1542857759736806,1302,25,#1464a5cc,#1464a5cc,@EAAkxiimItescgAsUbFqEhAqD~AkQrIgClA}FnAia@nC,"<div><strong>CAESAR ROOSE DRIVE</strong><br><span>Surface: sealed</span><br><span>Length: 0.15 km</span><br><span>Length rank: 1,302</span></div>"
road_3283433,path,3283433,sealed,GRASMERE COURT,0.1537436304573658,1303,25,#1464a5cc,#1464a5cc,@EAA}ppimIfvd~fAjDkMhDqHlIsVzDoFpGwGbHcG`CeC,"<div><strong>GRASMERE COURT</strong><br><span>Surface: sealed</span><br><span>Length: 0.15 km</span><br><span>Length rank: 1,303</span></div>"
road_3314296,path,3314296,sealed,SALISBURY PLACE,0.1536575582592224,1304,25,#1464a5cc,#1464a5cc,@EAAyr`kmIhh_agAp@uX_BuG{BwBaFeAer@qC,"<div><strong>SALISBURY PLACE</strong><br><span>Surface: sealed</span><br><span>Length: 0.15 km</span><br><span>Length rank: 1,304</span></div>"
road_3314025,path,3314025,sealed,FIONA PLACE,0.1534747763030009,1305,25,#1464a5cc,#1464a5cc,@EAAqwvfmIhc`bgAbC`c@bHtp@,"<div><strong>FIONA PLACE</strong><br><span>Surface: sealed</span><br><span>Length: 0.15 km</span><br><span>Length rank: 1,305</span></div>"
road_3314644,path,3314644,sealed,COWEN PLACE,0.1534747042652282,1306,25,#1464a5cc,#1464a5cc,@EAAkzijmIfgq_gAym@kMkDWuC`@sA`AqBnCqLb[,"<div><strong>COWEN PLACE</strong><br><span>Surface: sealed</span><br><span>Length: 0.15 km</span><br><span>Length rank: 1,306</span></div>"
road_3283267,path,3283267,sealed,CHANAN PLACE,0.1534099334540622,1307,25,#1464a5cc,#1464a5cc,@EAA}yxemIby{}fArFdGlFxDrPvFtLdDrUpFdRxDtCr@,"<div><strong>CHANAN PLACE</strong><br><span>Surface: sealed</span><br><span>Length: 0.15 km</span><br><span>Length rank: 1,307</span></div>"
road_3314076,path,3314076,sealed,SIMON PLACE,0.1528034186704438,1308,25,#1464a5cc,#1464a5cc,@EAAesegmIdz}`gAa|@ov@iDcBsGw@,"<div><strong>SIMON PLACE</strong><br><span>Surface: sealed</span><br><span>Length: 0.15 km</span><br><span>Length rank: 1,308</span></div>"
road_3314031,path,3314031,sealed,IRENE CRESCENT,0.1527347199151056,1309,25,#1464a5cc,#1464a5cc,@EAAynegmIjnkagADrH~A~IzBrCjCjBdC`A~Cx@li@tFfIf@pCH,"<div><strong>IRENE CRESCENT</strong><br><span>Surface: sealed</span><br><span>Length: 0.15 km</span><br><span>Length rank: 1,309</span></div>"
road_3314319,path,3314319,sealed,HIGHBURY PLACE,0.1524210183944376,1310,25,#1464a5cc,#1464a5cc,@EAAsa|emI~|q`gAqEMwGwAiCeBsFaDaTkKaMkEgNcEiNqD,"<div><strong>HIGHBURY PLACE</strong><br><span>Surface: sealed</span><br><span>Length: 0.15 km</span><br><span>Length rank: 1,310</span></div>"
road_7742389,path,7742389,sealed,,0.1523536853534928,1311,25,#1464a5cc,#1464a5cc,@EAAkqrjmIdlicgAyDpBkA|@q@|@wAjDeAzA_B|A{CfBiWxQiZvS,"<div><strong>Road 7742389</strong><br><span>Surface: sealed</span><br><span>Length: 0.15 km</span><br><span>Length rank: 1,311</span></div>"
road_3283365,path,3283365,sealed,CHELSEA PLACE,0.1521230649973042,1312,25,#1464a5cc,#1464a5cc,@EAAqqthmIdar_gA~@}@~l@eo@|AgBnCkC`@uAG_AeA_G,"<div><strong>CHELSEA PLACE</strong><br><span>Surface: sealed</span><br><span>Length: 0.15 km</span><br><span>Length rank: 1,312</span></div>"
road_3314323,path,3314323,sealed,REUBEN PLACE,0.1518681953284957,1313,25,#1464a5cc,#1464a5cc,@EAAaemfmIbil`gAeKvFoJpFaJxFaEfEmA|CkAfG@lF|@pE~C`L,"<div><strong>REUBEN PLACE</strong><br><span>Surface: sealed</span><br><span>Length: 0.15 km</span><br><span>Length rank: 1,313</span></div>"
road_7742857,path,7742857,metalled,ONUKUTARA PLACE,0.1512120308073048,1314,25,#bb7f22cc,#bb7f22cc,@EAA}tiimIjuj}fArHlV|BlEnA|@`ERzPoCtERpE`ApEjDbDtJ,"<div><strong>ONUKUTARA PLACE</strong><br><span>Surface: metalled</span><br><span>Length: 0.15 km</span><br><span>Length rank: 1,314</span></div>"
road_3314372,path,3314372,sealed,CHARTWELL CRESCENT,0.1511957092944781,1315,25,#1464a5cc,#1464a5cc,@EAA{{phmIjax_gAxAdWZlBpAdAtAt@~a@|FzU`DtC`@,"<div><strong>CHARTWELL CRESCENT</strong><br><span>Surface: sealed</span><br><span>Length: 0.15 km</span><br><span>Length rank: 1,315</span></div>"
road_3314344,path,3314344,sealed,LONGRUN LANE,0.151079714424448,1316,25,#1464a5cc,#1464a5cc,@EAAs}{fmIbtr_gAwrAat@,"<div><strong>LONGRUN LANE</strong><br><span>Surface: sealed</span><br><span>Length: 0.15 km</span><br><span>Length rank: 1,316</span></div>"
road_3314272,path,3314272,sealed,FORSTER AVENUE,0.1508444946226749,1317,25,#1464a5cc,#1464a5cc,@EAAa{gkmItjbbgAlCZhF?`|AsN,"<div><strong>FORSTER AVENUE</strong><br><span>Surface: sealed</span><br><span>Length: 0.15 km</span><br><span>Length rank: 1,317</span></div>"
road_3314188,path,3314188,sealed,NORMA PLACE,0.1501769323846551,1318,25,#1464a5cc,#1464a5cc,@EAAm}|kmIvzlbgAvRvHhOvFzA^|C\vC@~BQhBg@bBw@lBmAxLsIpAqA`AsAn@sAp@eB,"<div><strong>NORMA PLACE</strong><br><span>Surface: sealed</span><br><span>Length: 0.15 km</span><br><span>Length rank: 1,318</span></div>"
road_3314063,path,3314063,sealed,ARAWA STREET,0.1500047926452965,1319,25,#1464a5cc,#1464a5cc,@EAAsirgmIlwpagAc_@fHqE`BuBdCs[dg@,"<div><strong>ARAWA STREET</strong><br><span>Surface: sealed</span><br><span>Length: 0.15 km</span><br><span>Length rank: 1,319</span></div>"
road_3314899,path,3314899,sealed,CHADWICK PLACE,0.1499711446451398,1320,25,#1464a5cc,#1464a5cc,@EAA_rfhmIh`g}fAtGG|CPbDZzE`A|@f@xA~@r@r@v@rA|AxC`ApDPbAEtDqAdFeL~W,"<div><strong>CHADWICK PLACE</strong><br><span>Surface: sealed</span><br><span>Length: 0.15 km</span><br><span>Length rank: 1,320</span></div>"
road_3313958,path,3313958,sealed,JEFFERSON HEIGHTS,0.1499094077699518,1321,25,#1464a5cc,#1464a5cc,@EAA}pcfmIh~vagAcU~@{Mr@kIpA_VvGyZvL,"<div><strong>JEFFERSON HEIGHTS</strong><br><span>Surface: sealed</span><br><span>Length: 0.15 km</span><br><span>Length rank: 1,321</span></div>"
road_7742877,path,7742877,sealed,PAIAKA PLACE,0.1498824981469724,1322,25,#1464a5cc,#1464a5cc,@EAAgmehmIthx|fA}f@emA,"<div><strong>PAIAKA PLACE</strong><br><span>Surface: sealed</span><br><span>Length: 0.15 km</span><br><span>Length rank: 1,322</span></div>"
road_3314740,path,3314740,sealed,COTSWOLD LANE,0.1492374814551768,1323,25,#1464a5cc,#1464a5cc,@EAAofiimIdyi~fAaKwA_LwB}EcAcD_AiC_BkF{EsMoN{LiO,"<div><strong>COTSWOLD LANE</strong><br><span>Surface: sealed</span><br><span>Length: 0.15 km</span><br><span>Length rank: 1,323</span></div>"
road_3314137,path,3314137,sealed,REYNOLDS DRIVE,0.1492204868735844,1324,25,#1464a5cc,#1464a5cc,@EAAsenimIt~tcgAaL|CiFzAaGlB{QrG}W`HqDpBqEnC{AzE,"<div><strong>REYNOLDS DRIVE</strong><br><span>Surface: sealed</span><br><span>Length: 0.15 km</span><br><span>Length rank: 1,324</span></div>"
road_3314424,path,3314424,sealed,NIKAU PLACE,0.1492017624653606,1325,25,#1464a5cc,#1464a5cc,@EAAwdggmIxht~fAlPrGnDdAlCXfhAvI,"<div><strong>NIKAU PLACE</strong><br><span>Surface: sealed</span><br><span>Length: 0.15 km</span><br><span>Length rank: 1,325</span></div>"
road_8329746,path,8329746,sealed,FABER PLACE,0.1488269469320589,1326,25,#1464a5cc,#1464a5cc,@EAAutyhmI|ci}fAq}Abd@,"<div><strong>FABER PLACE</strong><br><span>Surface: sealed</span><br><span>Length: 0.15 km</span><br><span>Length rank: 1,326</span></div>"
road_3314439,path,3314439,sealed,GREENOUGH PLACE,0.1485819191605427,1327,25,#1464a5cc,#1464a5cc,@EAAwikhmIxl}}fAqH}@_FM_EnA{@|AwEjN_ApCmBnDyHpJoFdI{B`G,"<div><strong>GREENOUGH PLACE</strong><br><span>Surface: sealed</span><br><span>Length: 0.15 km</span><br><span>Length rank: 1,327</span></div>"
road_3283020,path,3283020,sealed,EDWARD STREET,0.1484980521995124,1328,25,#1464a5cc,#1464a5cc,@EAAqzwemI`fz`gA_GmCwC}BcCoBuAoBo@gBIsA@aCTcDt@wFdAwFvAaElBcFbDmHjC_D,"<div><strong>EDWARD STREET</strong><br><span>Surface: sealed</span><br><span>Length: 0.15 km</span><br><span>Length rank: 1,328</span></div>"
road_3314464,path,3314464,sealed,RIVER ELM,0.1481993926157199,1329,25,#1464a5cc,#1464a5cc,@EAA}`rgmI~mk~fA?lBApAA|AV`Bl@xAdA~A|At@dAHbCPjBJ|@Xt`@jYhD~DhDhE,"<div><strong>RIVER ELM</strong><br><span>Surface: sealed</span><br><span>Length: 0.15 km</span><br><span>Length rank: 1,329</span></div>"
road_7742810,path,7742810,sealed,MANA DRIVE,0.1481743576350601,1330,25,#1464a5cc,#1464a5cc,@EAAuh|emI~xy_gAsLhNqMtJon@`],"<div><strong>MANA DRIVE</strong><br><span>Surface: sealed</span><br><span>Length: 0.15 km</span><br><span>Length rank: 1,330</span></div>"
road_6082274,path,6082274,sealed,TEAFIELDS COURT,0.1479168789167279,1331,25,#1464a5cc,#1464a5cc,@EAAwhjimI|hn}fA{GeKwEqFwFkGiF}FoDeEu@cBqAwDgDiKkBiH,"<div><strong>TEAFIELDS COURT</strong><br><span>Surface: sealed</span><br><span>Length: 0.15 km</span><br><span>Length rank: 1,331</span></div>"
road_7742808,path,7742808,sealed,WHANAU AVENUE,0.1472080845386757,1332,25,#1464a5cc,#1464a5cc,@EAAgvzemIrx{_gAyHpBqGnA}JZyQ[kJZcJhBwKjEmIxG,"<div><strong>WHANAU AVENUE</strong><br><span>Surface: sealed</span><br><span>Length: 0.15 km</span><br><span>Length rank: 1,332</span></div>"
road_3283328,path,3283328,sealed,RONALD COURT,0.1471861808321683,1333,25,#1464a5cc,#1464a5cc,@EAAmwsfmIvwl~fAqSfpA,"<div><strong>RONALD COURT</strong><br><span>Surface: sealed</span><br><span>Length: 0.15 km</span><br><span>Length rank: 1,333</span></div>"
road_3283447,path,3283447,sealed,BISHOPSWORTH WAY,0.1471833845246855,1334,25,#1464a5cc,#1464a5cc,@EAA_vtimI~oz}fAcB_QWmAeC}FgAkDUuAEsALqDwAqOBkDh@kDjBcDxA{A,"<div><strong>BISHOPSWORTH WAY</strong><br><span>Surface: sealed</span><br><span>Length: 0.15 km</span><br><span>Length rank: 1,334</span></div>"
road_3314639,path,3314639,sealed,SUSSEX STREET,0.1471428595746785,1335,25,#1464a5cc,#1464a5cc,@EAAigwimIlij_gApCuFjA_Cp@uBr@uE~@iKJgMeAoFeCoCeDiCqL{F,"<div><strong>SUSSEX STREET</strong><br><span>Surface: sealed</span><br><span>Length: 0.15 km</span><br><span>Length rank: 1,335</span></div>"
road_3314078,path,3314078,sealed,TUI AVENUE,0.1466581712417427,1336,25,#1464a5cc,#1464a5cc,@EAAu}ngmI`cy`gAhCu@`CMxA`@jQfPrXtWvAtAlC`BvB?hAg@dC}B,"<div><strong>TUI AVENUE</strong><br><span>Surface: sealed</span><br><span>Length: 0.15 km</span><br><span>Length rank: 1,336</span></div>"
road_3314341,path,3314341,sealed,MINCHIN CRESCENT,0.1466193489592406,1337,25,#1464a5cc,#1464a5cc,@EAAiqbhmIrgs_gAvLrAxI~AtC~@xBhAx[pW`GhElB`AxCj@`D^,"<div><strong>MINCHIN CRESCENT</strong><br><span>Surface: sealed</span><br><span>Length: 0.15 km</span><br><span>Length rank: 1,337</span></div>"
road_8115832,path,8115832,unmetalled,,0.1465659904285864,1338,25,#734a12cc,#734a12cc,@EAA{djlmI`}j`gAxGaLdFsHrAqB|FuInGkJRYvOcU,"<div><strong>Road 8115832</strong><br><span>Surface: unmetalled</span><br><span>Length: 0.15 km</span><br><span>Length rank: 1,338</span></div>"
road_3314121,path,3314121,sealed,CAMELLIA PLACE,0.1464699151967043,1339,25,#1464a5cc,#1464a5cc,@EAAi~|hmIdsmbgAlXaTnr@}JnDG~FV,"<div><strong>CAMELLIA PLACE</strong><br><span>Surface: sealed</span><br><span>Length: 0.15 km</span><br><span>Length rank: 1,339</span></div>"
road_3283183,path,3283183,sealed,RIGTER PLACE,0.1460636628392592,1340,25,#1464a5cc,#1464a5cc,@EAA_dpjmI~aw`gAjPuAdFeAdEkBrBqEb@iC\yCd@mBbAgCdBaCfBsB~H{S,"<div><strong>RIGTER PLACE</strong><br><span>Surface: sealed</span><br><span>Length: 0.15 km</span><br><span>Length rank: 1,340</span></div>"
road_3314601,path,3314601,sealed,TRAMWAY ROAD,0.1458587027488253,1341,25,#1464a5cc,#1464a5cc,@EAAk|rjmIpmq`gAQap@[oCWs@{@i@{Dg@wAs@k@}@E_B`@_D~AoE,"<div><strong>TRAMWAY ROAD</strong><br><span>Surface: sealed</span><br><span>Length: 0.15 km</span><br><span>Length rank: 1,341</span></div>"
road_3283414,path,3283414,sealed,FLORA WAY,0.1458371156066187,1342,25,#1464a5cc,#1464a5cc,@EAAoeuhmIdtd~fAfXdEhIh@hHa@bl@wZ,"<div><strong>FLORA WAY</strong><br><span>Surface: sealed</span><br><span>Length: 0.15 km</span><br><span>Length rank: 1,342</span></div>"
road_3313945,path,3313945,sealed,GRASSLANDS PLACE,0.1456266718170256,1343,25,#1464a5cc,#1464a5cc,@EAA}`ahmItslbgAyaBzV,"<div><strong>GRASSLANDS PLACE</strong><br><span>Surface: sealed</span><br><span>Length: 0.15 km</span><br><span>Length rank: 1,343</span></div>"
road_3314511,path,3314511,sealed,WINCHESTER PLACE,0.145576149121282,1344,25,#1464a5cc,#1464a5cc,@EAAoq`hmIvqn}fAsAhBsJfLaUjUqDrFcFdJgCrJ,"<div><strong>WINCHESTER PLACE</strong><br><span>Surface: sealed</span><br><span>Length: 0.15 km</span><br><span>Length rank: 1,344</span></div>"
road_3314126,path,3314126,sealed,VIVIAN STREET,0.1452052998152002,1345,25,#1464a5cc,#1464a5cc,@EAAe~`imIzr|bgAcbA~|@,"<div><strong>VIVIAN STREET</strong><br><span>Surface: sealed</span><br><span>Length: 0.15 km</span><br><span>Length rank: 1,345</span></div>"
road_3283401,path,3283401,sealed,MARTIN STREET,0.1449864716061973,1346,25,#1464a5cc,#1464a5cc,@EAAgfthmIdn~_gAiGo@myAcT,"<div><strong>MARTIN STREET</strong><br><span>Surface: sealed</span><br><span>Length: 0.14 km</span><br><span>Length rank: 1,346</span></div>"
road_3314141,path,3314141,sealed,MABIAN CRESCENT,0.1448968250124435,1347,25,#1464a5cc,#1464a5cc,@EAAitcimIttgcgAco@_IaE_@oC`@yBtCcAvPfA|H,"<div><strong>MABIAN CRESCENT</strong><br><span>Surface: sealed</span><br><span>Length: 0.14 km</span><br><span>Length rank: 1,347</span></div>"
road_3314427,path,3314427,sealed,TANEKAHA PLACE,0.1448828870737151,1348,25,#1464a5cc,#1464a5cc,@EAAmx_gmIvhm~fAtItSDtJgB~Em[b`@,"<div><strong>TANEKAHA PLACE</strong><br><span>Surface: sealed</span><br><span>Length: 0.14 km</span><br><span>Length rank: 1,348</span></div>"
road_3283370,path,3283370,sealed,MONCRIEFF AVENUE,0.144602691788725,1349,25,#1464a5cc,#1464a5cc,@EAAqonimIlbo`gAjGnAr|@vMzCTvD_@jDk@vJ_C,"<div><strong>MONCRIEFF AVENUE</strong><br><span>Surface: sealed</span><br><span>Length: 0.14 km</span><br><span>Length rank: 1,349</span></div>"
road_3314461,path,3314461,sealed,GRASSY DOWNS PLACE,0.1444403235057889,1350,25,#1464a5cc,#1464a5cc,@EAAgnngmItw|~fAkgA_CsEZwCl@uJxDmB`A,"<div><strong>GRASSY DOWNS PLACE</strong><br><span>Surface: sealed</span><br><span>Length: 0.14 km</span><br><span>Length rank: 1,350</span></div>"
road_3314446,path,3314446,sealed,SEQUOIA PLACE,0.1442119314939687,1351,25,#1464a5cc,#1464a5cc,@EAA}sqfmInpu~fAh]nCfHk@vGmBzC{BxBgBhBaFpIoU,"<div><strong>SEQUOIA PLACE</strong><br><span>Surface: sealed</span><br><span>Length: 0.14 km</span><br><span>Length rank: 1,351</span></div>"
road_3314603,path,3314603,sealed,AMETHYST PLACE,0.1440808166879833,1352,25,#1464a5cc,#1464a5cc,@EAAwe`imI~ro_gAhCf@zq@vJd\`DbMhB,"<div><strong>AMETHYST PLACE</strong><br><span>Surface: sealed</span><br><span>Length: 0.14 km</span><br><span>Length rank: 1,352</span></div>"
road_3283196,path,3283196,sealed,COTEBROOKE LANE,0.1439228211781612,1353,25,#1464a5cc,#1464a5cc,@EAAkfglmItp`bgA{EjAiDn@wDPgDKmRmC_SeD{NaCcRoC,"<div><strong>COTEBROOKE LANE</strong><br><span>Surface: sealed</span><br><span>Length: 0.14 km</span><br><span>Length rank: 1,353</span></div>"
road_3314647,path,3314647,sealed,STELLA PLACE,0.1438651729631604,1354,25,#1464a5cc,#1464a5cc,@EAAmj~imI`si_gAs@kJeEiGyEkDsFkB{HiBqHm@{IsAgC}BaAuB[cC`@sE,"<div><strong>STELLA PLACE</strong><br><span>Surface: sealed</span><br><span>Length: 0.14 km</span><br><span>Length rank: 1,354</span></div>"
road_6064568,path,6064568,sealed,COBHAM DRIVE,0.1437362915799914,1355,25,#1464a5cc,#1464a5cc,@EAAstxjmIvjgbgAVcDp@cAr@eA~CcBB?~Di@jERnDlA|B~Bt@zCW~CeBlC_DbBcEh@iESqDoA}B}Bu@{C,"<div><strong>COBHAM DRIVE</strong><br><span>Surface: sealed</span><br><span>Length: 0.14 km</span><br><span>Length rank: 1,355</span></div>"
road_3314043,path,3314043,sealed,ESMAE PLACE,0.1437176343097568,1356,25,#1464a5cc,#1464a5cc,@EAAczufmIbnsagA}ErCyJhC{kAfP,"<div><strong>ESMAE PLACE</strong><br><span>Surface: sealed</span><br><span>Length: 0.14 km</span><br><span>Length rank: 1,356</span></div>"
road_8328191,path,8328191,sealed,TURAKINA RISE,0.1435856394830568,1357,25,#1464a5cc,#1464a5cc,@EAAcozgmIvyl}fAPmh@_CwRgEqNaAqA,"<div><strong>TURAKINA RISE</strong><br><span>Surface: sealed</span><br><span>Length: 0.14 km</span><br><span>Length rank: 1,357</span></div>"
road_3314737,path,3314737,sealed,BRIAR ROSE COURT,0.143528221123402,1358,25,#1464a5cc,#1464a5cc,@EAAituimIblk~fAaFgAiHyAaE{@eCo@gCaAyAeAu@uAc@kAQuAMyCAwA`EsQ`D}GnBmD,"<div><strong>BRIAR ROSE COURT</strong><br><span>Surface: sealed</span><br><span>Length: 0.14 km</span><br><span>Length rank: 1,358</span></div>"
road_3314482,path,3314482,sealed,KEMBLE PLACE,0.1435237381483591,1359,25,#1464a5cc,#1464a5cc,@EAAcxhgmI~sv}fAgHxOe@vCFfBbAfAjBhAdFbC~FzD|BvBtDjGr@pCNzCKfG,"<div><strong>KEMBLE PLACE</strong><br><span>Surface: sealed</span><br><span>Length: 0.14 km</span><br><span>Length rank: 1,359</span></div>"
road_3283262,path,3283262,sealed,GUDEX COURT,0.1434909161723139,1360,25,#1464a5cc,#1464a5cc,@EAAa{ngmIfej_gA}HjI}IvKmKpL_StQ_G~G,"<div><strong>GUDEX COURT</strong><br><span>Surface: sealed</span><br><span>Length: 0.14 km</span><br><span>Length rank: 1,360</span></div>"
road_3314030,path,3314030,sealed,JOFFRE STREET,0.1432559162559201,1361,25,#1464a5cc,#1464a5cc,@EAA_hohmI`zwagAsQk[qK{QeOcW,"<div><strong>JOFFRE STREET</strong><br><span>Surface: sealed</span><br><span>Length: 0.14 km</span><br><span>Length rank: 1,361</span></div>"
road_3314364,path,3314364,sealed,KINGSLEY STREET,0.1430885546944347,1362,25,#1464a5cc,#1464a5cc,@EAAee~gmIdnx_gAzCy@rDoBxx@st@,"<div><strong>KINGSLEY STREET</strong><br><span>Surface: sealed</span><br><span>Length: 0.14 km</span><br><span>Length rank: 1,362</span></div>"
road_3314267,path,3314267,sealed,THISTLEWOOD AVENUE,0.1428932752902057,1363,25,#1464a5cc,#1464a5cc,@EAAmb|jmIf~aagAjGuMzB}I|C_K|@iCpFmKXwCJeP,"<div><strong>THISTLEWOOD AVENUE</strong><br><span>Surface: sealed</span><br><span>Length: 0.14 km</span><br><span>Length rank: 1,363</span></div>"
road_3314045,path,3314045,sealed,COLQUHOUN PLACE,0.1428791789047012,1364,25,#1464a5cc,#1464a5cc,@EAAc{ufmIfwnagAl^_p@pKkV,"<div><strong>COLQUHOUN PLACE</strong><br><span>Surface: sealed</span><br><span>Length: 0.14 km</span><br><span>Length rank: 1,364</span></div>"
road_3314488,path,3314488,sealed,CHATSWOOD PLACE,0.1425796099541124,1365,25,#1464a5cc,#1464a5cc,@EAAqcmhmIbg_~fA}@xImAdJDzHn@rD~A~D|DbEzKlHnLjH,"<div><strong>CHATSWOOD PLACE</strong><br><span>Surface: sealed</span><br><span>Length: 0.14 km</span><br><span>Length rank: 1,365</span></div>"
road_3314489,path,3314489,sealed,BLAIRGOWRIE PLACE,0.1425550730416305,1366,25,#1464a5cc,#1464a5cc,@EAAo}ghmInzz}fAhIJtKx@vIx@dVdA`FEjBe@~@u@bBkBdAcDrA}L,"<div><strong>BLAIRGOWRIE PLACE</strong><br><span>Surface: sealed</span><br><span>Length: 0.14 km</span><br><span>Length rank: 1,366</span></div>"
road_3283122,path,3283122,sealed,PAMELA PLACE,0.1424783417117636,1367,25,#1464a5cc,#1464a5cc,@EAAy~}hmI|gpcgAoz@k\eFiB}GeAeL_A,"<div><strong>PAMELA PLACE</strong><br><span>Surface: sealed</span><br><span>Length: 0.14 km</span><br><span>Length rank: 1,367</span></div>"
road_3313985,path,3313985,sealed,DAVID STREET,0.1423167352625919,1368,25,#1464a5cc,#1464a5cc,@EAA{olfmIf~eagAgrAjl@,"<div><strong>DAVID STREET</strong><br><span>Surface: sealed</span><br><span>Length: 0.14 km</span><br><span>Length rank: 1,368</span></div>"
road_3314490,path,3314490,sealed,FENCOURT PLACE,0.1421947573224135,1369,25,#1464a5cc,#1464a5cc,@EAAo}ghmInzz}fA}HqA}ZeC{Dw@aB{@_ByAg@}AAoBn@yDzLkU,"<div><strong>FENCOURT PLACE</strong><br><span>Surface: sealed</span><br><span>Length: 0.14 km</span><br><span>Length rank: 1,369</span></div>"
road_3314234,path,3314234,sealed,GILLETT LANE,0.1421775652366861,1370,25,#1464a5cc,#1464a5cc,@EAAkaqjmIpnt`gAi^bkA,"<div><strong>GILLETT LANE</strong><br><span>Surface: sealed</span><br><span>Length: 0.14 km</span><br><span>Length rank: 1,370</span></div>"
road_3283374,path,3283374,sealed,JOHN STREET,0.141934686427728,1371,25,#1464a5cc,#1464a5cc,@EAAkekjmI~pk`gArA}Ajr@o_A,"<div><strong>JOHN STREET</strong><br><span>Surface: sealed</span><br><span>Length: 0.14 km</span><br><span>Length rank: 1,371</span></div>"
road_3314682,path,3314682,sealed,ROGERS PLACE,0.1418759193843745,1372,25,#1464a5cc,#1464a5cc,@EAAguxjmIzmq_gA_KjWq@`HnA~GrQb_@,"<div><strong>ROGERS PLACE</strong><br><span>Surface: sealed</span><br><span>Length: 0.14 km</span><br><span>Length rank: 1,372</span></div>"
road_6064541,path,6064541,sealed,VANQUISH PLACE,0.1418260514868347,1373,25,#1464a5cc,#1464a5cc,@EAA{y`gmItm|}fAiMW_Kd@wSdAcMz@gEt@mBrAc@t@_EjR,"<div><strong>VANQUISH PLACE</strong><br><span>Surface: sealed</span><br><span>Length: 0.14 km</span><br><span>Length rank: 1,373</span></div>"
road_6064559,path,6064559,sealed,JACK RISE,0.1412681696225962,1374,25,#1464a5cc,#1464a5cc,@EAA_jzemIv_t`gAtHMbDS`ASv@i@v@eBJwBh@}J^wCfA}C|A{B~@mCTgDfCyExGsI,"<div><strong>JACK RISE</strong><br><span>Surface: sealed</span><br><span>Length: 0.14 km</span><br><span>Length rank: 1,374</span></div>"
road_8115830,path,8115830,sealed,,0.141210240141476,1375,25,#1464a5cc,#1464a5cc,@EAAy}nlmI~ix`gA`CpAvDn@~DAvCeAvBiBpAmCDeCo@kCyByBuEqAcFEkDn@qCvBo@pAc@bB?hBr@tB~AbB,"<div><strong>Road 8115830</strong><br><span>Surface: sealed</span><br><span>Length: 0.14 km</span><br><span>Length rank: 1,375</span></div>"
road_3283310,path,3283310,sealed,GILBERT COURT,0.1411775294833202,1376,25,#1464a5cc,#1464a5cc,@EAAyejhmIp|d~fA_BnBwCbE}CfJ[zFzHrf@HdC@rB,"<div><strong>GILBERT COURT</strong><br><span>Surface: sealed</span><br><span>Length: 0.14 km</span><br><span>Length rank: 1,376</span></div>"
road_3314649,path,3314649,sealed,COLMAN STREET,0.1410631320388854,1377,25,#1464a5cc,#1464a5cc,@EAAmashmIrdb_gAneAdQpWnE,"<div><strong>COLMAN STREET</strong><br><span>Surface: sealed</span><br><span>Length: 0.14 km</span><br><span>Length rank: 1,377</span></div>"
road_7742863,path,7742863,sealed,,0.1407855361604871,1378,25,#1464a5cc,#1464a5cc,@EAAku}dmIttu|fAjEwSBiD_HvCyEj@{CCmE_@yPcBqH[oBtE,"<div><strong>Road 7742863</strong><br><span>Surface: sealed</span><br><span>Length: 0.14 km</span><br><span>Length rank: 1,378</span></div>"
road_7742788,path,7742788,sealed,CHARLOTTE CRESCENT,0.1406383982095658,1379,25,#1464a5cc,#1464a5cc,@EAA_jrgmIlwfbgAwDwC}@oAmBgE}G{NiKeUOk@qAyEkBqH]uA,"<div><strong>CHARLOTTE CRESCENT</strong><br><span>Surface: sealed</span><br><span>Length: 0.14 km</span><br><span>Length rank: 1,379</span></div>"
road_3314891,path,3314891,sealed,TE RAPA ROAD,0.1404615622858656,1380,25,#1464a5cc,#1464a5cc,@EAAsd}dmIruv|fAzAd@tAp@`AdAt@fA^lA@vAKpAUn@ADWr@i@l@iA|@uAl@aB`@gBLiBAeBQ_Bc@sAs@eA_Aq@iA]oAIsAFi@@KFw@^s@t@gAdA_AxAk@`Ba@fBMlBAfBN,"<div><strong>TE RAPA ROAD</strong><br><span>Surface: sealed</span><br><span>Length: 0.14 km</span><br><span>Length rank: 1,380</span></div>"
road_3314442,path,3314442,sealed,SATCHMO PLACE,0.140441305569656,1381,25,#1464a5cc,#1464a5cc,@EAAqrlhmIxur}fA_Ego@_B_J_DyJ}BcE,"<div><strong>SATCHMO PLACE</strong><br><span>Surface: sealed</span><br><span>Length: 0.14 km</span><br><span>Length rank: 1,381</span></div>"
road_3283202,path,3283202,sealed,,0.140435359142982,1382,25,#1464a5cc,#1464a5cc,@EAAophkmI`vjagAj}AkX,"<div><strong>Road 3283202</strong><br><span>Surface: sealed</span><br><span>Length: 0.14 km</span><br><span>Length rank: 1,382</span></div>"
road_3314086,path,3314086,sealed,SLOPER AVENUE,0.1403132613776742,1383,25,#1464a5cc,#1464a5cc,@EAAoklhmIb}fagAsaAuy@,"<div><strong>SLOPER AVENUE</strong><br><span>Surface: sealed</span><br><span>Length: 0.14 km</span><br><span>Length rank: 1,383</span></div>"
road_3283257,path,3283257,sealed,CONSTANCE STREET,0.1402582259784582,1384,25,#1464a5cc,#1464a5cc,@EAAq~mhmIfcf_gAqGiAyTmE{g@qKeLmB}CH}Bt@,"<div><strong>CONSTANCE STREET</strong><br><span>Surface: sealed</span><br><span>Length: 0.14 km</span><br><span>Length rank: 1,384</span></div>"
road_3314745,path,3314745,sealed,MACCALLUM COURT,0.1399145023771318,1385,25,#1464a5cc,#1464a5cc,@EAAel~hmIzo}}fAxVoC|DCjEn@~PlHjDpDlAhC|EtR,"<div><strong>MACCALLUM COURT</strong><br><span>Surface: sealed</span><br><span>Length: 0.14 km</span><br><span>Length rank: 1,385</span></div>"
road_3314900,path,3314900,sealed,CHESHAM STREET,0.1398427872822318,1386,25,#1464a5cc,#1464a5cc,@EAAmighmI`lh}fAsFsDcJ}HcB}DQmBNyBr@yCzBeH\kAk@cAiB[mI_AqNiA,"<div><strong>CHESHAM STREET</strong><br><span>Surface: sealed</span><br><span>Length: 0.14 km</span><br><span>Length rank: 1,386</span></div>"
road_3314071,path,3314071,sealed,ISLINGTON STREET,0.1398326056456332,1387,25,#1464a5cc,#1464a5cc,@EAAo}rhmI|}pagAjsAmh@,"<div><strong>ISLINGTON STREET</strong><br><span>Surface: sealed</span><br><span>Length: 0.14 km</span><br><span>Length rank: 1,387</span></div>"
road_3314450,path,3314450,sealed,MOVERLEY PLACE,0.1398010115705154,1388,25,#1464a5cc,#1464a5cc,@EAA{qofmIf`h~fAtOnG`GtClBdAnBpB`BvDvAfG|EzLxFdO,"<div><strong>MOVERLEY PLACE</strong><br><span>Surface: sealed</span><br><span>Length: 0.14 km</span><br><span>Length rank: 1,388</span></div>"
road_3314703,path,3314703,sealed,STRATFORD PLACE,0.1397487668004877,1389,25,#1464a5cc,#1464a5cc,@EAAkwjimIdpe~fAwDnH_BdCoDvE_AdBwAxD]bCg@~CSbBOlBGv@Ht@J`APt@\p@\p@`@p@^p@d@l@f@n@l@l@|@fAzDpD,"<div><strong>STRATFORD PLACE</strong><br><span>Surface: sealed</span><br><span>Length: 0.14 km</span><br><span>Length rank: 1,389</span></div>"
road_3314892,path,3314892,sealed,TE RAPA ROAD,0.1394682447889965,1390,25,#1464a5cc,#1464a5cc,@EAAywzdmIh_o|fAdCAdBR~Ab@pAp@dA~@p@hA\nAFrAKpAc@nAu@fAgAz@wAn@_B^gBNiBAeBS_Bc@mBqAGEa@Ys@iA]oAGsALqA`@oAv@gAfA{@tAo@`B_@jAK,"<div><strong>TE RAPA ROAD</strong><br><span>Surface: sealed</span><br><span>Length: 0.14 km</span><br><span>Length rank: 1,390</span></div>"
road_3314542,path,3314542,sealed,WAIRERE DRIVE,0.1393040294015989,1391,25,#1464a5cc,#1464a5cc,@EAAglchmIptl~fAfB@fBP|Ab@rAr@bA|@r@hA\nAFrAE`@Gt@a@hAw@fAgAz@uAn@aB^gBNgBAgBS}Ac@sAq@cA_As@iA]oAGsALqA`@oAv@eAfA}@tAm@`Ba@fBM,"<div><strong>WAIRERE DRIVE</strong><br><span>Surface: sealed</span><br><span>Length: 0.14 km</span><br><span>Length rank: 1,391</span></div>"
road_3283041,path,3283041,sealed,PRIOR PLACE,0.1391337331668633,1392,25,#1464a5cc,#1464a5cc,@EAAairfmIvpaagAmd@pk@{@dCI~B`BdO,"<div><strong>PRIOR PLACE</strong><br><span>Surface: sealed</span><br><span>Length: 0.14 km</span><br><span>Length rank: 1,392</span></div>"
road_8328226,path,8328226,sealed,KOWARO STREET,0.1390902800758738,1393,25,#1464a5cc,#1464a5cc,@EAAmxohmInve}fAkTjE{Or@aOmAiXcGcMcC,"<div><strong>KOWARO STREET</strong><br><span>Surface: sealed</span><br><span>Length: 0.14 km</span><br><span>Length rank: 1,393</span></div>"
road_8328196,path,8328196,sealed,CHILMAN TERRACE,0.138800945768174,1394,25,#1464a5cc,#1464a5cc,@EAAo|mjmI~lk_gAmO|[}GvNaNpY,"<div><strong>CHILMAN TERRACE</strong><br><span>Surface: sealed</span><br><span>Length: 0.14 km</span><br><span>Length rank: 1,394</span></div>"
road_3314728,path,3314728,sealed,HAMPSTEAD WAY,0.1385072600643356,1395,25,#1464a5cc,#1464a5cc,@EAAyhuhmI~zy}fAqQvAgMn@gFVcDGkAe@wAiAy@oAg@uAPmDpAcH`E}M,"<div><strong>HAMPSTEAD WAY</strong><br><span>Surface: sealed</span><br><span>Length: 0.14 km</span><br><span>Length rank: 1,395</span></div>"
road_3314287,path,3314287,sealed,EAST RIDGE GROVE,0.1384368234041336,1396,25,#1464a5cc,#1464a5cc,@EAA{qqlmIb_vagAkPlIoE`CmGtD}CvBgKlIwT|Q,"<div><strong>EAST RIDGE GROVE</strong><br><span>Surface: sealed</span><br><span>Length: 0.14 km</span><br><span>Length rank: 1,396</span></div>"
road_3314212,path,3314212,sealed,MILL LANE,0.1384265954940556,1397,25,#1464a5cc,#1464a5cc,@EAAciyhmIlcx`gA}a@ky@yA}BgCkBwBuA,"<div><strong>MILL LANE</strong><br><span>Surface: sealed</span><br><span>Length: 0.14 km</span><br><span>Length rank: 1,397</span></div>"
road_3314286,path,3314286,sealed,PRYCE PLACE,0.1383003182702932,1398,25,#1464a5cc,#1464a5cc,@EAA}qflmIjcoagA~kAdo@,"<div><strong>PRYCE PLACE</strong><br><span>Surface: sealed</span><br><span>Length: 0.14 km</span><br><span>Length rank: 1,398</span></div>"
road_3283329,path,3283329,sealed,KOHEKOHE PLACE,0.1382938334458306,1399,25,#1464a5cc,#1464a5cc,@EAAqx|fmIpxn~fAiA{LtNs}@,"<div><strong>KOHEKOHE PLACE</strong><br><span>Surface: sealed</span><br><span>Length: 0.14 km</span><br><span>Length rank: 1,399</span></div>"
road_3313973,path,3313973,sealed,ANGUS STREET,0.1379866099731564,1400,25,#1464a5cc,#1464a5cc,@EAAab{emIdgcagAmTu]}W}[iDgE,"<div><strong>ANGUS STREET</strong><br><span>Surface: sealed</span><br><span>Length: 0.14 km</span><br><span>Length rank: 1,400</span></div>"
road_3314271,path,3314271,sealed,VISTA TERRACE,0.137895157179136,1401,25,#1464a5cc,#1464a5cc,@EAAw~ikmIxyebgAqBkEeBwCaBuBcn@ao@,"<div><strong>VISTA TERRACE</strong><br><span>Surface: sealed</span><br><span>Length: 0.14 km</span><br><span>Length rank: 1,401</span></div>"
road_3314702,path,3314702,sealed,ELLSWORTH PLACE,0.1378365939536076,1402,25,#1464a5cc,#1464a5cc,@EAA_z{imIxs{~fAiI{@}GsAqFk@kCDsBJ{Cb@yDbA_C`AwHpDaFlBcCt@{Cl@}Gr@gEN,"<div><strong>ELLSWORTH PLACE</strong><br><span>Surface: sealed</span><br><span>Length: 0.14 km</span><br><span>Length rank: 1,402</span></div>"
road_3314453,path,3314453,sealed,DURHAM HEIGHTS,0.1376036440357685,1403,25,#1464a5cc,#1464a5cc,@EAA{~ufmItw`~fAyFtAqM|BsFp@iJ?iHq@{DgBaCsBuAwBiAwCmGaMCC,"<div><strong>DURHAM HEIGHTS</strong><br><span>Surface: sealed</span><br><span>Length: 0.14 km</span><br><span>Length rank: 1,403</span></div>"
road_3314035,path,3314035,sealed,MASSEY STREET,0.1374184276739257,1404,25,#1464a5cc,#1464a5cc,@EAAiwbhmI~tlagAhEuBbBc@hDEvCf@`HfCf]`PjJpExJdE,"<div><strong>MASSEY STREET</strong><br><span>Surface: sealed</span><br><span>Length: 0.14 km</span><br><span>Length rank: 1,404</span></div>"
road_7742803,path,7742803,sealed,,0.1373471710864787,1405,25,#1464a5cc,#1464a5cc,@EAAsl|imIn|t`gA}K}BuEq@yE^eL|Bsf@`O{H~B,"<div><strong>Road 7742803</strong><br><span>Surface: sealed</span><br><span>Length: 0.14 km</span><br><span>Length rank: 1,405</span></div>"
road_3314148,path,3314148,sealed,KEITHA PLACE,0.1373369861684413,1406,25,#1464a5cc,#1464a5cc,@EAAmu_jmI`d`cgAkA_g@gAyEaCyC_GkD{Q_E,"<div><strong>KEITHA PLACE</strong><br><span>Surface: sealed</span><br><span>Length: 0.14 km</span><br><span>Length rank: 1,406</span></div>"
road_3283102,path,3283102,sealed,SILKWOOD LANE,0.1371779300661287,1407,25,#1464a5cc,#1464a5cc,@EAAexzhmIhxubgAfh@su@`@iAp@oBXkF,"<div><strong>SILKWOOD LANE</strong><br><span>Surface: sealed</span><br><span>Length: 0.14 km</span><br><span>Length rank: 1,407</span></div>"
road_3283375,path,3283375,sealed,SANDRINGHAM ROAD,0.1370672084657743,1408,25,#1464a5cc,#1464a5cc,@EAA}eojmIrgm`gAq{@}R_J}AuGyA}HcB,"<div><strong>SANDRINGHAM ROAD</strong><br><span>Surface: sealed</span><br><span>Length: 0.14 km</span><br><span>Length rank: 1,408</span></div>"
road_3313991,path,3313991,sealed,CAULFIELD PLACE,0.1370274109492631,1409,25,#1464a5cc,#1464a5cc,@EAAumjfmIboy`gAhA~@xB~EhAfCZv@nEzE`CnBdJ`IrEdD|FzDpFxBxE~@pDl@,"<div><strong>CAULFIELD PLACE</strong><br><span>Surface: sealed</span><br><span>Length: 0.14 km</span><br><span>Length rank: 1,409</span></div>"
road_3313964,path,3313964,sealed,SINEAD COURT,0.1368339154482325,1410,25,#1464a5cc,#1464a5cc,@EAA_pyemIpyw`gA_@yGO_Da@cEm@sDcBmEe@uBOoASeFc@{I[iHf@_GPmA,"<div><strong>SINEAD COURT</strong><br><span>Surface: sealed</span><br><span>Length: 0.14 km</span><br><span>Length rank: 1,410</span></div>"
road_3283507,path,3283507,sealed,LIMBER HILL,0.1365889052876974,1411,25,#1464a5cc,#1464a5cc,@EAAitigmIfbh}fAqa@ef@UWM{@QkDNgDdEgJZgB,"<div><strong>LIMBER HILL</strong><br><span>Surface: sealed</span><br><span>Length: 0.14 km</span><br><span>Length rank: 1,411</span></div>"
road_3314683,path,3314683,sealed,BRIGHTON GROVE,0.1365359519361433,1412,25,#1464a5cc,#1464a5cc,@EAAkgzkmIv`i`gA|DvBdC~AzBjBdCxBnDfCfDdB`Bt@nBz@tBr@`Cx@`Bp@xBz@lJhElM|G,"<div><strong>BRIGHTON GROVE</strong><br><span>Surface: sealed</span><br><span>Length: 0.14 km</span><br><span>Length rank: 1,412</span></div>"
road_8328176,path,8328176,sealed,CELESTE TERRACE,0.1365246354710658,1413,25,#1464a5cc,#1464a5cc,@EAAedkjmInkzcgAvC|[QlC}Ihi@,"<div><strong>CELESTE TERRACE</strong><br><span>Surface: sealed</span><br><span>Length: 0.14 km</span><br><span>Length rank: 1,413</span></div>"
road_3283408,path,3283408,sealed,DRAKE PLACE,0.1365053255225387,1414,25,#1464a5cc,#1464a5cc,@EAAwt|jmIl}q_gAcDjFu]|~@,"<div><strong>DRAKE PLACE</strong><br><span>Surface: sealed</span><br><span>Length: 0.14 km</span><br><span>Length rank: 1,414</span></div>"
road_3314368,path,3314368,sealed,WARWICK AVENUE,0.1364373522181036,1415,25,#1464a5cc,#1464a5cc,@EAAizwgmIvkk_gAooAui@,"<div><strong>WARWICK AVENUE</strong><br><span>Surface: sealed</span><br><span>Length: 0.14 km</span><br><span>Length rank: 1,415</span></div>"
road_8329685,path,8329685,sealed,LUCINA RISE,0.1364340588965702,1416,25,#1464a5cc,#1464a5cc,@EAAq{ljmIrn|cgAro@pGrl@`H,"<div><strong>LUCINA RISE</strong><br><span>Surface: sealed</span><br><span>Length: 0.14 km</span><br><span>Length rank: 1,416</span></div>"
road_7742853,path,7742853,sealed,PARDOA BOULEVARD,0.136401916578628,1417,25,#1464a5cc,#1464a5cc,@EAAe`zjmIji|~fALPRfC[`C_AdBKPwBvAyCn@aDByAUaAMqCoAyAaBc@uB?cCz@eCl@i@lAiArE}@pEB`Cn@vBbAlAnB,"<div><strong>PARDOA BOULEVARD</strong><br><span>Surface: sealed</span><br><span>Length: 0.14 km</span><br><span>Length rank: 1,417</span></div>"
road_3314263,path,3314263,sealed,CEDAR PLACE,0.13616331930757,1418,24,#1464a5cc,#1464a5cc,@EAAqp~kmI~}~agA~[chA,"<div><strong>CEDAR PLACE</strong><br><span>Surface: sealed</span><br><span>Length: 0.14 km</span><br><span>Length rank: 1,418</span></div>"
road_3283208,path,3283208,sealed,CLARK PLACE,0.1360281699436253,1419,24,#1464a5cc,#1464a5cc,@EAAqrukmIxu`bgArwAj],"<div><strong>CLARK PLACE</strong><br><span>Surface: sealed</span><br><span>Length: 0.14 km</span><br><span>Length rank: 1,419</span></div>"
road_3314206,path,3314206,sealed,SHORT STREET,0.1359286385153035,1420,24,#1464a5cc,#1464a5cc,@EAA{dbjmIbos`gAuPgjA,"<div><strong>SHORT STREET</strong><br><span>Surface: sealed</span><br><span>Length: 0.14 km</span><br><span>Length rank: 1,420</span></div>"
road_7742873,path,7742873,sealed,LOFTUS PLACE,0.1358886529994733,1421,24,#1464a5cc,#1464a5cc,@EAA_~_gmIlfe}fA_EyAsDuA{BoAyAmAwAwBgA{B_AuAiBqAoB{AmAqAs@sAu@gCUcDDmCHwBKu@Ws@w@aAuAaBkCgC,"<div><strong>LOFTUS PLACE</strong><br><span>Surface: sealed</span><br><span>Length: 0.14 km</span><br><span>Length rank: 1,421</span></div>"
road_7742864,path,7742864,sealed,,0.1357270134255584,1422,24,#1464a5cc,#1464a5cc,@EAA{h_emIhbu|fAmIfd@eAjAyAd@oBJwD_@aJcAwAJmAx@cDrI,"<div><strong>Road 7742864</strong><br><span>Surface: sealed</span><br><span>Length: 0.14 km</span><br><span>Length rank: 1,422</span></div>"
road_3314354,path,3314354,sealed,PARTINGTON PLACE,0.1355328658009835,1423,24,#1464a5cc,#1464a5cc,@EAAcu~gmIf|``gA`h@uJzCq@pBcAnDyBvAgAnAc@tYiG,"<div><strong>PARTINGTON PLACE</strong><br><span>Surface: sealed</span><br><span>Length: 0.14 km</span><br><span>Length rank: 1,423</span></div>"
road_3314207,path,3314207,sealed,DAISY STREET,0.1353550663231628,1424,24,#1464a5cc,#1464a5cc,@EAAsbejmIlrs`gA`Ho}@PaCg@_DmAuB,"<div><strong>DAISY STREET</strong><br><span>Surface: sealed</span><br><span>Length: 0.14 km</span><br><span>Length rank: 1,424</span></div>"
road_8329727,path,8329727,sealed,WYRALL WAY,0.1351095140024667,1425,24,#1464a5cc,#1464a5cc,@EAAqkijmIv~|~fAADs[~fACH,"<div><strong>WYRALL WAY</strong><br><span>Surface: sealed</span><br><span>Length: 0.14 km</span><br><span>Length rank: 1,425</span></div>"
road_8328195,path,8328195,sealed,LAVINIAS WAY,0.1350498019385796,1426,24,#1464a5cc,#1464a5cc,@EAAsekjmIfp|~fAi[rgA,"<div><strong>LAVINIAS WAY</strong><br><span>Surface: sealed</span><br><span>Length: 0.14 km</span><br><span>Length rank: 1,426</span></div>"
road_7742848,path,7742848,sealed,JOBE ROAD,0.1348484395553016,1427,24,#1464a5cc,#1464a5cc,@EAAkqhjmIle}~fAuU|w@eElN,"<div><strong>JOBE ROAD</strong><br><span>Surface: sealed</span><br><span>Length: 0.13 km</span><br><span>Length rank: 1,427</span></div>"
road_7742847,path,7742847,sealed,LIBEAU ROAD,0.1348155310460664,1428,24,#1464a5cc,#1464a5cc,@EAAc{gjmIpz__gAdGeThSir@,"<div><strong>LIBEAU ROAD</strong><br><span>Surface: sealed</span><br><span>Length: 0.13 km</span><br><span>Length rank: 1,428</span></div>"
road_7742801,path,7742801,sealed,ANGLESEA STREET,0.1348087397097818,1429,24,#1464a5cc,#1464a5cc,@EAAofrimIzxvagAdAy@rAm@|A_@bBMdB@`BP|Ab@jAl@dA~@p@dAZlAFpAKnAa@jAu@dAeAx@sAl@}A\cBNeBAcBQ{Ac@oAo@cA}@o@gA[kAIqALoA`@kAt@eA,"<div><strong>ANGLESEA STREET</strong><br><span>Surface: sealed</span><br><span>Length: 0.13 km</span><br><span>Length rank: 1,429</span></div>"
road_3283019,path,3283019,unmetalled,,0.1346023978890967,1430,24,#734a12cc,#734a12cc,@EAAg}jfmIvuwagAuHqCkNiC_F}@{Gw@eL_AeHIyGDaG`@oJ|@,"<div><strong>Road 3283019</strong><br><span>Surface: unmetalled</span><br><span>Length: 0.13 km</span><br><span>Length rank: 1,430</span></div>"
road_3314054,path,3314054,sealed,SHEILA PLACE,0.1345961882273653,1431,24,#1464a5cc,#1464a5cc,@EAAsxkgmIb_fbgAuBaD{DqFqEcCuCc@uGd@os@rK,"<div><strong>SHEILA PLACE</strong><br><span>Surface: sealed</span><br><span>Length: 0.13 km</span><br><span>Length rank: 1,431</span></div>"
road_3314744,path,3314744,sealed,LOCKHART PLACE,0.1345589597600089,1432,24,#1464a5cc,#1464a5cc,@EAA_z|hmIbx~}fARjAnCxLP|A@|Aw@hJ_@`DUdDAvC^tB`BnFfHbL,"<div><strong>LOCKHART PLACE</strong><br><span>Surface: sealed</span><br><span>Length: 0.13 km</span><br><span>Length rank: 1,432</span></div>"
road_3283446,path,3283446,sealed,FARLEIGH CLOSE,0.1345271454043499,1433,24,#1464a5cc,#1464a5cc,@EAAkuqimIfm|}fAiJmAwECyC^iCtA}JxGgIvGqChDoA`DoApDaBxH,"<div><strong>FARLEIGH CLOSE</strong><br><span>Surface: sealed</span><br><span>Length: 0.13 km</span><br><span>Length rank: 1,433</span></div>"
road_6064305,path,6064305,sealed,,0.1343442632751686,1434,24,#1464a5cc,#1464a5cc,@EAAqdyjmIt|o`gA_@|A{FpOiKlZ{AvKBzCT~BUzB,"<div><strong>Road 6064305</strong><br><span>Surface: sealed</span><br><span>Length: 0.13 km</span><br><span>Length rank: 1,434</span></div>"
road_6064575,path,6064575,sealed,PORIMA WAY,0.1341188427929825,1435,24,#1464a5cc,#1464a5cc,@EAAc_pimI`f{~fA}MZeiA~V,"<div><strong>PORIMA WAY</strong><br><span>Surface: sealed</span><br><span>Length: 0.13 km</span><br><span>Length rank: 1,435</span></div>"
road_3283313,path,3283313,sealed,GLENWARRICK COURT,0.133810059462725,1436,24,#1464a5cc,#1464a5cc,@EAAe|nhmI~be~fAjNrJjJjFtAZlCF`Do@pZiNtBqBtBoC,"<div><strong>GLENWARRICK COURT</strong><br><span>Surface: sealed</span><br><span>Length: 0.13 km</span><br><span>Length rank: 1,436</span></div>"
road_3313951,path,3313951,sealed,QUAIL PLACE,0.133765349355486,1437,24,#1464a5cc,#1464a5cc,@EAAukmhmIrhnbgAuGxBiFx@oIAu\{BwFy@uHaBsGsAkCSoCO,"<div><strong>QUAIL PLACE</strong><br><span>Surface: sealed</span><br><span>Length: 0.13 km</span><br><span>Length rank: 1,437</span></div>"
road_3314047,path,3314047,sealed,THODE PLACE,0.1335709461088445,1438,24,#1464a5cc,#1464a5cc,@EAA{sufmIdhhagAmz@_QuBiBq@oCp@qN,"<div><strong>THODE PLACE</strong><br><span>Surface: sealed</span><br><span>Length: 0.13 km</span><br><span>Length rank: 1,438</span></div>"
road_3314201,path,3314201,sealed,WATTS CRESCENT,0.1335149051463916,1439,24,#1464a5cc,#1464a5cc,@EAA{vmjmIdvlagAaXsDiPOsTjCoX`J,"<div><strong>WATTS CRESCENT</strong><br><span>Surface: sealed</span><br><span>Length: 0.13 km</span><br><span>Length rank: 1,439</span></div>"
road_3283127,path,3283127,sealed,ALLENBY STREET,0.1334950512164366,1440,24,#1464a5cc,#1464a5cc,@EAAea{imIhjpbgAxpA{d@,"<div><strong>ALLENBY STREET</strong><br><span>Surface: sealed</span><br><span>Length: 0.13 km</span><br><span>Length rank: 1,440</span></div>"
road_3313953,path,3313953,sealed,MELANIE COURT,0.1332152756915147,1441,24,#1464a5cc,#1464a5cc,@EAA{jogmIvihbgAye@fHeBXqApAOnAFvA~Ij],"<div><strong>MELANIE COURT</strong><br><span>Surface: sealed</span><br><span>Length: 0.13 km</span><br><span>Length rank: 1,441</span></div>"
road_3283321,path,3283321,sealed,SOVEREIGN PLACE,0.1331333821288075,1442,24,#1464a5cc,#1464a5cc,@EAA}ynhmIppw}fAlUdHtIzBlt@pO,"<div><strong>SOVEREIGN PLACE</strong><br><span>Surface: sealed</span><br><span>Length: 0.13 km</span><br><span>Length rank: 1,442</span></div>"
road_7742390,path,7742390,sealed,,0.132919515620386,1443,24,#1464a5cc,#1464a5cc,@EAAwxojmIrd}`gAVzEv@jNxDhs@,"<div><strong>Road 7742390</strong><br><span>Surface: sealed</span><br><span>Length: 0.13 km</span><br><span>Length rank: 1,443</span></div>"
road_3314731,path,3314731,sealed,MARGRAIN CLOSE,0.1329145293567288,1444,24,#1464a5cc,#1464a5cc,@EAAeoiimIv}u~fAuCPsKdAeNdAgYrBmT|AmKdA,"<div><strong>MARGRAIN CLOSE</strong><br><span>Surface: sealed</span><br><span>Length: 0.13 km</span><br><span>Length rank: 1,444</span></div>"
road_3314347,path,3314347,sealed,NORTHPARK DRIVE,0.1328110188901802,1445,24,#1464a5cc,#1464a5cc,@EAAujwfmIfpb_gAqOfH}\jPuIlDgO|EeD|@,"<div><strong>NORTHPARK DRIVE</strong><br><span>Surface: sealed</span><br><span>Length: 0.13 km</span><br><span>Length rank: 1,445</span></div>"
road_3314085,path,3314085,sealed,HALL LANE,0.1325427137622165,1446,24,#1464a5cc,#1464a5cc,@EAAamihmIfvfagAsOmhA,"<div><strong>HALL LANE</strong><br><span>Surface: sealed</span><br><span>Length: 0.13 km</span><br><span>Length rank: 1,446</span></div>"
road_3314070,path,3314070,sealed,UPPER KENT STREET,0.1325203737432252,1447,24,#1464a5cc,#1464a5cc,@EAAqbqhmIraragArbAyr@,"<div><strong>UPPER KENT STREET</strong><br><span>Surface: sealed</span><br><span>Length: 0.13 km</span><br><span>Length rank: 1,447</span></div>"
road_3314151,path,3314151,sealed,STEWART PLACE,0.132446494343127,1448,24,#1464a5cc,#1464a5cc,@EAAutoimI~n{bgAtDvAtEd@loAy@,"<div><strong>STEWART PLACE</strong><br><span>Surface: sealed</span><br><span>Length: 0.13 km</span><br><span>Length rank: 1,448</span></div>"
road_3314493,path,3314493,sealed,MAIDSTONE PLACE,0.1323154284859579,1449,24,#1464a5cc,#1464a5cc,@EAAsylhmI`ky}fAcElIoChB_BTqFGaKwAip@}D,"<div><strong>MAIDSTONE PLACE</strong><br><span>Surface: sealed</span><br><span>Length: 0.13 km</span><br><span>Length rank: 1,449</span></div>"
road_3283326,path,3283326,sealed,WHISTLER CLOSE,0.132207240415339,1450,24,#1464a5cc,#1464a5cc,@EAAeynhmIxkq}fAsBoBqGmHiIoLy@}BwAcFoEk],"<div><strong>WHISTLER CLOSE</strong><br><span>Surface: sealed</span><br><span>Length: 0.13 km</span><br><span>Length rank: 1,450</span></div>"
road_3314421,path,3314421,sealed,TRENT LANE,0.1320433790619203,1451,24,#1464a5cc,#1464a5cc,@EAA}}xfmIfos}fAqB`@eBt@aCdDgCbGaBbDgAxBqDtGyGjKuEhFiCvB{CvB,"<div><strong>TRENT LANE</strong><br><span>Surface: sealed</span><br><span>Length: 0.13 km</span><br><span>Length rank: 1,451</span></div>"
road_7742412,path,7742412,sealed,ALKER ROAD,0.1317178518850534,1452,24,#1464a5cc,#1464a5cc,@EAAuwdjmI|p`_gAl@Sp@e@h@m@\q@~Ja^jLo`@,"<div><strong>ALKER ROAD</strong><br><span>Surface: sealed</span><br><span>Length: 0.13 km</span><br><span>Length rank: 1,452</span></div>"
road_3314294,path,3314294,sealed,TRALEE PLACE,0.131494871276002,1453,24,#1464a5cc,#1464a5cc,@EAA{qhkmItqaagA`BvBh@zBH~HShBaBlDsB|B_ChAsh@rP,"<div><strong>TRALEE PLACE</strong><br><span>Surface: sealed</span><br><span>Length: 0.13 km</span><br><span>Length rank: 1,453</span></div>"
road_3313960,path,3313960,sealed,GUERNSEY PLACE,0.1314343534765209,1454,24,#1464a5cc,#1464a5cc,@EAAec~emIfafagAcMxN}CpEoBnEk@|D}Bt`@,"<div><strong>GUERNSEY PLACE</strong><br><span>Surface: sealed</span><br><span>Length: 0.13 km</span><br><span>Length rank: 1,454</span></div>"
road_3314265,path,3314265,sealed,NOBLEMAN PLACE,0.1313324563291696,1455,24,#1464a5cc,#1464a5cc,@EAAsuekmIdd~`gAnApFRbG^jYW`G[pBuEbR,"<div><strong>NOBLEMAN PLACE</strong><br><span>Surface: sealed</span><br><span>Length: 0.13 km</span><br><span>Length rank: 1,455</span></div>"
road_3314438,path,3314438,sealed,FARRINGDON AVENUE,0.1312020316442367,1456,24,#1464a5cc,#1464a5cc,@EAAgnzgmIhfu}fAcBYetAiU,"<div><strong>FARRINGDON AVENUE</strong><br><span>Surface: sealed</span><br><span>Length: 0.13 km</span><br><span>Length rank: 1,456</span></div>"
road_3314600,path,3314600,sealed,HOCKIN PLACE,0.1311851154287518,1457,24,#1464a5cc,#1464a5cc,@EAAimsimIrs``gAkxAoS,"<div><strong>HOCKIN PLACE</strong><br><span>Surface: sealed</span><br><span>Length: 0.13 km</span><br><span>Length rank: 1,457</span></div>"
road_3314425,path,3314425,sealed,WILLOWFIELD PLACE,0.1309668376232668,1458,24,#1464a5cc,#1464a5cc,@EAAgamgmI|sq~fArEzJtAbDd@dCbCn]FfS,"<div><strong>WILLOWFIELD PLACE</strong><br><span>Surface: sealed</span><br><span>Length: 0.13 km</span><br><span>Length rank: 1,458</span></div>"
road_3314733,path,3314733,sealed,CONNOR COURT,0.1308762572661558,1459,24,#1464a5cc,#1464a5cc,@EAAwrsimIdvw~fAoKCoKFeG`@_G`AmFbBcDdBwBfBsCtC{CvE{AdD}AhC,"<div><strong>CONNOR COURT</strong><br><span>Surface: sealed</span><br><span>Length: 0.13 km</span><br><span>Length rank: 1,459</span></div>"
road_3314516,path,3314516,sealed,RAUPO PLACE,0.1304238274244337,1460,24,#1464a5cc,#1464a5cc,@EAAq}lhmIhdh}fAoU|DiF\kI^_HX_It@wGfA_FfAkLdD,"<div><strong>RAUPO PLACE</strong><br><span>Surface: sealed</span><br><span>Length: 0.13 km</span><br><span>Length rank: 1,460</span></div>"
road_3314429,path,3314429,sealed,CHERIE CLOSE,0.1303358168917034,1461,24,#1464a5cc,#1464a5cc,@EAAy|mhmI`hn~fAqDxMkHvRiLjSU`Ft@tE,"<div><strong>CHERIE CLOSE</strong><br><span>Surface: sealed</span><br><span>Length: 0.13 km</span><br><span>Length rank: 1,461</span></div>"
road_3314503,path,3314503,sealed,VIKING LANE,0.1302700854104073,1462,24,#1464a5cc,#1464a5cc,@EAAm|igmIfpj}fA}F`FyGjC_IbBsNRcJ?eCLgAP_C|@}CvAcCjAmFnD,"<div><strong>VIKING LANE</strong><br><span>Surface: sealed</span><br><span>Length: 0.13 km</span><br><span>Length rank: 1,462</span></div>"
road_3314139,path,3314139,sealed,DAWN RISE,0.1301712037139345,1463,24,#1464a5cc,#1464a5cc,@EAAwf|imIbkucgAuHzMg@xCEvCvO~]zChDnEdC,"<div><strong>DAWN RISE</strong><br><span>Surface: sealed</span><br><span>Length: 0.13 km</span><br><span>Length rank: 1,463</span></div>"
road_3283059,path,3283059,sealed,,0.1300750814553601,1464,24,#1464a5cc,#1464a5cc,@EAAcelgmIrngagAeNaCsF]yDMgGX_IdAu]|EuJpA,"<div><strong>Road 3283059</strong><br><span>Surface: sealed</span><br><span>Length: 0.13 km</span><br><span>Length rank: 1,464</span></div>"
road_3314509,path,3314509,sealed,WATFORD PLACE,0.1300523748001356,1465,24,#1464a5cc,#1464a5cc,@EAAu}zgmIxdp}fAiB_HyCiF_GcGuFuDgDcB}JyC{Gw@cIMgFX,"<div><strong>WATFORD PLACE</strong><br><span>Surface: sealed</span><br><span>Length: 0.13 km</span><br><span>Length rank: 1,465</span></div>"
road_3314505,path,3314505,sealed,KILLEGRAY CLOSE,0.1296649714646441,1466,24,#1464a5cc,#1464a5cc,@EAAahpgmIhuo}fAtBdHbClDrCbCdHzCjPhF`[nN,"<div><strong>KILLEGRAY CLOSE</strong><br><span>Surface: sealed</span><br><span>Length: 0.13 km</span><br><span>Length rank: 1,466</span></div>"
road_3314621,path,3314621,sealed,COLDWELL PLACE,0.1295014830885869,1467,24,#1464a5cc,#1464a5cc,@EAAsebimI~v{_gA{fAiO_EW_JD,"<div><strong>COLDWELL PLACE</strong><br><span>Surface: sealed</span><br><span>Length: 0.13 km</span><br><span>Length rank: 1,467</span></div>"
road_3314571,path,3314571,sealed,RESOLUTION DRIVE,0.1294805747385379,1468,24,#1464a5cc,#1464a5cc,@EAAwv~gmIno~}fAwA_@mAo@_Ay@m@eA[iAGmAJkAL]Ts@n@y@`Aw@pAk@xA]~AM`B?~APvA`@lAn@~@x@l@bAZjAFjAKlAa@hAq@`AcAv@oAj@yA\_BLaBA_BQ,"<div><strong>RESOLUTION DRIVE</strong><br><span>Surface: sealed</span><br><span>Length: 0.13 km</span><br><span>Length rank: 1,468</span></div>"
road_3314259,path,3314259,sealed,VECTIS ROAD,0.1293482172890649,1469,24,#1464a5cc,#1464a5cc,@EAAqfhkmI`h`bgAcDtr@v@|CjA`BpBbB|GxB,"<div><strong>VECTIS ROAD</strong><br><span>Surface: sealed</span><br><span>Length: 0.13 km</span><br><span>Length rank: 1,469</span></div>"
road_7742817,path,7742817,sealed,RIVERCOVE LANE,0.1292743333930264,1470,24,#1464a5cc,#1464a5cc,@EAAeiagmIlxc~fAyDhB{BfAgDjCsIdJeIbJk@~@UbAJ`Bl@|A|DrDtIrF,"<div><strong>RIVERCOVE LANE</strong><br><span>Surface: sealed</span><br><span>Length: 0.13 km</span><br><span>Length rank: 1,470</span></div>"
road_3314495,path,3314495,sealed,CARISBROOK PLACE,0.1291362800947239,1471,24,#1464a5cc,#1464a5cc,@EAAkkjhmItgx}fAmq@wOgE_AkCgAo@cBHmCvDcJ,"<div><strong>CARISBROOK PLACE</strong><br><span>Surface: sealed</span><br><span>Length: 0.13 km</span><br><span>Length rank: 1,471</span></div>"
road_3283295,path,3283295,sealed,BIRCHAM RISE,0.1288048480566202,1472,24,#1464a5cc,#1464a5cc,@EAA}~jhmI~kj~fA|m@zQrMfCjL`AnHB,"<div><strong>BIRCHAM RISE</strong><br><span>Surface: sealed</span><br><span>Length: 0.13 km</span><br><span>Length rank: 1,472</span></div>"
road_8329775,path,8329775,sealed,TIRO PLACE,0.1288047766972333,1473,24,#1464a5cc,#1464a5cc,@EAAemjhmIbuz|fA}Sm_@qPg`@,"<div><strong>TIRO PLACE</strong><br><span>Surface: sealed</span><br><span>Length: 0.13 km</span><br><span>Length rank: 1,473</span></div>"
road_6082273,path,6082273,sealed,HATFIELD WAY,0.1285619564496357,1474,24,#1464a5cc,#1464a5cc,@EAAmvjimIfcq}fAdx@qJfRyB~CsAhCsB,"<div><strong>HATFIELD WAY</strong><br><span>Surface: sealed</span><br><span>Length: 0.13 km</span><br><span>Length rank: 1,474</span></div>"
road_3314048,path,3314048,sealed,BRADLEY PLACE,0.1284696916366918,1475,24,#1464a5cc,#1464a5cc,@EAAyrofmIzccagAyUrWuHfEwNn@kK_BoImB,"<div><strong>BRADLEY PLACE</strong><br><span>Surface: sealed</span><br><span>Length: 0.13 km</span><br><span>Length rank: 1,475</span></div>"
road_7742830,path,7742830,sealed,DULVERTON RISE,0.1284678698608944,1476,24,#1464a5cc,#1464a5cc,@EAAy}agmI|eb~fAgZaZaBy@{Aa@iCK{AHyEnA{CnAyDnBsHnE,"<div><strong>DULVERTON RISE</strong><br><span>Surface: sealed</span><br><span>Length: 0.13 km</span><br><span>Length rank: 1,476</span></div>"
road_8329731,path,8329731,sealed,KIBBLEWHITE ROAD,0.1283112805339873,1477,24,#1464a5cc,#1464a5cc,@EAA{`mjmIncj_gAuj@sJej@yH,"<div><strong>KIBBLEWHITE ROAD</strong><br><span>Surface: sealed</span><br><span>Length: 0.13 km</span><br><span>Length rank: 1,477</span></div>"
road_3313971,path,3313971,sealed,PARKVIEW AVENUE,0.1282751553136308,1478,24,#1464a5cc,#1464a5cc,@EAAudffmIpyoagA}IbIiAd@yENuGo@gIeA{Lq@oHHyDdAqB~AeA|AoA~B,"<div><strong>PARKVIEW AVENUE</strong><br><span>Surface: sealed</span><br><span>Length: 0.13 km</span><br><span>Length rank: 1,478</span></div>"
road_8329745,path,8329745,sealed,HADDONSTONE AVENUE,0.1281226788172198,1479,24,#1464a5cc,#1464a5cc,@EAAeayhmIjhl}fAjaAfp@,"<div><strong>HADDONSTONE AVENUE</strong><br><span>Surface: sealed</span><br><span>Length: 0.13 km</span><br><span>Length rank: 1,479</span></div>"
road_3313974,path,3313974,sealed,POINTON GLADE,0.1279666776907675,1480,24,#1464a5cc,#1464a5cc,@EAAs|{emIzw`agAmByBwL_MyBmBaFkD}EgC_EsBs@u@O_AdEqR,"<div><strong>POINTON GLADE</strong><br><span>Surface: sealed</span><br><span>Length: 0.13 km</span><br><span>Length rank: 1,480</span></div>"
road_3314135,path,3314135,sealed,MATTHEWS CRESCENT,0.1277128476278502,1481,24,#1464a5cc,#1464a5cc,@EAAopzhmInq_cgA{b@aFqDUcCLmCn@uVrW,"<div><strong>MATTHEWS CRESCENT</strong><br><span>Surface: sealed</span><br><span>Length: 0.13 km</span><br><span>Length rank: 1,481</span></div>"
road_3314055,path,3314055,sealed,RACHEL PLACE,0.1276640829250729,1482,24,#1464a5cc,#1464a5cc,@EAAiyqgmIvadbgA~ErOhOl_@|BbEdDhErCjB,"<div><strong>RACHEL PLACE</strong><br><span>Surface: sealed</span><br><span>Length: 0.13 km</span><br><span>Length rank: 1,482</span></div>"
road_3314365,path,3314365,sealed,BOWEN PLACE,0.1275929261580316,1483,24,#1464a5cc,#1464a5cc,@EAAycvgmItxr_gAuDbJc@|Bj@zB~l@vc@,"<div><strong>BOWEN PLACE</strong><br><span>Surface: sealed</span><br><span>Length: 0.13 km</span><br><span>Length rank: 1,483</span></div>"
road_3283337,path,3283337,sealed,CORNICE PLACE,0.1275163574768273,1484,24,#1464a5cc,#1464a5cc,@EAAyj~fmI`o_~fAMqIm@kCsAgC_FkHoPsMeNaP,"<div><strong>CORNICE PLACE</strong><br><span>Surface: sealed</span><br><span>Length: 0.13 km</span><br><span>Length rank: 1,484</span></div>"
road_3314292,path,3314292,sealed,CUMBRIA WAY,0.1274631007260737,1485,24,#1464a5cc,#1464a5cc,@EAAu{~jmI~q_agAArKEjGKvHXfBz@hAlCvA|b@xI,"<div><strong>CUMBRIA WAY</strong><br><span>Surface: sealed</span><br><span>Length: 0.13 km</span><br><span>Length rank: 1,485</span></div>"
road_3314227,path,3314227,sealed,BRYCE LANE,0.127198295477482,1486,24,#1464a5cc,#1464a5cc,@EAAkxgimItncagAyQdRwWzZmHzI,"<div><strong>BRYCE LANE</strong><br><span>Surface: sealed</span><br><span>Length: 0.13 km</span><br><span>Length rank: 1,486</span></div>"
road_3314483,path,3314483,sealed,TRINIDAD PLACE,0.1269565086343909,1487,24,#1464a5cc,#1464a5cc,@EAAa`hgmIjgt}fAaMmKkBc@_C\aLbFgCb@sBQkPwD_D}A}AaBmBaD,"<div><strong>TRINIDAD PLACE</strong><br><span>Surface: sealed</span><br><span>Length: 0.13 km</span><br><span>Length rank: 1,487</span></div>"
road_3314266,path,3314266,sealed,HENRY STREET,0.1266058432021965,1488,24,#1464a5cc,#1464a5cc,@EAAsn{jmIr}xagAvEr@jnAtQ,"<div><strong>HENRY STREET</strong><br><span>Surface: sealed</span><br><span>Length: 0.13 km</span><br><span>Length rank: 1,488</span></div>"
road_3314727,path,3314727,sealed,NORTHMEADOW DRIVE,0.1263281610501189,1489,24,#1464a5cc,#1464a5cc,@EAAwxuhmItc}}fA_CtBo@zA{CfQs@bFn@tAxAd@|MnBxJp@vJdB,"<div><strong>NORTHMEADOW DRIVE</strong><br><span>Surface: sealed</span><br><span>Length: 0.13 km</span><br><span>Length rank: 1,489</span></div>"
road_3314229,path,3314229,sealed,PALMER STREET,0.1263174035111157,1490,24,#1464a5cc,#1464a5cc,@EAAkiyimIlv~`gAaf@~~@,"<div><strong>PALMER STREET</strong><br><span>Surface: sealed</span><br><span>Length: 0.13 km</span><br><span>Length rank: 1,490</span></div>"
road_3314275,path,3314275,sealed,TARBETT ROAD,0.1262364449544534,1491,24,#1464a5cc,#1464a5cc,@EAAaeikmIr|~agA{RidA,"<div><strong>TARBETT ROAD</strong><br><span>Surface: sealed</span><br><span>Length: 0.13 km</span><br><span>Length rank: 1,491</span></div>"
road_3314185,path,3314185,sealed,LYSANDER PLACE,0.1260429856063443,1492,24,#1464a5cc,#1464a5cc,@EAAc_flmIzckbgAnn@nI~BV~Bh@pBp@|B`ArCdAhDt@pBXxBHdCM,"<div><strong>LYSANDER PLACE</strong><br><span>Surface: sealed</span><br><span>Length: 0.13 km</span><br><span>Length rank: 1,492</span></div>"
road_3314695,path,3314695,sealed,ARLINGTON COURT,0.1259214326452215,1493,24,#1464a5cc,#1464a5cc,@EAAy|uhmIvas}fAyNlDsMdCc\vIyHhCmHfF,"<div><strong>ARLINGTON COURT</strong><br><span>Surface: sealed</span><br><span>Length: 0.13 km</span><br><span>Length rank: 1,493</span></div>"
road_3314230,path,3314230,sealed,NEW STREET,0.1258723483093573,1494,24,#1464a5cc,#1464a5cc,@EAAezzimIrb~`gAo^nr@kGzJ,"<div><strong>NEW STREET</strong><br><span>Surface: sealed</span><br><span>Length: 0.13 km</span><br><span>Length rank: 1,494</span></div>"
road_3314214,path,3314214,sealed,PEMBROKE LANE,0.1258485566876512,1495,24,#1464a5cc,#1464a5cc,@EAA{|gimIf|tagAiArEaArMVxMR`KBnAV`JGhAUt@m@r@cBd@,"<div><strong>PEMBROKE LANE</strong><br><span>Surface: sealed</span><br><span>Length: 0.13 km</span><br><span>Length rank: 1,495</span></div>"
road_3314631,path,3314631,sealed,ELMIRA AVENUE,0.1257205109850438,1496,24,#1464a5cc,#1464a5cc,@EAA}|pimItgr_gA`u@rj@zGnE,"<div><strong>ELMIRA AVENUE</strong><br><span>Surface: sealed</span><br><span>Length: 0.13 km</span><br><span>Length rank: 1,496</span></div>"
road_3314038,path,3314038,sealed,EDITH PLACE,0.1257020286449696,1497,24,#1464a5cc,#1464a5cc,@EAAgatfmIpkcbgAyr@xEaDt@oAdAqBrT,"<div><strong>EDITH PLACE</strong><br><span>Surface: sealed</span><br><span>Length: 0.13 km</span><br><span>Length rank: 1,497</span></div>"
road_3314358,path,3314358,sealed,MENZIES STREET,0.125635181743407,1498,24,#1464a5cc,#1464a5cc,@EAAyh`hmIfbf`gAcA}CoAwAmB}Acw@id@,"<div><strong>MENZIES STREET</strong><br><span>Surface: sealed</span><br><span>Length: 0.13 km</span><br><span>Length rank: 1,498</span></div>"
road_8329716,path,8329716,sealed,MISTRY PLACE,0.1254640360859809,1499,24,#1464a5cc,#1464a5cc,@EAAyt_hmId}p~fA?MEom@jGwU,"<div><strong>MISTRY PLACE</strong><br><span>Surface: sealed</span><br><span>Length: 0.13 km</span><br><span>Length rank: 1,499</span></div>"
road_3314340,path,3314340,sealed,MANGAKOEA PLACE,0.1254485765481551,1500,24,#1464a5cc,#1464a5cc,@EAAsotgmItee_gA`IdCrIhA|I^jFg@hF_AdFyCvPaS,"<div><strong>MANGAKOEA PLACE</strong><br><span>Surface: sealed</span><br><span>Length: 0.13 km</span><br><span>Length rank: 1,500</span></div>"
road_3313982,path,3313982,sealed,SILHOUETTE WAY,0.125434903247038,1501,24,#1464a5cc,#1464a5cc,@EAAaoffmIxuhagAcExHcBrCsAbDwCpIyAxEwHrNyDfK,"<div><strong>SILHOUETTE WAY</strong><br><span>Surface: sealed</span><br><span>Length: 0.13 km</span><br><span>Length rank: 1,501</span></div>"
road_7742795,path,7742795,metalled,BRANCA CLOSE,0.1253341256396234,1502,24,#bb7f22cc,#bb7f22cc,@EAAcyujmIjmncgAeH`F}B~A{CtBkRvMqUnP_C~A,"<div><strong>BRANCA CLOSE</strong><br><span>Surface: metalled</span><br><span>Length: 0.13 km</span><br><span>Length rank: 1,502</span></div>"
road_3314765,path,3314765,sealed,WAIRERE DRIVE,0.1253307306347606,1503,24,#1464a5cc,#1464a5cc,@EAAkj|hmI`qv~fAsA_@kAm@}@y@m@aAYgAGiAJkA^eAp@_A~@w@lAi@vA]zAM~A@v@JJ@lBb@hAl@|@x@l@`AZfADhAKjA]dAq@~@aAv@mAh@wAZ{AL_BA{AO,"<div><strong>WAIRERE DRIVE</strong><br><span>Surface: sealed</span><br><span>Length: 0.13 km</span><br><span>Length rank: 1,503</span></div>"
road_3314321,path,3314321,sealed,BEATRICE PLACE,0.1252329408905957,1504,24,#1464a5cc,#1464a5cc,@EAAooofmIt|p`gAlC~@~HfB|Dd@`GZlHO|FsAdGyB~TmP,"<div><strong>BEATRICE PLACE</strong><br><span>Surface: sealed</span><br><span>Length: 0.13 km</span><br><span>Length rank: 1,504</span></div>"
road_3314716,path,3314716,sealed,SAN CLEMENTO WAY,0.1247125978927302,1505,24,#1464a5cc,#1464a5cc,@EAA_`{hmInwm~fA_Gg@_Gk@}Ca@}C]mAc@yAaA{AsBu@kCCoAA_Ab@cBdAgEr@qCbBmChAaC~@iE,"<div><strong>SAN CLEMENTO WAY</strong><br><span>Surface: sealed</span><br><span>Length: 0.12 km</span><br><span>Length rank: 1,505</span></div>"
road_8115829,path,8115829,sealed,,0.124541297525755,1506,24,#1464a5cc,#1464a5cc,@EAAgdllmIrwy`gAmj@oZqXiO,"<div><strong>Road 8115829</strong><br><span>Surface: sealed</span><br><span>Length: 0.12 km</span><br><span>Length rank: 1,506</span></div>"
road_3314320,path,3314320,sealed,ARUNDEL PLACE,0.1244774258403254,1507,24,#1464a5cc,#1464a5cc,@EAAq~~emIbsp`gA{i@yRiCQ_E`@{Ct@cMfM,"<div><strong>ARUNDEL PLACE</strong><br><span>Surface: sealed</span><br><span>Length: 0.12 km</span><br><span>Length rank: 1,507</span></div>"
road_3314208,path,3314208,sealed,GILBASS AVENUE,0.1244549593819766,1508,24,#1464a5cc,#1464a5cc,@EAAcxuhmIf|ebgApAzApB`DBBpDfDlEzD|e@~`@,"<div><strong>GILBASS AVENUE</strong><br><span>Surface: sealed</span><br><span>Length: 0.12 km</span><br><span>Length rank: 1,508</span></div>"
road_3313837,path,3313837,sealed,WOOD ROAD,0.124351700627283,1509,24,#1464a5cc,#1464a5cc,@EAAmtaemItjbdgAJmMv@qv@,"<div><strong>WOOD ROAD</strong><br><span>Surface: sealed</span><br><span>Length: 0.12 km</span><br><span>Length rank: 1,509</span></div>"
road_3314184,path,3314184,sealed,BALFOUR CRESCENT,0.1243478228168903,1510,24,#1464a5cc,#1464a5cc,@EAAql~kmIhhqbgA~RdcA,"<div><strong>BALFOUR CRESCENT</strong><br><span>Surface: sealed</span><br><span>Length: 0.12 km</span><br><span>Length rank: 1,510</span></div>"
road_3313986,path,3313986,sealed,GLENBURN PLACE,0.1239738991353086,1511,24,#1464a5cc,#1464a5cc,@EAAosdfmIjw{`gAyIdBuCl@}CjAeCvAqCdBqBlBeBnCqAzBmAdGwAvLgAjE,"<div><strong>GLENBURN PLACE</strong><br><span>Surface: sealed</span><br><span>Length: 0.12 km</span><br><span>Length rank: 1,511</span></div>"
road_3314760,path,3314760,sealed,SWAN LANE,0.1233929014237666,1512,24,#1464a5cc,#1464a5cc,@EAAip}hmIrtp}fAiMeO}AcC_MuQyE}IcDeI,"<div><strong>SWAN LANE</strong><br><span>Surface: sealed</span><br><span>Length: 0.12 km</span><br><span>Length rank: 1,512</span></div>"
road_3314366,path,3314366,sealed,DANIEL PLACE,0.1231722883954794,1513,24,#1464a5cc,#1464a5cc,@EAA{mcgmItok_gAibAek@,"<div><strong>DANIEL PLACE</strong><br><span>Surface: sealed</span><br><span>Length: 0.12 km</span><br><span>Length rank: 1,513</span></div>"
road_3314700,path,3314700,sealed,CASTLEWOLD PLACE,0.1231498306927134,1514,24,#1464a5cc,#1464a5cc,@EAA_bfimIlkn~fAgB_Dk@iA[mCgAgJWgGIeD[qE{@qD}EuQ,"<div><strong>CASTLEWOLD PLACE</strong><br><span>Surface: sealed</span><br><span>Length: 0.12 km</span><br><span>Length rank: 1,514</span></div>"
road_7742789,path,7742789,sealed,PISO LANE,0.1230948815610234,1515,24,#1464a5cc,#1464a5cc,@EAAcurgmI|ifbgAfKkDfAi@b@u@Hw@_AuBkMaZm@aAaAOeB?sAN_KnB,"<div><strong>PISO LANE</strong><br><span>Surface: sealed</span><br><span>Length: 0.12 km</span><br><span>Length rank: 1,515</span></div>"
road_3314362,path,3314362,sealed,HOME STRAIGHT,0.1228210866947247,1516,24,#1464a5cc,#1464a5cc,@EAAqengmI|bz_gAuFaDoFgCeJsEmHmE_]wU,"<div><strong>HOME STRAIGHT</strong><br><span>Surface: sealed</span><br><span>Length: 0.12 km</span><br><span>Length rank: 1,516</span></div>"
road_3314153,path,3314153,sealed,RICHARDSON ROAD,0.1227511035686645,1517,24,#1464a5cc,#1464a5cc,@EAAykuimIvxybgAhv@jt@,"<div><strong>RICHARDSON ROAD</strong><br><span>Surface: sealed</span><br><span>Length: 0.12 km</span><br><span>Length rank: 1,517</span></div>"
road_3314371,path,3314371,sealed,KELLY PLACE,0.1227321729721244,1518,24,#1464a5cc,#1464a5cc,@EAAqvkhmIluw_gAdLfAno@`G`D_@tBoApB_B|BeE,"<div><strong>KELLY PLACE</strong><br><span>Surface: sealed</span><br><span>Length: 0.12 km</span><br><span>Length rank: 1,518</span></div>"
road_3314154,path,3314154,sealed,ANSFORD PLACE,0.1225881595913013,1519,24,#1464a5cc,#1464a5cc,@EAA{k{imI`cxbgAo_@bW}AxAs@`AUfAItAJbFf@zDp@xAl@rAv@hB,"<div><strong>ANSFORD PLACE</strong><br><span>Surface: sealed</span><br><span>Length: 0.12 km</span><br><span>Length rank: 1,519</span></div>"
road_3314075,path,3314075,sealed,NORTHVIEW LANE,0.1225167024160286,1520,24,#1464a5cc,#1464a5cc,@EAAomegmItv}`gApArAnTzQvC`BpEtArGzAtI|@|GCtFm@,"<div><strong>NORTHVIEW LANE</strong><br><span>Surface: sealed</span><br><span>Length: 0.12 km</span><br><span>Length rank: 1,520</span></div>"
road_3283335,path,3283335,sealed,CHARLES HENRY PLACE,0.1223008136852168,1521,24,#1464a5cc,#1464a5cc,@EAA}ichmI|_q~fAiDwD{SqUgC_DuCuFyHoP,"<div><strong>CHARLES HENRY PLACE</strong><br><span>Surface: sealed</span><br><span>Length: 0.12 km</span><br><span>Length rank: 1,521</span></div>"
road_3314367,path,3314367,sealed,MAXWELL PLACE,0.1221894386867779,1522,24,#1464a5cc,#1464a5cc,@EAA_``gmIj}e_gAjDjEhErG`FnFlC~AtBXfIs@zIeCfE_DrF}E,"<div><strong>MAXWELL PLACE</strong><br><span>Surface: sealed</span><br><span>Length: 0.12 km</span><br><span>Length rank: 1,522</span></div>"
road_6064539,path,6064539,sealed,QUEENS PARK CRESCENT,0.1221613208114987,1523,24,#1464a5cc,#1464a5cc,@EAA}tlhmIzavagAcg@}{@,"<div><strong>QUEENS PARK CRESCENT</strong><br><span>Surface: sealed</span><br><span>Length: 0.12 km</span><br><span>Length rank: 1,523</span></div>"
road_3314228,path,3314228,sealed,LITTLE LONDON LANE,0.1218956465654979,1524,24,#1464a5cc,#1464a5cc,@EAA_reimIdt_agAgErQw@pBaA`B{JlLoQ`T,"<div><strong>LITTLE LONDON LANE</strong><br><span>Surface: sealed</span><br><span>Length: 0.12 km</span><br><span>Length rank: 1,524</span></div>"
road_6082177,path,6082177,sealed,RENGARENGA CLOSE,0.12178939678625,1525,24,#1464a5cc,#1464a5cc,@EAAuowemIzp``gAiNiLuHiHgBqDyAcGC}EpAuGnBqF,"<div><strong>RENGARENGA CLOSE</strong><br><span>Surface: sealed</span><br><span>Length: 0.12 km</span><br><span>Length rank: 1,525</span></div>"
road_3314652,path,3314652,sealed,LOGAN COURT,0.1216114758136333,1526,24,#1464a5cc,#1464a5cc,@EAAsvzimIj|}~fA{B~C{CxCiCrAoFlCcGfE}Al@qBHkb@wI,"<div><strong>LOGAN COURT</strong><br><span>Surface: sealed</span><br><span>Length: 0.12 km</span><br><span>Length rank: 1,526</span></div>"
road_8329773,path,8329773,sealed,BOURN HEATH DRIVE,0.1215157050773678,1527,24,#1464a5cc,#1464a5cc,@EAAmsshmIndg}fAaf@aM{FiACA}`@}D,"<div><strong>BOURN HEATH DRIVE</strong><br><span>Surface: sealed</span><br><span>Length: 0.12 km</span><br><span>Length rank: 1,527</span></div>"
road_3313980,path,3313980,sealed,HADRIANS WAY,0.1214695618608541,1528,24,#1464a5cc,#1464a5cc,@EAAsq{emIfkv`gA}BjBqFrAsCJwTTcF`AoClAkShS,"<div><strong>HADRIANS WAY</strong><br><span>Surface: sealed</span><br><span>Length: 0.12 km</span><br><span>Length rank: 1,528</span></div>"
road_3314033,path,3314033,sealed,OLWYN GREEN,0.1211679922545623,1529,24,#1464a5cc,#1464a5cc,@EAAm|jgmI|weagA~F~ThJ`NlElCvF|BdO|C,"<div><strong>OLWYN GREEN</strong><br><span>Surface: sealed</span><br><span>Length: 0.12 km</span><br><span>Length rank: 1,529</span></div>"
road_3314260,path,3314260,sealed,SOMME CRESCENT,0.1210885447896678,1530,24,#1464a5cc,#1464a5cc,@EAAcabkmIbszagAoqA_R,"<div><strong>SOMME CRESCENT</strong><br><span>Surface: sealed</span><br><span>Length: 0.12 km</span><br><span>Length rank: 1,530</span></div>"
road_3314102,path,3314102,sealed,ROBYN PLACE,0.1208460679079875,1531,24,#1464a5cc,#1464a5cc,@EAAmd`gmIlxxagAkIoAqLmEcImFgC_CeBcE_FiPq@wD,"<div><strong>ROBYN PLACE</strong><br><span>Surface: sealed</span><br><span>Length: 0.12 km</span><br><span>Length rank: 1,531</span></div>"
road_3314050,path,3314050,sealed,LEYTON PLACE,0.1207990246038772,1532,24,#1464a5cc,#1464a5cc,@EAAkl|fmI|khagAxg@as@t@qE,"<div><strong>LEYTON PLACE</strong><br><span>Surface: sealed</span><br><span>Length: 0.12 km</span><br><span>Length rank: 1,532</span></div>"
road_3314355,path,3314355,sealed,ROSE STREET,0.1206243930657487,1533,24,#1464a5cc,#1464a5cc,@EAAuy_hmIfip`gAnr@gu@,"<div><strong>ROSE STREET</strong><br><span>Surface: sealed</span><br><span>Length: 0.12 km</span><br><span>Length rank: 1,533</span></div>"
road_3314060,path,3314060,sealed,ROTHWELL STREET,0.1201556817036448,1534,24,#1464a5cc,#1464a5cc,@EAAatdgmIt`vagAwVy{@Uy@{@o@,"<div><strong>ROTHWELL STREET</strong><br><span>Surface: sealed</span><br><span>Length: 0.12 km</span><br><span>Length rank: 1,534</span></div>"
road_3314701,path,3314701,sealed,THE PENINSULA,0.1201385993167993,1535,24,#1464a5cc,#1464a5cc,@EAAqpqimIzzq~fAy]kAkNYuKBkD\uH`BoBfAeBvB,"<div><strong>THE PENINSULA</strong><br><span>Surface: sealed</span><br><span>Length: 0.12 km</span><br><span>Length rank: 1,535</span></div>"
road_3314144,path,3314144,sealed,HOMESTEAD PLACE,0.1201234768867158,1536,24,#1464a5cc,#1464a5cc,@EAAijdjmItcqcgA_GpWkAnCcBjCiEzCiFlB}HdE_HxC,"<div><strong>HOMESTEAD PLACE</strong><br><span>Surface: sealed</span><br><span>Length: 0.12 km</span><br><span>Length rank: 1,536</span></div>"
road_8115377,path,8115377,sealed,,0.119937995025767,1537,24,#1464a5cc,#1464a5cc,@EAAy_olmIdzw`gAmBaA{FuA{UeFiX}FoKsBkEkA,"<div><strong>Road 8115377</strong><br><span>Surface: sealed</span><br><span>Length: 0.12 km</span><br><span>Length rank: 1,537</span></div>"
road_3314704,path,3314704,sealed,WAIMA LANE,0.1198106772706475,1538,24,#1464a5cc,#1464a5cc,@EAAo_eimIrez}fApAaEv@_FX{CCiEu@sDsAmEoFuJoHgN,"<div><strong>WAIMA LANE</strong><br><span>Surface: sealed</span><br><span>Length: 0.12 km</span><br><span>Length rank: 1,538</span></div>"
road_3314357,path,3314357,sealed,KOTAHI AVENUE,0.1196142524978046,1539,24,#1464a5cc,#1464a5cc,@EAAqjohmIjwm`gAdSea@UeC{@_DmCwDeBgCmDgF,"<div><strong>KOTAHI AVENUE</strong><br><span>Surface: sealed</span><br><span>Length: 0.12 km</span><br><span>Length rank: 1,539</span></div>"
road_3314301,path,3314301,sealed,CHANCERY CLOSE,0.1194993262530065,1540,24,#1464a5cc,#1464a5cc,@EAA_y{jmIpn~`gAkZi@gEPuCd@{@\uA`AStAc@`UBbF,"<div><strong>CHANCERY CLOSE</strong><br><span>Surface: sealed</span><br><span>Length: 0.12 km</span><br><span>Length rank: 1,540</span></div>"
road_3283120,path,3283120,sealed,WINGATE STREET,0.1194128773383002,1541,24,#1464a5cc,#1464a5cc,@EAAwjejmIr~qbgAym@zAkFfAmD`BkDfB_DfEyBxC,"<div><strong>WINGATE STREET</strong><br><span>Surface: sealed</span><br><span>Length: 0.12 km</span><br><span>Length rank: 1,541</span></div>"
road_3314724,path,3314724,sealed,CALLUM COURT,0.1193231253559599,1542,24,#1464a5cc,#1464a5cc,@EAA_ixhmIna`~fAKtBQ|EHzCHhCv@vAzBjC~GbDrFjChDhCxAnCx@pCjAnE,"<div><strong>CALLUM COURT</strong><br><span>Surface: sealed</span><br><span>Length: 0.12 km</span><br><span>Length rank: 1,542</span></div>"
road_3314152,path,3314152,sealed,TAWA STREET,0.1192834104598023,1543,24,#1464a5cc,#1464a5cc,@EAAskdimIzbtbgAc@lCx@vA~o@vTlCz@tD^~FX,"<div><strong>TAWA STREET</strong><br><span>Surface: sealed</span><br><span>Length: 0.12 km</span><br><span>Length rank: 1,543</span></div>"
road_3314233,path,3314233,sealed,EMMADALE LANE,0.1191512243726509,1544,24,#1464a5cc,#1464a5cc,@EAAgaljmIrs~`gAeCoj@WsKGyI,"<div><strong>EMMADALE LANE</strong><br><span>Surface: sealed</span><br><span>Length: 0.12 km</span><br><span>Length rank: 1,544</span></div>"
road_7742820,path,7742820,sealed,,0.1189472701559892,1545,24,#1464a5cc,#1464a5cc,@EAAqs_hmIb{e~fA~GxO~@tA~@pA\`AJjBRlBbAzAlAn@tLxBjBx@z@dApDjH,"<div><strong>Road 7742820</strong><br><span>Surface: sealed</span><br><span>Length: 0.12 km</span><br><span>Length rank: 1,545</span></div>"
road_3313989,path,3313989,sealed,ROSEHILL PLACE,0.1188042634407534,1546,24,#1464a5cc,#1464a5cc,@EAAmoffmIfsx`gAvF[fITpKjBzFvBj`@hU,"<div><strong>ROSEHILL PLACE</strong><br><span>Surface: sealed</span><br><span>Length: 0.12 km</span><br><span>Length rank: 1,546</span></div>"
road_3314685,path,3314685,sealed,ERIKA PLACE,0.1186220411581244,1547,24,#1464a5cc,#1464a5cc,@EAAeusjmIfj|_gAonAyT,"<div><strong>ERIKA PLACE</strong><br><span>Surface: sealed</span><br><span>Length: 0.12 km</span><br><span>Length rank: 1,547</span></div>"
road_3314218,path,3314218,sealed,NEWALL STREET,0.1184253754215175,1548,24,#1464a5cc,#1464a5cc,@EAAg|ejmI~gdbgAnoAhR,"<div><strong>NEWALL STREET</strong><br><span>Surface: sealed</span><br><span>Length: 0.12 km</span><br><span>Length rank: 1,548</span></div>"
road_3314091,path,3314091,sealed,HATEA PLACE,0.1183536685726998,1549,24,#1464a5cc,#1464a5cc,@EAA{vpfmIblcbgA_U~@yCf@oDxAaStSwHjJ,"<div><strong>HATEA PLACE</strong><br><span>Surface: sealed</span><br><span>Length: 0.12 km</span><br><span>Length rank: 1,549</span></div>"
road_7742878,path,7742878,sealed,ARAHI PLACE,0.1179791981461526,1550,24,#1464a5cc,#1464a5cc,@EAAqcghmIt|x|fAkG_KcZco@,"<div><strong>ARAHI PLACE</strong><br><span>Surface: sealed</span><br><span>Length: 0.12 km</span><br><span>Length rank: 1,550</span></div>"
road_3314150,path,3314150,sealed,HEATHER PLACE,0.1179237331796868,1551,24,#1464a5cc,#1464a5cc,@EAAkohimIpp{bgAtIoJlKuMhT}\,"<div><strong>HEATHER PLACE</strong><br><span>Surface: sealed</span><br><span>Length: 0.12 km</span><br><span>Length rank: 1,551</span></div>"
road_3314622,path,3314622,sealed,ROSEBURG STREET,0.1177741936921281,1552,24,#1464a5cc,#1464a5cc,@EAAaakimIdh{_gAvJnAlcA`O,"<div><strong>ROSEBURG STREET</strong><br><span>Surface: sealed</span><br><span>Length: 0.12 km</span><br><span>Length rank: 1,552</span></div>"
road_3314363,path,3314363,sealed,HAMPTON PLACE,0.1176248494678324,1553,24,#1464a5cc,#1464a5cc,@EAAopugmIn{x_gA_z@xm@,"<div><strong>HAMPTON PLACE</strong><br><span>Surface: sealed</span><br><span>Length: 0.12 km</span><br><span>Length rank: 1,553</span></div>"
road_8329736,path,8329736,sealed,,0.1172389567254774,1554,24,#1464a5cc,#1464a5cc,@EAAutzhmI~eu~fA~Rw~@@I,"<div><strong>Road 8329736</strong><br><span>Surface: sealed</span><br><span>Length: 0.12 km</span><br><span>Length rank: 1,554</span></div>"
road_3314216,path,3314216,sealed,COBHAM DRIVE,0.1170940542708713,1555,24,#1464a5cc,#1464a5cc,@EAAyvoimIxwxagAwKaPgIgGeMkHiQoL,"<div><strong>COBHAM DRIVE</strong><br><span>Surface: sealed</span><br><span>Length: 0.12 km</span><br><span>Length rank: 1,555</span></div>"
road_3314183,path,3314183,sealed,MILBURN LANE,0.1170460872675396,1556,24,#1464a5cc,#1464a5cc,@EAAaxrkmIjbebgAuHpLm_@fj@,"<div><strong>MILBURN LANE</strong><br><span>Surface: sealed</span><br><span>Length: 0.12 km</span><br><span>Length rank: 1,556</span></div>"
road_3314470,path,3314470,sealed,CROWDEN PLACE,0.1166555122547144,1557,24,#1464a5cc,#1464a5cc,@EAA}{_hmIn{p~fAGdH}AnEoCbE_ExCwd@lR,"<div><strong>CROWDEN PLACE</strong><br><span>Surface: sealed</span><br><span>Length: 0.12 km</span><br><span>Length rank: 1,557</span></div>"
road_3314748,path,3314748,sealed,ROSEWOOD COURT,0.1165544197829835,1558,24,#1464a5cc,#1464a5cc,@EAAm}timIpff~fAwC~ByE|G}AjDaAjDa@tCOtCShCm@vCg@|EZdEr@bE,"<div><strong>ROSEWOOD COURT</strong><br><span>Surface: sealed</span><br><span>Length: 0.12 km</span><br><span>Length rank: 1,558</span></div>"
road_3314443,path,3314443,sealed,MOSSLEA COURT,0.1163939550441043,1559,24,#1464a5cc,#1464a5cc,@EAAcejhmIf~n}fAgTlEcJnAqDEcCa@aEkCkM_T,"<div><strong>MOSSLEA COURT</strong><br><span>Surface: sealed</span><br><span>Length: 0.12 km</span><br><span>Length rank: 1,559</span></div>"
road_3314225,path,3314225,sealed,WARD LANE,0.1163886844600152,1560,24,#1464a5cc,#1464a5cc,@EAAgdhimIfmiagAsE}Aee@}TSu@\}A~H{IzAcB,"<div><strong>WARD LANE</strong><br><span>Surface: sealed</span><br><span>Length: 0.12 km</span><br><span>Length rank: 1,560</span></div>"
road_3314203,path,3314203,sealed,LUCIANNA LANE,0.116366654784201,1561,24,#1464a5cc,#1464a5cc,@EAAgegimItiaagA}DlE_PtPuAlBg@`AOnAD~BOzDApAo@`AiGpH,"<div><strong>LUCIANNA LANE</strong><br><span>Surface: sealed</span><br><span>Length: 0.12 km</span><br><span>Length rank: 1,561</span></div>"
road_3314611,path,3314611,sealed,CHARMAINE CRESCENT,0.1158965055771283,1562,24,#1464a5cc,#1464a5cc,@EAA}kqhmIn~s_gAsErHeFvIsXzc@,"<div><strong>CHARMAINE CRESCENT</strong><br><span>Surface: sealed</span><br><span>Length: 0.12 km</span><br><span>Length rank: 1,562</span></div>"
road_7742881,path,7742881,sealed,REPOITI COURT,0.1156416224168909,1563,24,#1464a5cc,#1464a5cc,@EAAsy~gmI~xt|fAkEoB{C}@iE{@wGy@qHu@iHe@qFMcFDsILiGX,"<div><strong>REPOITI COURT</strong><br><span>Surface: sealed</span><br><span>Length: 0.12 km</span><br><span>Length rank: 1,563</span></div>"
road_3314146,path,3314146,sealed,SACHA PLACE,0.1155395025626955,1564,24,#1464a5cc,#1464a5cc,@EAAsnajmIj~fcgAwn@yf@}GeF,"<div><strong>SACHA PLACE</strong><br><span>Surface: sealed</span><br><span>Length: 0.12 km</span><br><span>Length rank: 1,564</span></div>"
road_3314349,path,3314349,sealed,WESTNEY PLACE,0.1153138600573669,1565,24,#1464a5cc,#1464a5cc,@EAAqivgmInxn`gAkH}Cyy@{],"<div><strong>WESTNEY PLACE</strong><br><span>Surface: sealed</span><br><span>Length: 0.12 km</span><br><span>Length rank: 1,565</span></div>"
road_7742815,path,7742815,sealed,,0.1151928145221583,1566,24,#1464a5cc,#1464a5cc,@EAA__mgmIz{h~fAMsFQ}@G{@@_ARy@f@k@nGmCfAQhA?hAT|@p@fOnVPf@TtB,"<div><strong>Road 7742815</strong><br><span>Surface: sealed</span><br><span>Length: 0.12 km</span><br><span>Length rank: 1,566</span></div>"
road_3314342,path,3314342,sealed,CHRISTINE LANE,0.1145817610428413,1567,24,#1464a5cc,#1464a5cc,@EAAuqufmIpnk`gAtp@_r@,"<div><strong>CHRISTINE LANE</strong><br><span>Surface: sealed</span><br><span>Length: 0.11 km</span><br><span>Length rank: 1,567</span></div>"
road_3314743,path,3314743,sealed,GLENGOYNE PLACE,0.1144107143990919,1568,24,#1464a5cc,#1464a5cc,@EAAky~hmIzfa~fAu@yS_@sV[}R,"<div><strong>GLENGOYNE PLACE</strong><br><span>Surface: sealed</span><br><span>Length: 0.11 km</span><br><span>Length rank: 1,568</span></div>"
road_3314754,path,3314754,sealed,BUCHANAN PLACE,0.1143415262488958,1569,24,#1464a5cc,#1464a5cc,@EAAs|himIvoz}fA[cKa@wE}Lak@,"<div><strong>BUCHANAN PLACE</strong><br><span>Surface: sealed</span><br><span>Length: 0.11 km</span><br><span>Length rank: 1,569</span></div>"
road_3314353,path,3314353,sealed,MEWS PLACE,0.1141426631021501,1570,24,#1464a5cc,#1464a5cc,@EAAcpxgmIvmd`gAfHcAlGoB`JsD|CsBfB{CxBuEx@qBz@oA~BeCFIhBqBxA{A,"<div><strong>MEWS PLACE</strong><br><span>Surface: sealed</span><br><span>Length: 0.11 km</span><br><span>Length rank: 1,570</span></div>"
road_3314200,path,3314200,sealed,FINDLAY STREET,0.1136670813957636,1571,24,#1464a5cc,#1464a5cc,@EAAwotjmIzj}agAklA{P,"<div><strong>FINDLAY STREET</strong><br><span>Surface: sealed</span><br><span>Length: 0.11 km</span><br><span>Length rank: 1,571</span></div>"
road_8329771,path,8329771,sealed,REPONUI COURT,0.1135096761431135,1572,24,#1464a5cc,#1464a5cc,@EAAuldhmIhnt|fAaCeAyBe@uBIa}@rT,"<div><strong>REPONUI COURT</strong><br><span>Surface: sealed</span><br><span>Length: 0.11 km</span><br><span>Length rank: 1,572</span></div>"
road_3314428,path,3314428,sealed,HAREWOOD WAY,0.1134441939014903,1573,24,#1464a5cc,#1464a5cc,@EAAidmgmIvnk~fAm@pB_@jBLpEPlDHvDW|G]rCS`BaAdFiBfHTjB\p@,"<div><strong>HAREWOOD WAY</strong><br><span>Surface: sealed</span><br><span>Length: 0.11 km</span><br><span>Length rank: 1,573</span></div>"
road_7742821,path,7742821,sealed,,0.1134242406254532,1574,24,#1464a5cc,#1464a5cc,@EAAq}|gmIfyd~fAbBbD~@zBx@fAnAr@pBd@~DVdD\`Bx@jAjAzBpDHbAc@hAwBtByC|AeJtC,"<div><strong>Road 7742821</strong><br><span>Surface: sealed</span><br><span>Length: 0.11 km</span><br><span>Length rank: 1,574</span></div>"
road_3314759,path,3314759,sealed,EBONY COURT,0.1133787666298466,1575,24,#1464a5cc,#1464a5cc,@EAAacthmItvo}fAZbBxBdN|@hFB`Ey@tA{@lAyDfA{F`AkPnA,"<div><strong>EBONY COURT</strong><br><span>Surface: sealed</span><br><span>Length: 0.11 km</span><br><span>Length rank: 1,575</span></div>"
road_3314684,path,3314684,sealed,TERENCE STREET,0.1131532370910525,1576,24,#1464a5cc,#1464a5cc,@EAA}rzjmIr}_`gAhYc{@,"<div><strong>TERENCE STREET</strong><br><span>Surface: sealed</span><br><span>Length: 0.11 km</span><br><span>Length rank: 1,576</span></div>"
road_3283324,path,3283324,sealed,BELLONA PLACE,0.1131126537227906,1577,24,#1464a5cc,#1464a5cc,@EAAgmugmIflq}fAyMtWi@rAeAhCi@tB{HtOInB`@~A,"<div><strong>BELLONA PLACE</strong><br><span>Surface: sealed</span><br><span>Length: 0.11 km</span><br><span>Length rank: 1,577</span></div>"
road_3314699,path,3314699,sealed,SAN MARCO LANE,0.1129841025988493,1578,24,#1464a5cc,#1464a5cc,@EAAgkzhmI`yj~fA_KaAgVsAwCXaAh@wYbS,"<div><strong>SAN MARCO LANE</strong><br><span>Surface: sealed</span><br><span>Length: 0.11 km</span><br><span>Length rank: 1,578</span></div>"
road_7742805,path,7742805,sealed,CLYDE STREET,0.1125920509569233,1579,24,#1464a5cc,#1464a5cc,@EAA}_bkmI|hoagAdBLbBA|BYvC]nAQ~Ac@tBo@v@w@G{@S_Au@}@_Aq@kAO}ARmAToAReAFsAFqCBeCVo@h@_@n@DfAVzAt@z@hA`@,"<div><strong>CLYDE STREET</strong><br><span>Surface: sealed</span><br><span>Length: 0.11 km</span><br><span>Length rank: 1,579</span></div>"
road_3283005,path,3283005,sealed,CORSAIR PLACE,0.1125251555497927,1580,24,#1464a5cc,#1464a5cc,@EAAcimhmIjzdcgA_FjBoDn@wTjDeBz@wAtAgCt@uCZaPzBcFr@,"<div><strong>CORSAIR PLACE</strong><br><span>Surface: sealed</span><br><span>Length: 0.11 km</span><br><span>Length rank: 1,580</span></div>"
road_8329744,path,8329744,sealed,JASPERS WAY,0.1125183523983898,1581,24,#1464a5cc,#1464a5cc,@EAAkzaimIfu|}fAl@l@^l@TbCFzC?lCGpAQlA}Ax@{BBeDy@y@_CmAoCm@{ASqA^cBx@_@jAStBEzEqA,"<div><strong>JASPERS WAY</strong><br><span>Surface: sealed</span><br><span>Length: 0.11 km</span><br><span>Length rank: 1,581</span></div>"
road_3283083,path,3283083,sealed,GROVE PLACE,0.1124480049744408,1582,24,#1464a5cc,#1464a5cc,@EAAcnegmIxm_bgA~Jme@rDiV,"<div><strong>GROVE PLACE</strong><br><span>Surface: sealed</span><br><span>Length: 0.11 km</span><br><span>Length rank: 1,582</span></div>"
road_3313970,path,3313970,sealed,ASHBOURNE LANE,0.1123986000842508,1583,24,#1464a5cc,#1464a5cc,@EAAujifmIjezagAePqI{GiCcIqAmEC}Gp@cHbDwE`E,"<div><strong>ASHBOURNE LANE</strong><br><span>Surface: sealed</span><br><span>Length: 0.11 km</span><br><span>Length rank: 1,583</span></div>"
road_3314614,path,3314614,sealed,PEARL PLACE,0.1123270414629728,1584,24,#1464a5cc,#1464a5cc,@EAA{~vhmIvxl_gA~BeDx@oB~G}s@,"<div><strong>PEARL PLACE</strong><br><span>Surface: sealed</span><br><span>Length: 0.11 km</span><br><span>Length rank: 1,584</span></div>"
road_3314374,path,3314374,sealed,MAAHUTAUPEKE PLACE,0.1120530016362129,1585,24,#1464a5cc,#1464a5cc,@EAAyvqgmIbaa_gA}F|AkFvBmC`AuA`AwApBWpBTfBfQlZ,"<div><strong>MAAHUTAUPEKE PLACE</strong><br><span>Surface: sealed</span><br><span>Length: 0.11 km</span><br><span>Length rank: 1,585</span></div>"
road_3313976,path,3313976,sealed,ELIZA PLACE,0.1119777979416636,1586,24,#1464a5cc,#1464a5cc,@EAAqwuemIf}z`gAcEmB_GaCgByAsBwBw@uE`AgFtBcFxFaKbB{C,"<div><strong>ELIZA PLACE</strong><br><span>Surface: sealed</span><br><span>Length: 0.11 km</span><br><span>Length rank: 1,586</span></div>"
road_3314734,path,3314734,sealed,BALLANTRAE PLACE,0.1118412391353619,1587,24,#1464a5cc,#1464a5cc,@EAA{ycimI~sm~fAkOpBaBn@k@r@o@nAEhCZtApEdKjEvFlIbH,"<div><strong>BALLANTRAE PLACE</strong><br><span>Surface: sealed</span><br><span>Length: 0.11 km</span><br><span>Length rank: 1,587</span></div>"
road_3314145,path,3314145,sealed,ESSENDON COURT,0.1117764605565532,1588,24,#1464a5cc,#1464a5cc,@EAAymhjmIt~lcgAdQuCvDmEsI_f@,"<div><strong>ESSENDON COURT</strong><br><span>Surface: sealed</span><br><span>Length: 0.11 km</span><br><span>Length rank: 1,588</span></div>"
road_3314484,path,3314484,sealed,CLAYMORE PLACE,0.1117083002501055,1589,24,#1464a5cc,#1464a5cc,@EAAyolgmI`xr}fAiIm@{J_AeI_BgG_DoHcDkHmB_K}C,"<div><strong>CLAYMORE PLACE</strong><br><span>Surface: sealed</span><br><span>Length: 0.11 km</span><br><span>Length rank: 1,589</span></div>"
road_7742822,path,7742822,sealed,,0.1115026943423926,1590,24,#1464a5cc,#1464a5cc,@EAAgs}gmI`be~fAgI{GkAo@aBy@wFqBgDkA_GqA}AWgB[oLkBoBa@}FiB,"<div><strong>Road 7742822</strong><br><span>Surface: sealed</span><br><span>Length: 0.11 km</span><br><span>Length rank: 1,590</span></div>"
road_3314455,path,3314455,sealed,AMBERLEY PLACE,0.1113306958107669,1591,24,#1464a5cc,#1464a5cc,@EAA_azfmIpt}}fAD_DEaCSqBkIy`@_DuM,"<div><strong>AMBERLEY PLACE</strong><br><span>Surface: sealed</span><br><span>Length: 0.11 km</span><br><span>Length rank: 1,591</span></div>"
road_3314735,path,3314735,sealed,ASPEN COURT,0.111169439575633,1592,24,#1464a5cc,#1464a5cc,@EAAaalimI~ar~fAsBbBoKzEgJ`EwD~AyAb@gB\}B^eBT_BXaCp@qAl@_AZoAT}FR,"<div><strong>ASPEN COURT</strong><br><span>Surface: sealed</span><br><span>Length: 0.11 km</span><br><span>Length rank: 1,592</span></div>"
road_8329709,path,8329709,metalled,,0.1111061278185887,1593,24,#bb7f22cc,#bb7f22cc,@EAAs~lemId|p`gAmd@}EmVcB}NuB,"<div><strong>Road 8329709</strong><br><span>Surface: metalled</span><br><span>Length: 0.11 km</span><br><span>Length rank: 1,593</span></div>"
road_3314270,path,3314270,sealed,BISLEY ROAD,0.1108103424427077,1594,24,#1464a5cc,#1464a5cc,@EAAmxujmIjfs`gAck@pr@,"<div><strong>BISLEY ROAD</strong><br><span>Surface: sealed</span><br><span>Length: 0.11 km</span><br><span>Length rank: 1,594</span></div>"
road_3314219,path,3314219,sealed,WIREMU STREET,0.110704861029675,1595,24,#1464a5cc,#1464a5cc,@EAAkxbjmIfbcbgA`D}OAqEw@wEeC}FeFgFoDmBiDu@mCM,"<div><strong>WIREMU STREET</strong><br><span>Surface: sealed</span><br><span>Length: 0.11 km</span><br><span>Length rank: 1,595</span></div>"
road_3313947,path,3313947,sealed,PYGMALION PLACE,0.1106745331578735,1596,24,#1464a5cc,#1464a5cc,@EAAi|{fmI~lkbgAlHxN\fC]|AaC|BcG`DgEzBsGlEyFxD,"<div><strong>PYGMALION PLACE</strong><br><span>Surface: sealed</span><br><span>Length: 0.11 km</span><br><span>Length rank: 1,596</span></div>"
road_3314784,path,3314784,sealed,TARRANGO WAY,0.1105435869061033,1597,24,#1464a5cc,#1464a5cc,@EAAu~bimIdzd~fAz@dErDdKBjAUlAe@hAm@n@{@ZmA?sAIaDe@g[oF,"<div><strong>TARRANGO WAY</strong><br><span>Surface: sealed</span><br><span>Length: 0.11 km</span><br><span>Length rank: 1,597</span></div>"
road_3314726,path,3314726,sealed,NORTHMEADOW DRIVE,0.1105329333713135,1598,24,#1464a5cc,#1464a5cc,@EAA}ythmIvo~}fArGmDjDuA~Do@lOA~Bo@x@sA~@cQ[yAu@mA,"<div><strong>NORTHMEADOW DRIVE</strong><br><span>Surface: sealed</span><br><span>Length: 0.11 km</span><br><span>Length rank: 1,598</span></div>"
road_7742826,path,7742826,sealed,,0.1105091136202095,1599,24,#1464a5cc,#1464a5cc,@EAAg_ehmI|cj~fAzEdAnAZnAb@r@j@Nt@Mx@yQ|j@,"<div><strong>Road 7742826</strong><br><span>Surface: sealed</span><br><span>Length: 0.11 km</span><br><span>Length rank: 1,599</span></div>"
road_7742865,path,7742865,sealed,AVIAN PLACE,0.1104399586566489,1600,24,#1464a5cc,#1464a5cc,@EAAa}sfmIvk`}fALxGj@`^~A|EjAzBLvCeArD,"<div><strong>AVIAN PLACE</strong><br><span>Surface: sealed</span><br><span>Length: 0.11 km</span><br><span>Length rank: 1,600</span></div>"
road_3314698,path,3314698,sealed,VERMONT COURT,0.1103487265612511,1601,24,#1464a5cc,#1464a5cc,@EAAsodimIluv~fAyEpA}D`AuFpAcFh@cETwEBwFg@cCkAuDmBuDqCwCoC,"<div><strong>VERMONT COURT</strong><br><span>Surface: sealed</span><br><span>Length: 0.11 km</span><br><span>Length rank: 1,601</span></div>"
road_3314565,path,3314565,sealed,BELLONA PLACE,0.110233683875228,1602,24,#1464a5cc,#1464a5cc,@EAA_jvgmIvfs}fAcDn@iElA}B|@cA`@w@z@{AfBwBzDgBfEYpAG`B?pD@rAThBhDrCbBfA,"<div><strong>BELLONA PLACE</strong><br><span>Surface: sealed</span><br><span>Length: 0.11 km</span><br><span>Length rank: 1,602</span></div>"
road_3313939,path,3313939,sealed,MARKET STREET,0.1101436967567947,1603,24,#1464a5cc,#1464a5cc,@EAAu`temIvbkcgAnJvs@x@hG,"<div><strong>MARKET STREET</strong><br><span>Surface: sealed</span><br><span>Length: 0.11 km</span><br><span>Length rank: 1,603</span></div>"
road_3314467,path,3314467,sealed,TAUHARA DRIVE,0.1099733144057134,1604,24,#1464a5cc,#1464a5cc,@EAAuc`hmId}x~fAeFeEiZkVqBcAcCe@cQiA,"<div><strong>TAUHARA DRIVE</strong><br><span>Surface: sealed</span><br><span>Length: 0.11 km</span><br><span>Length rank: 1,604</span></div>"
road_3314352,path,3314352,sealed,LONGFORD COURT,0.1099562682778618,1605,24,#1464a5cc,#1464a5cc,@EAAi~xgmI~ce`gAeq@jn@,"<div><strong>LONGFORD COURT</strong><br><span>Surface: sealed</span><br><span>Length: 0.11 km</span><br><span>Length rank: 1,605</span></div>"
road_3314131,path,3314131,sealed,SUNNYHILLS AVENUE,0.1098217876034234,1606,24,#1464a5cc,#1464a5cc,@EAAu_ximIbnycgAz^fC~C@pDq@tBq@tAmAxBwDPmEsAyF,"<div><strong>SUNNYHILLS AVENUE</strong><br><span>Surface: sealed</span><br><span>Length: 0.11 km</span><br><span>Length rank: 1,606</span></div>"
road_3314462,path,3314462,sealed,TITOKI PLACE,0.1097295627151107,1607,24,#1464a5cc,#1464a5cc,@EAAayagmIfku~fAxB~AjEd@za@cAvN}@bMaC,"<div><strong>TITOKI PLACE</strong><br><span>Surface: sealed</span><br><span>Length: 0.11 km</span><br><span>Length rank: 1,607</span></div>"
road_8329689,path,8329689,sealed,KAAKANO LANE,0.1097208063032976,1608,24,#1464a5cc,#1464a5cc,@EAAgl_fmIfkocgA}KeSqFeFoCaC_NoIsHwB,"<div><strong>KAAKANO LANE</strong><br><span>Surface: sealed</span><br><span>Length: 0.11 km</span><br><span>Length rank: 1,608</span></div>"
road_3314273,path,3314273,sealed,PRESCOTT PLACE,0.1096886643982318,1609,24,#1464a5cc,#1464a5cc,@EAAwobkmIrj|agAoJ`|@,"<div><strong>PRESCOTT PLACE</strong><br><span>Surface: sealed</span><br><span>Length: 0.11 km</span><br><span>Length rank: 1,609</span></div>"
road_3314756,path,3314756,sealed,HOLCROFT PLACE,0.1096879752199366,1610,24,#1464a5cc,#1464a5cc,@EAA_i`imIlrv}fAaSfD}DrAeCtBaAxCA~A~@bE`@tDZxBjBfI,"<div><strong>HOLCROFT PLACE</strong><br><span>Surface: sealed</span><br><span>Length: 0.11 km</span><br><span>Length rank: 1,610</span></div>"
road_3314538,path,3314538,sealed,RIVER ROAD,0.1096616553303023,1611,24,#1464a5cc,#1464a5cc,@EAAufsgmIvlk~fAKx@[z@k@v@w@n@cAd@kAVqAJsAAoAMiA[w@a@_Aw@g@y@W_AE_AHaAZ}@h@w@x@o@bAe@jAYpAKpA@pANhAZ`Af@t@p@f@x@V`AFfA,"<div><strong>RIVER ROAD</strong><br><span>Surface: sealed</span><br><span>Length: 0.11 km</span><br><span>Length rank: 1,611</span></div>"
road_3314224,path,3314224,sealed,CARO STREET,0.1094637959022775,1612,24,#1464a5cc,#1464a5cc,@EAAqkjimIf}kagAdAL|Ap@`x@ta@,"<div><strong>CARO STREET</strong><br><span>Surface: sealed</span><br><span>Length: 0.11 km</span><br><span>Length rank: 1,612</span></div>"
road_3314062,path,3314062,sealed,PITT STREET,0.1092416766632777,1613,24,#1464a5cc,#1464a5cc,@EAAa`tgmI`hwagAwcAwEeGU,"<div><strong>PITT STREET</strong><br><span>Surface: sealed</span><br><span>Length: 0.11 km</span><br><span>Length rank: 1,613</span></div>"
road_3314281,path,3314281,sealed,GAZELEY AVENUE,0.109208373974216,1614,24,#1464a5cc,#1464a5cc,@EAAsdykmInhpagA}t@bk@,"<div><strong>GAZELEY AVENUE</strong><br><span>Surface: sealed</span><br><span>Length: 0.11 km</span><br><span>Length rank: 1,614</span></div>"
road_3283124,path,3283124,sealed,LAMBERT COURT,0.1091372385140829,1615,24,#1464a5cc,#1464a5cc,@EAAiktimIt~mcgAnFtNvQbi@,"<div><strong>LAMBERT COURT</strong><br><span>Surface: sealed</span><br><span>Length: 0.11 km</span><br><span>Length rank: 1,615</span></div>"
road_8329719,path,8329719,sealed,,0.1090050892547682,1616,24,#1464a5cc,#1464a5cc,@EAAw`{fmI|}_~fAhN`VxN|VDHrC~E,"<div><strong>Road 8329719</strong><br><span>Surface: sealed</span><br><span>Length: 0.11 km</span><br><span>Length rank: 1,616</span></div>"
road_3314609,path,3314609,sealed,RUMNEY STREET,0.1089854096510547,1617,24,#1464a5cc,#1464a5cc,@EAAwuuhmIxc``gAciAgP,"<div><strong>RUMNEY STREET</strong><br><span>Surface: sealed</span><br><span>Length: 0.11 km</span><br><span>Length rank: 1,617</span></div>"
road_6064566,path,6064566,sealed,STADIUM LANE,0.1087776550160583,1618,24,#1464a5cc,#1464a5cc,@EAAu{ohmIflx`gA~XcHfAWn@e@?y@C_B@w@v@a@fZ_HxBk@,"<div><strong>STADIUM LANE</strong><br><span>Surface: sealed</span><br><span>Length: 0.11 km</span><br><span>Length rank: 1,618</span></div>"
road_3314088,path,3314088,sealed,DENZ STREET,0.108742581603513,1619,24,#1464a5cc,#1464a5cc,@EAAo_`hmIhku`gAvBzDzAv@xFlBfs@tO,"<div><strong>DENZ STREET</strong><br><span>Surface: sealed</span><br><span>Length: 0.11 km</span><br><span>Length rank: 1,619</span></div>"
road_8329696,path,8329696,sealed,TE TIIREKE DRIVE,0.1087210413219204,1620,24,#1464a5cc,#1464a5cc,@EAA__njmIxhrcgA_q@pH{WhD,"<div><strong>TE TIIREKE DRIVE</strong><br><span>Surface: sealed</span><br><span>Length: 0.11 km</span><br><span>Length rank: 1,620</span></div>"
road_7742787,path,7742787,sealed,COSMITH LANE,0.1086250680514618,1621,24,#1464a5cc,#1464a5cc,@EAAsgigmIrzzagA}C}L}@gA{CgAwBa@_A{AuAwFuHwV,"<div><strong>COSMITH LANE</strong><br><span>Surface: sealed</span><br><span>Length: 0.11 km</span><br><span>Length rank: 1,621</span></div>"
road_3314628,path,3314628,sealed,ST KILDA PLACE,0.1086212717830294,1622,24,#1464a5cc,#1464a5cc,@EAAe|qjmIri``gAqYlx@,"<div><strong>ST KILDA PLACE</strong><br><span>Surface: sealed</span><br><span>Length: 0.11 km</span><br><span>Length rank: 1,622</span></div>"
road_3314502,path,3314502,sealed,CLEWER LANE,0.1083728681021457,1623,24,#1464a5cc,#1464a5cc,@EAAab|fmId_o}fAcCWgCEyBBw~@~F,"<div><strong>CLEWER LANE</strong><br><span>Surface: sealed</span><br><span>Length: 0.11 km</span><br><span>Length rank: 1,623</span></div>"
road_3314056,path,3314056,sealed,LEMON STREET,0.108061037961332,1624,24,#1464a5cc,#1464a5cc,@EAAozvgmIhhabgAfeAmW,"<div><strong>LEMON STREET</strong><br><span>Surface: sealed</span><br><span>Length: 0.11 km</span><br><span>Length rank: 1,624</span></div>"
road_3314042,path,3314042,sealed,PAGET LANE,0.1079845522465392,1625,24,#1464a5cc,#1464a5cc,@EAAec~fmI~i{agAnMsc@\cBF}B?gN,"<div><strong>PAGET LANE</strong><br><span>Surface: sealed</span><br><span>Length: 0.11 km</span><br><span>Length rank: 1,625</span></div>"
road_3314499,path,3314499,sealed,HIGHVIEW COURT,0.1078139235993144,1626,24,#1464a5cc,#1464a5cc,@EAAyqvfmIvzm}fAgCeAwBWcWBkTiAeLO}DAsAB,"<div><strong>HIGHVIEW COURT</strong><br><span>Surface: sealed</span><br><span>Length: 0.11 km</span><br><span>Length rank: 1,626</span></div>"
road_3314615,path,3314615,sealed,MARNE STREET,0.1073609364478254,1627,24,#1464a5cc,#1464a5cc,@EAAetjimIj~p`gAySjc@_G`NaAvB,"<div><strong>MARNE STREET</strong><br><span>Surface: sealed</span><br><span>Length: 0.11 km</span><br><span>Length rank: 1,627</span></div>"
road_3314276,path,3314276,sealed,CORBETT AVENUE,0.1073017830890571,1628,24,#1464a5cc,#1464a5cc,@EAAapqkmIbmabgAl}@qa@,"<div><strong>CORBETT AVENUE</strong><br><span>Surface: sealed</span><br><span>Length: 0.11 km</span><br><span>Length rank: 1,628</span></div>"
road_3313994,path,3313994,sealed,PRINNBANK TERRACE,0.1072642220747251,1629,24,#1464a5cc,#1464a5cc,@EAA}rmfmIb}`bgAmIk@uFOkD^wAt@{@lAIzAXrBhA|@~Bx@lB@~ASlBq@vD_CtDkF,"<div><strong>PRINNBANK TERRACE</strong><br><span>Surface: sealed</span><br><span>Length: 0.11 km</span><br><span>Length rank: 1,629</span></div>"
road_3314293,path,3314293,sealed,MAY STREET,0.1072500275225569,1630,24,#1464a5cc,#1464a5cc,@EAAc~fkmI|ydagAai@cOsB?{Af@yRnG,"<div><strong>MAY STREET</strong><br><span>Surface: sealed</span><br><span>Length: 0.11 km</span><br><span>Length rank: 1,630</span></div>"
road_3314514,path,3314514,sealed,CHATHAM PLACE,0.1071841901322021,1631,24,#1464a5cc,#1464a5cc,@EAAumdhmInnj}fAyS}@uE[cC]gDBgFf@mEH_DNaDZmBDmAc@}@uAkA_B,"<div><strong>CHATHAM PLACE</strong><br><span>Surface: sealed</span><br><span>Length: 0.11 km</span><br><span>Length rank: 1,631</span></div>"
road_3314243,path,3314243,sealed,TRISTRAM STREET,0.1071115798004204,1632,24,#1464a5cc,#1464a5cc,@EAAkioimIp{xagA|@tBF~@K~@Y|@i@t@w@l@aAd@kAVoAJoAAyAQ}@WaAg@s@o@e@w@W}@E_AH_AX}@j@u@t@m@bAe@hAWnAKpA@lALhAZ~@f@r@n@,"<div><strong>TRISTRAM STREET</strong><br><span>Surface: sealed</span><br><span>Length: 0.11 km</span><br><span>Length rank: 1,632</span></div>"
road_6064543,path,6064543,sealed,NICOLA JEAN PLACE,0.1069217857335445,1633,24,#1464a5cc,#1464a5cc,@EAAg}pfmIzxj}fArI|D|JtEpMxEtPbG~GzC,"<div><strong>NICOLA JEAN PLACE</strong><br><span>Surface: sealed</span><br><span>Length: 0.11 km</span><br><span>Length rank: 1,633</span></div>"
road_3314747,path,3314747,sealed,CAMBERLEY WAY,0.1069191297444193,1634,24,#1464a5cc,#1464a5cc,@EAA}hsimIxrf~fAeGf^yD|Z,"<div><strong>CAMBERLEY WAY</strong><br><span>Surface: sealed</span><br><span>Length: 0.11 km</span><br><span>Length rank: 1,634</span></div>"
road_3314190,path,3314190,sealed,EARLS COURT,0.1067883543365112,1635,24,#1464a5cc,#1464a5cc,@EAAsjclmIhdibgAeBlBy@jAi@|@]bA]bAcEfPEfAHfAp@rAtAbA|B`AzBr@fCXnBDvDC,"<div><strong>EARLS COURT</strong><br><span>Surface: sealed</span><br><span>Length: 0.11 km</span><br><span>Length rank: 1,635</span></div>"
road_3314285,path,3314285,sealed,CROSHER PLACE,0.1067772240523113,1636,24,#1464a5cc,#1464a5cc,@EAAqw~kmIr`qagA}@oBoAkA{AaAiXaNwWoN,"<div><strong>CROSHER PLACE</strong><br><span>Surface: sealed</span><br><span>Length: 0.11 km</span><br><span>Length rank: 1,636</span></div>"
road_3314147,path,3314147,sealed,BROOKBANK PLACE,0.106632968883211,1637,24,#1464a5cc,#1464a5cc,@EAA}_hjmIz{fcgAd@a{@,"<div><strong>BROOKBANK PLACE</strong><br><span>Surface: sealed</span><br><span>Length: 0.11 km</span><br><span>Length rank: 1,637</span></div>"
road_7742855,path,7742855,sealed,SHRULE PLACE,0.1064682497769449,1638,24,#1464a5cc,#1464a5cc,@EAAmj}hmIruu}fA{@iV_A}FcMgY,"<div><strong>SHRULE PLACE</strong><br><span>Surface: sealed</span><br><span>Length: 0.11 km</span><br><span>Length rank: 1,638</span></div>"
road_3313987,path,3313987,sealed,ROSEHILL PLACE,0.1063928264343766,1639,24,#1464a5cc,#1464a5cc,@EAAczbfmIx_{`gAaFiJwEeG{E{EyW}S,"<div><strong>ROSEHILL PLACE</strong><br><span>Surface: sealed</span><br><span>Length: 0.11 km</span><br><span>Length rank: 1,639</span></div>"
road_3314746,path,3314746,sealed,BELGRAVE COURT,0.1062494098899393,1640,24,#1464a5cc,#1464a5cc,@EAAsgqimIrag~fAeDjOiApDo@fDO|D_@pEwCjHiEpF,"<div><strong>BELGRAVE COURT</strong><br><span>Surface: sealed</span><br><span>Length: 0.11 km</span><br><span>Length rank: 1,640</span></div>"
road_3314513,path,3314513,sealed,FOXBURY COURT,0.1061172772388855,1641,24,#1464a5cc,#1464a5cc,@EAAeuhhmIr_q}fAeVaB{OYcLDuTO,"<div><strong>FOXBURY COURT</strong><br><span>Surface: sealed</span><br><span>Length: 0.11 km</span><br><span>Length rank: 1,641</span></div>"
road_3314449,path,3314449,sealed,RONALD COURT,0.1059398406780888,1642,24,#1464a5cc,#1464a5cc,@EAAghsfmIh}j~fAeNly@,"<div><strong>RONALD COURT</strong><br><span>Surface: sealed</span><br><span>Length: 0.11 km</span><br><span>Length rank: 1,642</span></div>"
road_3314239,path,3314239,sealed,DILLICAR STREET,0.1058916267922968,1643,24,#1464a5cc,#1464a5cc,@EAAwwyhmIx|t`gAeYcOsFeCwC}@_Do@aCaA_BsA_@_AMu@YSWSsAEuA\,"<div><strong>DILLICAR STREET</strong><br><span>Surface: sealed</span><br><span>Length: 0.11 km</span><br><span>Length rank: 1,643</span></div>"
road_3314469,path,3314469,sealed,THE AVENUE,0.1056389654844932,1644,24,#1464a5cc,#1464a5cc,@EAA_|}gmIjpr~fAba@`HbCj@`BvA|GhOn@vD,"<div><strong>THE AVENUE</strong><br><span>Surface: sealed</span><br><span>Length: 0.11 km</span><br><span>Length rank: 1,644</span></div>"
road_3314471,path,3314471,sealed,LONGWOOD PLACE,0.1054437459699579,1645,24,#1464a5cc,#1464a5cc,@EAAyjfhmIz{t~fAxHiDpg@{TvCgCvBmC,"<div><strong>LONGWOOD PLACE</strong><br><span>Surface: sealed</span><br><span>Length: 0.11 km</span><br><span>Length rank: 1,645</span></div>"
road_3314772,path,3314772,sealed,THOMAS ROAD,0.1052737784714504,1646,24,#1464a5cc,#1464a5cc,@EAA}vyhmIhg{}fAkBCmAHiAXaAb@u@l@i@t@[x@GjBZlAd@v@r@n@~@d@fAZlALlA@lAKhAW`Ac@r@i@d@o@\q@HcACkAU}@e@w@s@o@_Ae@wBe@,"<div><strong>THOMAS ROAD</strong><br><span>Surface: sealed</span><br><span>Length: 0.11 km</span><br><span>Length rank: 1,646</span></div>"
road_3314255,path,3314255,sealed,BISLEY ROAD,0.1051728214485512,1647,24,#1464a5cc,#1464a5cc,@EAAinsjmI`is`gAuVTaUF{GIiJq@eGw@,"<div><strong>BISLEY ROAD</strong><br><span>Surface: sealed</span><br><span>Length: 0.11 km</span><br><span>Length rank: 1,647</span></div>"
road_3314501,path,3314501,sealed,HAWTRY LANE,0.1051542963275231,1648,24,#1464a5cc,#1464a5cc,@EAAk~yfmI`hn}fAyAx@kBfAeCrB_JdIkEhEq@pAa@zA[tAAnAfAdN,"<div><strong>HAWTRY LANE</strong><br><span>Surface: sealed</span><br><span>Length: 0.11 km</span><br><span>Length rank: 1,648</span></div>"
road_3314369,path,3314369,sealed,GARLAND DRIVE,0.1050779966311625,1649,24,#1464a5cc,#1464a5cc,@EAAq_ngmI~mh_gAeJjE_ClAyDjBiF~DwR|TqAnA,"<div><strong>GARLAND DRIVE</strong><br><span>Surface: sealed</span><br><span>Length: 0.11 km</span><br><span>Length rank: 1,649</span></div>"
road_8329722,path,8329722,sealed,BOSUN PLACE,0.1050611500717354,1650,24,#1464a5cc,#1464a5cc,@EAAsddgmIni}}fAkA|NChCT|B`@tBrCrITlCOlCsAtI,"<div><strong>BOSUN PLACE</strong><br><span>Surface: sealed</span><br><span>Length: 0.11 km</span><br><span>Length rank: 1,650</span></div>"
road_3283082,path,3283082,sealed,MONTANA PLACE,0.1049442991624726,1651,24,#1464a5cc,#1464a5cc,@EAAmhzfmIli|agAfAwDPcCdB{o@,"<div><strong>MONTANA PLACE</strong><br><span>Surface: sealed</span><br><span>Length: 0.10 km</span><br><span>Length rank: 1,651</span></div>"
road_3314375,path,3314375,sealed,CLARKSON CLOSE,0.1048517060521646,1652,24,#1464a5cc,#1464a5cc,@EAA_pvgmI|h~~fAka@tT_VxN,"<div><strong>CLARKSON CLOSE</strong><br><span>Surface: sealed</span><br><span>Length: 0.10 km</span><br><span>Length rank: 1,652</span></div>"
road_3313965,path,3313965,sealed,BIRCH HILL PLACE,0.1047176999021176,1653,24,#1464a5cc,#1464a5cc,@EAAmonfmIh`cbgA{H`Ry@dGHnFhE~T,"<div><strong>BIRCH HILL PLACE</strong><br><span>Surface: sealed</span><br><span>Length: 0.10 km</span><br><span>Length rank: 1,653</span></div>"
road_3314638,path,3314638,sealed,EUCALYPTUS PLACE,0.1044697878458598,1654,23,#1464a5cc,#1464a5cc,@EAAcbrimIlti_gAfBbCtC~Bju@bU,"<div><strong>EUCALYPTUS PLACE</strong><br><span>Surface: sealed</span><br><span>Length: 0.10 km</span><br><span>Length rank: 1,654</span></div>"
road_3314762,path,3314762,sealed,BARWICK PLACE,0.1044253090504916,1655,23,#1464a5cc,#1464a5cc,@EAA_inimIx`p}fAsL}_@KiBOsC?{DHcEDcC,"<div><strong>BARWICK PLACE</strong><br><span>Surface: sealed</span><br><span>Length: 0.10 km</span><br><span>Length rank: 1,655</span></div>"
road_3314046,path,3314046,sealed,GLENMORGAN PLACE,0.1042900111281332,1656,23,#1464a5cc,#1464a5cc,@EAA{|wfmI~vlagAmCnI}Lj^eAfG\zD,"<div><strong>GLENMORGAN PLACE</strong><br><span>Surface: sealed</span><br><span>Length: 0.10 km</span><br><span>Length rank: 1,656</span></div>"
road_3314751,path,3314751,sealed,TUPE LANE,0.1042593562133939,1657,23,#1464a5cc,#1464a5cc,@EAA}dbimIhk{}fAq@mEeAqEgA_EoBaEcAmBeBoB_CuBuByA}Aw@eDqAyG{A,"<div><strong>TUPE LANE</strong><br><span>Surface: sealed</span><br><span>Length: 0.10 km</span><br><span>Length rank: 1,657</span></div>"
road_3314616,path,3314616,sealed,SALE STREET,0.1041837752167525,1658,23,#1464a5cc,#1464a5cc,@EAAkziimInjn`gAzSiw@,"<div><strong>SALE STREET</strong><br><span>Surface: sealed</span><br><span>Length: 0.10 km</span><br><span>Length rank: 1,658</span></div>"
road_3314640,path,3314640,sealed,LYNWOOD PLACE,0.1041464066671207,1659,23,#1464a5cc,#1464a5cc,@EAAodpimIj~c_gAe`AgAeDViB?,"<div><strong>LYNWOOD PLACE</strong><br><span>Surface: sealed</span><br><span>Length: 0.10 km</span><br><span>Length rank: 1,659</span></div>"
road_6064593,path,6064593,sealed,RIGG PLACE,0.1041379908765131,1660,23,#1464a5cc,#1464a5cc,@EAAghegmIt`e}fAbCUtCo@nBo@|CkAnB}@fB}@bDgBjI_FfSiL,"<div><strong>RIGG PLACE</strong><br><span>Surface: sealed</span><br><span>Length: 0.10 km</span><br><span>Length rank: 1,660</span></div>"
road_3314279,path,3314279,sealed,BLEAKLEY PLACE,0.1035751864987795,1661,23,#1464a5cc,#1464a5cc,@EAAkndkmI~boagAqIqKyDiDgFqB_FoAiJU{FJO?sHR,"<div><strong>BLEAKLEY PLACE</strong><br><span>Surface: sealed</span><br><span>Length: 0.10 km</span><br><span>Length rank: 1,661</span></div>"
road_3314454,path,3314454,sealed,THE ROCKS,0.103571854882131,1662,23,#1464a5cc,#1464a5cc,@EAAqmvfmI`__~fAoRzKiCnAsAh@_GvAeB`@uThL,"<div><strong>THE ROCKS</strong><br><span>Surface: sealed</span><br><span>Length: 0.10 km</span><br><span>Length rank: 1,662</span></div>"
road_3314041,path,3314041,sealed,MOUNTBATTEN PLACE,0.1034566448078496,1663,23,#1464a5cc,#1464a5cc,@EAAs`|fmI|}yagAcAbDmShq@,"<div><strong>MOUNTBATTEN PLACE</strong><br><span>Surface: sealed</span><br><span>Length: 0.10 km</span><br><span>Length rank: 1,663</span></div>"
road_3314175,path,3314175,sealed,AMBER LANE,0.1033188112008245,1664,23,#1464a5cc,#1464a5cc,@EAA_mkimI|xvbgA|`AlX,"<div><strong>AMBER LANE</strong><br><span>Surface: sealed</span><br><span>Length: 0.10 km</span><br><span>Length rank: 1,664</span></div>"
road_6064554,path,6064554,sealed,PETER WAY PLACE,0.1030519243264941,1665,23,#1464a5cc,#1464a5cc,@EAAeleimItzocgAlEwSRcE]{B_BoBwE}BwFmCmFsD,"<div><strong>PETER WAY PLACE</strong><br><span>Surface: sealed</span><br><span>Length: 0.10 km</span><br><span>Length rank: 1,665</span></div>"
road_3314211,path,3314211,sealed,MOANA STREET,0.1028975280423073,1666,23,#1464a5cc,#1464a5cc,@EAA{`vhmIlrmagA{z@b`@,"<div><strong>MOANA STREET</strong><br><span>Surface: sealed</span><br><span>Length: 0.10 km</span><br><span>Length rank: 1,666</span></div>"
road_3314101,path,3314101,sealed,BRIGHTWELL PLACE,0.1028389502619398,1667,23,#1464a5cc,#1464a5cc,@EAAgosfmIp~v`gAiMwHaD}AoDm@yDQsDRs\rD,"<div><strong>BRIGHTWELL PLACE</strong><br><span>Surface: sealed</span><br><span>Length: 0.10 km</span><br><span>Length rank: 1,667</span></div>"
road_7742813,path,7742813,sealed,LYNN LANE,0.1027674727822017,1668,23,#1464a5cc,#1464a5cc,@EAAudjfmInll}fAuR|KkBj@cCMeBw@gAyAo@eBH{BdD_P,"<div><strong>LYNN LANE</strong><br><span>Surface: sealed</span><br><span>Length: 0.10 km</span><br><span>Length rank: 1,668</span></div>"
road_3314414,path,3314414,sealed,EMMA PLACE,0.1027531181395689,1669,23,#1464a5cc,#1464a5cc,@EAAwvjfmIpld~fAgu@re@,"<div><strong>EMMA PLACE</strong><br><span>Surface: sealed</span><br><span>Length: 0.10 km</span><br><span>Length rank: 1,669</span></div>"
road_3314082,path,3314082,sealed,TAHI STREET,0.1025077834536602,1670,23,#1464a5cc,#1464a5cc,@EAAuhxgmItuaagAmLuw@,"<div><strong>TAHI STREET</strong><br><span>Surface: sealed</span><br><span>Length: 0.10 km</span><br><span>Length rank: 1,670</span></div>"
road_3314670,path,3314670,sealed,READ PLACE,0.1023890440766218,1671,23,#1464a5cc,#1464a5cc,@EAAc{vimIfyv_gAqCaLkAyBiCqDcHaHyQwN,"<div><strong>READ PLACE</strong><br><span>Surface: sealed</span><br><span>Length: 0.10 km</span><br><span>Length rank: 1,671</span></div>"
road_3313996,path,3313996,sealed,MATLOCK LANE,0.1020945262126242,1672,23,#1464a5cc,#1464a5cc,@EAA}ygfmIxpxagAoPpB_EnAyCrA_BzDm@xCFzCfCpO,"<div><strong>MATLOCK LANE</strong><br><span>Surface: sealed</span><br><span>Length: 0.10 km</span><br><span>Length rank: 1,672</span></div>"
road_3313972,path,3313972,sealed,HARROGATE PLACE,0.1018859322525738,1673,23,#1464a5cc,#1464a5cc,@EAAqusemIjo_agA~AfFxHpMtA~C`AfDnAfJ|ArI,"<div><strong>HARROGATE PLACE</strong><br><span>Surface: sealed</span><br><span>Length: 0.10 km</span><br><span>Length rank: 1,673</span></div>"
road_7742866,path,7742866,sealed,KUKARI CLOSE,0.1018004874439561,1674,23,#1464a5cc,#1464a5cc,@EAAovwfmIz~a}fAwSdAqc@~@oLkC,"<div><strong>KUKARI CLOSE</strong><br><span>Surface: sealed</span><br><span>Length: 0.10 km</span><br><span>Length rank: 1,674</span></div>"
road_3314738,path,3314738,sealed,SHIRAZ PLACE,0.1016127530137891,1675,23,#1464a5cc,#1464a5cc,@EAAwb}hmIrkd~fAmMqBeGiAmC]cDSyDCmETiFOkF[kFQ}BK,"<div><strong>SHIRAZ PLACE</strong><br><span>Surface: sealed</span><br><span>Length: 0.10 km</span><br><span>Length rank: 1,675</span></div>"
road_7742793,path,7742793,sealed,SOO YONG PLACE,0.1014271813507948,1676,23,#1464a5cc,#1464a5cc,@EAA_dojmIpyscgAUDkAh@uCpAcQrB{W|CuPtB,"<div><strong>SOO YONG PLACE</strong><br><span>Surface: sealed</span><br><span>Length: 0.10 km</span><br><span>Length rank: 1,676</span></div>"
road_3314722,path,3314722,sealed,KIRK CLOSE,0.1012709581376947,1677,23,#1464a5cc,#1464a5cc,@EAActxhmIl`b~fAgAsBeB_E}BkCwE}CwEqBwFeA{EA{BNyMpB,"<div><strong>KIRK CLOSE</strong><br><span>Surface: sealed</span><br><span>Length: 0.10 km</span><br><span>Length rank: 1,677</span></div>"
road_3314053,path,3314053,sealed,MADISON PLACE,0.1012185639846697,1678,23,#1464a5cc,#1464a5cc,@EAAg`dgmIvjabgA{eAeH,"<div><strong>MADISON PLACE</strong><br><span>Surface: sealed</span><br><span>Length: 0.10 km</span><br><span>Length rank: 1,678</span></div>"
road_3314373,path,3314373,sealed,MAYFAIR AVENUE,0.101120664016907,1679,23,#1464a5cc,#1464a5cc,@EAA_cphmIjjr_gAeMxv@,"<div><strong>MAYFAIR AVENUE</strong><br><span>Surface: sealed</span><br><span>Length: 0.10 km</span><br><span>Length rank: 1,679</span></div>"
road_3314084,path,3314084,sealed,DUDLEY TERRACE,0.1007343162678091,1680,23,#1464a5cc,#1464a5cc,@EAAeoahmIpkaagAqAhAm@|AExAuArn@,"<div><strong>DUDLEY TERRACE</strong><br><span>Surface: sealed</span><br><span>Length: 0.10 km</span><br><span>Length rank: 1,680</span></div>"
road_3314413,path,3314413,sealed,JUDENA PLACE,0.1005062548767739,1681,23,#1464a5cc,#1464a5cc,@EAAy`jfmIryf~fAuDlw@,"<div><strong>JUDENA PLACE</strong><br><span>Surface: sealed</span><br><span>Length: 0.10 km</span><br><span>Length rank: 1,681</span></div>"
road_6064546,path,6064546,sealed,DERWENT PLACE,0.1005020609039829,1682,23,#1464a5cc,#1464a5cc,@EAAkzogmI`qn}fA~NlBzBRzFHxCAbCDbD\tB\`BJ`C@fCe@nJ_D,"<div><strong>DERWENT PLACE</strong><br><span>Surface: sealed</span><br><span>Length: 0.10 km</span><br><span>Length rank: 1,682</span></div>"
road_3314140,path,3314140,sealed,WANAKA PLACE,0.1004272184587233,1683,23,#1464a5cc,#1464a5cc,@EAAqxzimIpllcgAcMcHgC_AiFa@{EJiPxAqNhB,"<div><strong>WANAKA PLACE</strong><br><span>Surface: sealed</span><br><span>Length: 0.10 km</span><br><span>Length rank: 1,683</span></div>"
road_6064590,path,6064590,sealed,AUDREY PLACE,0.1002844468156557,1684,23,#1464a5cc,#1464a5cc,@EAAanmfmIb}l}fATeFnAyDn]ub@,"<div><strong>AUDREY PLACE</strong><br><span>Surface: sealed</span><br><span>Length: 0.10 km</span><br><span>Length rank: 1,684</span></div>"
road_3314395,path,3314395,sealed,MURRAY STREET,0.1002735506099308,1685,23,#1464a5cc,#1464a5cc,@EAAu`ahmIpqo`gA}i@~k@,"<div><strong>MURRAY STREET</strong><br><span>Surface: sealed</span><br><span>Length: 0.10 km</span><br><span>Length rank: 1,685</span></div>"
road_3314694,path,3314694,sealed,CHAPEL HILL,0.0999818670852141,1686,23,#1464a5cc,#1464a5cc,@EAAutqhmIpk}}fASlNmA`UOhGVfDh@~C,"<div><strong>CHAPEL HILL</strong><br><span>Surface: sealed</span><br><span>Length: 0.10 km</span><br><span>Length rank: 1,686</span></div>"
road_8329708,path,8329708,sealed,MANAWAROA CLOSE,0.099742220142501,1687,23,#1464a5cc,#1464a5cc,@EAAedwemIjcs`gAUXwO~Q[t@Mv@Fz@v@lFVf@ZXx@^rPpC,"<div><strong>MANAWAROA CLOSE</strong><br><span>Surface: sealed</span><br><span>Length: 0.10 km</span><br><span>Length rank: 1,687</span></div>"
road_8329724,path,8329724,sealed,PEDRO WAY,0.0997276075759811,1688,23,#1464a5cc,#1464a5cc,@EAAifggmIj`k}fA^@pMLpHjBnk@}A,"<div><strong>PEDRO WAY</strong><br><span>Surface: sealed</span><br><span>Length: 0.10 km</span><br><span>Length rank: 1,688</span></div>"
road_3314039,path,3314039,sealed,HARLECH PLACE,0.0996497825728308,1689,23,#1464a5cc,#1464a5cc,@EAAgevfmIriyagAgRC}Fc@iYyEaGQoFb@,"<div><strong>HARLECH PLACE</strong><br><span>Surface: sealed</span><br><span>Length: 0.10 km</span><br><span>Length rank: 1,689</span></div>"
road_3314400,path,3314400,sealed,GLASGOW STREET,0.0993706311982112,1690,23,#1464a5cc,#1464a5cc,@EAAsvtgmI`jt_gAdt@`_@|Av@,"<div><strong>GLASGOW STREET</strong><br><span>Surface: sealed</span><br><span>Length: 0.10 km</span><br><span>Length rank: 1,690</span></div>"
road_3314168,path,3314168,sealed,LORRAINE PLACE,0.0991909498021865,1691,23,#1464a5cc,#1464a5cc,@EAAap~imIxrscgAz^xUvArCb@tCd@zJ,"<div><strong>LORRAINE PLACE</strong><br><span>Surface: sealed</span><br><span>Length: 0.10 km</span><br><span>Length rank: 1,691</span></div>"
road_3314274,path,3314274,sealed,SOMME CRESCENT,0.0990500653243251,1692,23,#1464a5cc,#1464a5cc,@EAA}bakmIxayagAaDfAqA|AqUbk@,"<div><strong>SOMME CRESCENT</strong><br><span>Surface: sealed</span><br><span>Length: 0.10 km</span><br><span>Length rank: 1,692</span></div>"
road_3283162,path,3283162,sealed,COLONIAL LANE,0.09886153741672,1693,23,#1464a5cc,#1464a5cc,@EAAagnjmIf}magAlbAhN,"<div><strong>COLONIAL LANE</strong><br><span>Surface: sealed</span><br><span>Length: 0.10 km</span><br><span>Length rank: 1,693</span></div>"
road_7742809,path,7742809,sealed,ROTOKAURI ROAD,0.0986631043604972,1694,23,#1464a5cc,#1464a5cc,@EAA{qyemIhj}_gARRtAv@tBVtB@zAW`Bw@b@i@d@i@XyACqAi@qAqByA}Be@eBMcBLgBr@[X}@v@_@vA?|A`@nAn@n@,"<div><strong>ROTOKAURI ROAD</strong><br><span>Surface: sealed</span><br><span>Length: 0.10 km</span><br><span>Length rank: 1,694</span></div>"
road_3314496,path,3314496,sealed,WITEHIRA WAY,0.0986501270492139,1695,23,#1464a5cc,#1464a5cc,@EAAu~tfmIbxp}fAkb@pN_NmB}CiI,"<div><strong>WITEHIRA WAY</strong><br><span>Surface: sealed</span><br><span>Length: 0.10 km</span><br><span>Length rank: 1,695</span></div>"
road_3314435,path,3314435,sealed,MAKEPEACE PLACE,0.0984728575648099,1696,23,#1464a5cc,#1464a5cc,@EAAinahmIjfj~fAsCpDaB`Dq@bFQxEG|BT~BhBzExDpEpDrB,"<div><strong>MAKEPEACE PLACE</strong><br><span>Surface: sealed</span><br><span>Length: 0.10 km</span><br><span>Length rank: 1,696</span></div>"
road_3314646,path,3314646,sealed,RIVERTON PLACE,0.0983895573829385,1697,23,#1464a5cc,#1464a5cc,@EAA{_qjmIxxw_gAnK_XxOeX,"<div><strong>RIVERTON PLACE</strong><br><span>Surface: sealed</span><br><span>Length: 0.10 km</span><br><span>Length rank: 1,697</span></div>"
road_3314723,path,3314723,sealed,NORTHMEADOW DRIVE,0.0983458237037111,1698,23,#1464a5cc,#1464a5cc,@EAA}ythmIvo~}fAn@nG[hDaBfFiB~Fq@~F{@dP,"<div><strong>NORTHMEADOW DRIVE</strong><br><span>Surface: sealed</span><br><span>Length: 0.10 km</span><br><span>Length rank: 1,698</span></div>"
road_3314282,path,3314282,sealed,WILLOW ROAD,0.0983332687679121,1699,23,#1464a5cc,#1464a5cc,@EAAyz~kmI`{zagAiPoCoD}@gCkAcCcBiCoCuL}Q,"<div><strong>WILLOW ROAD</strong><br><span>Surface: sealed</span><br><span>Length: 0.10 km</span><br><span>Length rank: 1,699</span></div>"
road_3314359,path,3314359,sealed,ELIZABETH STREET,0.0980434531455793,1700,23,#1464a5cc,#1464a5cc,@EAAkhbhmIlda`gAaYxj@_BfE,"<div><strong>ELIZABETH STREET</strong><br><span>Surface: sealed</span><br><span>Length: 0.10 km</span><br><span>Length rank: 1,700</span></div>"
road_6064565,path,6064565,sealed,DALRAY CRESCENT,0.0979613646754117,1701,23,#1464a5cc,#1464a5cc,@EAA_ijgmIzme`gAqBg@gB{@i@}BVyEPeGbBiQr@gJ,"<div><strong>DALRAY CRESCENT</strong><br><span>Surface: sealed</span><br><span>Length: 0.10 km</span><br><span>Length rank: 1,701</span></div>"
road_3314217,path,3314217,sealed,DUNSFORD MEWS,0.0979433847970027,1702,23,#1464a5cc,#1464a5cc,@EAAqmximItsvagArG`Dpc@lTpBh@`CJdD],"<div><strong>DUNSFORD MEWS</strong><br><span>Surface: sealed</span><br><span>Length: 0.10 km</span><br><span>Length rank: 1,702</span></div>"
road_3314661,path,3314661,sealed,BLUE CEDAR LANE,0.0974865577090281,1703,23,#1464a5cc,#1464a5cc,@EAAgkzimIhk|_gAuA~Dw@fEaBvC}@hCYzBFtAB|@GfAg@z@_Ah@uANuCWoCo@w@a@_Bc@sBM,"<div><strong>BLUE CEDAR LANE</strong><br><span>Surface: sealed</span><br><span>Length: 0.10 km</span><br><span>Length rank: 1,703</span></div>"
road_3283142,path,3283142,sealed,LINTHORPE PLACE,0.0974822323040688,1704,23,#1464a5cc,#1464a5cc,@EAAsaflmIbkkbgAkbAsK,"<div><strong>LINTHORPE PLACE</strong><br><span>Surface: sealed</span><br><span>Length: 0.10 km</span><br><span>Length rank: 1,704</span></div>"
road_3314635,path,3314635,sealed,ARTHUR PLACE,0.0972803391930458,1705,23,#1464a5cc,#1464a5cc,@EAAujgimI~dk_gAkA~EyPjl@,"<div><strong>ARTHUR PLACE</strong><br><span>Surface: sealed</span><br><span>Length: 0.10 km</span><br><span>Length rank: 1,705</span></div>"
road_3314061,path,3314061,sealed,KRIPPNER PLACE,0.0971144492482588,1706,23,#1464a5cc,#1464a5cc,@EAAukggmIbnoagAwAyCmOwd@aAsAqAw@wBeA,"<div><strong>KRIPPNER PLACE</strong><br><span>Surface: sealed</span><br><span>Length: 0.10 km</span><br><span>Length rank: 1,706</span></div>"
road_7742861,path,7742861,sealed,BORMAN ROAD,0.0970672800451329,1707,23,#1464a5cc,#1464a5cc,@EAAsgqimIj|l}fAuCgDiCgBcD_BKAel@{K,"<div><strong>BORMAN ROAD</strong><br><span>Surface: sealed</span><br><span>Length: 0.10 km</span><br><span>Length rank: 1,707</span></div>"
road_3314612,path,3314612,sealed,CONWAY PLACE,0.0968187730933082,1708,23,#1464a5cc,#1464a5cc,@EAAkvxhmIhfr_gArKqFzMiKpHgHxFkJ,"<div><strong>CONWAY PLACE</strong><br><span>Surface: sealed</span><br><span>Length: 0.10 km</span><br><span>Length rank: 1,708</span></div>"
road_3314181,path,3314181,sealed,MCEWAN PLACE,0.0967260080071815,1709,23,#1464a5cc,#1464a5cc,@EAA_zrjmItbxbgAD`Dp@rB~AtBlRtLfSzK,"<div><strong>MCEWAN PLACE</strong><br><span>Surface: sealed</span><br><span>Length: 0.10 km</span><br><span>Length rank: 1,709</span></div>"
road_3314412,path,3314412,sealed,DE LEEUW PLACE,0.0966557176175123,1710,23,#1464a5cc,#1464a5cc,@EAAeysemItij~fAaIiC}LiDgRqFaCoBiAsBuA{E,"<div><strong>DE LEEUW PLACE</strong><br><span>Surface: sealed</span><br><span>Length: 0.10 km</span><br><span>Length rank: 1,710</span></div>"
road_3314562,path,3314562,sealed,LEANDER PLACE,0.0966486797669846,1711,23,#1464a5cc,#1464a5cc,@EAAk}ogmIvoz}fAh@|H`AhDzBdExD`CpFlArPvDzCt@,"<div><strong>LEANDER PLACE</strong><br><span>Surface: sealed</span><br><span>Length: 0.10 km</span><br><span>Length rank: 1,711</span></div>"
road_3314512,path,3314512,sealed,SAVANNAH PLACE,0.0965914134845162,1712,23,#1464a5cc,#1464a5cc,@EAAkuchmIjlo}fAtCgHOgCmC{LWmCRkC~BsO,"<div><strong>SAVANNAH PLACE</strong><br><span>Surface: sealed</span><br><span>Length: 0.10 km</span><br><span>Length rank: 1,712</span></div>"
road_3314391,path,3314391,sealed,BOLLARD STREET,0.0965737615374198,1713,23,#1464a5cc,#1464a5cc,@EAAya}gmIfho`gAje@al@,"<div><strong>BOLLARD STREET</strong><br><span>Surface: sealed</span><br><span>Length: 0.10 km</span><br><span>Length rank: 1,713</span></div>"
road_6064583,path,6064583,sealed,,0.0964962314703433,1714,23,#1464a5cc,#1464a5cc,@EAA_~`fmIda{~fAoAmBw@}@kAe@oDSyF_AeEoAuEoC}DmCeB_ByBkCkCsD,"<div><strong>Road 6064583</strong><br><span>Surface: sealed</span><br><span>Length: 0.10 km</span><br><span>Length rank: 1,714</span></div>"
road_3314005,path,3314005,sealed,IRIS PLACE,0.0962918924077871,1715,23,#1464a5cc,#1464a5cc,@EAAqjvemI|fw`gAoViLgB}@cT}DcFi@sDK,"<div><strong>IRIS PLACE</strong><br><span>Surface: sealed</span><br><span>Length: 0.10 km</span><br><span>Length rank: 1,715</span></div>"
road_8329691,path,8329691,sealed,WHAKATIPU STREET,0.0961293198480411,1716,23,#1464a5cc,#1464a5cc,@EAAkvbfmI~dlcgAmn@|e@,"<div><strong>WHAKATIPU STREET</strong><br><span>Surface: sealed</span><br><span>Length: 0.10 km</span><br><span>Length rank: 1,716</span></div>"
road_3314642,path,3314642,sealed,LYDIARD PLACE,0.0961150905469141,1717,23,#1464a5cc,#1464a5cc,@EAA{gcjmI`ju_gAlPkf@ZoBSoBy@aD,"<div><strong>LYDIARD PLACE</strong><br><span>Surface: sealed</span><br><span>Length: 0.10 km</span><br><span>Length rank: 1,717</span></div>"
road_7742831,path,7742831,sealed,PLATINA PLACE,0.0961004246695245,1718,23,#1464a5cc,#1464a5cc,@EAAo|egmI|vy}fA]jAuBxG]t@U\a@^a@Zk@Xy@PcAJ_BBsd@O,"<div><strong>PLATINA PLACE</strong><br><span>Surface: sealed</span><br><span>Length: 0.10 km</span><br><span>Length rank: 1,718</span></div>"
road_3314379,path,3314379,sealed,AVALON DRIVE,0.0960669995525142,1719,23,#1464a5cc,#1464a5cc,@EAAevwfmIdej`gA_Dv@uEfCmCrBkApAqKfJeDpBmHhCqE~@,"<div><strong>AVALON DRIVE</strong><br><span>Surface: sealed</span><br><span>Length: 0.10 km</span><br><span>Length rank: 1,719</span></div>"
road_3314156,path,3314156,sealed,TRIGG PLACE,0.0960468130765929,1720,23,#1464a5cc,#1464a5cc,@EAAweximIllqbgAsIlt@,"<div><strong>TRIGG PLACE</strong><br><span>Surface: sealed</span><br><span>Length: 0.10 km</span><br><span>Length rank: 1,720</span></div>"
road_8329720,path,8329720,sealed,,0.0959196769944819,1721,23,#1464a5cc,#1464a5cc,@EAAar|fmIfr`~fAhp@iS|IwC,"<div><strong>Road 8329720</strong><br><span>Surface: sealed</span><br><span>Length: 0.10 km</span><br><span>Length rank: 1,721</span></div>"
road_3314641,path,3314641,sealed,UPHAM PLACE,0.095851721066666,1722,23,#1464a5cc,#1464a5cc,@EAAw|yimIjae_gAhM|Edm@nP,"<div><strong>UPHAM PLACE</strong><br><span>Surface: sealed</span><br><span>Length: 0.10 km</span><br><span>Length rank: 1,722</span></div>"
road_3314256,path,3314256,sealed,TEDDY STREET,0.0958125720322439,1723,23,#1464a5cc,#1464a5cc,@EAAktthmI`}r`gAmc@ol@,"<div><strong>TEDDY STREET</strong><br><span>Surface: sealed</span><br><span>Length: 0.10 km</span><br><span>Length rank: 1,723</span></div>"
road_3314546,path,3314546,sealed,BURLEIGH PLACE,0.0957278183053177,1724,23,#1464a5cc,#1464a5cc,@EAAk~jhmIhil~fAn\|DxPvCvPpC,"<div><strong>BURLEIGH PLACE</strong><br><span>Surface: sealed</span><br><span>Length: 0.10 km</span><br><span>Length rank: 1,724</span></div>"
road_3314785,path,3314785,sealed,GRENACHE PLACE,0.09569265103771,1725,23,#1464a5cc,#1464a5cc,@EAAyxcimItlc~fA_QwCqF_BeR{GgEyAcBkAy@qAs@_A,"<div><strong>GRENACHE PLACE</strong><br><span>Surface: sealed</span><br><span>Length: 0.10 km</span><br><span>Length rank: 1,725</span></div>"
road_7742828,path,7742828,sealed,,0.0956268821279043,1726,23,#1464a5cc,#1464a5cc,@EAAopehmInsh~fAvMi\p@u@~@]pCOpASlAg@`DmH,"<div><strong>Road 7742828</strong><br><span>Surface: sealed</span><br><span>Length: 0.10 km</span><br><span>Length rank: 1,726</span></div>"
road_3314451,path,3314451,sealed,RIVER OAKS PLACE,0.0955946107901487,1727,23,#1464a5cc,#1464a5cc,@EAAuyvfmInfi~fAyX|C}G\wIHeFN{Cf@cGfB,"<div><strong>RIVER OAKS PLACE</strong><br><span>Surface: sealed</span><br><span>Length: 0.10 km</span><br><span>Length rank: 1,727</span></div>"
road_3314448,path,3314448,sealed,RONALD COURT,0.0955674403732867,1728,23,#1464a5cc,#1464a5cc,@EAAmwsfmIvwl~fAoaAiI,"<div><strong>RONALD COURT</strong><br><span>Surface: sealed</span><br><span>Length: 0.10 km</span><br><span>Length rank: 1,728</span></div>"
road_3314515,path,3314515,sealed,JOHNNYBRO PLACE,0.095447860229649,1729,23,#1464a5cc,#1464a5cc,@EAA_nhhmIltk}fArC_b@y@kDuEcDaEyA,"<div><strong>JOHNNYBRO PLACE</strong><br><span>Surface: sealed</span><br><span>Length: 0.10 km</span><br><span>Length rank: 1,729</span></div>"
road_7742845,path,7742845,sealed,SQUIRE AVENUE,0.095298007986737,1730,23,#1464a5cc,#1464a5cc,@EAAqehjmItqb_gAyQpr@,"<div><strong>SQUIRE AVENUE</strong><br><span>Surface: sealed</span><br><span>Length: 0.10 km</span><br><span>Length rank: 1,730</span></div>"
road_3314278,path,3314278,sealed,PAGE PLACE,0.0950047130120857,1731,23,#1464a5cc,#1464a5cc,@EAAwv~jmIjtqagAjS_h@hCwG,"<div><strong>PAGE PLACE</strong><br><span>Surface: sealed</span><br><span>Length: 0.10 km</span><br><span>Length rank: 1,731</span></div>"
road_3314133,path,3314133,sealed,BREMRIDGE PLACE,0.0948681285843225,1732,23,#1464a5cc,#1464a5cc,@EAAygthmIzwgcgAaw@s\,"<div><strong>BREMRIDGE PLACE</strong><br><span>Surface: sealed</span><br><span>Length: 0.09 km</span><br><span>Length rank: 1,732</span></div>"
road_3314149,path,3314149,sealed,FITZROY AVENUE,0.094816599938023,1733,23,#1464a5cc,#1464a5cc,@EAAqwojmIrq_cgArw@z[,"<div><strong>FITZROY AVENUE</strong><br><span>Surface: sealed</span><br><span>Length: 0.09 km</span><br><span>Length rank: 1,733</span></div>"
road_3314231,path,3314231,sealed,WARR STREET,0.0946612753515063,1734,23,#1464a5cc,#1464a5cc,@EAA{mdjmI|gaagAt_AfM,"<div><strong>WARR STREET</strong><br><span>Surface: sealed</span><br><span>Length: 0.09 km</span><br><span>Length rank: 1,734</span></div>"
road_3314080,path,3314080,sealed,GOODFELLOW PLACE,0.0946191292437459,1735,23,#1464a5cc,#1464a5cc,@EAAwhvgmIxkaagAy@}Ck@wByAmI{@wFRgDn@_CjAsBdAaB`BeA|DoA,"<div><strong>GOODFELLOW PLACE</strong><br><span>Surface: sealed</span><br><span>Length: 0.09 km</span><br><span>Length rank: 1,735</span></div>"
road_3314475,path,3314475,sealed,ENSIGN PLACE,0.0943007540659749,1736,23,#1464a5cc,#1464a5cc,@EAAmzvgmIpyd~fAc_A_N,"<div><strong>ENSIGN PLACE</strong><br><span>Surface: sealed</span><br><span>Length: 0.09 km</span><br><span>Length rank: 1,736</span></div>"
road_3314327,path,3314327,sealed,FARNBOROUGH DRIVE,0.0942584814564837,1737,23,#1464a5cc,#1464a5cc,@EAAq~~emIbsp`gAl[ae@@AlC_G,"<div><strong>FARNBOROUGH DRIVE</strong><br><span>Surface: sealed</span><br><span>Length: 0.09 km</span><br><span>Length rank: 1,737</span></div>"
road_3314472,path,3314472,sealed,MILLENNIUM HEIGHTS,0.0941587976962027,1738,23,#1464a5cc,#1464a5cc,@EAAwxhgmI`ad~fAjEb@~Eb@hEA~FExFYxPaCdDi@pEs@,"<div><strong>MILLENNIUM HEIGHTS</strong><br><span>Surface: sealed</span><br><span>Length: 0.09 km</span><br><span>Length rank: 1,738</span></div>"
road_3314162,path,3314162,sealed,MELROSE PLACE,0.0940412529625716,1739,23,#1464a5cc,#1464a5cc,@EAAcjljmI|fgbgAyr@k`@,"<div><strong>MELROSE PLACE</strong><br><span>Surface: sealed</span><br><span>Length: 0.09 km</span><br><span>Length rank: 1,739</span></div>"
road_3314324,path,3314324,sealed,JOHANNES COURT,0.0940115472968069,1740,23,#1464a5cc,#1464a5cc,@EAAunnfmIrzg`gAnBvDhB`CtBbCh^|Y,"<div><strong>JOHANNES COURT</strong><br><span>Surface: sealed</span><br><span>Length: 0.09 km</span><br><span>Length rank: 1,740</span></div>"
road_3314755,path,3314755,sealed,LIMERICK LANE,0.0938744169801682,1741,23,#1464a5cc,#1464a5cc,@EAAai{hmIjlu}fAg|@vFcCn@,"<div><strong>LIMERICK LANE</strong><br><span>Surface: sealed</span><br><span>Length: 0.09 km</span><br><span>Length rank: 1,741</span></div>"
road_3314889,path,3314889,sealed,BERN ROAD,0.0938615957612594,1742,23,#1464a5cc,#1464a5cc,@EAAi{|dmI`fw|fApDj@bB\zAd@fBh@lJhDxCpAvYbL,"<div><strong>BERN ROAD</strong><br><span>Surface: sealed</span><br><span>Length: 0.09 km</span><br><span>Length rank: 1,742</span></div>"
road_3314119,path,3314119,sealed,OAK AVENUE,0.0937076377400881,1743,23,#1464a5cc,#1464a5cc,@EAAiavfmInit`gAjDYvDkAx_@qa@,"<div><strong>OAK AVENUE</strong><br><span>Surface: sealed</span><br><span>Length: 0.09 km</span><br><span>Length rank: 1,743</span></div>"
road_6064587,path,6064587,sealed,HELENSLEE COURT,0.0932708493837238,1744,23,#1464a5cc,#1464a5cc,@EAAs~dgmI`vw}fAjG_AjHAnG^bFhBhVjO,"<div><strong>HELENSLEE COURT</strong><br><span>Surface: sealed</span><br><span>Length: 0.09 km</span><br><span>Length rank: 1,744</span></div>"
road_8329772,path,8329772,sealed,WAITIHI WAY,0.0932518300129787,1745,23,#1464a5cc,#1464a5cc,@EAA_`chmIf~s|fAj@pMx@jKlD`X,"<div><strong>WAITIHI WAY</strong><br><span>Surface: sealed</span><br><span>Length: 0.09 km</span><br><span>Length rank: 1,745</span></div>"
road_3314677,path,3314677,sealed,WATTLE PLACE,0.0929477890031567,1746,23,#1464a5cc,#1464a5cc,@EAA_akjmIxys_gAi|@gR,"<div><strong>WATTLE PLACE</strong><br><span>Surface: sealed</span><br><span>Length: 0.09 km</span><br><span>Length rank: 1,746</span></div>"
road_3313988,path,3313988,sealed,ROSEHILL PLACE,0.0927900338986029,1747,23,#1464a5cc,#1464a5cc,@EAAgsefmIrwz`gArj@cf@,"<div><strong>ROSEHILL PLACE</strong><br><span>Surface: sealed</span><br><span>Length: 0.09 km</span><br><span>Length rank: 1,747</span></div>"
road_3314481,path,3314481,sealed,TELFORD PLACE,0.0926971273294863,1748,23,#1464a5cc,#1464a5cc,@EAAsjdgmI`zt}fAsGq@aBqAy@eAWeDJ{Bj@{\,"<div><strong>TELFORD PLACE</strong><br><span>Surface: sealed</span><br><span>Length: 0.09 km</span><br><span>Length rank: 1,748</span></div>"
road_3314686,path,3314686,sealed,CRAIG PLACE,0.0924910044338359,1749,23,#1464a5cc,#1464a5cc,@EAAc{wjmIjb{_gAaU`p@,"<div><strong>CRAIG PLACE</strong><br><span>Surface: sealed</span><br><span>Length: 0.09 km</span><br><span>Length rank: 1,749</span></div>"
road_7742839,path,7742839,sealed,,0.0924403608301101,1750,23,#1464a5cc,#1464a5cc,@EAAs|egmIbgn}fAuF^yGj@{DB}CI{GOuCIuHZgGt@}D`@,"<div><strong>Road 7742839</strong><br><span>Surface: sealed</span><br><span>Length: 0.09 km</span><br><span>Length rank: 1,750</span></div>"
road_3314478,path,3314478,sealed,THE HAVEN,0.0924333833783483,1751,23,#1464a5cc,#1464a5cc,@EAAomygmIbe`~fAoYeJoXiG_GI,"<div><strong>THE HAVEN</strong><br><span>Surface: sealed</span><br><span>Length: 0.09 km</span><br><span>Length rank: 1,751</span></div>"
road_3314718,path,3314718,sealed,KILMUIR PLACE,0.0919123101594468,1752,23,#1464a5cc,#1464a5cc,@EAAiurhmIbff~fAib@oj@,"<div><strong>KILMUIR PLACE</strong><br><span>Surface: sealed</span><br><span>Length: 0.09 km</span><br><span>Length rank: 1,752</span></div>"
road_3314624,path,3314624,sealed,BEVAN LANE,0.0918622140728864,1753,23,#1464a5cc,#1464a5cc,@EAAekfjmI~~m`gA{a@tj@,"<div><strong>BEVAN LANE</strong><br><span>Surface: sealed</span><br><span>Length: 0.09 km</span><br><span>Length rank: 1,753</span></div>"
road_3313948,path,3313948,sealed,HARVARD COURT,0.0917000007322756,1754,23,#1464a5cc,#1464a5cc,@EAAmprhmIxthcgAxIzEdFvCpEhAdS`CjLzA,"<div><strong>HARVARD COURT</strong><br><span>Surface: sealed</span><br><span>Length: 0.09 km</span><br><span>Length rank: 1,754</span></div>"
road_3314378,path,3314378,sealed,KIM LANE,0.0914993013230726,1755,23,#1464a5cc,#1464a5cc,@EAAmmtfmIrdl`gAce@th@,"<div><strong>KIM LANE</strong><br><span>Surface: sealed</span><br><span>Length: 0.09 km</span><br><span>Length rank: 1,755</span></div>"
road_3313942,path,3313942,sealed,WISER PLACE,0.0914063817604559,1756,23,#1464a5cc,#1464a5cc,@EAAmqnemIf_fcgApEpE|BlDh@tBGpCeA|CuM`S,"<div><strong>WISER PLACE</strong><br><span>Surface: sealed</span><br><span>Length: 0.09 km</span><br><span>Length rank: 1,756</span></div>"
road_3314094,path,3314094,sealed,LEONARD PLACE,0.0913605590254229,1757,23,#1464a5cc,#1464a5cc,@EAAqkxfmIdfqagAho@ha@,"<div><strong>LEONARD PLACE</strong><br><span>Surface: sealed</span><br><span>Length: 0.09 km</span><br><span>Length rank: 1,757</span></div>"
road_3314370,path,3314370,sealed,MANGAKOEA PLACE,0.0911280755961414,1758,23,#1464a5cc,#1464a5cc,@EAAgdsgmIdcc_gA`Zdg@RvAD|A,"<div><strong>MANGAKOEA PLACE</strong><br><span>Surface: sealed</span><br><span>Length: 0.09 km</span><br><span>Length rank: 1,758</span></div>"
road_3314403,path,3314403,sealed,GOLF GROVE,0.091113267209203,1759,23,#1464a5cc,#1464a5cc,@EAA{{zgmI|ig_gAej@aOiBu@eAuAm@wA_AyB,"<div><strong>GOLF GROVE</strong><br><span>Surface: sealed</span><br><span>Length: 0.09 km</span><br><span>Length rank: 1,759</span></div>"
road_3314551,path,3314551,sealed,HALYARD CLOSE,0.0909459300897776,1760,23,#1464a5cc,#1464a5cc,@EAAsoygmI|oi~fArMmPlJkO`DyI,"<div><strong>HALYARD CLOSE</strong><br><span>Surface: sealed</span><br><span>Length: 0.09 km</span><br><span>Length rank: 1,760</span></div>"
road_3314581,path,3314581,sealed,SANDOWNE CLOSE,0.0908290780644935,1761,23,#1464a5cc,#1464a5cc,@EAAujahmIv{s}fAvArJWfCo@`CcDrG{DjEgIrI,"<div><strong>SANDOWNE CLOSE</strong><br><span>Surface: sealed</span><br><span>Length: 0.09 km</span><br><span>Length rank: 1,761</span></div>"
road_3307453,path,3307453,sealed,MCGREGOR PLACE,0.0908130649025405,1762,23,#1464a5cc,#1464a5cc,@EAAe}nkmIryzagA{Ag@{A[sAQkAM}AEgB@yAHeBP_BZyA`@qBr@gXbL,"<div><strong>MCGREGOR PLACE</strong><br><span>Surface: sealed</span><br><span>Length: 0.09 km</span><br><span>Length rank: 1,762</span></div>"
road_3314625,path,3314625,sealed,ENDERLEY LANE,0.0906513728329962,1763,23,#1464a5cc,#1464a5cc,@EAA_yfjmIzwm`gAca@hj@,"<div><strong>ENDERLEY LANE</strong><br><span>Surface: sealed</span><br><span>Length: 0.09 km</span><br><span>Length rank: 1,763</span></div>"
road_3314487,path,3314487,sealed,OAKMONT PLACE,0.0906082083977302,1764,23,#1464a5cc,#1464a5cc,@EAAe{hhmInug~fAro@lLfKzA,"<div><strong>OAKMONT PLACE</strong><br><span>Surface: sealed</span><br><span>Length: 0.09 km</span><br><span>Length rank: 1,764</span></div>"
road_6064564,path,6064564,sealed,DALRAY CRESCENT,0.090512469608415,1765,23,#1464a5cc,#1464a5cc,@EAA}pigmIr~c`gAmAfDqA|D}IfUcGxL,"<div><strong>DALRAY CRESCENT</strong><br><span>Surface: sealed</span><br><span>Length: 0.09 km</span><br><span>Length rank: 1,765</span></div>"
road_3314381,path,3314381,sealed,CRAWFORD STREET,0.0903499275486093,1766,23,#1464a5cc,#1464a5cc,@EAAgxvfmIjhc`gAjS`Itb@rM,"<div><strong>CRAWFORD STREET</strong><br><span>Surface: sealed</span><br><span>Length: 0.09 km</span><br><span>Length rank: 1,766</span></div>"
road_3314409,path,3314409,sealed,PARKINSON PLACE,0.0902134254591674,1767,23,#1464a5cc,#1464a5cc,@EAA}bwemIrqp~fAmXvWaAxBe@`Db@nH,"<div><strong>PARKINSON PLACE</strong><br><span>Surface: sealed</span><br><span>Length: 0.09 km</span><br><span>Length rank: 1,767</span></div>"
road_6064589,path,6064589,sealed,ROTOTUNA ROAD,0.090116049271431,1768,23,#1464a5cc,#1464a5cc,@EAAmibhmIhsg~fAwLcGmKkFeDcB}NeHiC_A,"<div><strong>ROTOTUNA ROAD</strong><br><span>Surface: sealed</span><br><span>Length: 0.09 km</span><br><span>Length rank: 1,768</span></div>"
road_3314582,path,3314582,sealed,ALDERWICK PLACE,0.0899979268681373,1769,23,#1464a5cc,#1464a5cc,@EAA}tghmIvbu}fAiBiC{EoD}FiEkEcDeBoBaB{D_AgD{AcD,"<div><strong>ALDERWICK PLACE</strong><br><span>Surface: sealed</span><br><span>Length: 0.09 km</span><br><span>Length rank: 1,769</span></div>"
road_3314407,path,3314407,sealed,BEADLE PLACE,0.0899032770954412,1770,23,#1464a5cc,#1464a5cc,@EAAqm`gmIpa__gAuN`p@,"<div><strong>BEADLE PLACE</strong><br><span>Surface: sealed</span><br><span>Length: 0.09 km</span><br><span>Length rank: 1,770</span></div>"
road_3314351,path,3314351,sealed,CHRISTIE STREET,0.0898386718820125,1771,23,#1464a5cc,#1464a5cc,@EAA_xygmIxcg`gAug@|e@,"<div><strong>CHRISTIE STREET</strong><br><span>Surface: sealed</span><br><span>Length: 0.09 km</span><br><span>Length rank: 1,771</span></div>"
road_3314497,path,3314497,sealed,DELIA COURT,0.0897986889165974,1772,23,#1464a5cc,#1464a5cc,@EAAom{fmIliq}fAmA}@u@I{@GwHP}G`@gFb@_EZcJU_Lg@,"<div><strong>DELIA COURT</strong><br><span>Surface: sealed</span><br><span>Length: 0.09 km</span><br><span>Length rank: 1,772</span></div>"
road_3314688,path,3314688,sealed,PLYMOUTH PLACE,0.0897304792006911,1773,23,#1464a5cc,#1464a5cc,@EAA}b|jmIjvt_gA~HaHvJwGtKuDlOkD,"<div><strong>PLYMOUTH PLACE</strong><br><span>Surface: sealed</span><br><span>Length: 0.09 km</span><br><span>Length rank: 1,773</span></div>"
road_8329690,path,8329690,sealed,MATUA STREET,0.0893840851209638,1774,23,#1464a5cc,#1464a5cc,@EAAgtafmI`_mcgAEBak@|b@,"<div><strong>MATUA STREET</strong><br><span>Surface: sealed</span><br><span>Length: 0.09 km</span><br><span>Length rank: 1,774</span></div>"
road_3313992,path,3313992,sealed,FLEMINGTON PLACE,0.0893433182759457,1775,23,#1464a5cc,#1464a5cc,@EAAq{ifmIjxu`gA_MtNmBzDyCnKkAjJ,"<div><strong>FLEMINGTON PLACE</strong><br><span>Surface: sealed</span><br><span>Length: 0.09 km</span><br><span>Length rank: 1,775</span></div>"
road_3314194,path,3314194,sealed,SHERIFF PLACE,0.0892905939320344,1776,23,#1464a5cc,#1464a5cc,@EAAklskmInimbgANdPNdCXfDvDbV,"<div><strong>SHERIFF PLACE</strong><br><span>Surface: sealed</span><br><span>Length: 0.09 km</span><br><span>Length rank: 1,776</span></div>"
road_3314003,path,3314003,sealed,SOUTHWORTH PLACE,0.0892026491807435,1777,23,#1464a5cc,#1464a5cc,@EAAucremIzx~`gAbp@s^,"<div><strong>SOUTHWORTH PLACE</strong><br><span>Surface: sealed</span><br><span>Length: 0.09 km</span><br><span>Length rank: 1,777</span></div>"
road_3314767,path,3314767,sealed,KENNETH PLACE,0.0890737129852748,1778,23,#1464a5cc,#1464a5cc,@EAAumuhmIbao~fAaGeDwp@aM,"<div><strong>KENNETH PLACE</strong><br><span>Surface: sealed</span><br><span>Length: 0.09 km</span><br><span>Length rank: 1,778</span></div>"
road_3314623,path,3314623,sealed,MCPHERSON PLACE,0.0890710222793606,1779,23,#1464a5cc,#1464a5cc,@EAAmduimI~c~_gAbOmo@,"<div><strong>MCPHERSON PLACE</strong><br><span>Surface: sealed</span><br><span>Length: 0.09 km</span><br><span>Length rank: 1,779</span></div>"
road_3314410,path,3314410,sealed,BARNETT PLACE,0.0889343682266618,1780,23,#1464a5cc,#1464a5cc,@EAAo}uemIdol~fAyBiAkKwFyLcGkF_CyFcA}Fo@,"<div><strong>BARNETT PLACE</strong><br><span>Surface: sealed</span><br><span>Length: 0.09 km</span><br><span>Length rank: 1,780</span></div>"
road_3314220,path,3314220,sealed,AKONA LANE,0.0888298545666403,1781,23,#1464a5cc,#1464a5cc,@EAAqxmjmIpycbgAfPdCh@j@Dv@_FrRaCjJ,"<div><strong>AKONA LANE</strong><br><span>Surface: sealed</span><br><span>Length: 0.09 km</span><br><span>Length rank: 1,781</span></div>"
road_3313967,path,3313967,sealed,PRINNBANK TERRACE,0.0883292863002916,1782,23,#1464a5cc,#1464a5cc,@EAA}rmfmIb}`bgAjEkHvEyJ`KiW,"<div><strong>PRINNBANK TERRACE</strong><br><span>Surface: sealed</span><br><span>Length: 0.09 km</span><br><span>Length rank: 1,782</span></div>"
road_3314452,path,3314452,sealed,JOSEPH LOVETT LANE,0.0881422872079941,1783,23,#1464a5cc,#1464a5cc,@EAAexxfmIh`b~fAwNaVqIyOWaADoA,"<div><strong>JOSEPH LOVETT LANE</strong><br><span>Surface: sealed</span><br><span>Length: 0.09 km</span><br><span>Length rank: 1,783</span></div>"
road_3314000,path,3314000,sealed,STRATA VIEW,0.0880636830789974,1784,23,#1464a5cc,#1464a5cc,@EAAeajfmIfyragAaWTsNa@aDRiD|@kIjC,"<div><strong>STRATA VIEW</strong><br><span>Surface: sealed</span><br><span>Length: 0.09 km</span><br><span>Length rank: 1,784</span></div>"
road_3314159,path,3314159,sealed,WAIORA TERRACE,0.0879751827635403,1785,23,#1464a5cc,#1464a5cc,@EAAmtwjmIxfwbgAzf@ce@,"<div><strong>WAIORA TERRACE</strong><br><span>Surface: sealed</span><br><span>Length: 0.09 km</span><br><span>Length rank: 1,785</span></div>"
road_3314163,path,3314163,sealed,COTTER PLACE,0.0878484078401467,1786,23,#1464a5cc,#1464a5cc,@EAAkcpjmIzsfbgAqKaBcn@aJ,"<div><strong>COTTER PLACE</strong><br><span>Surface: sealed</span><br><span>Length: 0.09 km</span><br><span>Length rank: 1,786</span></div>"
road_3313978,path,3313978,sealed,ELLA PLACE,0.0878170428511789,1787,23,#1464a5cc,#1464a5cc,@EAAmytemIbex`gAcIkFmC}A}CmBiBiAaAa@}GsCsBu@sBw@aG_D,"<div><strong>ELLA PLACE</strong><br><span>Surface: sealed</span><br><span>Length: 0.09 km</span><br><span>Length rank: 1,787</span></div>"
road_3314617,path,3314617,sealed,ARMITAGE PLACE,0.087785115047075,1788,23,#1464a5cc,#1464a5cc,@EAAibcimIf`d`gAzOqn@,"<div><strong>ARMITAGE PLACE</strong><br><span>Surface: sealed</span><br><span>Length: 0.09 km</span><br><span>Length rank: 1,788</span></div>"
road_3314486,path,3314486,sealed,BELLONA PLACE,0.0876189324674435,1789,23,#1464a5cc,#1464a5cc,@EAA_jvgmIvfs}fAdKzNfC~BrCzAhEtAxHfArGn@,"<div><strong>BELLONA PLACE</strong><br><span>Surface: sealed</span><br><span>Length: 0.09 km</span><br><span>Length rank: 1,789</span></div>"
road_7742860,path,7742860,sealed,SPRINGSIDE COURT,0.0876030818335715,1790,23,#1464a5cc,#1464a5cc,@EAAixiimIbjl}fAsB}IqDeIkAuDkEgS,"<div><strong>SPRINGSIDE COURT</strong><br><span>Surface: sealed</span><br><span>Length: 0.09 km</span><br><span>Length rank: 1,790</span></div>"
road_3314689,path,3314689,sealed,KIMIORA CLOSE,0.0875784072431035,1791,23,#1464a5cc,#1464a5cc,@EAAitzjmI|ix_gAcMEkF_@aIqBuEeDsIqL,"<div><strong>KIMIORA CLOSE</strong><br><span>Surface: sealed</span><br><span>Length: 0.09 km</span><br><span>Length rank: 1,791</span></div>"
road_8329733,path,8329733,sealed,MCHAFFIE WAY,0.0875300936465578,1792,23,#1464a5cc,#1464a5cc,@EAAixnjmIzq~~fAiz@uM,"<div><strong>MCHAFFIE WAY</strong><br><span>Surface: sealed</span><br><span>Length: 0.09 km</span><br><span>Length rank: 1,792</span></div>"
road_3314477,path,3314477,sealed,THE HAVEN,0.0875260219338018,1793,23,#1464a5cc,#1464a5cc,@EAAoi{gmIhq_~fAsBx@aFvHqIdLgCtEmC|I,"<div><strong>THE HAVEN</strong><br><span>Surface: sealed</span><br><span>Length: 0.09 km</span><br><span>Length rank: 1,793</span></div>"
road_3314898,path,3314898,sealed,EGTON LANE,0.0874029091016493,1794,23,#1464a5cc,#1464a5cc,@EAA_xjgmIlxf}fA{Ev@}C|@eD|AyDbDgMpOiDtD,"<div><strong>EGTON LANE</strong><br><span>Surface: sealed</span><br><span>Length: 0.09 km</span><br><span>Length rank: 1,794</span></div>"
road_3314209,path,3314209,sealed,TIDD STREET,0.0873212914966272,1795,23,#1464a5cc,#1464a5cc,@EAAinjimItefbgA||@j@,"<div><strong>TIDD STREET</strong><br><span>Surface: sealed</span><br><span>Length: 0.09 km</span><br><span>Length rank: 1,795</span></div>"
road_8329763,path,8329763,sealed,BRIOTI LANE,0.0871647516454216,1796,23,#1464a5cc,#1464a5cc,@EAA}~mfmI|fa}fAbI_Ebj@tQ,"<div><strong>BRIOTI LANE</strong><br><span>Surface: sealed</span><br><span>Length: 0.09 km</span><br><span>Length rank: 1,796</span></div>"
road_3314165,path,3314165,sealed,MARION PLACE,0.0870948745587297,1797,23,#1464a5cc,#1464a5cc,@EAAuf{hmItkpcgArb@bEnGf@lHPdF],"<div><strong>MARION PLACE</strong><br><span>Surface: sealed</span><br><span>Length: 0.09 km</span><br><span>Length rank: 1,797</span></div>"
road_8329705,path,8329705,sealed,MCGREGOR PLACE,0.0868230960249335,1798,23,#1464a5cc,#1464a5cc,@EAAo{mkmI|a|agAu@aCsAqCy@iAoEsFuKeN{AaBcCsAk@[,"<div><strong>MCGREGOR PLACE</strong><br><span>Surface: sealed</span><br><span>Length: 0.09 km</span><br><span>Length rank: 1,798</span></div>"
road_8329738,path,8329738,sealed,,0.0867969567158229,1799,23,#1464a5cc,#1464a5cc,@EAAulxhmIdeu~fAnByo@,"<div><strong>Road 8329738</strong><br><span>Surface: sealed</span><br><span>Length: 0.09 km</span><br><span>Length rank: 1,799</span></div>"
road_3314022,path,3314022,sealed,CAULFIELD PLACE,0.0867748998240882,1800,23,#1464a5cc,#1464a5cc,@EAAgmgfmI`{y`gAmDrFcC~BoAxAw@jAeChGo@pBcB|CgGdG,"<div><strong>CAULFIELD PLACE</strong><br><span>Surface: sealed</span><br><span>Length: 0.09 km</span><br><span>Length rank: 1,800</span></div>"
road_3314627,path,3314627,sealed,CAISTOR STREET,0.0867066594401839,1801,23,#1464a5cc,#1464a5cc,@EAAcmrjmIv|c`gAfCoAdA_BzMy_@PsBMsA,"<div><strong>CAISTOR STREET</strong><br><span>Surface: sealed</span><br><span>Length: 0.09 km</span><br><span>Length rank: 1,801</span></div>"
road_7742784,path,7742784,sealed,,0.0865523525748339,1802,23,#1464a5cc,#1464a5cc,@EAAcg}emI~gucgAkLgDuk@dI,"<div><strong>Road 7742784</strong><br><span>Surface: sealed</span><br><span>Length: 0.09 km</span><br><span>Length rank: 1,802</span></div>"
road_3314630,path,3314630,sealed,SEFTON CRESCENT,0.0864470591932176,1803,23,#1464a5cc,#1464a5cc,@EAAiacimIpgq_gAjPum@,"<div><strong>SEFTON CRESCENT</strong><br><span>Surface: sealed</span><br><span>Length: 0.09 km</span><br><span>Length rank: 1,803</span></div>"
road_7742859,path,7742859,sealed,OOLONG COURT,0.0864285878246893,1804,23,#1464a5cc,#1464a5cc,@EAAiqeimI`so}fAd@qChBqFvQy_@,"<div><strong>OOLONG COURT</strong><br><span>Surface: sealed</span><br><span>Length: 0.09 km</span><br><span>Length rank: 1,804</span></div>"
road_8329742,path,8329742,sealed,ODERINGS PLACE,0.086214063402516,1805,23,#1464a5cc,#1464a5cc,@EAAaphimIpo_~fAfg@bHnGdBxFxC,"<div><strong>ODERINGS PLACE</strong><br><span>Surface: sealed</span><br><span>Length: 0.09 km</span><br><span>Length rank: 1,805</span></div>"
road_3314676,path,3314676,sealed,SMART PLACE,0.0861422193630156,1806,23,#1464a5cc,#1464a5cc,@EAAy_ojmIdex_gAlSul@,"<div><strong>SMART PLACE</strong><br><span>Surface: sealed</span><br><span>Length: 0.09 km</span><br><span>Length rank: 1,806</span></div>"
road_3314626,path,3314626,sealed,MARLOWE PLACE,0.0861193553385517,1807,23,#1464a5cc,#1464a5cc,@EAAof|imIn`~_gAsHdBaG|B{]rT,"<div><strong>MARLOWE PLACE</strong><br><span>Surface: sealed</span><br><span>Length: 0.09 km</span><br><span>Length rank: 1,807</span></div>"
road_3314584,path,3314584,sealed,WORCESTER DRIVE,0.0860139581665315,1808,23,#1464a5cc,#1464a5cc,@EAAelohmIppy}fAwHhVmA~HeApL,"<div><strong>WORCESTER DRIVE</strong><br><span>Surface: sealed</span><br><span>Length: 0.09 km</span><br><span>Length rank: 1,808</span></div>"
road_3314587,path,3314587,sealed,EVERLEIGH COURT,0.0859807039131323,1809,23,#1464a5cc,#1464a5cc,@EAA}zxfmIllp}fAoMnEsBt@wA~@aAnAsKnH_A`@_CbA{B`@{BD,"<div><strong>EVERLEIGH COURT</strong><br><span>Surface: sealed</span><br><span>Length: 0.09 km</span><br><span>Length rank: 1,809</span></div>"
road_7742834,path,7742834,sealed,WETHERBY ROAD,0.0859759967778467,1810,23,#1464a5cc,#1464a5cc,@EAAuu|fmIlgl}fAzEqDlDcDrBkBtCsAzBa@~GcAtPaA,"<div><strong>WETHERBY ROAD</strong><br><span>Surface: sealed</span><br><span>Length: 0.09 km</span><br><span>Length rank: 1,810</span></div>"
road_3314397,path,3314397,sealed,PHILIP STREET,0.0859146343462209,1811,23,#1464a5cc,#1464a5cc,@EAAkebhmIbp_`gAmAbCkSxa@gBvC,"<div><strong>PHILIP STREET</strong><br><span>Surface: sealed</span><br><span>Length: 0.09 km</span><br><span>Length rank: 1,811</span></div>"
road_3314081,path,3314081,sealed,RUA STREET,0.0858583254219633,1812,23,#1464a5cc,#1464a5cc,@EAA}`zgmIz}aagAuJmn@,"<div><strong>RUA STREET</strong><br><span>Surface: sealed</span><br><span>Length: 0.09 km</span><br><span>Length rank: 1,812</span></div>"
road_3314568,path,3314568,sealed,CADMAN COURT,0.0858322200313993,1813,23,#1464a5cc,#1464a5cc,@EAAmwihmI~ei~fAzQr@p[dElJpB,"<div><strong>CADMAN COURT</strong><br><span>Surface: sealed</span><br><span>Length: 0.09 km</span><br><span>Length rank: 1,813</span></div>"
road_3314064,path,3314064,sealed,HAWK STREET,0.0858281053183226,1814,23,#1464a5cc,#1464a5cc,@EAAwtzgmIbwoagAc\li@,"<div><strong>HAWK STREET</strong><br><span>Surface: sealed</span><br><span>Length: 0.09 km</span><br><span>Length rank: 1,814</span></div>"
road_3314198,path,3314198,sealed,OLYMPIA PLACE,0.0857980164763246,1815,23,#1464a5cc,#1464a5cc,@EAAgi~kmI|~mbgAxk@t_@,"<div><strong>OLYMPIA PLACE</strong><br><span>Surface: sealed</span><br><span>Length: 0.09 km</span><br><span>Length rank: 1,815</span></div>"
road_3314089,path,3314089,sealed,MONIQUE PLACE,0.0856411276844951,1816,23,#1464a5cc,#1464a5cc,@EAA{nyfmIppgbgAzF}AlE_B`FyD`AcCq@{CkBaC}BwCu@eBqAgB,"<div><strong>MONIQUE PLACE</strong><br><span>Surface: sealed</span><br><span>Length: 0.09 km</span><br><span>Length rank: 1,816</span></div>"
road_3314636,path,3314636,sealed,DALMONT PLACE,0.0855314428902504,1817,23,#1464a5cc,#1464a5cc,@EAA{cjimIxsg_gAxE|@hq@dM,"<div><strong>DALMONT PLACE</strong><br><span>Surface: sealed</span><br><span>Length: 0.09 km</span><br><span>Length rank: 1,817</span></div>"
road_3314013,path,3314013,sealed,GLENSIDE RISE,0.0854972763952888,1818,23,#1464a5cc,#1464a5cc,@EAAg|`fmIzmcagAqCcDgCyCcFcGgCkDiFuFgDsBuCuA,"<div><strong>GLENSIDE RISE</strong><br><span>Surface: sealed</span><br><span>Length: 0.09 km</span><br><span>Length rank: 1,818</span></div>"
road_3314752,path,3314752,sealed,MILLIE PLACE,0.0853741172613667,1819,23,#1464a5cc,#1464a5cc,@EAAm|eimIlv}}fAbBwChAmD?_Bm@wCgAoFoA{L[iF,"<div><strong>MILLIE PLACE</strong><br><span>Surface: sealed</span><br><span>Length: 0.09 km</span><br><span>Length rank: 1,819</span></div>"
road_3314161,path,3314161,sealed,FREYBERG STREET,0.0853430929810485,1820,23,#1464a5cc,#1464a5cc,@EAAm{ejmIptibgAcy@mL,"<div><strong>FREYBERG STREET</strong><br><span>Surface: sealed</span><br><span>Length: 0.09 km</span><br><span>Length rank: 1,820</span></div>"
road_3314589,path,3314589,sealed,HAWTRY LANE,0.0852548966391968,1821,23,#1464a5cc,#1464a5cc,@EAAk_yfmIjjm}fAuPx@uCTsAb@o@f@gEzOOrBfAhC,"<div><strong>HAWTRY LANE</strong><br><span>Surface: sealed</span><br><span>Length: 0.09 km</span><br><span>Length rank: 1,821</span></div>"
road_3314186,path,3314186,sealed,GEOFFREY PLACE,0.085203985797613,1822,23,#1464a5cc,#1464a5cc,@EAAggnkmIf_lbgAhAvFvPld@,"<div><strong>GEOFFREY PLACE</strong><br><span>Surface: sealed</span><br><span>Length: 0.09 km</span><br><span>Length rank: 1,822</span></div>"
road_3314498,path,3314498,sealed,KINGSTON COURT,0.0851876846276903,1823,23,#1464a5cc,#1464a5cc,@EAAwqwfmIjfo}fAaEuBkEaAwEe@_Ho@}Ds@aBg@sAaAeDcBkGaC,"<div><strong>KINGSTON COURT</strong><br><span>Surface: sealed</span><br><span>Length: 0.09 km</span><br><span>Length rank: 1,823</span></div>"
road_3314485,path,3314485,sealed,DIOMEDE GLADE,0.0850630630917272,1824,23,#1464a5cc,#1464a5cc,@EAAgpqgmIzqt}fApCj@xCp@fMvCdK`CzF`AbLl@,"<div><strong>DIOMEDE GLADE</strong><br><span>Surface: sealed</span><br><span>Length: 0.09 km</span><br><span>Length rank: 1,824</span></div>"
road_7742867,path,7742867,sealed,EKARA ROAD,0.0850047360261108,1825,23,#1464a5cc,#1464a5cc,@EAAkzwfmI|t`}fAdAtVt@fQNxD,"<div><strong>EKARA ROAD</strong><br><span>Surface: sealed</span><br><span>Length: 0.09 km</span><br><span>Length rank: 1,825</span></div>"
road_3314415,path,3314415,sealed,UDY PLACE,0.084792668903739,1826,23,#1464a5cc,#1464a5cc,@EAA}zyemI|dn~fApFPhF`@pCl@zH`DzQvJpB`A,"<div><strong>UDY PLACE</strong><br><span>Surface: sealed</span><br><span>Length: 0.08 km</span><br><span>Length rank: 1,826</span></div>"
road_3314632,path,3314632,sealed,BREIDIS PLACE,0.0846620510667204,1827,23,#1464a5cc,#1464a5cc,@EAAovwimIfcs_gAem@n],"<div><strong>BREIDIS PLACE</strong><br><span>Surface: sealed</span><br><span>Length: 0.08 km</span><br><span>Length rank: 1,827</span></div>"
road_3314289,path,3314289,sealed,GADSBY PLACE,0.0846169714721563,1828,23,#1464a5cc,#1464a5cc,@EAA}|_kmIv}eagAtx@`L,"<div><strong>GADSBY PLACE</strong><br><span>Surface: sealed</span><br><span>Length: 0.08 km</span><br><span>Length rank: 1,828</span></div>"
road_3314226,path,3314226,sealed,ALMA STREET,0.084564740045464,1829,23,#1464a5cc,#1464a5cc,@EAAuzjimIthhagAso@{Z,"<div><strong>ALMA STREET</strong><br><span>Surface: sealed</span><br><span>Length: 0.08 km</span><br><span>Length rank: 1,829</span></div>"
road_3314402,path,3314402,sealed,MANGAKOEA PLACE,0.0845437913795875,1830,23,#1464a5cc,#1464a5cc,@EAAynpgmIpgd_gAmG@oH~@yDjA_FbBkFt@uILwGE,"<div><strong>MANGAKOEA PLACE</strong><br><span>Surface: sealed</span><br><span>Length: 0.08 km</span><br><span>Length rank: 1,830</span></div>"
road_3314465,path,3314465,sealed,PASCAL PLACE,0.0845074450523885,1831,23,#1464a5cc,#1464a5cc,@EAAqnxgmItsl~fA\`CL|AQfA_CzFmEfJw@xBMhAJpC?jE,"<div><strong>PASCAL PLACE</strong><br><span>Surface: sealed</span><br><span>Length: 0.08 km</span><br><span>Length rank: 1,831</span></div>"
road_3314111,path,3314111,sealed,DOMAIN VIEW LANE,0.0842998257118322,1832,23,#1464a5cc,#1464a5cc,@EAAw{qhmIhawagA`TuFjAg@xBiA~@e@jAe@|S{G,"<div><strong>DOMAIN VIEW LANE</strong><br><span>Surface: sealed</span><br><span>Length: 0.08 km</span><br><span>Length rank: 1,832</span></div>"
road_3314187,path,3314187,sealed,LOUISE PLACE,0.0842730394052101,1833,23,#1464a5cc,#1464a5cc,@EAAwhrkmIfnmbgAhKsOt@sAf@qAXsATeBxAkO,"<div><strong>LOUISE PLACE</strong><br><span>Surface: sealed</span><br><span>Length: 0.08 km</span><br><span>Length rank: 1,833</span></div>"
road_3314561,path,3314561,sealed,HORIZON PLACE,0.084223591013331,1834,23,#1464a5cc,#1464a5cc,@EAAmwfgmIpmu}fA}CpD{AxCeBxI}AtG{EdM,"<div><strong>HORIZON PLACE</strong><br><span>Surface: sealed</span><br><span>Length: 0.08 km</span><br><span>Length rank: 1,834</span></div>"
road_6064585,path,6064585,sealed,TE RAPA ROAD,0.0840436836596147,1835,23,#1464a5cc,#1464a5cc,@EAAkgcfmIhpt~fAy@q@yBwCe@qDp@qDtBcCnCqA|@]~E_@|Ef@xDfB,"<div><strong>TE RAPA ROAD</strong><br><span>Surface: sealed</span><br><span>Length: 0.08 km</span><br><span>Length rank: 1,835</span></div>"
road_3314510,path,3314510,sealed,WINCHESTER PLACE,0.0838999180338286,1836,23,#1464a5cc,#1464a5cc,@EAAgq`hmI|gq}fAgHWaI@cE{@oDoB{CgBoDkB}Co@gFsA,"<div><strong>WINCHESTER PLACE</strong><br><span>Surface: sealed</span><br><span>Length: 0.08 km</span><br><span>Length rank: 1,836</span></div>"
road_8329693,path,8329693,sealed,PUKATEA LANE,0.0838649748643169,1837,23,#1464a5cc,#1464a5cc,@EAAgrqemI`{t`gALe@@AzCoLjGe^,"<div><strong>PUKATEA LANE</strong><br><span>Surface: sealed</span><br><span>Length: 0.08 km</span><br><span>Length rank: 1,837</span></div>"
road_7742844,path,7742844,sealed,BOWERY LANE,0.0837837132706786,1838,23,#1464a5cc,#1464a5cc,@EAAaqajmI`b`_gAxUShDkG`BaExGa@dF|@,"<div><strong>BOWERY LANE</strong><br><span>Surface: sealed</span><br><span>Length: 0.08 km</span><br><span>Length rank: 1,838</span></div>"
road_3313949,path,3313949,sealed,SHELLEY JANE PLACE,0.0835804443151154,1839,23,#1464a5cc,#1464a5cc,@EAAurogmInslbgAtw@yL,"<div><strong>SHELLEY JANE PLACE</strong><br><span>Surface: sealed</span><br><span>Length: 0.08 km</span><br><span>Length rank: 1,839</span></div>"
road_3313983,path,3313983,sealed,JERSEY PLACE,0.0832407064320359,1840,23,#1464a5cc,#1464a5cc,@EAAysbfmI~jfagApDtB`Fv@dk@nB,"<div><strong>JERSEY PLACE</strong><br><span>Surface: sealed</span><br><span>Length: 0.08 km</span><br><span>Length rank: 1,840</span></div>"
road_3314536,path,3314536,sealed,OAKRIDGE GROVE,0.0830659880810485,1841,23,#1464a5cc,#1464a5cc,@EAAqtngmIpqk~fA{GP}Bd@cFvAeC`@kC\sHtAsFjAmHtB,"<div><strong>OAKRIDGE GROVE</strong><br><span>Surface: sealed</span><br><span>Length: 0.08 km</span><br><span>Length rank: 1,841</span></div>"
road_3314017,path,3314017,sealed,INVERARAY PLACE,0.0829871845364807,1842,23,#1464a5cc,#1464a5cc,@EAA_qffmIl~~`gAhEfCp^`RbHxC,"<div><strong>INVERARAY PLACE</strong><br><span>Surface: sealed</span><br><span>Length: 0.08 km</span><br><span>Length rank: 1,842</span></div>"
road_3314778,path,3314778,sealed,ASHMORE COURT,0.0829107062226807,1843,23,#1464a5cc,#1464a5cc,@EAAsp`imIbsr~fAfE]bF[pCa@tBmAjAgAp@wA`E{T,"<div><strong>ASHMORE COURT</strong><br><span>Surface: sealed</span><br><span>Length: 0.08 km</span><br><span>Length rank: 1,843</span></div>"
road_3313981,path,3313981,sealed,SUNNY DALE,0.0828976730491941,1844,23,#1464a5cc,#1464a5cc,@EAAg`efmIvzmagA{Dn@kED_l@wG,"<div><strong>SUNNY DALE</strong><br><span>Surface: sealed</span><br><span>Length: 0.08 km</span><br><span>Length rank: 1,844</span></div>"
road_3314522,path,3314522,sealed,RIVER OAKS PLACE,0.082863185137023,1845,23,#1464a5cc,#1464a5cc,@EAAk{xfmItqi~fAbCpm@,"<div><strong>RIVER OAKS PLACE</strong><br><span>Surface: sealed</span><br><span>Length: 0.08 km</span><br><span>Length rank: 1,845</span></div>"
road_3314095,path,3314095,sealed,DOVEDALE PLACE,0.0827695334934118,1846,23,#1464a5cc,#1464a5cc,@EAAerwfmIripagAsPeDkDg@iC@{\dA,"<div><strong>DOVEDALE PLACE</strong><br><span>Surface: sealed</span><br><span>Length: 0.08 km</span><br><span>Length rank: 1,846</span></div>"
road_3314619,path,3314619,sealed,SEARANCKE PLACE,0.0826253874519473,1847,23,#1464a5cc,#1464a5cc,@EAAuchimIxsc`gArt@vQ,"<div><strong>SEARANCKE PLACE</strong><br><span>Surface: sealed</span><br><span>Length: 0.08 km</span><br><span>Length rank: 1,847</span></div>"
road_3314235,path,3314235,sealed,FERGUSSON STREET,0.082497256214654,1848,23,#1464a5cc,#1464a5cc,@EAAygyimIr~dbgAxu@fO,"<div><strong>FERGUSSON STREET</strong><br><span>Surface: sealed</span><br><span>Length: 0.08 km</span><br><span>Length rank: 1,848</span></div>"
road_3314458,path,3314458,sealed,AMARIL LANE,0.0824772367757854,1849,23,#1464a5cc,#1464a5cc,@EAAeoxfmIzmw}fA_Be@_Bc@wAWeAI_CIai@lD,"<div><strong>AMARIL LANE</strong><br><span>Surface: sealed</span><br><span>Length: 0.08 km</span><br><span>Length rank: 1,849</span></div>"
road_3314092,path,3314092,sealed,BEAUMARIS PLACE,0.0822672729392032,1850,23,#1464a5cc,#1464a5cc,@EAAozqfmIb|zagAkObTmAnBkB~DiBrI,"<div><strong>BEAUMARIS PLACE</strong><br><span>Surface: sealed</span><br><span>Length: 0.08 km</span><br><span>Length rank: 1,850</span></div>"
road_3314189,path,3314189,sealed,BALFOUR CRESCENT,0.0819983457721722,1851,23,#1464a5cc,#1464a5cc,@EAAqn_lmI~fsbgAxBhBtA`A`Ct@xDl@rCVnCDtF[~Hg@xIy@,"<div><strong>BALFOUR CRESCENT</strong><br><span>Surface: sealed</span><br><span>Length: 0.08 km</span><br><span>Length rank: 1,851</span></div>"
road_3314518,path,3314518,sealed,FROST PLACE,0.0819322862873837,1852,23,#1464a5cc,#1464a5cc,@EAAqpzfmI|oy~fAaJfl@,"<div><strong>FROST PLACE</strong><br><span>Surface: sealed</span><br><span>Length: 0.08 km</span><br><span>Length rank: 1,852</span></div>"
road_3314555,path,3314555,sealed,PENNANT PLACE,0.0818044355769014,1853,23,#1464a5cc,#1464a5cc,@EAAklqgmIb|c~fA|LaDbEkB|CkBbEyEfBoCzBuC`AgB,"<div><strong>PENNANT PLACE</strong><br><span>Surface: sealed</span><br><span>Length: 0.08 km</span><br><span>Length rank: 1,853</span></div>"
road_8329704,path,8329704,sealed,MARJORIEFIELD MEWS,0.0814412165093274,1854,23,#1464a5cc,#1464a5cc,@EAAqmyjmIp|jcgAoA_AiZkUaMeC,"<div><strong>MARJORIEFIELD MEWS</strong><br><span>Surface: sealed</span><br><span>Length: 0.08 km</span><br><span>Length rank: 1,854</span></div>"
road_7742872,path,7742872,sealed,ESKDALE LANE,0.0813495951389239,1855,23,#1464a5cc,#1464a5cc,@EAAck~fmIbji}fAmA_RqFeDyBoQ,"<div><strong>ESKDALE LANE</strong><br><span>Surface: sealed</span><br><span>Length: 0.08 km</span><br><span>Length rank: 1,855</span></div>"
road_3314073,path,3314073,sealed,OLWYN GREEN,0.0812601580139524,1856,23,#1464a5cc,#1464a5cc,@EAAwjigmIhjgagApNlHjD|Cf@jBb@fCj@fA`Ah@bCJ~HF,"<div><strong>OLWYN GREEN</strong><br><span>Surface: sealed</span><br><span>Length: 0.08 km</span><br><span>Length rank: 1,856</span></div>"
road_3314539,path,3314539,sealed,LONGWOOD PLACE,0.081234292317186,1857,23,#1464a5cc,#1464a5cc,@EAAyjfhmIz{t~fAdLrNrClDdDhAbE`@lLM,"<div><strong>LONGWOOD PLACE</strong><br><span>Surface: sealed</span><br><span>Length: 0.08 km</span><br><span>Length rank: 1,857</span></div>"
road_3314595,path,3314595,sealed,HEMSBY PLACE,0.0811710569759447,1858,23,#1464a5cc,#1464a5cc,@EAAwq~gmIn{m}fAyNqImKmD}EcAiGk@wEJ,"<div><strong>HEMSBY PLACE</strong><br><span>Surface: sealed</span><br><span>Length: 0.08 km</span><br><span>Length rank: 1,858</span></div>"
road_3314741,path,3314741,sealed,REMBRANDT TERRACE,0.0809830547104302,1859,23,#1464a5cc,#1464a5cc,@EAAkshimI|_h~fAqFgFgCiEoA}AoAcAgBsAeJmGkEiC,"<div><strong>REMBRANDT TERRACE</strong><br><span>Surface: sealed</span><br><span>Length: 0.08 km</span><br><span>Length rank: 1,859</span></div>"
road_3314309,path,3314309,sealed,BURWOOD PLACE,0.0809702078235092,1860,23,#1464a5cc,#1464a5cc,@EAAikilmIhk}agAjBfCvAtApA`ApAx@pB~@xLrDhQ`E,"<div><strong>BURWOOD PLACE</strong><br><span>Surface: sealed</span><br><span>Length: 0.08 km</span><br><span>Length rank: 1,860</span></div>"
road_3314529,path,3314529,sealed,CHESTNUT PLACE,0.0809547476628813,1861,23,#1464a5cc,#1464a5cc,@EAA{pjgmIhlv~fAjDqAlEeDxTm[,"<div><strong>CHESTNUT PLACE</strong><br><span>Surface: sealed</span><br><span>Length: 0.08 km</span><br><span>Length rank: 1,861</span></div>"
road_3313999,path,3313999,sealed,COUNTRY LANE,0.0808796574309902,1862,23,#1464a5cc,#1464a5cc,@EAAujdfmIdpoagA~@lDbAvI\hF_@bDu@|AqAjAcH`F,"<div><strong>COUNTRY LANE</strong><br><span>Surface: sealed</span><br><span>Length: 0.08 km</span><br><span>Length rank: 1,862</span></div>"
road_3314576,path,3314576,sealed,MCKENZIE PLACE,0.0808213142650053,1863,23,#1464a5cc,#1464a5cc,@EAAkxchmIrqz}fAcCzFeAhDGrB`A|AnAv@zF~@|Ar@jEnBvE`B,"<div><strong>MCKENZIE PLACE</strong><br><span>Surface: sealed</span><br><span>Length: 0.08 km</span><br><span>Length rank: 1,863</span></div>"
road_3314083,path,3314083,sealed,TORU STREET,0.0807824775318994,1864,23,#1464a5cc,#1464a5cc,@EAAw~}gmIdx`agAxk@{ElJw@,"<div><strong>TORU STREET</strong><br><span>Surface: sealed</span><br><span>Length: 0.08 km</span><br><span>Length rank: 1,864</span></div>"
road_7742823,path,7742823,sealed,,0.0806927741457877,1865,23,#1464a5cc,#1464a5cc,@EAA{z~gmIrld~fAxBcF|@{AnAgAzEmDlKwIzAcAhEkB,"<div><strong>Road 7742823</strong><br><span>Surface: sealed</span><br><span>Length: 0.08 km</span><br><span>Length rank: 1,865</span></div>"
road_3314044,path,3314044,sealed,STIRLING PLACE,0.0806390221670234,1866,23,#1464a5cc,#1464a5cc,@EAAmyqfmItmoagA@iJqBePmBcGwA{BwBeA,"<div><strong>STIRLING PLACE</strong><br><span>Surface: sealed</span><br><span>Length: 0.08 km</span><br><span>Length rank: 1,866</span></div>"
road_3314805,path,3314805,sealed,STANTON PLACE,0.0805921144095424,1867,23,#1464a5cc,#1464a5cc,@EAA_buimIvlq}fA}NgEoKuBcFHwQp@,"<div><strong>STANTON PLACE</strong><br><span>Surface: sealed</span><br><span>Length: 0.08 km</span><br><span>Length rank: 1,867</span></div>"
road_3314556,path,3314556,sealed,CASHMERE PLACE,0.0805166766468007,1868,23,#1464a5cc,#1464a5cc,@EAA}}ngmIppa~fAtWeUhEgEfAoB^uB,"<div><strong>CASHMERE PLACE</strong><br><span>Surface: sealed</span><br><span>Length: 0.08 km</span><br><span>Length rank: 1,868</span></div>"
road_3314491,path,3314491,sealed,AYLESBURY COURT,0.0798504441076054,1869,23,#1464a5cc,#1464a5cc,@EAAia|gmIfov}fAoFiCwGyBmLaBgV_A,"<div><strong>AYLESBURY COURT</strong><br><span>Surface: sealed</span><br><span>Length: 0.08 km</span><br><span>Length rank: 1,869</span></div>"
road_3314164,path,3314164,sealed,SUNNYHILLS AVENUE,0.0797947784921359,1870,23,#1464a5cc,#1464a5cc,@EAAu_ximIbnycgAqWwBuGiAwBeAiBmAuA_CiAwD,"<div><strong>SUNNYHILLS AVENUE</strong><br><span>Surface: sealed</span><br><span>Length: 0.08 km</span><br><span>Length rank: 1,870</span></div>"
road_3314221,path,3314221,sealed,NATLAND STREET,0.0797717224929617,1871,23,#1464a5cc,#1464a5cc,@EAAybqjmIzbyagAau@kL,"<div><strong>NATLAND STREET</strong><br><span>Surface: sealed</span><br><span>Length: 0.08 km</span><br><span>Length rank: 1,871</span></div>"
road_3314788,path,3314788,sealed,ROSE LANE,0.0796997876180182,1872,23,#1464a5cc,#1464a5cc,@EAAoqaimIhj{}fAmR^{c@xA,"<div><strong>ROSE LANE</strong><br><span>Surface: sealed</span><br><span>Length: 0.08 km</span><br><span>Length rank: 1,872</span></div>"
road_3314169,path,3314169,sealed,PARKDALE PLACE,0.0794989510797812,1873,23,#1464a5cc,#1464a5cc,@EAAsa_jmIv_icgAwg@|],"<div><strong>PARKDALE PLACE</strong><br><span>Surface: sealed</span><br><span>Length: 0.08 km</span><br><span>Length rank: 1,873</span></div>"
road_3314749,path,3314749,sealed,BAYSWATER COURT,0.0793283571923953,1874,23,#1464a5cc,#1464a5cc,@EAAo~nimInl_~fAj@|B|AtGjB`GlBbElI~Jh@n@,"<div><strong>BAYSWATER COURT</strong><br><span>Surface: sealed</span><br><span>Length: 0.08 km</span><br><span>Length rank: 1,874</span></div>"
road_3314527,path,3314527,sealed,BRAMBER STREET,0.0793193937230914,1875,23,#1464a5cc,#1464a5cc,@EAAelzfmIrur}fAeEdCcDtCmCzDcBxA_B`AcGxDkCp@wBWkA{@,"<div><strong>BRAMBER STREET</strong><br><span>Surface: sealed</span><br><span>Length: 0.08 km</span><br><span>Length rank: 1,875</span></div>"
road_8329726,path,8329726,sealed,LE QUESNE PLACE,0.0790077759082474,1876,23,#1464a5cc,#1464a5cc,@EAA{baimI|p_`gAAFeBvGiHhXeBjG,"<div><strong>LE QUESNE PLACE</strong><br><span>Surface: sealed</span><br><span>Length: 0.08 km</span><br><span>Length rank: 1,876</span></div>"
road_7742869,path,7742869,sealed,MAIA PLACE,0.0788241632859059,1877,23,#1464a5cc,#1464a5cc,@EAAkctfmItse}fAgAg`@OaJ,"<div><strong>MAIA PLACE</strong><br><span>Surface: sealed</span><br><span>Length: 0.08 km</span><br><span>Length rank: 1,877</span></div>"
road_7742802,path,7742802,sealed,,0.0785701419596583,1878,23,#1464a5cc,#1464a5cc,@EAAwpqimI`dcagAlAbBDvBqCbDwY|T,"<div><strong>Road 7742802</strong><br><span>Surface: sealed</span><br><span>Length: 0.08 km</span><br><span>Length rank: 1,878</span></div>"
road_3314665,path,3314665,sealed,BURNS COURT,0.0785372125087722,1879,23,#1464a5cc,#1464a5cc,@EAAsckjmIzkd`gAig@p],"<div><strong>BURNS COURT</strong><br><span>Surface: sealed</span><br><span>Length: 0.08 km</span><br><span>Length rank: 1,879</span></div>"
road_3314110,path,3314110,sealed,FRENCH STREET,0.0785030164930887,1880,23,#1464a5cc,#1464a5cc,@EAAszohmIt}vagA~f@eOrH{B,"<div><strong>FRENCH STREET</strong><br><span>Surface: sealed</span><br><span>Length: 0.08 km</span><br><span>Length rank: 1,880</span></div>"
road_3314525,path,3314525,sealed,ARIE LANE,0.0785025673627428,1881,23,#1464a5cc,#1464a5cc,@EAA_ltfmItgu}fAxLeL`@kAT{AMqAqIaP,"<div><strong>ARIE LANE</strong><br><span>Surface: sealed</span><br><span>Length: 0.08 km</span><br><span>Length rank: 1,881</span></div>"
road_3314093,path,3314093,sealed,RICCARTON PLACE,0.0783584408592303,1882,23,#1464a5cc,#1464a5cc,@EAA{j_gmInr~agAcIjj@,"<div><strong>RICCARTON PLACE</strong><br><span>Surface: sealed</span><br><span>Length: 0.08 km</span><br><span>Length rank: 1,882</span></div>"
road_8329718,path,8329718,sealed,,0.0782726597862423,1883,23,#1464a5cc,#1464a5cc,@EAAmqzfmI~t`~fAcp@nS,"<div><strong>Road 8329718</strong><br><span>Surface: sealed</span><br><span>Length: 0.08 km</span><br><span>Length rank: 1,883</span></div>"
road_3314172,path,3314172,sealed,CAROLYN PLACE,0.0782421422470371,1884,23,#1464a5cc,#1464a5cc,@EAAyfgjmIp}_cgArIkDjQqHtDmCfB}CZuC,"<div><strong>CAROLYN PLACE</strong><br><span>Surface: sealed</span><br><span>Length: 0.08 km</span><br><span>Length rank: 1,884</span></div>"
road_7742851,path,7742851,sealed,PORTLAND LANE,0.0779678893538134,1885,23,#1464a5cc,#1464a5cc,@EAAwedjmId|a_gAoAhKz@zBbAdBv@|@tC`D|EjHp@|B,"<div><strong>PORTLAND LANE</strong><br><span>Surface: sealed</span><br><span>Length: 0.08 km</span><br><span>Length rank: 1,885</span></div>"
road_3314659,path,3314659,sealed,HUME PLACE,0.0778521759424016,1886,23,#1464a5cc,#1464a5cc,@EAAajvimIj{a`gAwCy@mFCkg@nI,"<div><strong>HUME PLACE</strong><br><span>Surface: sealed</span><br><span>Length: 0.08 km</span><br><span>Length rank: 1,886</span></div>"
road_3314692,path,3314692,sealed,ADA PLACE,0.0777309621175955,1887,23,#1464a5cc,#1464a5cc,@EAAab`kmId~x_gA`GvA`GXde@_@,"<div><strong>ADA PLACE</strong><br><span>Surface: sealed</span><br><span>Length: 0.08 km</span><br><span>Length rank: 1,887</span></div>"
road_3314096,path,3314096,sealed,LEYTON PLACE,0.0775835040385167,1888,23,#1464a5cc,#1464a5cc,@EAAulyfmIhyfagAaGaCaHy@ac@cA,"<div><strong>LEYTON PLACE</strong><br><span>Surface: sealed</span><br><span>Length: 0.08 km</span><br><span>Length rank: 1,888</span></div>"
road_8329739,path,8329739,sealed,,0.0774120094556897,1889,23,#1464a5cc,#1464a5cc,@EAAufwhmInnr~fAgG`j@,"<div><strong>Road 8329739</strong><br><span>Surface: sealed</span><br><span>Length: 0.08 km</span><br><span>Length rank: 1,889</span></div>"
road_3313975,path,3313975,sealed,ELENORA CLOSE,0.0773379344009851,1890,23,#1464a5cc,#1464a5cc,@EAAq}remIta{`gAqFhAuWxJuFjDgDnC,"<div><strong>ELENORA CLOSE</strong><br><span>Surface: sealed</span><br><span>Length: 0.08 km</span><br><span>Length rank: 1,890</span></div>"
road_3314730,path,3314730,sealed,APOLLO PLACE,0.0771894726862423,1891,23,#1464a5cc,#1464a5cc,@EAAodyhmIzsr}fAdEoFjDcJ@iAKmAqCuFuCqG,"<div><strong>APOLLO PLACE</strong><br><span>Surface: sealed</span><br><span>Length: 0.08 km</span><br><span>Length rank: 1,891</span></div>"
road_3314394,path,3314394,sealed,CARBINE CLOSE,0.0771743425513325,1892,23,#1464a5cc,#1464a5cc,@EAAoqlgmIdba`gA_D^qB^mBn@iB\wBPwAOo@k@Hy@bAe@jBaAbBkA`DsC|EqB,"<div><strong>CARBINE CLOSE</strong><br><span>Surface: sealed</span><br><span>Length: 0.08 km</span><br><span>Length rank: 1,892</span></div>"
road_3314637,path,3314637,sealed,SUTCLIFFE PLACE,0.0771669600999004,1893,23,#1464a5cc,#1464a5cc,@EAAy{nimIduk_gAwo@wR,"<div><strong>SUTCLIFFE PLACE</strong><br><span>Surface: sealed</span><br><span>Length: 0.08 km</span><br><span>Length rank: 1,893</span></div>"
road_8329725,path,8329725,sealed,MICAH PLACE,0.0769417216554616,1894,23,#1464a5cc,#1464a5cc,@EAAwp_hmIhsi}fAeD|EsBtB}BzAuHnDeFxB{HfE,"<div><strong>MICAH PLACE</strong><br><span>Surface: sealed</span><br><span>Length: 0.08 km</span><br><span>Length rank: 1,894</span></div>"
road_8329737,path,8329737,sealed,,0.076823163475565,1895,23,#1464a5cc,#1464a5cc,@EAA{zuhmIvcu~fAgBo`@oCmFc@a@,"<div><strong>Road 8329737</strong><br><span>Surface: sealed</span><br><span>Length: 0.08 km</span><br><span>Length rank: 1,895</span></div>"
road_6064584,path,6064584,sealed,TE RAPA ROAD,0.0767013549266864,1896,23,#1464a5cc,#1464a5cc,@EAAwnbfmIvzs~fAxBvCf@rDq@nDyBjCoBz@yBp@_EX}Eg@aCu@,"<div><strong>TE RAPA ROAD</strong><br><span>Surface: sealed</span><br><span>Length: 0.08 km</span><br><span>Length rank: 1,896</span></div>"
road_3314786,path,3314786,sealed,CABERNET CLOSE,0.0766354997759796,1897,23,#1464a5cc,#1464a5cc,@EAAo|bimIvdb~fAmNiFmK}EwFwDk@}AEgD,"<div><strong>CABERNET CLOSE</strong><br><span>Surface: sealed</span><br><span>Length: 0.08 km</span><br><span>Length rank: 1,897</span></div>"
road_3314691,path,3314691,sealed,ARIA COURT,0.0764103684179165,1898,23,#1464a5cc,#1464a5cc,@EAAm~{jmIzwz_gABqZ}AwBiKaD,"<div><strong>ARIA COURT</strong><br><span>Surface: sealed</span><br><span>Length: 0.08 km</span><br><span>Length rank: 1,898</span></div>"
road_3314297,path,3314297,sealed,ARCHER COURT,0.0763253203322494,1899,23,#1464a5cc,#1464a5cc,@EAAk|gkmIrt~`gAjE|Lj@lCe@bD}DvP,"<div><strong>ARCHER COURT</strong><br><span>Surface: sealed</span><br><span>Length: 0.08 km</span><br><span>Length rank: 1,899</span></div>"
road_3314474,path,3314474,sealed,HALYARD CLOSE,0.0761132604066706,1900,23,#1464a5cc,#1464a5cc,@EAAwpwgmIjdf~fAcQnU}EdN,"<div><strong>HALYARD CLOSE</strong><br><span>Surface: sealed</span><br><span>Length: 0.08 km</span><br><span>Length rank: 1,900</span></div>"
road_3314802,path,3314802,sealed,WESTBURY MEWS,0.0760611421160126,1901,23,#1464a5cc,#1464a5cc,@EAAaxjimIzky}fAsIQaHDqFn@_GrBiLrG,"<div><strong>WESTBURY MEWS</strong><br><span>Surface: sealed</span><br><span>Length: 0.08 km</span><br><span>Length rank: 1,901</span></div>"
road_3314673,path,3314673,sealed,MCCONNELL LANE,0.0760139268384064,1902,23,#1464a5cc,#1464a5cc,@EAAg``jmIzjx_gAaB[mBu@uKwCsBgA}@mA[iBCmA?UR{AvCeH,"<div><strong>MCCONNELL LANE</strong><br><span>Surface: sealed</span><br><span>Length: 0.08 km</span><br><span>Length rank: 1,902</span></div>"
road_7742854,path,7742854,sealed,FORGE STREET,0.076005722859431,1903,23,#1464a5cc,#1464a5cc,@EAA{ahimI`d~}fAtHjBvVbEpPbC,"<div><strong>FORGE STREET</strong><br><span>Surface: sealed</span><br><span>Length: 0.08 km</span><br><span>Length rank: 1,903</span></div>"
road_3314681,path,3314681,sealed,AOTEA PLACE,0.0758942649827203,1904,23,#1464a5cc,#1464a5cc,@EAAqeqimInya_gAil@aV,"<div><strong>AOTEA PLACE</strong><br><span>Surface: sealed</span><br><span>Length: 0.08 km</span><br><span>Length rank: 1,904</span></div>"
road_3314666,path,3314666,sealed,SHELLEY COURT,0.0758771214281064,1905,23,#1464a5cc,#1464a5cc,@EAAehkjmIzwb`gAtq@jM,"<div><strong>SHELLEY COURT</strong><br><span>Surface: sealed</span><br><span>Length: 0.08 km</span><br><span>Length rank: 1,905</span></div>"
road_3314717,path,3314717,sealed,DUGALD COURT,0.0756798478814898,1906,23,#1464a5cc,#1464a5cc,@EAAi~xhmIxgk~fAq@bEu@`EFjC`BrHdCbIRdD,"<div><strong>DUGALD COURT</strong><br><span>Surface: sealed</span><br><span>Length: 0.08 km</span><br><span>Length rank: 1,906</span></div>"
road_3314177,path,3314177,sealed,ST LUKES PLACE,0.0756239991278176,1907,23,#1464a5cc,#1464a5cc,@EAAaprimIrtybgAk`@k`@,"<div><strong>ST LUKES PLACE</strong><br><span>Surface: sealed</span><br><span>Length: 0.08 km</span><br><span>Length rank: 1,907</span></div>"
road_3314390,path,3314390,sealed,BROUGH PLACE,0.0756162939362495,1908,23,#1464a5cc,#1464a5cc,@EAA}_}fmI`e~~fApVs@bLk@pFqAxEaC,"<div><strong>BROUGH PLACE</strong><br><span>Surface: sealed</span><br><span>Length: 0.08 km</span><br><span>Length rank: 1,908</span></div>"
road_3314721,path,3314721,sealed,IAIN COURT,0.0754687755492369,1909,23,#1464a5cc,#1464a5cc,@EAAasuhmIpua~fAkCjCs@zCmDp^,"<div><strong>IAIN COURT</strong><br><span>Surface: sealed</span><br><span>Length: 0.08 km</span><br><span>Length rank: 1,909</span></div>"
road_3314280,path,3314280,sealed,SCOTLAND PLACE,0.0753919943636731,1910,23,#1464a5cc,#1464a5cc,@EAAkqukmIhmoagAvp@uN,"<div><strong>SCOTLAND PLACE</strong><br><span>Surface: sealed</span><br><span>Length: 0.08 km</span><br><span>Length rank: 1,910</span></div>"
road_3314528,path,3314528,sealed,HOROEKA COURT,0.0752373187817784,1911,23,#1464a5cc,#1464a5cc,@EAA}xbgmIp~w~fAtPyTzAgExAoH,"<div><strong>HOROEKA COURT</strong><br><span>Surface: sealed</span><br><span>Length: 0.08 km</span><br><span>Length rank: 1,911</span></div>"
road_3314290,path,3314290,sealed,JUNE PLACE,0.0750643786818985,1912,23,#1464a5cc,#1464a5cc,@EAAc|ckmIp}bagA_Kt^wAxB}CvA,"<div><strong>JUNE PLACE</strong><br><span>Surface: sealed</span><br><span>Length: 0.08 km</span><br><span>Length rank: 1,912</span></div>"
road_8329721,path,8329721,sealed,LIGHTER PLACE,0.0750319432842827,1913,23,#1464a5cc,#1464a5cc,@EAAsrdgmIxi`~fA_OyCqa@gG,"<div><strong>LIGHTER PLACE</strong><br><span>Surface: sealed</span><br><span>Length: 0.08 km</span><br><span>Length rank: 1,913</span></div>"
road_3314634,path,3314634,sealed,SHARPLEY PLACE,0.0749323784101921,1914,23,#1464a5cc,#1464a5cc,@EAA_xvimI|`q_gA{d@s\,"<div><strong>SHARPLEY PLACE</strong><br><span>Surface: sealed</span><br><span>Length: 0.07 km</span><br><span>Length rank: 1,914</span></div>"
road_3314761,path,3314761,sealed,ASHTON WAY,0.0748038997765752,1915,23,#1464a5cc,#1464a5cc,@EAA{g_imIvzp}fAgAsE}AqFiDsIuFuJBwA,"<div><strong>ASHTON WAY</strong><br><span>Surface: sealed</span><br><span>Length: 0.07 km</span><br><span>Length rank: 1,915</span></div>"
road_8329770,path,8329770,sealed,GALLANTS PLACE,0.0746745381991199,1916,23,#1464a5cc,#1464a5cc,@EAAqmdgmI~ib}fAaHr@kTjAsGfC_FtF,"<div><strong>GALLANTS PLACE</strong><br><span>Surface: sealed</span><br><span>Length: 0.07 km</span><br><span>Length rank: 1,916</span></div>"
road_3314405,path,3314405,sealed,TIFFINEY PLACE,0.0746681193582164,1917,23,#1464a5cc,#1464a5cc,@EAA{mnhmIz_o_gA{Cm@qBqAyC{BgMiY,"<div><strong>TIFFINEY PLACE</strong><br><span>Surface: sealed</span><br><span>Length: 0.07 km</span><br><span>Length rank: 1,917</span></div>"
road_8329728,path,8329728,sealed,PIPPA LANE,0.074616472445872,1918,23,#1464a5cc,#1464a5cc,@EAAahbjmI|j__gAxQif@,"<div><strong>PIPPA LANE</strong><br><span>Surface: sealed</span><br><span>Length: 0.07 km</span><br><span>Length rank: 1,918</span></div>"
road_3314594,path,3314594,sealed,WOBURN COURT,0.0746136871075032,1919,23,#1464a5cc,#1464a5cc,@EAAwg~gmIlzo}fAeBfDyFnJy@lCWdDQrCiBdG,"<div><strong>WOBURN COURT</strong><br><span>Surface: sealed</span><br><span>Length: 0.07 km</span><br><span>Length rank: 1,919</span></div>"
road_3314476,path,3314476,sealed,MERIDIAN PLACE,0.0744660570331859,1920,23,#1464a5cc,#1464a5cc,@EAAmhngmI`lc~fA`CaCn@kBRmBn@mCjA}C~BiEzEoJ,"<div><strong>MERIDIAN PLACE</strong><br><span>Surface: sealed</span><br><span>Length: 0.07 km</span><br><span>Length rank: 1,920</span></div>"
road_8329703,path,8329703,sealed,SELKIRK LANE,0.0744653356274216,1921,23,#1464a5cc,#1464a5cc,@EAAo{qhmI|ojbgAPzh@,"<div><strong>SELKIRK LANE</strong><br><span>Surface: sealed</span><br><span>Length: 0.07 km</span><br><span>Length rank: 1,921</span></div>"
road_7742785,path,7742785,sealed,BEEHIVE LANE,0.0744522019318501,1922,23,#1464a5cc,#1464a5cc,@EAAku|emIf|hcgAh@wAtEsLd@eH@aEu@_H,"<div><strong>BEEHIVE LANE</strong><br><span>Surface: sealed</span><br><span>Length: 0.07 km</span><br><span>Length rank: 1,922</span></div>"
road_3314170,path,3314170,sealed,GWENDOLINE PLACE,0.0740586622752713,1923,23,#1464a5cc,#1464a5cc,@EAAub_jmIfpbcgAg[{UyDs@aEA,"<div><strong>GWENDOLINE PLACE</strong><br><span>Surface: sealed</span><br><span>Length: 0.07 km</span><br><span>Length rank: 1,923</span></div>"
road_3314768,path,3314768,sealed,THE PALMS,0.0740368038421355,1924,23,#1464a5cc,#1464a5cc,@EAAiuyhmIvvg~fAgJg@uL}@kG_@eAFaAXy@t@o@xA]fB]rA,"<div><strong>THE PALMS</strong><br><span>Surface: sealed</span><br><span>Length: 0.07 km</span><br><span>Length rank: 1,924</span></div>"
road_3314782,path,3314782,sealed,PENINSULA POINT,0.0738157031862856,1925,23,#1464a5cc,#1464a5cc,@EAAeatimIxar~fAySuGaLwCkCuAiCgE,"<div><strong>PENINSULA POINT</strong><br><span>Surface: sealed</span><br><span>Length: 0.07 km</span><br><span>Length rank: 1,925</span></div>"
road_3314519,path,3314519,sealed,NORFOLK PLACE,0.0737168847681021,1926,23,#1464a5cc,#1464a5cc,@EAA_`}fmIbdr~fAiE~ZHrDz@fF,"<div><strong>NORFOLK PLACE</strong><br><span>Surface: sealed</span><br><span>Length: 0.07 km</span><br><span>Length rank: 1,926</span></div>"
road_3314633,path,3314633,sealed,BELLWOOD PLACE,0.0733097599028538,1927,22,#1464a5cc,#1464a5cc,@EAAqrtimI|_o_gA{_@_LkFi@sFT,"<div><strong>BELLWOOD PLACE</strong><br><span>Surface: sealed</span><br><span>Length: 0.07 km</span><br><span>Length rank: 1,927</span></div>"
road_3314142,path,3314142,sealed,GREVILLEA PLACE,0.0732386074487636,1928,22,#1464a5cc,#1464a5cc,@EAA_fbimIl|acgAt@iE?oCwKq[,"<div><strong>GREVILLEA PLACE</strong><br><span>Surface: sealed</span><br><span>Length: 0.07 km</span><br><span>Length rank: 1,928</span></div>"
road_3314783,path,3314783,sealed,JARVIS COURT,0.073026005092887,1929,22,#1464a5cc,#1464a5cc,@EAAe`pimI|yk~fAJch@,"<div><strong>JARVIS COURT</strong><br><span>Surface: sealed</span><br><span>Length: 0.07 km</span><br><span>Length rank: 1,929</span></div>"
road_3314195,path,3314195,sealed,LORIMER LANE,0.0730092340875929,1930,22,#1464a5cc,#1464a5cc,@EAAsrokmI~bebgAuTv[aDlE,"<div><strong>LORIMER LANE</strong><br><span>Surface: sealed</span><br><span>Length: 0.07 km</span><br><span>Length rank: 1,930</span></div>"
road_3314307,path,3314307,sealed,BRENNAN PLACE,0.0728054570192096,1931,22,#1464a5cc,#1464a5cc,@EAA}ltkmIxxragApq@kG,"<div><strong>BRENNAN PLACE</strong><br><span>Surface: sealed</span><br><span>Length: 0.07 km</span><br><span>Length rank: 1,931</span></div>"
road_3314675,path,3314675,sealed,CHAMBERLAIN PLACE,0.0728042216806593,1932,22,#1464a5cc,#1464a5cc,@EAAoaajmIdfs_gA`h@yW,"<div><strong>CHAMBERLAIN PLACE</strong><br><span>Surface: sealed</span><br><span>Length: 0.07 km</span><br><span>Length rank: 1,932</span></div>"
road_3314559,path,3314559,sealed,KENTWOOD PLACE,0.0726610164947724,1933,22,#1464a5cc,#1464a5cc,@EAAmo~fmIpt|}fAo[aa@,"<div><strong>KENTWOOD PLACE</strong><br><span>Surface: sealed</span><br><span>Length: 0.07 km</span><br><span>Length rank: 1,933</span></div>"
road_3314806,path,3314806,sealed,GALAHAD COURT,0.072329658549629,1934,22,#1464a5cc,#1464a5cc,@EAAmxyhmIptq}fAeTad@,"<div><strong>GALAHAD COURT</strong><br><span>Surface: sealed</span><br><span>Length: 0.07 km</span><br><span>Length rank: 1,934</span></div>"
road_3314012,path,3314012,sealed,HEREFORD PLACE,0.0722905802437836,1935,22,#1464a5cc,#1464a5cc,@EAA_j`fmIroeagAq[gPuDoAyGa@,"<div><strong>HEREFORD PLACE</strong><br><span>Surface: sealed</span><br><span>Length: 0.07 km</span><br><span>Length rank: 1,935</span></div>"
road_3314680,path,3314680,sealed,FLEMING PLACE,0.0720861416249272,1936,22,#1464a5cc,#1464a5cc,@EAAizgimIj{__gA_\eSeEeAuDW,"<div><strong>FLEMING PLACE</strong><br><span>Surface: sealed</span><br><span>Length: 0.07 km</span><br><span>Length rank: 1,936</span></div>"
road_3314789,path,3314789,sealed,PLOVER COURT,0.0720015690522078,1937,22,#1464a5cc,#1464a5cc,@EAAqo}hmIdvz}fAk@wG{CuJ}GaQ,"<div><strong>PLOVER COURT</strong><br><span>Surface: sealed</span><br><span>Length: 0.07 km</span><br><span>Length rank: 1,937</span></div>"
road_7742837,path,7742837,sealed,FALCON COURT,0.0718300970984002,1938,22,#1464a5cc,#1464a5cc,@EAAwa~fmI~zs}fAuO~HsFfBsFn@mLf@,"<div><strong>FALCON COURT</strong><br><span>Surface: sealed</span><br><span>Length: 0.07 km</span><br><span>Length rank: 1,938</span></div>"
road_8329699,path,8329699,sealed,MILA PAIGE CLOSE,0.0716218220563161,1939,22,#1464a5cc,#1464a5cc,@EAAcdpjmIhtpcgAkd@pHgEtF,"<div><strong>MILA PAIGE CLOSE</strong><br><span>Surface: sealed</span><br><span>Length: 0.07 km</span><br><span>Length rank: 1,939</span></div>"
road_3314543,path,3314543,sealed,MACARTHUR MEWS,0.0715972522075769,1940,22,#1464a5cc,#1464a5cc,@EAAo_ihmI|zn~fAgESqDu@sBsA}PqU,"<div><strong>MACARTHUR MEWS</strong><br><span>Surface: sealed</span><br><span>Length: 0.07 km</span><br><span>Length rank: 1,940</span></div>"
road_3314157,path,3314157,sealed,DILLON PLACE,0.071555217325861,1941,22,#1464a5cc,#1464a5cc,@EAAeo~imIr`ibgAs@rAkLxb@,"<div><strong>DILLON PLACE</strong><br><span>Surface: sealed</span><br><span>Length: 0.07 km</span><br><span>Length rank: 1,941</span></div>"
road_3314098,path,3314098,sealed,CLANCY PLACE,0.0715116100533385,1942,22,#1464a5cc,#1464a5cc,@EAAy|pfmIxm|`gAsDj@mFhCkTrU,"<div><strong>CLANCY PLACE</strong><br><span>Surface: sealed</span><br><span>Length: 0.07 km</span><br><span>Length rank: 1,942</span></div>"
road_3314521,path,3314521,sealed,JEAN PLACE,0.0715054878582096,1943,22,#1464a5cc,#1464a5cc,@EAAcbpfmI~uh~fAwj@iS,"<div><strong>JEAN PLACE</strong><br><span>Surface: sealed</span><br><span>Length: 0.07 km</span><br><span>Length rank: 1,943</span></div>"
road_3314719,path,3314719,sealed,DINGWALL COURT,0.0713238723617686,1944,22,#1464a5cc,#1464a5cc,@EAAatwhmIlxh~fAiTrQ_AtBK~AP|F,"<div><strong>DINGWALL COURT</strong><br><span>Surface: sealed</span><br><span>Length: 0.07 km</span><br><span>Length rank: 1,944</span></div>"
road_3314608,path,3314608,sealed,MILFORD PLACE,0.0712878077447636,1945,22,#1464a5cc,#1464a5cc,@EAA_t_jmIbz`_gAvHgC|EaBrDs@`E[~Gs@rHmA,"<div><strong>MILFORD PLACE</strong><br><span>Surface: sealed</span><br><span>Length: 0.07 km</span><br><span>Length rank: 1,945</span></div>"
road_8329700,path,8329700,sealed,HEKE LANE,0.071255239816577,1946,22,#1464a5cc,#1464a5cc,@EAAmvmjmI~umcgAHZvK|d@,"<div><strong>HEKE LANE</strong><br><span>Surface: sealed</span><br><span>Length: 0.07 km</span><br><span>Length rank: 1,946</span></div>"
road_3313966,path,3313966,sealed,HARTINGTON LANE,0.0712475863595021,1947,22,#1464a5cc,#1464a5cc,@EAAylifmI`q{agAMvP[jDqAnBcDpBaGxB,"<div><strong>HARTINGTON LANE</strong><br><span>Surface: sealed</span><br><span>Length: 0.07 km</span><br><span>Length rank: 1,947</span></div>"
road_7742832,path,7742832,sealed,CORDELIA COURT,0.0711639879395752,1948,22,#1464a5cc,#1464a5cc,@EAAeplgmIjfy}fAcFuDyE{IwEsJ_CiE,"<div><strong>CORDELIA COURT</strong><br><span>Surface: sealed</span><br><span>Length: 0.07 km</span><br><span>Length rank: 1,948</span></div>"
road_3314376,path,3314376,sealed,OLIVE PLACE,0.0711198201135114,1949,22,#1464a5cc,#1464a5cc,@EAAwrsfmId_r`gA|EgAlDaCdU_U,"<div><strong>OLIVE PLACE</strong><br><span>Surface: sealed</span><br><span>Length: 0.07 km</span><br><span>Length rank: 1,949</span></div>"
road_3314072,path,3314072,sealed,WEDGEWOOD PLACE,0.0710114726884418,1950,22,#1464a5cc,#1464a5cc,@EAAmiagmIftjagAmDS}BDiGh@c^jF,"<div><strong>WEDGEWOOD PLACE</strong><br><span>Surface: sealed</span><br><span>Length: 0.07 km</span><br><span>Length rank: 1,950</span></div>"
road_3314134,path,3314134,sealed,GUY PLACE,0.0709351617474105,1951,22,#1464a5cc,#1464a5cc,@EAA{}`imIv~ecgA{Gjf@,"<div><strong>GUY PLACE</strong><br><span>Surface: sealed</span><br><span>Length: 0.07 km</span><br><span>Length rank: 1,951</span></div>"
road_3314248,path,3314248,sealed,COLLINGWOOD LANE,0.0708477784395936,1952,22,#1464a5cc,#1464a5cc,@EAAunkimIv`lagAsEhFgHhHUt@jIlFhEpB,"<div><strong>COLLINGWOOD LANE</strong><br><span>Surface: sealed</span><br><span>Length: 0.07 km</span><br><span>Length rank: 1,952</span></div>"
road_7742850,path,7742850,sealed,MCGARRIDLE ROAD,0.070739745530298,1953,22,#1464a5cc,#1464a5cc,@EAAm|gjmIfuh_gAwn@eK,"<div><strong>MCGARRIDLE ROAD</strong><br><span>Surface: sealed</span><br><span>Length: 0.07 km</span><br><span>Length rank: 1,953</span></div>"
road_3314074,path,3314074,sealed,KOTUKU STREET,0.070576649354183,1954,22,#1464a5cc,#1464a5cc,@EAAssxgmI~hnagAsMae@,"<div><strong>KOTUKU STREET</strong><br><span>Surface: sealed</span><br><span>Length: 0.07 km</span><br><span>Length rank: 1,954</span></div>"
road_3314404,path,3314404,sealed,GLADING PLACE,0.070556237528498,1955,22,#1464a5cc,#1464a5cc,@EAAyjxgmIzoe_gAnFjBjG|Al]nG,"<div><strong>GLADING PLACE</strong><br><span>Surface: sealed</span><br><span>Length: 0.07 km</span><br><span>Length rank: 1,955</span></div>"
road_3314155,path,3314155,sealed,PERRY PLACE,0.0705004663774603,1956,22,#1464a5cc,#1464a5cc,@EAAwhzimIzwubgAmm@yM,"<div><strong>PERRY PLACE</strong><br><span>Surface: sealed</span><br><span>Length: 0.07 km</span><br><span>Length rank: 1,956</span></div>"
road_3314657,path,3314657,sealed,DAVEY PLACE,0.0701073300084695,1957,22,#1464a5cc,#1464a5cc,@EAAsxrimIb_g`gAfEAlDYrAq@xZmO,"<div><strong>DAVEY PLACE</strong><br><span>Surface: sealed</span><br><span>Length: 0.07 km</span><br><span>Length rank: 1,957</span></div>"
road_3314777,path,3314777,sealed,BADMINTON COURT,0.0700667830149085,1958,22,#1464a5cc,#1464a5cc,@EAAwjbimInas~fAV~Db@`BxAdDjEnNdA`G,"<div><strong>BADMINTON COURT</strong><br><span>Surface: sealed</span><br><span>Length: 0.07 km</span><br><span>Length rank: 1,958</span></div>"
road_8329767,path,8329767,sealed,FRESHWATER DRIVE,0.0700050009946749,1959,22,#1464a5cc,#1464a5cc,@EAAqnyfmIrzd}fAvFa@h`@cAzFcA,"<div><strong>FRESHWATER DRIVE</strong><br><span>Surface: sealed</span><br><span>Length: 0.07 km</span><br><span>Length rank: 1,959</span></div>"
road_3314787,path,3314787,sealed,GRACEFIELD PLACE,0.0699776827141973,1960,22,#1464a5cc,#1464a5cc,@EAAa{nimIvbh~fAwFjC_FxBsCtAkB`BgA|Bm@zA_@`H,"<div><strong>GRACEFIELD PLACE</strong><br><span>Surface: sealed</span><br><span>Length: 0.07 km</span><br><span>Length rank: 1,960</span></div>"
road_3314356,path,3314356,sealed,AIRDRIE LANE,0.069846946441014,1961,22,#1464a5cc,#1464a5cc,@EAA{cmhmItkl`gANuByAgFwJgPcDkF,"<div><strong>AIRDRIE LANE</strong><br><span>Surface: sealed</span><br><span>Length: 0.07 km</span><br><span>Length rank: 1,961</span></div>"
road_8329741,path,8329741,sealed,,0.0695573181673661,1962,22,#1464a5cc,#1464a5cc,@EAAwowimI~ll~fAsAtEQvCz@jHF|Am@jBoEbI,"<div><strong>Road 8329741</strong><br><span>Surface: sealed</span><br><span>Length: 0.07 km</span><br><span>Length rank: 1,962</span></div>"
road_3314306,path,3314306,sealed,DOROTHY PLACE,0.0694853336780534,1963,22,#1464a5cc,#1464a5cc,@EAAcqskmInnuagAnSwDrDm@hCs@rBcAvAgA`B{Av@qA,"<div><strong>DOROTHY PLACE</strong><br><span>Surface: sealed</span><br><span>Length: 0.07 km</span><br><span>Length rank: 1,963</span></div>"
road_3314034,path,3314034,sealed,CHILCOTT ROAD,0.0694051718577285,1964,22,#1464a5cc,#1464a5cc,@EAAuewgmIdggagA_EeBwBqCuAaCcBaFgBqDsBgH,"<div><strong>CHILCOTT ROAD</strong><br><span>Surface: sealed</span><br><span>Length: 0.07 km</span><br><span>Length rank: 1,964</span></div>"
road_3314903,path,3314903,sealed,ARNCLIFFE TERRACE,0.0693970782089625,1965,22,#1464a5cc,#1464a5cc,@EAAmnhgmInye}fAwJdBkFhAaFzBmFtE_D~D,"<div><strong>ARNCLIFFE TERRACE</strong><br><span>Surface: sealed</span><br><span>Length: 0.07 km</span><br><span>Length rank: 1,965</span></div>"
road_7742868,path,7742868,sealed,JASON LANE,0.0693559437051328,1966,22,#1464a5cc,#1464a5cc,@EAAmknfmIflc}fAyQrHeDdA{@XaATaANqADwAEsCYeC[,"<div><strong>JASON LANE</strong><br><span>Surface: sealed</span><br><span>Length: 0.07 km</span><br><span>Length rank: 1,966</span></div>"
road_6064557,path,6064557,sealed,QUEENS PARK CRESCENT,0.0693280980247652,1967,22,#1464a5cc,#1464a5cc,@EAAa}mhmI|dtagAif@`OeC`A,"<div><strong>QUEENS PARK CRESCENT</strong><br><span>Surface: sealed</span><br><span>Length: 0.07 km</span><br><span>Length rank: 1,967</span></div>"
road_3314252,path,3314252,sealed,ROBERT GRIGG PLACE,0.069311796398198,1968,22,#1464a5cc,#1464a5cc,@EAAeisjmIv`hagAbZtBrTW,"<div><strong>ROBERT GRIGG PLACE</strong><br><span>Surface: sealed</span><br><span>Length: 0.07 km</span><br><span>Length rank: 1,968</span></div>"
road_3314291,path,3314291,sealed,LOCKSLEY LANE,0.069105664950763,1969,22,#1464a5cc,#1464a5cc,@EAAcn`kmIvl`agAqLld@,"<div><strong>LOCKSLEY LANE</strong><br><span>Surface: sealed</span><br><span>Length: 0.07 km</span><br><span>Length rank: 1,969</span></div>"
road_3314011,path,3314011,sealed,SUNSET CLOSE,0.0688537618012628,1970,22,#1464a5cc,#1464a5cc,@EAA{rlfmInwmagAkTaXeE}E,"<div><strong>SUNSET CLOSE</strong><br><span>Surface: sealed</span><br><span>Length: 0.07 km</span><br><span>Length rank: 1,970</span></div>"
road_3314775,path,3314775,sealed,KINNAIRD PLACE,0.0687982006411741,1971,22,#1464a5cc,#1464a5cc,@EAAkwyimIf`y~fAwa@xGkJvB,"<div><strong>KINNAIRD PLACE</strong><br><span>Surface: sealed</span><br><span>Length: 0.07 km</span><br><span>Length rank: 1,971</span></div>"
road_3314067,path,3314067,sealed,FRASER STREET,0.0687107361154181,1972,22,#1464a5cc,#1464a5cc,@EAAwgnhmIzvvagAzj@yO,"<div><strong>FRASER STREET</strong><br><span>Surface: sealed</span><br><span>Length: 0.07 km</span><br><span>Length rank: 1,972</span></div>"
road_3314554,path,3314554,sealed,MERIDIAN PLACE,0.0686893814976103,1973,22,#1464a5cc,#1464a5cc,@EAA{umgmIfod~fA}@cEwAcCcCsC_BeBo@cBYiASaCq@}BgAuB,"<div><strong>MERIDIAN PLACE</strong><br><span>Surface: sealed</span><br><span>Length: 0.07 km</span><br><span>Length rank: 1,973</span></div>"
road_3314160,path,3314160,sealed,ONSLOW STREET,0.0685098161977973,1974,22,#1464a5cc,#1464a5cc,@EAA{_ajmItcfbgApm@bJ,"<div><strong>ONSLOW STREET</strong><br><span>Surface: sealed</span><br><span>Length: 0.07 km</span><br><span>Length rank: 1,974</span></div>"
road_3314246,path,3314246,sealed,SAPPER MOORE-JONES PLACE,0.0684818363099944,1975,22,#1464a5cc,#1464a5cc,@EAAq{qimI`xmagAbf@zU,"<div><strong>SAPPER MOORE-JONES PLACE</strong><br><span>Surface: sealed</span><br><span>Length: 0.07 km</span><br><span>Length rank: 1,975</span></div>"
road_7742829,path,7742829,sealed,BENTLEY RISE,0.068322836897769,1976,22,#1464a5cc,#1464a5cc,@EAA{uxfmIpjz}fAuHyAeAU}@[iEwBmNmHeDuA,"<div><strong>BENTLEY RISE</strong><br><span>Surface: sealed</span><br><span>Length: 0.07 km</span><br><span>Length rank: 1,976</span></div>"
road_3314108,path,3314108,sealed,TAKAHE STREET,0.0682283356766352,1977,22,#1464a5cc,#1464a5cc,@EAAga|gmInwmagAeYh_@,"<div><strong>TAKAHE STREET</strong><br><span>Surface: sealed</span><br><span>Length: 0.07 km</span><br><span>Length rank: 1,977</span></div>"
road_3314103,path,3314103,sealed,SUMMIT TERRACE,0.0681362276935479,1978,22,#1464a5cc,#1464a5cc,@EAAeragmIl|sagAfItYzBpB|DfB,"<div><strong>SUMMIT TERRACE</strong><br><span>Surface: sealed</span><br><span>Length: 0.07 km</span><br><span>Length rank: 1,978</span></div>"
road_3314790,path,3314790,sealed,EDDLEWOOD COURT,0.0680389579637311,1979,22,#1464a5cc,#1464a5cc,@EAAw~}hmItoy}fAgAuF[_DeAoDyFsQ,"<div><strong>EDDLEWOOD COURT</strong><br><span>Surface: sealed</span><br><span>Length: 0.07 km</span><br><span>Length rank: 1,979</span></div>"
road_3314544,path,3314544,sealed,VEREKER COURT,0.0679990521553867,1980,22,#1464a5cc,#1464a5cc,@EAAsekhmIpmn~fA\pUv@jDtAlCjD`B,"<div><strong>VEREKER COURT</strong><br><span>Surface: sealed</span><br><span>Length: 0.07 km</span><br><span>Length rank: 1,980</span></div>"
road_3314015,path,3314015,sealed,BRUTON PLACE,0.0678341873135506,1981,22,#1464a5cc,#1464a5cc,@EAAqiofmIxoeagAw`@fZ,"<div><strong>BRUTON PLACE</strong><br><span>Surface: sealed</span><br><span>Length: 0.07 km</span><br><span>Length rank: 1,981</span></div>"
road_3314018,path,3314018,sealed,BEN NEVIS PLACE,0.0678131384939963,1982,22,#1464a5cc,#1464a5cc,@EAAofafmIfe}`gAcEyEgDoCsFaC_QcG,"<div><strong>BEN NEVIS PLACE</strong><br><span>Surface: sealed</span><br><span>Length: 0.07 km</span><br><span>Length rank: 1,982</span></div>"
road_3314180,path,3314180,sealed,PLATEAU DRIVE,0.0676603740009837,1983,22,#1464a5cc,#1464a5cc,@EAAy~qjmIxm|bgAfZk^,"<div><strong>PLATEAU DRIVE</strong><br><span>Surface: sealed</span><br><span>Length: 0.07 km</span><br><span>Length rank: 1,983</span></div>"
road_7742842,path,7742842,sealed,ALDERSON ROAD,0.0675926406552366,1984,22,#1464a5cc,#1464a5cc,@EAAyejjmI|yz_gAyg@kJkCg@,"<div><strong>ALDERSON ROAD</strong><br><span>Surface: sealed</span><br><span>Length: 0.07 km</span><br><span>Length rank: 1,984</span></div>"
road_3314106,path,3314106,sealed,MAGENTA PLACE,0.0675340124260316,1985,22,#1464a5cc,#1464a5cc,@EAAk{dgmIhdqagAvEl@fGKh^gF,"<div><strong>MAGENTA PLACE</strong><br><span>Surface: sealed</span><br><span>Length: 0.07 km</span><br><span>Length rank: 1,985</span></div>"
road_3314597,path,3314597,sealed,ALLGOOD PLACE,0.0671966590803787,1986,22,#1464a5cc,#1464a5cc,@EAAqtghmIbam}fAiBlEqCrEsUxM,"<div><strong>ALLGOOD PLACE</strong><br><span>Surface: sealed</span><br><span>Length: 0.07 km</span><br><span>Length rank: 1,986</span></div>"
road_3314545,path,3314545,sealed,MCLEOD MEWS,0.0669962700007127,1987,22,#1464a5cc,#1464a5cc,@EAAiyjhmIdln~fAwMiSoDyB{HgB,"<div><strong>MCLEOD MEWS</strong><br><span>Surface: sealed</span><br><span>Length: 0.07 km</span><br><span>Length rank: 1,987</span></div>"
road_8329702,path,8329702,sealed,GECKO LANE,0.0669826568482525,1988,22,#1464a5cc,#1464a5cc,@EAAyfphmInqjbgARtd@,"<div><strong>GECKO LANE</strong><br><span>Surface: sealed</span><br><span>Length: 0.07 km</span><br><span>Length rank: 1,988</span></div>"
road_3314672,path,3314672,sealed,EPSOM PLACE,0.0668941868057527,1989,22,#1464a5cc,#1464a5cc,@EAAo~yimI~sh_gAcKkB}DuBaFgE_DuAyH}A,"<div><strong>EPSOM PLACE</strong><br><span>Surface: sealed</span><br><span>Length: 0.07 km</span><br><span>Length rank: 1,989</span></div>"
road_3314548,path,3314548,sealed,CALYPSO RISE,0.0668806816020793,1990,22,#1464a5cc,#1464a5cc,@EAAqqigmIr|~}fAmHlI{BpCgBz@cGxAuE`@qCP,"<div><strong>CALYPSO RISE</strong><br><span>Surface: sealed</span><br><span>Length: 0.07 km</span><br><span>Length rank: 1,990</span></div>"
road_3314468,path,3314468,sealed,RADFORD PLACE,0.066792578185706,1991,22,#1464a5cc,#1464a5cc,@EAAak`hmInct~fAq@nUX|Ft@~E,"<div><strong>RADFORD PLACE</strong><br><span>Surface: sealed</span><br><span>Length: 0.07 km</span><br><span>Length rank: 1,991</span></div>"
road_7742824,path,7742824,sealed,,0.0665865298561386,1992,22,#1464a5cc,#1464a5cc,@EAAcu~gmIrbd~fAaGgK{F_LUmAZuE,"<div><strong>Road 7742824</strong><br><span>Surface: sealed</span><br><span>Length: 0.07 km</span><br><span>Length rank: 1,992</span></div>"
road_3314179,path,3314179,sealed,ANNABEL PLACE,0.0664589443959046,1993,22,#1464a5cc,#1464a5cc,@EAAgnkjmIjazbgAhj@{M,"<div><strong>ANNABEL PLACE</strong><br><span>Surface: sealed</span><br><span>Length: 0.07 km</span><br><span>Length rank: 1,993</span></div>"
road_6064591,path,6064591,sealed,BORMAN ROAD,0.0664452102040507,1994,22,#1464a5cc,#1464a5cc,@EAAoqtgmIxul}fA]nBd@`DlAhBnCvA`Gr@dBOtBe@tA_AhAeAf@aA,"<div><strong>BORMAN ROAD</strong><br><span>Surface: sealed</span><br><span>Length: 0.07 km</span><br><span>Length rank: 1,994</span></div>"
road_3314115,path,3314115,sealed,HAROLD LANE,0.0662647977357219,1995,22,#1464a5cc,#1464a5cc,@EAAqnogmInlbagAmFnBkD~@{RhDc@HwHpA,"<div><strong>HAROLD LANE</strong><br><span>Surface: sealed</span><br><span>Length: 0.07 km</span><br><span>Length rank: 1,995</span></div>"
road_3314253,path,3314253,sealed,GRIFFITHS PLACE,0.066182673252069,1996,22,#1464a5cc,#1464a5cc,@EAAgkgjmIjzw`gAam@cF,"<div><strong>GRIFFITHS PLACE</strong><br><span>Surface: sealed</span><br><span>Length: 0.07 km</span><br><span>Length rank: 1,996</span></div>"
road_6064553,path,6064553,sealed,SOUTHBROOK CLOSE,0.0661481757048385,1997,22,#1464a5cc,#1464a5cc,@EAAwyfimIr}qcgAt@kD|AeH|B_U,"<div><strong>SOUTHBROOK CLOSE</strong><br><span>Surface: sealed</span><br><span>Length: 0.07 km</span><br><span>Length rank: 1,997</span></div>"
road_3314052,path,3314052,sealed,EVELYN COURT,0.0661351795719397,1998,22,#1464a5cc,#1464a5cc,@EAAkpjgmIbkhbgA_Mqb@,"<div><strong>EVELYN COURT</strong><br><span>Surface: sealed</span><br><span>Length: 0.07 km</span><br><span>Length rank: 1,998</span></div>"
road_6064291,path,6064291,sealed,TE RAPA ROAD,0.0658779146979023,1999,22,#1464a5cc,#1464a5cc,@EAAkxxdmIhco|fAoGVsFRkI`@uIb@sCX_Ct@,"<div><strong>TE RAPA ROAD</strong><br><span>Surface: sealed</span><br><span>Length: 0.07 km</span><br><span>Length rank: 1,999</span></div>"
road_3314540,path,3314540,sealed,LONGWOOD PLACE,0.0657704075050537,2000,22,#1464a5cc,#1464a5cc,@EAAqaghmIj|s~fAlBtIvB`EpNvM,"<div><strong>LONGWOOD PLACE</strong><br><span>Surface: sealed</span><br><span>Length: 0.07 km</span><br><span>Length rank: 2,000</span></div>"
road_6064592,path,6064592,sealed,BORMAN ROAD,0.0656743098084776,2001,22,#1464a5cc,#1464a5cc,@EAAcusgmIb~l}fAXqBQuBm@cBmA}@qBiA{@KeAOeCKaCb@qCz@iCpC,"<div><strong>BORMAN ROAD</strong><br><span>Surface: sealed</span><br><span>Length: 0.07 km</span><br><span>Length rank: 2,001</span></div>"
road_7742791,path,7742791,sealed,STAN HEATHER DRIVE,0.0655807224462982,2002,22,#1464a5cc,#1464a5cc,@EAAorhimIl}ocgAdBgDvB}CfDcCtIqDtI_C,"<div><strong>STAN HEATHER DRIVE</strong><br><span>Surface: sealed</span><br><span>Length: 0.07 km</span><br><span>Length rank: 2,002</span></div>"
road_3314377,path,3314377,sealed,MCKINLEY PLACE,0.0655152440667219,2003,22,#1464a5cc,#1464a5cc,@EAAgnufmIhqo`gAuObRq@nAcAjBo@tB[bB,"<div><strong>MCKINLEY PLACE</strong><br><span>Surface: sealed</span><br><span>Length: 0.07 km</span><br><span>Length rank: 2,003</span></div>"
road_3314558,path,3314558,sealed,CAMBRIAN LANE,0.0655077666868531,2004,22,#1464a5cc,#1464a5cc,@EAAmlygmIvbb~fArYvEvP~B,"<div><strong>CAMBRIAN LANE</strong><br><span>Surface: sealed</span><br><span>Length: 0.07 km</span><br><span>Length rank: 2,004</span></div>"
road_3314192,path,3314192,sealed,BALFOUR CRESCENT,0.0655018179629789,2005,22,#1464a5cc,#1464a5cc,@EAAqx}kmInlsbgArYkBrCUzB[hBi@|Ai@~Aw@,"<div><strong>BALFOUR CRESCENT</strong><br><span>Surface: sealed</span><br><span>Length: 0.07 km</span><br><span>Length rank: 2,005</span></div>"
road_8329735,path,8329735,sealed,GREENHILL ROAD,0.0653320317255411,2006,22,#1464a5cc,#1464a5cc,@EAA_z{jmI|v{~fAo]gKaIkD,"<div><strong>GREENHILL ROAD</strong><br><span>Surface: sealed</span><br><span>Length: 0.07 km</span><br><span>Length rank: 2,006</span></div>"
road_6064595,path,6064595,sealed,,0.0652329315648927,2007,22,#1464a5cc,#1464a5cc,@EAA}{`hmI|il}fAh@_Gd@eHb@yDXsAp@wAx@qAn@WvBy@,"<div><strong>Road 6064595</strong><br><span>Surface: sealed</span><br><span>Length: 0.07 km</span><br><span>Length rank: 2,007</span></div>"
road_3314757,path,3314757,sealed,CHRISTOBEL CIRCLE,0.0651668458654339,2008,22,#1464a5cc,#1464a5cc,@EAAmy_imIzvr}fAiGxAkHh@uGi@sEu@aJgB,"<div><strong>CHRISTOBEL CIRCLE</strong><br><span>Surface: sealed</span><br><span>Length: 0.07 km</span><br><span>Length rank: 2,008</span></div>"
road_3314360,path,3314360,sealed,SUNSHINE AVENUE,0.0648527215865124,2009,22,#1464a5cc,#1464a5cc,@EAA_adgmIncp_gAt@lP`KjO,"<div><strong>SUNSHINE AVENUE</strong><br><span>Surface: sealed</span><br><span>Length: 0.06 km</span><br><span>Length rank: 2,009</span></div>"
road_3314401,path,3314401,sealed,DALE PLACE,0.0647544075231053,2010,22,#1464a5cc,#1464a5cc,@EAA{ungmIrmg_gAxUxKpBpAlBnAnDbD,"<div><strong>DALE PLACE</strong><br><span>Surface: sealed</span><br><span>Length: 0.06 km</span><br><span>Length rank: 2,010</span></div>"
road_3314803,path,3314803,sealed,KNAPDALE MEWS,0.0647510384865546,2011,22,#1464a5cc,#1464a5cc,@EAA{iqimIdpx}fA}BrBuAlAeBp@gCHiZ}B,"<div><strong>KNAPDALE MEWS</strong><br><span>Surface: sealed</span><br><span>Length: 0.06 km</span><br><span>Length rank: 2,011</span></div>"
road_3314308,path,3314308,sealed,BAFFLES CRESCENT,0.0647496711640568,2012,22,#1464a5cc,#1464a5cc,@EAAie{kmInpoagAk_@|X,"<div><strong>BAFFLES CRESCENT</strong><br><span>Surface: sealed</span><br><span>Length: 0.06 km</span><br><span>Length rank: 2,012</span></div>"
road_3314618,path,3314618,sealed,GARDINER PLACE,0.0647354166677137,2013,22,#1464a5cc,#1464a5cc,@EAAkvgimIfeg`gA~Qe`@,"<div><strong>GARDINER PLACE</strong><br><span>Surface: sealed</span><br><span>Length: 0.06 km</span><br><span>Length rank: 2,013</span></div>"
road_3313995,path,3313995,sealed,KENILWORTH PLACE,0.0645983712147574,2014,22,#1464a5cc,#1464a5cc,@EAAatofmIztzagAsClAoCpBqCfD}ApCeG~L,"<div><strong>KENILWORTH PLACE</strong><br><span>Surface: sealed</span><br><span>Length: 0.06 km</span><br><span>Length rank: 2,014</span></div>"
road_3314311,path,3314311,sealed,SNEAD PLACE,0.0642770935795545,2015,22,#1464a5cc,#1464a5cc,@EAAoubkmIpyjagAfToGjGuC~B_CbBgB,"<div><strong>SNEAD PLACE</strong><br><span>Surface: sealed</span><br><span>Length: 0.06 km</span><br><span>Length rank: 2,015</span></div>"
road_3313954,path,3313954,sealed,JESSICA COURT,0.0638025388576083,2016,22,#1464a5cc,#1464a5cc,@EAAilrgmInijbgAy@uDw@_Bo@oDmA_EaAaBcBiBcAiBAoB,"<div><strong>JESSICA COURT</strong><br><span>Surface: sealed</span><br><span>Length: 0.06 km</span><br><span>Length rank: 2,016</span></div>"
road_3314776,path,3314776,sealed,SHIRLEY PLACE,0.0635750926819894,2017,22,#1464a5cc,#1464a5cc,@EAAww{imIpvv~fAhAv@|@l@Xt@XrA@|C{ArT,"<div><strong>SHIRLEY PLACE</strong><br><span>Surface: sealed</span><br><span>Length: 0.06 km</span><br><span>Length rank: 2,017</span></div>"
road_3314575,path,3314575,sealed,WINDERMERE RISE,0.0635226441342756,2018,22,#1464a5cc,#1464a5cc,@EAAylihmI|fb~fA~B|ItBrKnB`J,"<div><strong>WINDERMERE RISE</strong><br><span>Surface: sealed</span><br><span>Length: 0.06 km</span><br><span>Length rank: 2,018</span></div>"
road_6064597,path,6064597,sealed,ASTELIA LANE,0.0635213371858105,2019,22,#1464a5cc,#1464a5cc,@EAA}xrhmI|rj}fAo@rE@bBJ~BpBpG`DfK,"<div><strong>ASTELIA LANE</strong><br><span>Surface: sealed</span><br><span>Length: 0.06 km</span><br><span>Length rank: 2,019</span></div>"
road_3314674,path,3314674,sealed,SWART LANE,0.0634161183883579,2020,22,#1464a5cc,#1464a5cc,@EAAoubjmItou_gAmMx`@,"<div><strong>SWART LANE</strong><br><span>Surface: sealed</span><br><span>Length: 0.06 km</span><br><span>Length rank: 2,020</span></div>"
road_3314322,path,3314322,sealed,WEXFORD RISE,0.0633817246385385,2021,22,#1464a5cc,#1464a5cc,@EAAaeafmIntm`gAgDhFuAtBwBvD{G|M,"<div><strong>WEXFORD RISE</strong><br><span>Surface: sealed</span><br><span>Length: 0.06 km</span><br><span>Length rank: 2,021</span></div>"
road_3314236,path,3314236,sealed,FERGUSSON STREET,0.0632744388216653,2022,22,#1464a5cc,#1464a5cc,@EAAygyimIr~dbgAiW~\,"<div><strong>FERGUSSON STREET</strong><br><span>Surface: sealed</span><br><span>Length: 0.06 km</span><br><span>Length rank: 2,022</span></div>"
road_8329729,path,8329729,sealed,LETFORD ROAD,0.0631623725200535,2023,22,#1464a5cc,#1464a5cc,@EAAkxkjmIxng_gAqi@_J,"<div><strong>LETFORD ROAD</strong><br><span>Surface: sealed</span><br><span>Length: 0.06 km</span><br><span>Length rank: 2,023</span></div>"
road_3314178,path,3314178,sealed,LEE PLACE,0.0631332145471717,2024,22,#1464a5cc,#1464a5cc,@EAAozximIdmwbgAl_@qW,"<div><strong>LEE PLACE</strong><br><span>Surface: sealed</span><br><span>Length: 0.06 km</span><br><span>Length rank: 2,024</span></div>"
road_3314583,path,3314583,sealed,GREENWICH PLACE,0.0630726594027924,2025,22,#1464a5cc,#1464a5cc,@EAAcsohmIjj|}fAsBlb@,"<div><strong>GREENWICH PLACE</strong><br><span>Surface: sealed</span><br><span>Length: 0.06 km</span><br><span>Length rank: 2,025</span></div>"
road_3314019,path,3314019,sealed,TAMAR PLACE,0.0630388030886968,2026,22,#1464a5cc,#1464a5cc,@EAAolkfmIv`~`gAuYn[,"<div><strong>TAMAR PLACE</strong><br><span>Surface: sealed</span><br><span>Length: 0.06 km</span><br><span>Length rank: 2,026</span></div>"
road_7742858,path,7742858,sealed,TEAVIEW COURT,0.0624715669723088,2027,22,#1464a5cc,#1464a5cc,@EAA_r`imI`pn}fAgSlFmDfBqCjB_EfD,"<div><strong>TEAVIEW COURT</strong><br><span>Surface: sealed</span><br><span>Length: 0.06 km</span><br><span>Length rank: 2,027</span></div>"
road_3314801,path,3314801,sealed,HENLEY COURT,0.0624560013563788,2028,22,#1464a5cc,#1464a5cc,@EAAuumimIhp|}fAeIga@,"<div><strong>HENLEY COURT</strong><br><span>Surface: sealed</span><br><span>Length: 0.06 km</span><br><span>Length rank: 2,028</span></div>"
road_3314729,path,3314729,sealed,ACTON VALE,0.0622082931792709,2029,22,#1464a5cc,#1464a5cc,@EAAyxshmI~qs}fAkCgFoAeEcB}DaDoFkB{C,"<div><strong>ACTON VALE</strong><br><span>Surface: sealed</span><br><span>Length: 0.06 km</span><br><span>Length rank: 2,029</span></div>"
road_3314655,path,3314655,sealed,MOULE PLACE,0.0621822139851718,2030,22,#1464a5cc,#1464a5cc,@EAAss_imIbtl`gAiZoZ,"<div><strong>MOULE PLACE</strong><br><span>Surface: sealed</span><br><span>Length: 0.06 km</span><br><span>Length rank: 2,030</span></div>"
road_8329740,path,8329740,sealed,,0.0621599457849109,2031,22,#1464a5cc,#1464a5cc,@EAAchyhmIrfr~fAqIn`@EL,"<div><strong>Road 8329740</strong><br><span>Surface: sealed</span><br><span>Length: 0.06 km</span><br><span>Length rank: 2,031</span></div>"
road_7742852,path,7742852,sealed,HAILWOOD ROAD,0.0620215497921002,2032,22,#1464a5cc,#1464a5cc,@EAA}_jjmIx~b_gA{SoD{SoD,"<div><strong>HAILWOOD ROAD</strong><br><span>Surface: sealed</span><br><span>Length: 0.06 km</span><br><span>Length rank: 2,032</span></div>"
road_3314240,path,3314240,sealed,GWYNNE PLACE,0.0619466129480385,2033,22,#1464a5cc,#1464a5cc,@EAAg}|hmI`yv`gAz@{IkSsP,"<div><strong>GWYNNE PLACE</strong><br><span>Surface: sealed</span><br><span>Length: 0.06 km</span><br><span>Length rank: 2,033</span></div>"
road_3314669,path,3314669,sealed,BALMORAL STREET,0.0618974701092603,2034,22,#1464a5cc,#1464a5cc,@EAAksbimIh~u_gAei@uH,"<div><strong>BALMORAL STREET</strong><br><span>Surface: sealed</span><br><span>Length: 0.06 km</span><br><span>Length rank: 2,034</span></div>"
road_7742843,path,7742843,sealed,LISSAMAN PLACE,0.061691333347215,2035,22,#1464a5cc,#1464a5cc,@EAA}sijmIb~h_gAwh@iI,"<div><strong>LISSAMAN PLACE</strong><br><span>Surface: sealed</span><br><span>Length: 0.06 km</span><br><span>Length rank: 2,035</span></div>"
road_6064596,path,6064596,sealed,CAPRICORN PLACE,0.0615938440415939,2036,22,#1464a5cc,#1464a5cc,@EAAwvqhmIvql}fAqD{CoC}B_CuDeByFuAwF,"<div><strong>CAPRICORN PLACE</strong><br><span>Surface: sealed</span><br><span>Length: 0.06 km</span><br><span>Length rank: 2,036</span></div>"
road_3314447,path,3314447,sealed,ASH PLACE,0.0614417700179618,2037,22,#1464a5cc,#1464a5cc,@EAAmryfmIjur~fAgj@dC,"<div><strong>ASH PLACE</strong><br><span>Surface: sealed</span><br><span>Length: 0.06 km</span><br><span>Length rank: 2,037</span></div>"
road_3313956,path,3313956,sealed,GRASSLANDS PLACE,0.0613689693151441,2038,22,#1464a5cc,#1464a5cc,@EAA}wchmIxlnbgAyJg`@,"<div><strong>GRASSLANDS PLACE</strong><br><span>Surface: sealed</span><br><span>Length: 0.06 km</span><br><span>Length rank: 2,038</span></div>"
road_8329701,path,8329701,sealed,SAPLING LANE,0.0613082836562589,2039,22,#1464a5cc,#1464a5cc,@EAAg`jjmI~pmcgAwJXyFDkEpAgAnCFlG,"<div><strong>SAPLING LANE</strong><br><span>Surface: sealed</span><br><span>Length: 0.06 km</span><br><span>Length rank: 2,039</span></div>"
road_3314671,path,3314671,sealed,CASCADE PLACE,0.0612675662263767,2040,22,#1464a5cc,#1464a5cc,@EAAovrimIfvp_gAs^rV,"<div><strong>CASCADE PLACE</strong><br><span>Surface: sealed</span><br><span>Length: 0.06 km</span><br><span>Length rank: 2,040</span></div>"
road_3314167,path,3314167,sealed,WINDLEBORN LANE,0.0611542317505759,2041,22,#1464a5cc,#1464a5cc,@EAAsh|hmI|bubgAjC{C`B{Da@uEg@aFk@eG,"<div><strong>WINDLEBORN LANE</strong><br><span>Surface: sealed</span><br><span>Length: 0.06 km</span><br><span>Length rank: 2,041</span></div>"
road_3314099,path,3314099,sealed,NYANZA STREET,0.0610849771404934,2042,22,#1464a5cc,#1464a5cc,@EAA}y~fmIlw`agA_BuAwX_V,"<div><strong>NYANZA STREET</strong><br><span>Surface: sealed</span><br><span>Length: 0.06 km</span><br><span>Length rank: 2,042</span></div>"
road_3314585,path,3314585,sealed,NICKS WAY,0.0610569970318118,2043,22,#1464a5cc,#1464a5cc,@EAAijsfmIjip}fAoI_BcG}C{BaD}AuDaAaD,"<div><strong>NICKS WAY</strong><br><span>Surface: sealed</span><br><span>Length: 0.06 km</span><br><span>Length rank: 2,043</span></div>"
road_3314313,path,3314313,sealed,DENVER PLACE,0.0606864143338602,2044,22,#1464a5cc,#1464a5cc,@EAA_k`kmI~jgagAcM`EuSvL,"<div><strong>DENVER PLACE</strong><br><span>Surface: sealed</span><br><span>Length: 0.06 km</span><br><span>Length rank: 2,044</span></div>"
road_3314158,path,3314158,sealed,KERRS COURT,0.0606640373118348,2045,22,#1464a5cc,#1464a5cc,@EAAclgjmIbg{bgAiGp`@,"<div><strong>KERRS COURT</strong><br><span>Surface: sealed</span><br><span>Length: 0.06 km</span><br><span>Length rank: 2,045</span></div>"
road_3314021,path,3314021,sealed,CAULFIELD PLACE,0.0605776815709208,2046,22,#1464a5cc,#1464a5cc,@EAAclhfmIzd{`gAdBrAtBfBnZhM,"<div><strong>CAULFIELD PLACE</strong><br><span>Surface: sealed</span><br><span>Length: 0.06 km</span><br><span>Length rank: 2,046</span></div>"
road_3314667,path,3314667,sealed,BUXTON COURT,0.0605023566934052,2047,22,#1464a5cc,#1464a5cc,@EAAef~imIhi{_gAkBdGa@bACjAt@lC^t@Nt@Iv@Yr@Ft@j@jAfB|B,"<div><strong>BUXTON COURT</strong><br><span>Surface: sealed</span><br><span>Length: 0.06 km</span><br><span>Length rank: 2,047</span></div>"
road_7742838,path,7742838,sealed,HARRIER COURT,0.0604749682191443,2048,22,#1464a5cc,#1464a5cc,@EAAib`gmIrvr}fA}ZxX,"<div><strong>HARRIER COURT</strong><br><span>Surface: sealed</span><br><span>Length: 0.06 km</span><br><span>Length rank: 2,048</span></div>"
road_3314361,path,3314361,sealed,BRYANT ROAD,0.0604459603060641,2049,22,#1464a5cc,#1464a5cc,@EAA_adgmIncp_gAkRdD}SmE,"<div><strong>BRYANT ROAD</strong><br><span>Surface: sealed</span><br><span>Length: 0.06 km</span><br><span>Length rank: 2,049</span></div>"
road_3314563,path,3314563,sealed,GENOA CLOSE,0.0603154107914975,2050,22,#1464a5cc,#1464a5cc,@EAAotwgmI~}y}fAmGvE_DvBcChCcDtDiD`D,"<div><strong>GENOA CLOSE</strong><br><span>Surface: sealed</span><br><span>Length: 0.06 km</span><br><span>Length rank: 2,050</span></div>"
road_8329765,path,8329765,sealed,TEAL WAY,0.0602646859753984,2051,22,#1464a5cc,#1464a5cc,@EAAekyfmI~xe}fApGEhGSpD}@vQ{C,"<div><strong>TEAL WAY</strong><br><span>Surface: sealed</span><br><span>Length: 0.06 km</span><br><span>Length rank: 2,051</span></div>"
road_7742816,path,7742816,sealed,PARITAI PLACE,0.0602386360677265,2052,22,#1464a5cc,#1464a5cc,@EAAgz~fmIdpc~fAt@~E\zD~@|Dt@zCtC|G,"<div><strong>PARITAI PLACE</strong><br><span>Surface: sealed</span><br><span>Length: 0.06 km</span><br><span>Length rank: 2,052</span></div>"
road_8329697,path,8329697,sealed,HAHAWARU LANE,0.0602108718810594,2053,22,#1464a5cc,#1464a5cc,@EAAovkjmIjbocgAqQpFeThC,"<div><strong>HAHAWARU LANE</strong><br><span>Surface: sealed</span><br><span>Length: 0.06 km</span><br><span>Length rank: 2,053</span></div>"
road_3314242,path,3314242,sealed,FERGUSSON STREET,0.0601104411461674,2054,22,#1464a5cc,#1464a5cc,@EAAa`yimIj}cbgAwFf`@,"<div><strong>FERGUSSON STREET</strong><br><span>Surface: sealed</span><br><span>Length: 0.06 km</span><br><span>Length rank: 2,054</span></div>"
road_3314398,path,3314398,sealed,SUNSHINE AVENUE,0.0600720728593958,2055,22,#1464a5cc,#1464a5cc,@EAAgscgmIheq_gAcTqEwRt@,"<div><strong>SUNSHINE AVENUE</strong><br><span>Surface: sealed</span><br><span>Length: 0.06 km</span><br><span>Length rank: 2,055</span></div>"
road_3314553,path,3314553,sealed,FARNAH GREEN,0.0600417546603783,2056,22,#1464a5cc,#1464a5cc,@EAA{vygmIpli~fAkBhDoBbEeGbS,"<div><strong>FARNAH GREEN</strong><br><span>Surface: sealed</span><br><span>Length: 0.06 km</span><br><span>Length rank: 2,056</span></div>"
road_3314251,path,3314251,sealed,ROTHBROOK STREET,0.0599148776386983,2057,22,#1464a5cc,#1464a5cc,@EAA{suimIfggagAqZ{DcCk@yEgD,"<div><strong>ROTHBROOK STREET</strong><br><span>Surface: sealed</span><br><span>Length: 0.06 km</span><br><span>Length rank: 2,057</span></div>"
road_3314406,path,3314406,sealed,HUGH PLACE,0.0598911153489093,2058,22,#1464a5cc,#1464a5cc,@EAAqrfgmIpua_gAe@t`@,"<div><strong>HUGH PLACE</strong><br><span>Surface: sealed</span><br><span>Length: 0.06 km</span><br><span>Length rank: 2,058</span></div>"
road_3314792,path,3314792,sealed,TAUNTON COURT,0.0597991895775372,2059,22,#1464a5cc,#1464a5cc,@EAAwriimIru{}fAm@mDoBoJoAqDkAgDs@sC,"<div><strong>TAUNTON COURT</strong><br><span>Surface: sealed</span><br><span>Length: 0.06 km</span><br><span>Length rank: 2,059</span></div>"
road_3314010,path,3314010,sealed,SUNNY DALE,0.0594308711669041,2060,22,#1464a5cc,#1464a5cc,@EAAg`efmIvzmagA~BkCt@sC\}DP}BzAqGd@iC,"<div><strong>SUNNY DALE</strong><br><span>Surface: sealed</span><br><span>Length: 0.06 km</span><br><span>Length rank: 2,060</span></div>"
road_3314774,path,3314774,sealed,TAKAPU PLACE,0.0593805909817392,2061,22,#1464a5cc,#1464a5cc,@EAA}zeimItxx~fAl@nGAnFO|DmAfJ,"<div><strong>TAKAPU PLACE</strong><br><span>Surface: sealed</span><br><span>Length: 0.06 km</span><br><span>Length rank: 2,061</span></div>"
road_7742790,path,7742790,sealed,VILLAGE QUARTER LANE,0.0591174674356027,2062,22,#1464a5cc,#1464a5cc,@EAAoqihmIdahagA}XyTcCO,"<div><strong>VILLAGE QUARTER LANE</strong><br><span>Surface: sealed</span><br><span>Length: 0.06 km</span><br><span>Length rank: 2,062</span></div>"
road_7742800,path,7742800,sealed,MOIRAS LANE,0.058949636262931,2063,22,#1464a5cc,#1464a5cc,@EAAupxjmI`}kcgA{CtBaK~GcAt@wBHuA{@uDuC,"<div><strong>MOIRAS LANE</strong><br><span>Surface: sealed</span><br><span>Length: 0.06 km</span><br><span>Length rank: 2,063</span></div>"
road_3314517,path,3314517,sealed,O'CONNELL COURT,0.0589050718914327,2064,22,#1464a5cc,#1464a5cc,@EAA_wvfmIt`{~fAoa@tQ,"<div><strong>O&#x27;CONNELL COURT</strong><br><span>Surface: sealed</span><br><span>Length: 0.06 km</span><br><span>Length rank: 2,064</span></div>"
road_3314664,path,3314664,sealed,EMERSON PLACE,0.0588331441567694,2065,22,#1464a5cc,#1464a5cc,@EAAwz}imI|}d`gAog@~F,"<div><strong>EMERSON PLACE</strong><br><span>Surface: sealed</span><br><span>Length: 0.06 km</span><br><span>Length rank: 2,065</span></div>"
road_3314328,path,3314328,sealed,STABLE LANE,0.0585967397471726,2066,22,#1464a5cc,#1464a5cc,@EAAm~hfmIv~k`gAvg@nE,"<div><strong>STABLE LANE</strong><br><span>Surface: sealed</span><br><span>Length: 0.06 km</span><br><span>Length rank: 2,066</span></div>"
road_8329723,path,8329723,sealed,CREST RISE,0.0585122470483725,2067,22,#1464a5cc,#1464a5cc,@EAAisdgmI`~k}fAfBzOhBtN,"<div><strong>CREST RISE</strong><br><span>Surface: sealed</span><br><span>Length: 0.06 km</span><br><span>Length rank: 2,067</span></div>"
road_6064563,path,6064563,sealed,DALRAY CRESCENT,0.0584114832076423,2068,22,#1464a5cc,#1464a5cc,@EAAc{jgmIhkf`gAfBcBv@wAbLqV,"<div><strong>DALRAY CRESCENT</strong><br><span>Surface: sealed</span><br><span>Length: 0.06 km</span><br><span>Length rank: 2,068</span></div>"
road_3314166,path,3314166,sealed,LANGDON LANE,0.0582670288095912,2069,22,#1464a5cc,#1464a5cc,@EAAwa{hmIf{tbgAfGcKD_Dc@}DU_G,"<div><strong>LANGDON LANE</strong><br><span>Surface: sealed</span><br><span>Length: 0.06 km</span><br><span>Length rank: 2,069</span></div>"
road_3314579,path,3314579,sealed,LANSBURY COURT,0.0582426744769084,2070,22,#1464a5cc,#1464a5cc,@EAAmighmInow}fAqG~GsMbQ,"<div><strong>LANSBURY COURT</strong><br><span>Surface: sealed</span><br><span>Length: 0.06 km</span><br><span>Length rank: 2,070</span></div>"
road_3314016,path,3314016,sealed,GLENORCHY PLACE,0.0582043722818585,2071,22,#1464a5cc,#1464a5cc,@EAAozbfmIfraagAsG_DmHoCuFcDsAaBiAmB,"<div><strong>GLENORCHY PLACE</strong><br><span>Surface: sealed</span><br><span>Length: 0.06 km</span><br><span>Length rank: 2,071</span></div>"
road_7742840,path,7742840,sealed,,0.0579909363579967,2072,22,#1464a5cc,#1464a5cc,@EAAweigmIvjn}fArG\dAD|CJhEFtIh@tA@lASnAc@,"<div><strong>Road 7742840</strong><br><span>Surface: sealed</span><br><span>Length: 0.06 km</span><br><span>Length rank: 2,072</span></div>"
road_3314654,path,3314654,sealed,WESLEY COURT,0.0578575780714022,2073,22,#1464a5cc,#1464a5cc,@EAAkwlimIhum`gAsLv],"<div><strong>WESLEY COURT</strong><br><span>Surface: sealed</span><br><span>Length: 0.06 km</span><br><span>Length rank: 2,073</span></div>"
road_3314750,path,3314750,sealed,KINGFISHER PLACE,0.0576608954829006,2074,22,#1464a5cc,#1464a5cc,@EAAw~}hmItoy}fAkc@zF_BT,"<div><strong>KINGFISHER PLACE</strong><br><span>Surface: sealed</span><br><span>Length: 0.06 km</span><br><span>Length rank: 2,074</span></div>"
road_3314315,path,3314315,sealed,WILLSCARLET LANE,0.0575689568090639,2075,22,#1464a5cc,#1464a5cc,@EAAeoakmIrk`agAmIj^,"<div><strong>WILLSCARLET LANE</strong><br><span>Surface: sealed</span><br><span>Length: 0.06 km</span><br><span>Length rank: 2,075</span></div>"
road_3314399,path,3314399,sealed,BRYANT ROAD,0.0574493778741856,2076,22,#1464a5cc,#1464a5cc,@EAAiiegmIfbp_gA~HbNdB`N,"<div><strong>BRYANT ROAD</strong><br><span>Surface: sealed</span><br><span>Length: 0.06 km</span><br><span>Length rank: 2,076</span></div>"
road_3314660,path,3314660,sealed,WILLIAMS PLACE,0.0572647718918124,2077,22,#1464a5cc,#1464a5cc,@EAA}rwimIz_c`gAue@zH,"<div><strong>WILLIAMS PLACE</strong><br><span>Surface: sealed</span><br><span>Length: 0.06 km</span><br><span>Length rank: 2,077</span></div>"
road_3314520,path,3314520,sealed,COTTAGE LANE,0.0570124929896974,2078,22,#1464a5cc,#1464a5cc,@EAAexvfmIpdp~fA_D_@qa@sD,"<div><strong>COTTAGE LANE</strong><br><span>Surface: sealed</span><br><span>Length: 0.06 km</span><br><span>Length rank: 2,078</span></div>"
road_6097140,path,6097140,sealed,COUNTY CRESCENT,0.0569947813727212,2079,22,#1464a5cc,#1464a5cc,@EAA}selmIb_qbgA|Fs@fGg@vGc@zMm@,"<div><strong>COUNTY CRESCENT</strong><br><span>Surface: sealed</span><br><span>Length: 0.06 km</span><br><span>Length rank: 2,079</span></div>"
road_3313998,path,3313998,sealed,SMYTH PLACE,0.0569480746074936,2080,22,#1464a5cc,#1464a5cc,@EAA}lifmIljuagAz@yDTaEs@}R,"<div><strong>SMYTH PLACE</strong><br><span>Surface: sealed</span><br><span>Length: 0.06 km</span><br><span>Length rank: 2,080</span></div>"
road_7742836,path,7742836,sealed,TOFTS LANE,0.0567251071415828,2081,22,#1464a5cc,#1464a5cc,@EAA}}{fmIfrj}fAyCu^,"<div><strong>TOFTS LANE</strong><br><span>Surface: sealed</span><br><span>Length: 0.06 km</span><br><span>Length rank: 2,081</span></div>"
road_3314591,path,3314591,sealed,SUTHERLAND COURT,0.056699442970118,2082,22,#1464a5cc,#1464a5cc,@EAAyr}fmInfr}fA_FC_Es@mEeAmH{CmEoC,"<div><strong>SUTHERLAND COURT</strong><br><span>Surface: sealed</span><br><span>Length: 0.06 km</span><br><span>Length rank: 2,082</span></div>"
road_6082279,path,6082279,sealed,PEAR TREE LANE,0.0566306796826565,2083,22,#1464a5cc,#1464a5cc,@EAAuhkjmI`vscgAp@gEl@yDn@wGCwI,"<div><strong>PEAR TREE LANE</strong><br><span>Surface: sealed</span><br><span>Length: 0.06 km</span><br><span>Length rank: 2,083</span></div>"
road_6064576,path,6064576,sealed,JULIE COURT,0.0564435304247144,2084,22,#1464a5cc,#1464a5cc,@EAA{urimIvh|~fAe@mDe@kC{E}KcC_F,"<div><strong>JULIE COURT</strong><br><span>Surface: sealed</span><br><span>Length: 0.06 km</span><br><span>Length rank: 2,084</span></div>"
road_3314668,path,3314668,sealed,BALMORAL RISE,0.056381189222376,2085,22,#1464a5cc,#1464a5cc,@EAAe~aimInvv_gAcBOmB]kDkB}AkBm@yA{CeL,"<div><strong>BALMORAL RISE</strong><br><span>Surface: sealed</span><br><span>Length: 0.06 km</span><br><span>Length rank: 2,085</span></div>"
road_3314541,path,3314541,sealed,LANDELL PLACE,0.056191458211378,2086,22,#1464a5cc,#1464a5cc,@EAAk_~gmItlp~fAwGtAyEnEgBdEqCfG,"<div><strong>LANDELL PLACE</strong><br><span>Surface: sealed</span><br><span>Length: 0.06 km</span><br><span>Length rank: 2,086</span></div>"
road_3314658,path,3314658,sealed,BUTLER PLACE,0.0561706893932275,2087,22,#1464a5cc,#1464a5cc,@EAA}myimIhce`gA`RxZ,"<div><strong>BUTLER PLACE</strong><br><span>Surface: sealed</span><br><span>Length: 0.06 km</span><br><span>Length rank: 2,087</span></div>"
road_3314679,path,3314679,sealed,,0.0561533090969561,2088,22,#1464a5cc,#1464a5cc,@EAA{ncimIpt`_gAyPiJoKcH,"<div><strong>Road 3314679</strong><br><span>Surface: sealed</span><br><span>Length: 0.06 km</span><br><span>Length rank: 2,088</span></div>"
road_3314808,path,3314808,sealed,BRAEDAN LANE,0.0560947687533097,2089,22,#1464a5cc,#1464a5cc,@EAAqq_imIldq}fAuB_@iGoAs@e@M}@HeBV}ATcBO_Cc@eC,"<div><strong>BRAEDAN LANE</strong><br><span>Surface: sealed</span><br><span>Length: 0.06 km</span><br><span>Length rank: 2,089</span></div>"
road_3314298,path,3314298,sealed,WOODGREEN WAY,0.0560393759305379,2090,22,#1464a5cc,#1464a5cc,@EAAkyvjmIv__agA_Bl^,"<div><strong>WOODGREEN WAY</strong><br><span>Surface: sealed</span><br><span>Length: 0.06 km</span><br><span>Length rank: 2,090</span></div>"
road_3314257,path,3314257,sealed,TRELOAR STREET,0.0559755335738207,2091,22,#1464a5cc,#1464a5cc,@EAA_|eimIx~q`gAzd@lH,"<div><strong>TRELOAR STREET</strong><br><span>Surface: sealed</span><br><span>Length: 0.06 km</span><br><span>Length rank: 2,091</span></div>"
road_3314779,path,3314779,sealed,JAEMONT COURT,0.0559333783126814,2092,22,#1464a5cc,#1464a5cc,@EAAueeimIhlu~fA}BuD}E{I{CwDuBaD,"<div><strong>JAEMONT COURT</strong><br><span>Surface: sealed</span><br><span>Length: 0.06 km</span><br><span>Length rank: 2,092</span></div>"
road_3314117,path,3314117,sealed,ATLANTIC STREET,0.055737893174853,2093,22,#1464a5cc,#1464a5cc,@EAA_regmIhpv`gAqV}HcKkB,"<div><strong>ATLANTIC STREET</strong><br><span>Surface: sealed</span><br><span>Length: 0.06 km</span><br><span>Length rank: 2,093</span></div>"
road_3314578,path,3314578,sealed,WYCHBURY COURT,0.0557077836183962,2094,22,#1464a5cc,#1464a5cc,@EAAu{chmIrvw}fAwIsBmJ{AsN{@,"<div><strong>WYCHBURY COURT</strong><br><span>Surface: sealed</span><br><span>Length: 0.06 km</span><br><span>Length rank: 2,094</span></div>"
road_3314118,path,3314118,sealed,ROACH STREET,0.055690360965691,2095,22,#1464a5cc,#1464a5cc,@EAAsnahmIrg}`gAAj^,"<div><strong>ROACH STREET</strong><br><span>Surface: sealed</span><br><span>Length: 0.06 km</span><br><span>Length rank: 2,095</span></div>"
road_6064560,path,6064560,sealed,OLLY CLOSE,0.0556354423049473,2096,22,#1464a5cc,#1464a5cc,@EAAwmzemIrdr`gAzLvFxClA~A`@rBXpBLxDn@,"<div><strong>OLLY CLOSE</strong><br><span>Surface: sealed</span><br><span>Length: 0.06 km</span><br><span>Length rank: 2,096</span></div>"
road_3314662,path,3314662,sealed,HALIFAX STREET,0.0553187004103954,2097,22,#1464a5cc,#1464a5cc,@EAAg`jjmI~cl`gAqMtQaExF,"<div><strong>HALIFAX STREET</strong><br><span>Surface: sealed</span><br><span>Length: 0.06 km</span><br><span>Length rank: 2,097</span></div>"
road_3314020,path,3314020,sealed,WHINFELL LANE,0.0551936261796582,2098,22,#1464a5cc,#1464a5cc,@EAAscnfmIvl|`gAeV`X,"<div><strong>WHINFELL LANE</strong><br><span>Surface: sealed</span><br><span>Length: 0.06 km</span><br><span>Length rank: 2,098</span></div>"
road_3314769,path,3314769,sealed,FARNHAM CLOSE,0.0549485406011834,2099,22,#1464a5cc,#1464a5cc,@EAAmnshmIn`|}fAfAaXDyD,"<div><strong>FARNHAM CLOSE</strong><br><span>Surface: sealed</span><br><span>Length: 0.05 km</span><br><span>Length rank: 2,099</span></div>"
road_3314598,path,3314598,sealed,WYNONA WAY,0.0549293462374269,2100,22,#1464a5cc,#1464a5cc,@EAAc_mhmIfhm}fAiEm@kDSaDPqDh@wHx@yDf@,"<div><strong>WYNONA WAY</strong><br><span>Surface: sealed</span><br><span>Length: 0.05 km</span><br><span>Length rank: 2,100</span></div>"
road_3314574,path,3314574,sealed,JOHNSFIELD PLACE,0.0547507123973982,2101,22,#1464a5cc,#1464a5cc,@EAAwthhmI~wa~fAq[}S,"<div><strong>JOHNSFIELD PLACE</strong><br><span>Surface: sealed</span><br><span>Length: 0.05 km</span><br><span>Length rank: 2,101</span></div>"
road_3314690,path,3314690,sealed,POUNAMU PLACE,0.054607208315819,2102,22,#1464a5cc,#1464a5cc,@EAAkt|jmI|zz_gAhArLn@xCnAxBnBfF,"<div><strong>POUNAMU PLACE</strong><br><span>Surface: sealed</span><br><span>Length: 0.05 km</span><br><span>Length rank: 2,102</span></div>"
road_3314653,path,3314653,sealed,CHELSEA PLACE,0.0545563648494197,2103,22,#1464a5cc,#1464a5cc,@EAAkfrhmIddq_gAy@eCkX}O,"<div><strong>CHELSEA PLACE</strong><br><span>Surface: sealed</span><br><span>Length: 0.05 km</span><br><span>Length rank: 2,103</span></div>"
road_3313955,path,3313955,sealed,,0.0543318558904021,2104,22,#1464a5cc,#1464a5cc,@EAAcbfhmIncqbgAaP`C_KpAyExB,"<div><strong>Road 3313955</strong><br><span>Surface: sealed</span><br><span>Length: 0.05 km</span><br><span>Length rank: 2,104</span></div>"
road_8329747,path,8329747,sealed,PRAGMA RISE,0.0542065937801165,2105,22,#1464a5cc,#1464a5cc,@EAAab`imIryj}fAy@XuSrG{IrD,"<div><strong>PRAGMA RISE</strong><br><span>Surface: sealed</span><br><span>Length: 0.05 km</span><br><span>Length rank: 2,105</span></div>"
road_8329766,path,8329766,sealed,TEAL WAY,0.0541782842794423,2106,22,#1464a5cc,#1464a5cc,@EAAqnyfmIrzd}fAjBj],"<div><strong>TEAL WAY</strong><br><span>Surface: sealed</span><br><span>Length: 0.05 km</span><br><span>Length rank: 2,106</span></div>"
road_3314593,path,3314593,sealed,WELWYN PLACE,0.0541180920937217,2107,22,#1464a5cc,#1464a5cc,@EAAid{gmIbqn}fA{A{H_AcFLwCt@aChAqB,"<div><strong>WELWYN PLACE</strong><br><span>Surface: sealed</span><br><span>Length: 0.05 km</span><br><span>Length rank: 2,107</span></div>"
road_3314107,path,3314107,sealed,GARY JOHN LANE,0.0541027944089443,2108,22,#1464a5cc,#1464a5cc,@EAA_vugmIbozagAoF}Q_CcI,"<div><strong>GARY JOHN LANE</strong><br><span>Surface: sealed</span><br><span>Length: 0.05 km</span><br><span>Length rank: 2,108</span></div>"
road_3314758,path,3314758,sealed,ASHINGTON GROVE,0.0539826678626368,2109,22,#1464a5cc,#1464a5cc,@EAAganimI|jq}fAkDb],"<div><strong>ASHINGTON GROVE</strong><br><span>Surface: sealed</span><br><span>Length: 0.05 km</span><br><span>Length rank: 2,109</span></div>"
road_3314090,path,3314090,sealed,DEBORAH PLACE,0.0536306881298459,2110,22,#1464a5cc,#1464a5cc,@EAAqkxfmIzeebgA_AfENlEbFjO,"<div><strong>DEBORAH PLACE</strong><br><span>Surface: sealed</span><br><span>Length: 0.05 km</span><br><span>Length rank: 2,110</span></div>"
road_3314006,path,3314006,sealed,BECKHAM CLOSE,0.0534740536547299,2111,22,#1464a5cc,#1464a5cc,@EAAeoxemIrgy`gA{TuAyHS_E@,"<div><strong>BECKHAM CLOSE</strong><br><span>Surface: sealed</span><br><span>Length: 0.05 km</span><br><span>Length rank: 2,111</span></div>"
road_3314791,path,3314791,sealed,NEWBURY PLACE,0.0534586179011012,2112,22,#1464a5cc,#1464a5cc,@EAAqx`imIj`y}fA_GFsC\mFhAyElA_GhC,"<div><strong>NEWBURY PLACE</strong><br><span>Surface: sealed</span><br><span>Length: 0.05 km</span><br><span>Length rank: 2,112</span></div>"
road_3314097,path,3314097,sealed,LEYTON PLACE,0.0533866747886439,2113,22,#1464a5cc,#1464a5cc,@EAA{a{fmIhqfagAuMeE}F{@}KP,"<div><strong>LEYTON PLACE</strong><br><span>Surface: sealed</span><br><span>Length: 0.05 km</span><br><span>Length rank: 2,113</span></div>"
road_3314663,path,3314663,sealed,NEWPORT PLACE,0.0532251441517172,2114,22,#1464a5cc,#1464a5cc,@EAAg{pjmI~ln`gA`B|BxBpBtD|@|QpC,"<div><strong>NEWPORT PLACE</strong><br><span>Surface: sealed</span><br><span>Length: 0.05 km</span><br><span>Length rank: 2,114</span></div>"
road_7742833,path,7742833,sealed,SENTINEL COURT,0.052891727088079,2115,22,#1464a5cc,#1464a5cc,@EAAwe|fmIv{t}fAoCcA_BY{BWwCKkSM,"<div><strong>SENTINEL COURT</strong><br><span>Surface: sealed</span><br><span>Length: 0.05 km</span><br><span>Length rank: 2,115</span></div>"
road_8329734,path,8329734,sealed,PARDOA BOULEVARD,0.0528811921250329,2116,22,#1464a5cc,#1464a5cc,@EAAazzjmIjf|~fAyCgBmCkAuUyH,"<div><strong>PARDOA BOULEVARD</strong><br><span>Surface: sealed</span><br><span>Length: 0.05 km</span><br><span>Length rank: 2,116</span></div>"
road_3314773,path,3314773,sealed,BRUNSWICK PLACE,0.0525344892983274,2117,22,#1464a5cc,#1464a5cc,@EAAc`shmIzuu}fAj@sJJoHi@iG,"<div><strong>BRUNSWICK PLACE</strong><br><span>Surface: sealed</span><br><span>Length: 0.05 km</span><br><span>Length rank: 2,117</span></div>"
road_3314557,path,3314557,sealed,CASHMERE PLACE,0.0524880396571894,2118,22,#1464a5cc,#1464a5cc,@EAAyvlgmIrp`~fAgOgA{FUwKW,"<div><strong>CASHMERE PLACE</strong><br><span>Surface: sealed</span><br><span>Length: 0.05 km</span><br><span>Length rank: 2,118</span></div>"
road_6064555,path,6064555,sealed,EPPING PLACE,0.0519494868774124,2119,22,#1464a5cc,#1464a5cc,@EAAg_pgmIxhgbgAsFr@wEXwDzAaHfBcDd@,"<div><strong>EPPING PLACE</strong><br><span>Surface: sealed</span><br><span>Length: 0.05 km</span><br><span>Length rank: 2,119</span></div>"
road_8329692,path,8329692,sealed,LAINE PLACE,0.0515994064860874,2120,22,#1464a5cc,#1464a5cc,@EAAgwehmIbxmbgAsJqZ,"<div><strong>LAINE PLACE</strong><br><span>Surface: sealed</span><br><span>Length: 0.05 km</span><br><span>Length rank: 2,120</span></div>"
road_3314809,path,3314809,sealed,FASHAM LANE,0.0514462758734745,2121,22,#1464a5cc,#1464a5cc,@EAAsl_imIb|n}fA`@|D^nCKjA}@~@aJvE_Ax@,"<div><strong>FASHAM LANE</strong><br><span>Surface: sealed</span><br><span>Length: 0.05 km</span><br><span>Length rank: 2,121</span></div>"
road_3314312,path,3314312,sealed,LITTLER PLACE,0.0513466222819234,2122,22,#1464a5cc,#1464a5cc,@EAAexbkmIlwhagAq_@|K,"<div><strong>LITTLER PLACE</strong><br><span>Surface: sealed</span><br><span>Length: 0.05 km</span><br><span>Length rank: 2,122</span></div>"
road_3314804,path,3314804,sealed,CLEEVE CLOSE,0.0511887377611824,2123,22,#1464a5cc,#1464a5cc,@EAA}ooimIr{q}fAoAlBkC|DuDtFoChG,"<div><strong>CLEEVE CLOSE</strong><br><span>Surface: sealed</span><br><span>Length: 0.05 km</span><br><span>Length rank: 2,123</span></div>"
road_7742827,path,7742827,sealed,,0.0509988672232972,2124,22,#1464a5cc,#1464a5cc,@EAAqeehmIjkj~fAia@}G,"<div><strong>Road 7742827</strong><br><span>Surface: sealed</span><br><span>Length: 0.05 km</span><br><span>Length rank: 2,124</span></div>"
road_8329713,path,8329713,sealed,,0.0499144525043419,2125,22,#1464a5cc,#1464a5cc,@EAAsvegmIhnh`gAaBjD}@xDQfCBnBLtAl@pD,"<div><strong>Road 8329713</strong><br><span>Surface: sealed</span><br><span>Length: 0.05 km</span><br><span>Length rank: 2,125</span></div>"
road_3314024,path,3314024,sealed,CAULFIELD GREEN,0.0498362525110947,2126,22,#1464a5cc,#1464a5cc,@EAAeljfmI`sx`gAUzRYdG,"<div><strong>CAULFIELD GREEN</strong><br><span>Surface: sealed</span><br><span>Length: 0.05 km</span><br><span>Length rank: 2,126</span></div>"
road_8329698,path,8329698,sealed,HOURUA LANE,0.0498055491599644,2127,22,#1464a5cc,#1464a5cc,@EAAqtnjmI~}ocgAx`@cG,"<div><strong>HOURUA LANE</strong><br><span>Surface: sealed</span><br><span>Length: 0.05 km</span><br><span>Length rank: 2,127</span></div>"
road_3314569,path,3314569,sealed,MERIVALE COURT,0.0494179864643588,2128,22,#1464a5cc,#1464a5cc,@EAAibdhmI`lb~fAhCr@`Cd@pGh@`DApD`@vDdA,"<div><strong>MERIVALE COURT</strong><br><span>Surface: sealed</span><br><span>Length: 0.05 km</span><br><span>Length rank: 2,128</span></div>"
road_3314530,path,3314530,metalled,ASHFORD MEWS,0.0492812070713984,2129,22,#bb7f22cc,#bb7f22cc,@EAAg`kgmInek~fA`@z@zAdBhAz@pBz@nOtG,"<div><strong>ASHFORD MEWS</strong><br><span>Surface: metalled</span><br><span>Length: 0.05 km</span><br><span>Length rank: 2,129</span></div>"
road_3314902,path,3314902,sealed,GLYLL CLOSE,0.0490011180702967,2130,22,#1464a5cc,#1464a5cc,@EAAkqfgmI|wg}fA{@k@k@k@o@gA_H_S,"<div><strong>GLYLL CLOSE</strong><br><span>Surface: sealed</span><br><span>Length: 0.05 km</span><br><span>Length rank: 2,130</span></div>"
road_3314249,path,3314249,sealed,BRYCE LANE,0.0487802963535364,2131,22,#1464a5cc,#1464a5cc,@EAAw|fimIf_dagA_KeFsNkH,"<div><strong>BRYCE LANE</strong><br><span>Surface: sealed</span><br><span>Length: 0.05 km</span><br><span>Length rank: 2,131</span></div>"
road_3314531,path,3314531,sealed,CHELTENHAM CLOSE,0.0486946963143221,2132,22,#1464a5cc,#1464a5cc,@EAAivigmI~mk~fAyEeCsF}A_Ac@mBeAmBqAkBm@m@c@,"<div><strong>CHELTENHAM CLOSE</strong><br><span>Surface: sealed</span><br><span>Length: 0.05 km</span><br><span>Length rank: 2,132</span></div>"
road_3314781,path,3314781,sealed,MEADOWBANK COURT,0.0486805617553733,2133,22,#1464a5cc,#1464a5cc,@EAAehkimItrn~fAEbBUvAu@rA}HzImBfC,"<div><strong>MEADOWBANK COURT</strong><br><span>Surface: sealed</span><br><span>Length: 0.05 km</span><br><span>Length rank: 2,133</span></div>"
road_3314523,path,3314523,sealed,RIPPLE LANE,0.0485026537439393,2134,22,#1464a5cc,#1464a5cc,@EAAijtfmI~s}}fA{T`T,"<div><strong>RIPPLE LANE</strong><br><span>Surface: sealed</span><br><span>Length: 0.05 km</span><br><span>Length rank: 2,134</span></div>"
road_3314416,path,3314416,sealed,KUPE PLACE,0.0484668827495841,2135,22,#1464a5cc,#1464a5cc,@EAAudsemI|jt}fAJgEe@gMi@sE,"<div><strong>KUPE PLACE</strong><br><span>Surface: sealed</span><br><span>Length: 0.05 km</span><br><span>Length rank: 2,135</span></div>"
road_3314112,path,3314112,sealed,OLWYN GREEN,0.0484338886703667,2136,22,#1464a5cc,#1464a5cc,@EAAwjigmIhjgagAfHcH~@kBn@wBrAsF,"<div><strong>OLWYN GREEN</strong><br><span>Surface: sealed</span><br><span>Length: 0.05 km</span><br><span>Length rank: 2,136</span></div>"
road_3314463,path,3314463,sealed,ROBERTS WAY,0.0478960866672975,2137,22,#1464a5cc,#1464a5cc,@EAAw`tgmIfpp~fA_VuF_GkB,"<div><strong>ROBERTS WAY</strong><br><span>Surface: sealed</span><br><span>Length: 0.05 km</span><br><span>Length rank: 2,137</span></div>"
road_3314577,path,3314577,sealed,KINGSBURY COURT,0.0476082176917432,2138,22,#1464a5cc,#1464a5cc,@EAAev~gmIxvy}fAxHnLtEzH,"<div><strong>KINGSBURY COURT</strong><br><span>Surface: sealed</span><br><span>Length: 0.05 km</span><br><span>Length rank: 2,138</span></div>"
road_3314566,path,3314566,sealed,ABBIE LANE,0.0476010330682612,2139,22,#1464a5cc,#1464a5cc,@EAAq|ghmIjqi~fAfBdA`DfA~TzE,"<div><strong>ABBIE LANE</strong><br><span>Surface: sealed</span><br><span>Length: 0.05 km</span><br><span>Length rank: 2,139</span></div>"
road_3314196,path,3314196,sealed,HUDSON COURT,0.046774239417134,2140,22,#1464a5cc,#1464a5cc,@EAAwdclmIdfrbgAfAhE`F|Q,"<div><strong>HUDSON COURT</strong><br><span>Surface: sealed</span><br><span>Length: 0.05 km</span><br><span>Length rank: 2,140</span></div>"
road_3314314,path,3314314,sealed,KINGROYAL LANE,0.046683864415665,2141,22,#1464a5cc,#1464a5cc,@EAAkvbkmI~h`agAiHdX,"<div><strong>KINGROYAL LANE</strong><br><span>Surface: sealed</span><br><span>Length: 0.05 km</span><br><span>Length rank: 2,141</span></div>"
road_3314547,path,3314547,sealed,SELBY MEWS,0.0466711364749717,2142,22,#1464a5cc,#1464a5cc,@EAAgekgmIvgj~fAbPrHpHzD,"<div><strong>SELBY MEWS</strong><br><span>Surface: sealed</span><br><span>Length: 0.05 km</span><br><span>Length rank: 2,142</span></div>"
road_3314807,path,3314807,sealed,SAMANTHA WAY,0.0464981177930335,2143,22,#1464a5cc,#1464a5cc,@EAAs~}hmIldp}fA}E`CsFnCcAr@{AtBmAvC,"<div><strong>SAMANTHA WAY</strong><br><span>Surface: sealed</span><br><span>Length: 0.05 km</span><br><span>Length rank: 2,143</span></div>"
road_3314732,path,3314732,sealed,CHARLBURY PLACE,0.046038756682546,2144,22,#1464a5cc,#1464a5cc,@EAA}wyimIrzz~fAe@lAYdBUnBBtCXrCbA|E,"<div><strong>CHARLBURY PLACE</strong><br><span>Surface: sealed</span><br><span>Length: 0.05 km</span><br><span>Length rank: 2,144</span></div>"
road_8329769,path,8329769,sealed,FRESHWATER DRIVE,0.0459895373840412,2145,22,#1464a5cc,#1464a5cc,@EAAcnzfmI~`e}fA`ZwDnCS,"<div><strong>FRESHWATER DRIVE</strong><br><span>Surface: sealed</span><br><span>Length: 0.05 km</span><br><span>Length rank: 2,145</span></div>"
road_3314550,path,3314550,sealed,HALYARD CLOSE,0.0458420260239737,2146,22,#1464a5cc,#1464a5cc,@EAAopxgmIhch~fAtEgX,"<div><strong>HALYARD CLOSE</strong><br><span>Surface: sealed</span><br><span>Length: 0.05 km</span><br><span>Length rank: 2,146</span></div>"
road_3314570,path,3314570,sealed,STANFIELD COURT,0.0453134688581026,2147,22,#1464a5cc,#1464a5cc,@EAAischmIdla~fApPFlEQvF}@,"<div><strong>STANFIELD COURT</strong><br><span>Surface: sealed</span><br><span>Length: 0.05 km</span><br><span>Length rank: 2,147</span></div>"
road_3314001,path,3314001,sealed,SOUTHWORTH PLACE,0.0450780375197852,2148,22,#1464a5cc,#1464a5cc,@EAAo}oemIjl~`gAaTcR,"<div><strong>SOUTHWORTH PLACE</strong><br><span>Surface: sealed</span><br><span>Length: 0.05 km</span><br><span>Length rank: 2,148</span></div>"
road_3314316,path,3314316,sealed,MAY STREET,0.04457813110599,2149,22,#1464a5cc,#1464a5cc,@EAAagfkmIdjeagAgAiCwCqBaOkG,"<div><strong>MAY STREET</strong><br><span>Surface: sealed</span><br><span>Length: 0.04 km</span><br><span>Length rank: 2,149</span></div>"
road_8329714,path,8329714,sealed,,0.0444739896523865,2150,22,#1464a5cc,#1464a5cc,@EAAysfgmIteh`gAcItV,"<div><strong>Road 8329714</strong><br><span>Surface: sealed</span><br><span>Length: 0.04 km</span><br><span>Length rank: 2,150</span></div>"
road_3314300,path,3314300,sealed,ASHGROVE COURT,0.0441402635861888,2151,22,#1464a5cc,#1464a5cc,@EAAeezjmIfq_agA?cHNwN,"<div><strong>ASHGROVE COURT</strong><br><span>Surface: sealed</span><br><span>Length: 0.04 km</span><br><span>Length rank: 2,151</span></div>"
road_3314299,path,3314299,sealed,ROCHFORD COURT,0.0440879029325234,2152,22,#1464a5cc,#1464a5cc,@EAAkoxjmId{~`gAUjF_@`Cw@`BeErG,"<div><strong>ROCHFORD COURT</strong><br><span>Surface: sealed</span><br><span>Length: 0.04 km</span><br><span>Length rank: 2,152</span></div>"
road_3314656,path,3314656,sealed,ST CLAIR COURT,0.0440845867159819,2153,22,#1464a5cc,#1464a5cc,@EAAihzimI|pn`gAwGxV,"<div><strong>ST CLAIR COURT</strong><br><span>Surface: sealed</span><br><span>Length: 0.04 km</span><br><span>Length rank: 2,153</span></div>"
road_3314241,path,3314241,sealed,,0.0438025891813278,2154,22,#1464a5cc,#1464a5cc,@EAAi|himIzc_bgAlCh@tH^xEY|GyA,"<div><strong>Road 3314241</strong><br><span>Surface: sealed</span><br><span>Length: 0.04 km</span><br><span>Length rank: 2,154</span></div>"
road_3314549,path,3314549,sealed,HALYARD CLOSE,0.0437924941841588,2155,22,#1464a5cc,#1464a5cc,@EAAopxgmIhch~fAj\`G,"<div><strong>HALYARD CLOSE</strong><br><span>Surface: sealed</span><br><span>Length: 0.04 km</span><br><span>Length rank: 2,155</span></div>"
road_3314494,path,3314494,sealed,HARWICH COURT,0.0437767762655757,2156,22,#1464a5cc,#1464a5cc,@EAAwjohmI~wx}fAQ|Ec@vHFzF,"<div><strong>HARWICH COURT</strong><br><span>Surface: sealed</span><br><span>Length: 0.04 km</span><br><span>Length rank: 2,156</span></div>"
road_3313957,path,3313957,sealed,HASTINGS PLACE,0.0437548641511493,2157,22,#1464a5cc,#1464a5cc,@EAAaanhmIt~hbgAsDj@oQfDaDz@,"<div><strong>HASTINGS PLACE</strong><br><span>Surface: sealed</span><br><span>Length: 0.04 km</span><br><span>Length rank: 2,157</span></div>"
road_3314392,path,3314392,sealed,HYPERION COURT,0.0437111642019919,2158,22,#1464a5cc,#1464a5cc,@EAAs`jgmIh_``gAmHpMeCpF,"<div><strong>HYPERION COURT</strong><br><span>Surface: sealed</span><br><span>Length: 0.04 km</span><br><span>Length rank: 2,158</span></div>"
road_6064594,path,6064594,sealed,CARR END LANE,0.0433836933959888,2159,21,#1464a5cc,#1464a5cc,@EAAcfjgmInie}fAiE`Em@x@g@~@Yx@Y`AKlABrD,"<div><strong>CARR END LANE</strong><br><span>Surface: sealed</span><br><span>Length: 0.04 km</span><br><span>Length rank: 2,159</span></div>"
road_6064569,path,6064569,sealed,,0.0433310426266894,2160,21,#1464a5cc,#1464a5cc,@EAAm_tjmInsn`gAvIpB|BTzDBjCEtCW,"<div><strong>Road 6064569</strong><br><span>Surface: sealed</span><br><span>Length: 0.04 km</span><br><span>Length rank: 2,160</span></div>"
road_3314552,path,3314552,sealed,HALYARD CLOSE,0.0430942123932228,2161,21,#1464a5cc,#1464a5cc,@EAAyixgmI`jg~fA{\_D,"<div><strong>HALYARD CLOSE</strong><br><span>Surface: sealed</span><br><span>Length: 0.04 km</span><br><span>Length rank: 2,161</span></div>"
road_8329764,path,8329764,sealed,TEAL WAY,0.0430644350344876,2162,21,#1464a5cc,#1464a5cc,@EAAekyfmI~xe}fAwAfBsEvAcQR,"<div><strong>TEAL WAY</strong><br><span>Surface: sealed</span><br><span>Length: 0.04 km</span><br><span>Length rank: 2,162</span></div>"
road_8329768,path,8329768,sealed,FRESHWATER DRIVE,0.0430063579795674,2163,21,#1464a5cc,#1464a5cc,@EAAqnyfmIrzd}fAiAcW,"<div><strong>FRESHWATER DRIVE</strong><br><span>Surface: sealed</span><br><span>Length: 0.04 km</span><br><span>Length rank: 2,163</span></div>"
road_7742819,path,7742819,sealed,,0.0424993106634881,2164,21,#1464a5cc,#1464a5cc,@EAA{i}gmIf`g~fAhHq@lDc@|A[|Ay@`DaD,"<div><strong>Road 7742819</strong><br><span>Surface: sealed</span><br><span>Length: 0.04 km</span><br><span>Length rank: 2,164</span></div>"
road_3313997,path,3313997,sealed,PAMPAS PLACE,0.0423327174051522,2165,21,#1464a5cc,#1464a5cc,@EAAu|ffmIxbvagA}F}U,"<div><strong>PAMPAS PLACE</strong><br><span>Surface: sealed</span><br><span>Length: 0.04 km</span><br><span>Length rank: 2,165</span></div>"
road_3314002,path,3314002,sealed,SOUTHWORTH PLACE,0.0423200122402443,2166,21,#1464a5cc,#1464a5cc,@EAAqrpemIfy}`gAaOcS,"<div><strong>SOUTHWORTH PLACE</strong><br><span>Surface: sealed</span><br><span>Length: 0.04 km</span><br><span>Length rank: 2,166</span></div>"
road_3314573,path,3314573,sealed,HIGHGATE,0.0420855920442994,2167,21,#1464a5cc,#1464a5cc,@EAAmofhmIxyc~fAaHcC{HqC{EgB,"<div><strong>HIGHGATE</strong><br><span>Surface: sealed</span><br><span>Length: 0.04 km</span><br><span>Length rank: 2,167</span></div>"
road_3314678,path,3314678,sealed,HUBERT PLACE,0.0414692941268592,2168,21,#1464a5cc,#1464a5cc,@EAAij`jmIncf_gAwFlAkRpE,"<div><strong>HUBERT PLACE</strong><br><span>Surface: sealed</span><br><span>Length: 0.04 km</span><br><span>Length rank: 2,168</span></div>"
road_3314173,path,3314173,sealed,MALABAR STREET,0.0414136406583077,2169,21,#1464a5cc,#1464a5cc,@EAAk_ljmIxyacgAiGtEeDdCcBbB}@xB,"<div><strong>MALABAR STREET</strong><br><span>Surface: sealed</span><br><span>Length: 0.04 km</span><br><span>Length rank: 2,169</span></div>"
road_7742874,path,7742874,sealed,RETALLICK PLACE,0.041122245538651,2170,21,#1464a5cc,#1464a5cc,@EAAi~kgmI`nc}fArC@zF~AfLzE,"<div><strong>RETALLICK PLACE</strong><br><span>Surface: sealed</span><br><span>Length: 0.04 km</span><br><span>Length rank: 2,170</span></div>"
road_3314797,path,3314797,sealed,JANE WAY,0.0408408268091419,2171,21,#1464a5cc,#1464a5cc,@EAAod}hmIzjq}fAoKt@gHn@qEr@,"<div><strong>JANE WAY</strong><br><span>Surface: sealed</span><br><span>Length: 0.04 km</span><br><span>Length rank: 2,171</span></div>"
road_3314100,path,3314100,sealed,WARWICKSON LANE,0.0408340748945136,2172,21,#1464a5cc,#1464a5cc,@EAAc}rfmIplv`gAcQ~P,"<div><strong>WARWICKSON LANE</strong><br><span>Surface: sealed</span><br><span>Length: 0.04 km</span><br><span>Length rank: 2,172</span></div>"
road_3314780,path,3314780,sealed,HELMSDALE COURT,0.0408211044697943,2173,21,#1464a5cc,#1464a5cc,@EAAcp`imIrrl~fAqBJcXlA,"<div><strong>HELMSDALE COURT</strong><br><span>Surface: sealed</span><br><span>Length: 0.04 km</span><br><span>Length rank: 2,173</span></div>"
road_3314526,path,3314526,sealed,MARU WAY,0.0400797603772111,2174,21,#1464a5cc,#1464a5cc,@EAA}wrfmIbis}fAuEbEy@lC{@tH,"<div><strong>MARU WAY</strong><br><span>Surface: sealed</span><br><span>Length: 0.04 km</span><br><span>Length rank: 2,174</span></div>"
road_3314014,path,3314014,sealed,LYNBRAE COURT,0.0397655415194392,2175,21,#1464a5cc,#1464a5cc,@EAAsggfmIddbagAfJnErDlBvDlB,"<div><strong>LYNBRAE COURT</strong><br><span>Surface: sealed</span><br><span>Length: 0.04 km</span><br><span>Length rank: 2,175</span></div>"
road_7742835,path,7742835,sealed,MARGROVE LANE,0.039487227571975,2176,21,#1464a5cc,#1464a5cc,@EAAi_{fmItnj}fAgBcU,"<div><strong>MARGROVE LANE</strong><br><span>Surface: sealed</span><br><span>Length: 0.04 km</span><br><span>Length rank: 2,176</span></div>"
road_3314596,path,3314596,sealed,SARAH COURT,0.0393395102367269,2177,21,#1464a5cc,#1464a5cc,@EAAqiehmI`ao}fAwEQqLa@mFE,"<div><strong>SARAH COURT</strong><br><span>Surface: sealed</span><br><span>Length: 0.04 km</span><br><span>Length rank: 2,177</span></div>"
road_7742799,path,7742799,sealed,,0.0381866836812064,2178,21,#1464a5cc,#1464a5cc,@EAAicvjmIrfhcgAdQ|N,"<div><strong>Road 7742799</strong><br><span>Surface: sealed</span><br><span>Length: 0.04 km</span><br><span>Length rank: 2,178</span></div>"
road_8329743,path,8329743,sealed,JASPERS WAY,0.037797530352727,2179,21,#1464a5cc,#1464a5cc,@EAAy{aimI~_|}fAl@fT,"<div><strong>JASPERS WAY</strong><br><span>Surface: sealed</span><br><span>Length: 0.04 km</span><br><span>Length rank: 2,179</span></div>"
road_3314590,path,3314590,sealed,HAWTRY LANE,0.0374625805730341,2180,21,#1464a5cc,#1464a5cc,@EAAcgyfmIxqn}fAeCQkBg@uN}F,"<div><strong>HAWTRY LANE</strong><br><span>Surface: sealed</span><br><span>Length: 0.04 km</span><br><span>Length rank: 2,180</span></div>"
road_6064558,path,6064558,sealed,QUEENS PARK CRESCENT,0.0372503927426994,2181,21,#1464a5cc,#1464a5cc,@EAA{emhmIxzsagAeVbI,"<div><strong>QUEENS PARK CRESCENT</strong><br><span>Surface: sealed</span><br><span>Length: 0.04 km</span><br><span>Length rank: 2,181</span></div>"
road_3314537,path,3314537,sealed,OAKRIDGE GROVE,0.0371187493334829,2182,21,#1464a5cc,#1464a5cc,@EAAwkpgmIx`l~fAgFi@wBBaBNuJfA,"<div><strong>OAKRIDGE GROVE</strong><br><span>Surface: sealed</span><br><span>Length: 0.04 km</span><br><span>Length rank: 2,182</span></div>"
road_8329707,path,8329707,sealed,OKU CLOSE,0.0368339943503391,2183,21,#1464a5cc,#1464a5cc,@EAAehmkmI|vtagAnClS,"<div><strong>OKU CLOSE</strong><br><span>Surface: sealed</span><br><span>Length: 0.04 km</span><br><span>Length rank: 2,183</span></div>"
road_3314532,path,3314532,sealed,KENDALL PLACE,0.0368208826260579,2184,21,#1464a5cc,#1464a5cc,@EAAcalgmI`}j~fAxAt@jDhAzDdBxEbD,"<div><strong>KENDALL PLACE</strong><br><span>Surface: sealed</span><br><span>Length: 0.04 km</span><br><span>Length rank: 2,184</span></div>"
road_3314770,path,3314770,sealed,SUDBURY COURT,0.036270651536028,2185,21,#1464a5cc,#1464a5cc,@EAA{hwhmIdc|}fAw@kS,"<div><strong>SUDBURY COURT</strong><br><span>Surface: sealed</span><br><span>Length: 0.04 km</span><br><span>Length rank: 2,185</span></div>"
road_8329715,path,8329715,sealed,,0.0356868269828594,2186,21,#1464a5cc,#1464a5cc,@EAA}oggmIx|g`gAc@iCo@uAgAmAsG{E,"<div><strong>Road 8329715</strong><br><span>Surface: sealed</span><br><span>Length: 0.04 km</span><br><span>Length rank: 2,186</span></div>"
road_8329711,path,8329711,sealed,PUKAKI PLACE,0.0355993682187368,2187,21,#1464a5cc,#1464a5cc,@EAA{qgfmI~}~_gAvRqK,"<div><strong>PUKAKI PLACE</strong><br><span>Surface: sealed</span><br><span>Length: 0.04 km</span><br><span>Length rank: 2,187</span></div>"
road_6064556,path,6064556,sealed,ETNA WAY,0.0348279573231471,2188,21,#1464a5cc,#1464a5cc,@EAAeusgmIbdgbgAiCtAqBfAcBR{AVmBd@gCn@,"<div><strong>ETNA WAY</strong><br><span>Surface: sealed</span><br><span>Length: 0.03 km</span><br><span>Length rank: 2,188</span></div>"
road_3313952,path,3313952,sealed,SHELLEY JANE PLACE,0.0343881292249852,2189,21,#1464a5cc,#1464a5cc,@EAA}smgmIlxlbgAaEwQ,"<div><strong>SHELLEY JANE PLACE</strong><br><span>Surface: sealed</span><br><span>Length: 0.03 km</span><br><span>Length rank: 2,189</span></div>"
road_3314114,path,3314114,sealed,HAROLD LANE,0.0329133667105558,2190,21,#1464a5cc,#1464a5cc,@EAAqnogmInlbagAuDqBgGmBkEy@,"<div><strong>HAROLD LANE</strong><br><span>Surface: sealed</span><br><span>Length: 0.03 km</span><br><span>Length rank: 2,190</span></div>"
road_7742807,path,7742807,sealed,CHIEFS COURT,0.0307063650575765,2191,21,#1464a5cc,#1464a5cc,@EAA_x}jmIxjgagAaFq@iIkAsBW,"<div><strong>CHIEFS COURT</strong><br><span>Surface: sealed</span><br><span>Length: 0.03 km</span><br><span>Length rank: 2,191</span></div>"
road_3314303,path,3314303,sealed,SOMME CRESCENT,0.030590605204275,2192,21,#1464a5cc,#1464a5cc,@EAAa`bkmIhd{agAa@eP,"<div><strong>SOMME CRESCENT</strong><br><span>Surface: sealed</span><br><span>Length: 0.03 km</span><br><span>Length rank: 2,192</span></div>"
road_3314535,path,3314535,sealed,OAKRIDGE GROVE,0.0297258499711032,2193,21,#1464a5cc,#1464a5cc,@EAAwkpgmIx`l~fAY|@\~@tBdBnBjBfCz@,"<div><strong>OAKRIDGE GROVE</strong><br><span>Surface: sealed</span><br><span>Length: 0.03 km</span><br><span>Length rank: 2,193</span></div>"
road_3314586,path,3314586,sealed,EMERY WAY,0.028797266220475,2194,21,#1464a5cc,#1464a5cc,@EAAwbyfmIrcq}fAsIqGiAo@eAM,"<div><strong>EMERY WAY</strong><br><span>Surface: sealed</span><br><span>Length: 0.03 km</span><br><span>Length rank: 2,194</span></div>"
road_3314004,path,3314004,sealed,MELFORT PLACE,0.0284911268649359,2195,21,#1464a5cc,#1464a5cc,@EAAyp_fmIhq|`gAxCsHf@_Bj@iA,"<div><strong>MELFORT PLACE</strong><br><span>Surface: sealed</span><br><span>Length: 0.03 km</span><br><span>Length rank: 2,195</span></div>"
road_3314250,path,3314250,sealed,BRYCE LANE,0.0283107368593141,2196,21,#1464a5cc,#1464a5cc,@EAAmlgimIzacagA}JxK,"<div><strong>BRYCE LANE</strong><br><span>Surface: sealed</span><br><span>Length: 0.03 km</span><br><span>Length rank: 2,196</span></div>"
road_3314795,path,3314795,sealed,REWITI LANE,0.0281967420280016,2197,21,#1464a5cc,#1464a5cc,@EAAgq}hmIrur}fAkQgE,"<div><strong>REWITI LANE</strong><br><span>Surface: sealed</span><br><span>Length: 0.03 km</span><br><span>Length rank: 2,197</span></div>"
road_3314176,path,3314176,sealed,THORBURN COURT,0.0277037912651729,2198,21,#1464a5cc,#1464a5cc,@EAAiinimId`rbgAxCcN,"<div><strong>THORBURN COURT</strong><br><span>Surface: sealed</span><br><span>Length: 0.03 km</span><br><span>Length rank: 2,198</span></div>"
road_3314796,path,3314796,sealed,TRIMMER LANE,0.0272161118395752,2199,21,#1464a5cc,#1464a5cc,@EAAqx~hmItyr}fAOiN,"<div><strong>TRIMMER LANE</strong><br><span>Surface: sealed</span><br><span>Length: 0.03 km</span><br><span>Length rank: 2,199</span></div>"
road_3314009,path,3314009,sealed,SUNNY DALE,0.0271947991741615,2200,21,#1464a5cc,#1464a5cc,@EAAwvdfmIbhnagA_CsDoDwF,"<div><strong>SUNNY DALE</strong><br><span>Surface: sealed</span><br><span>Length: 0.03 km</span><br><span>Length rank: 2,200</span></div>"
road_3314794,path,3314794,sealed,WAIMA LANE,0.0269653605305273,2201,21,#1464a5cc,#1464a5cc,@EAAyoeimIjfx}fAiPjE,"<div><strong>WAIMA LANE</strong><br><span>Surface: sealed</span><br><span>Length: 0.03 km</span><br><span>Length rank: 2,201</span></div>"
road_3314793,path,3314793,sealed,WAIMA LANE,0.0262449685205057,2202,21,#1464a5cc,#1464a5cc,@EAAq_eimIb_x}fAgOfF,"<div><strong>WAIMA LANE</strong><br><span>Surface: sealed</span><br><span>Length: 0.03 km</span><br><span>Length rank: 2,202</span></div>"
road_8329712,path,8329712,sealed,,0.0252807230931808,2203,21,#1464a5cc,#1464a5cc,@EAAswbgmIvqi`gAiDWmDQuEu@,"<div><strong>Road 8329712</strong><br><span>Surface: sealed</span><br><span>Length: 0.03 km</span><br><span>Length rank: 2,203</span></div>"
road_3314393,path,3314393,sealed,GALILEE GROVE,0.0252589978650887,2204,21,#1464a5cc,#1464a5cc,@EAA}xjgmIj|_`gAFgM,"<div><strong>GALILEE GROVE</strong><br><span>Surface: sealed</span><br><span>Length: 0.03 km</span><br><span>Length rank: 2,204</span></div>"
road_3314798,path,3314798,sealed,SHAUN LANE,0.0199111351427348,2205,21,#1464a5cc,#1464a5cc,@EAAkz_imIpir}fA{LcA,"<div><strong>SHAUN LANE</strong><br><span>Surface: sealed</span><br><span>Length: 0.02 km</span><br><span>Length rank: 2,205</span></div>"
road_3314113,path,3314113,sealed,HAROLD LANE,0.0179635342883927,2206,21,#1464a5cc,#1464a5cc,@EAA{eogmIzsbagAuGkF,"<div><strong>HAROLD LANE</strong><br><span>Surface: sealed</span><br><span>Length: 0.02 km</span><br><span>Length rank: 2,206</span></div>"
