place_feature_id,road_feature_id,road_surface,road_length_in_place_km,road_length_total_km,road_length_share_of_road
175201,3218965,sealed,0.20777636590017345,1.648556447991275,0.12603533603798872
175201,3218968,sealed,1.382206516494955,1.3874600568166726,0.9962135556292907
175201,3218969,sealed,2.1493310380899042,2.3476841519872007,0.915511158632902
175201,3218970,sealed,1.818537490617309,3.754396626926352,0.4843754326793407
175201,3234615,sealed,0.4791310103118892,0.4790648171718226,1.00013817157448
175201,3234691,sealed,0.16307466321255906,0.1631003580319308,0.9998424600676431
175201,3238139,sealed,1.1388279393586165,1.138792627568126,1.0000310080954475
175201,3238140,sealed,0.6606241267336579,0.6606133419319753,1.0000163254372838
175201,3238198,sealed,0.8049620139030149,0.8049359437047027,1.0000323879167232
175201,3258130,sealed,0.21390197473782352,0.4079285135510284,0.5243614202787671
175201,3258162,sealed,0.38057386955058736,0.3805664408131418,1.0000195202115818
175201,3258165,sealed,0.3011981116648451,0.301233380299453,0.9998829192350036
175201,3258167,sealed,0.15733150623234218,0.1573402328593375,0.9999445365826863
175201,3258301,sealed,0.49251586089425947,0.4924907360814599,1.0000510158079308
175201,3258304,sealed,0.03637676584094761,0.516418972112465,0.07044041331817207
175201,3258305,sealed,0.4180963277262844,0.4181437179316506,0.9998866652700162
175201,3265111,sealed,0.5337765671668492,0.5608946031256137,0.9516521717134594
175201,3265117,sealed,0.5096907892423578,0.5096608705501016,1.0000587031376844
175201,3283222,sealed,1.2165166427600078,1.2165855050158425,0.999943397109738
175201,3283264,sealed,0.3692747984957211,0.3691804431921253,1.0002555804494409
175201,3283265,sealed,0.1741727878036298,0.1741460088464537,1.0001537730169843
175201,3283266,sealed,0.1970323516373219,0.1970676050241421,0.9998211101879688
175201,3283267,sealed,0.1534185391019211,0.1534099334540622,1.000056095766846
175201,3283269,sealed,0.17130007624001348,0.1712525051375962,1.0002777833958052
175201,3283271,sealed,0.1629933558463497,0.1630451883498329,0.9996820973129732
175201,3283496,sealed,0.5009155604760136,0.5008953627971497,1.000040323150031
175201,3283497,sealed,0.3969990488419342,0.3970169128739231,0.999955004355206
175201,3314409,sealed,0.0901990929569136,0.0902134254591674,0.9998411267260848
175201,3314410,sealed,0.0889876711634782,0.0889343682266618,1.0005993513855131
175201,3314412,sealed,0.09667792925443368,0.0966557176175123,1.000229801583071
175201,3314415,sealed,0.08474003142829939,0.084792668903739,0.9993792213864695
175201,3314416,sealed,0.048386440732961666,0.0484668827495841,0.9983402684047568
175201,3314889,sealed,0.09387382710005931,0.0938615957612594,1.0001303124957628
175201,3314890,sealed,0.3079138965149305,0.3079605663754837,0.9998484550762377
175201,3314891,sealed,0.1404944522085449,0.1404615622858656,1.0002341560363137
175201,3314892,sealed,0.13948845626994835,0.1394682447889965,1.0001449181566917
175201,6063584,sealed,1.5198624565754548,4.981758813890816,0.30508551564912534
175201,6063750,sealed,0.592331853896675,0.9492933201436664,0.6239713704158703
175201,6063751,sealed,1.1397369731926126,1.1398095928157077,0.9999362879347982
175201,6063753,sealed,0.11345635015517655,0.7776529045399333,0.14589587397258985
175201,6064039,sealed,0.571562279164431,0.5714822925141365,1.0001399634797827
175201,6064040,metalled,0.3904595406387092,0.3904291713262687,1.0000777844348498
175201,6064273,sealed,0.36170406139974204,0.3616228939647927,1.0002244532531097
175201,6064291,sealed,0.040808905341482474,0.0658779146979023,0.6194626154853369
175201,6064562,sealed,0.3336382890125201,0.3339434713064602,0.9990861258860784
175201,6064584,sealed,0.04622068886797106,0.0767013549266864,0.6026058980594315
175201,6064585,sealed,0.04082620360749085,0.0840436836596147,0.4857736099816976
175201,7741010,sealed,2.649104654032387,6.009309461130484,0.44083345535246105
175201,7741071,sealed,3.6863324489512044,3.6862649650734656,1.0000183068440218
175201,7741582,sealed,0.20607821195609982,0.5825017234760156,0.35378129136914915
175201,7742023,sealed,0.47505423559759913,0.4750292009794738,1.0000527012193643
175201,7742024,sealed,1.0049686065373309,1.0049869611427542,0.9999817364740708
175201,7742025,sealed,0.5966173047000252,1.0146527600881077,0.58800146036977
175201,7742026,sealed,0.05019150765330352,0.4722367271705212,0.10628463388274274
175201,7742027,sealed,0.2569135468695492,0.2569614195212821,0.9998136971230075
175201,7742040,sealed,0.43200955114536627,0.431914835833571,1.0002192916379278
175201,7742396,sealed,0.0006820537626559448,0.3872485531262858,0.001761281629459103
175201,7742398,sealed,0.1846005827383873,0.1845625146885534,1.0002062610053735
175201,7742420,sealed,0.25232866956430744,0.2523527806238158,0.9999044549481534
175201,7742421,sealed,0.27003597139245605,0.2701137920875369,0.9997118966251985
175201,7742422,sealed,0.18249215858662146,0.1824976044386272,0.9999701593233374
175201,7742423,sealed,0.18092151752044375,0.1809863530857662,0.9996417654468582
175201,7742424,metalled,0.2783474453650912,0.2782456948513748,1.0003656858510273
175201,7742812,sealed,0.48224876940047956,0.4822245863849339,1.0000501488647167
175201,7742863,sealed,0.1408496016121947,0.1407855361604871,1.0004550570566748
175201,7742864,sealed,0.13569522811925547,0.1357270134255584,0.999765814442529
175201,8325217,sealed,0.5723119012608623,1.662886190116525,0.34416781176152417
175201,8325551,sealed,0.8210633261132502,1.1241173080609017,0.7304071561086284
175201,8325552,sealed,0.1361840691620253,1.0897559781047912,0.12496748987682985
175201,8326472,sealed,0.4501768463958138,0.4512110662169092,0.9977079023576114
175201,8326474,sealed,0.29192384808284066,0.2924760174091065,0.9981120868262731
175201,8328182,sealed,0.3789705816582316,0.3789703670689395,1.0000005662429328
175201,8328183,sealed,0.3082528876872625,0.3082177334797734,1.0001140564077615
175201,8328184,sealed,0.2713481411120536,0.2713387184253654,1.0000347266573044
175201,8328186,sealed,0.2255459190907626,0.2261203748498826,0.9974595135024813
175201,8328187,sealed,0.3263589241008876,0.3263240356303308,1.0001069135789813
175301,3258191,sealed,0.11222958803529572,0.4565278198149569,0.24583296606280294
175301,3314496,sealed,0.0986626798639023,0.0986501270492139,1.0001272458035673
175301,3314498,sealed,0.08516050223689264,0.0851876846276903,0.9996809117313558
175301,3314499,sealed,0.10777605243917567,0.1078139235993144,0.9996487359065098
175301,3314500,sealed,0.6384031172133787,0.6383433703024407,1.0000935968222082
175301,3314501,sealed,0.10462094689960398,0.1051542963275231,0.9949279349817729
175301,3314585,sealed,0.061062827011267196,0.0610569970318118,1.0000954842153857
175301,3314587,sealed,0.00023725977877962472,0.0859807039131323,0.0027594537841808334
175301,3314589,sealed,0.08516474734288884,0.0852548966391968,0.9989425909846624
175301,3314590,sealed,0.037483007486906486,0.0374625805730341,1.0005452617934998
175301,6064274,sealed,0.5316793422256896,0.5316034822150566,1.0001427003644086
175301,6064542,sealed,0.3706095394492487,0.3706400490035572,0.9999176841402042
175301,6064543,sealed,0.1069669696163622,0.1069217857335445,1.0004225881798336
175301,6064544,sealed,0.17428892397741597,0.1743542485240609,0.9996253343569319
175301,6064590,sealed,0.10031619508561038,0.1002844468156557,1.0003165821915838
175301,6082180,sealed,3.875795305527267e-06,0.1674259454297016,2.3149311151147875e-05
175301,7741072,sealed,1.1498257658758135,2.2041224384578606,0.521670550516378
175301,7741073,sealed,0.9292494452065085,2.1175341147303635,0.43883564318624196
175301,7741583,sealed,0.7598212545975219,0.9164368776836695,0.8291037529153128
175301,7741584,sealed,0.10568858825378989,0.5112105211997563,0.20674180962815497
175301,7742041,sealed,0.29225694301103305,0.2923266572285947,0.9997615194651677
175301,7742043,sealed,0.5580791439296995,0.558104475298248,0.9999546117802854
175301,7742044,sealed,0.5899156292872106,0.5898822131413907,1.0000566488445923
175301,7742400,sealed,0.17953693879735513,0.1794955557405132,1.0002305519859318
175301,7742402,sealed,0.2560353198492838,0.2559349498932926,1.000392169791711
175301,7742427,sealed,0.24089959061493432,0.2408957031314168,1.0000161376208334
175301,7742813,sealed,0.1026573672941631,0.1027674727822017,0.9989285959354868
175301,7742834,sealed,0.08493398960215048,0.0859759967778467,0.9878802547833361
175301,7742835,sealed,0.03956063660661572,0.039487227571975,1.0018590577043403
175301,7742836,sealed,0.056685127583783364,0.0567251071415828,0.999295205248363
175301,7742865,sealed,0.1090830690189839,0.1104399586566489,0.9877137799201511
175301,7742866,sealed,0.10180544879384387,0.1018004874439561,1.0000487360130814
175301,7742867,sealed,0.08500939311378058,0.0850047360261108,1.0000547862141276
175301,7742868,sealed,0.06938119045900647,0.0693559437051328,1.0003640171631287
175301,7742869,sealed,0.0787968745726846,0.0788241632859059,0.9996538026909043
175301,7742870,sealed,0.18516517736634852,0.1850612542298134,1.0005615607489944
175301,7742871,sealed,0.2222987061058137,0.2223124238457175,0.9999382952168552
175301,7742872,sealed,0.08130837429328758,0.0813495951389239,0.9994932876363315
175301,8324992,sealed,0.064152624893776,12.152923828724996,0.005278781122789813
175301,8325085,sealed,0.04833290467208175,2.2453781609934373,0.02152550760122184
175301,8328190,sealed,0.2705059408337553,0.2704404821971462,1.0002420445196565
175301,8329763,sealed,0.08712596123331304,0.0871647516454216,0.9995549759349243
175301,8329764,sealed,0.04309441225874926,0.0430644350344876,1.0006961016494853
175301,8329765,sealed,0.060265250972749596,0.0602646859753984,1.000009375264171
175301,8329766,sealed,0.054155754278942404,0.0541782842794423,0.9995841507201725
175301,8329767,sealed,0.06997644349733491,0.0700050009946749,0.9995920648963043
175301,8329768,sealed,0.04297005566785607,0.0430063579795674,0.9991558850035945
175301,8329769,sealed,0.04596612541935968,0.0459895373840412,0.9994909284586619
175302,3234622,sealed,0.2851469230359962,0.7257448849455491,0.3929024219817823
175302,3258192,sealed,0.28144922037661435,0.5988607698004463,0.46997438230993066
175302,3283338,sealed,0.2028934779695031,0.2029097225082036,0.9999199420387564
175302,3283507,sealed,0.1366483574813109,0.1365889052876974,1.000435263709657
175302,3314483,sealed,0.12699600087069102,0.1269565086343909,1.000311069016665
175302,3314484,sealed,0.11168968494747361,0.1117083002501055,0.9998333579278333
175302,3314502,sealed,0.10840330229401944,0.1083728681021457,1.0002808285173836
175302,3314503,sealed,0.13032396309926575,0.1302700854104073,1.0004135845055195
175302,3314504,sealed,0.19619758382296873,0.1962368089636889,0.9998001132360065
175302,3314505,sealed,0.1297535198486623,0.1296649714646441,1.0006829013496705
175302,3314506,sealed,0.19843143577385003,0.1984548382775923,0.9998820764263275
175302,3314508,sealed,0.16047888808984162,0.1604936730139406,0.9999078784613665
175302,3314897,sealed,0.1765204803685862,0.1765089727653118,1.0000651955710473
175302,3314898,sealed,0.08739895744226754,0.0874029091016493,0.9999547880108067
175302,3314902,sealed,0.048961677754203736,0.0490011180702967,0.999195113955637
175302,3314903,sealed,0.06943879098384527,0.0693970782089625,1.0006010739350895
175302,6064042,sealed,0.0017664407389172705,0.8585967012722837,0.002057357938016449
175302,6064320,sealed,0.27193140847806213,0.2718856197553277,1.000168411712159
175302,6064545,sealed,0.24882054703890344,0.2488304163908659,0.9999603370355377
175302,6064546,sealed,0.100535641715816,0.1005020609039829,1.0003341305793239
175302,6064547,sealed,0.16198515748596695,0.1620739683357118,0.999452035075979
175302,6064591,sealed,0.03309295886913566,0.0664452102040507,0.49804882500195946
175302,6064592,sealed,0.028460125988724844,0.0656743098084776,0.4333524946317906
175302,6064593,sealed,0.10411926204437762,0.1041379908765131,0.9998201537020462
175302,6064594,sealed,0.04335103098681219,0.0433836933959888,0.9992471270512062
175302,6082141,sealed,0.21937338596522996,0.2194251838856012,0.9997639381248132
175302,6082180,sealed,0.16748025192802674,0.1674259454297016,1.0003243613060435
175302,6082181,sealed,0.40232600158645404,0.4022675564577485,1.0001452891931435
175302,6082182,sealed,0.16775709720344134,0.1676617850135909,1.0005684789163058
175302,6082272,sealed,0.36115686834915095,0.3611488774232955,1.000022126403694
175302,7741072,sealed,0.8682211868504457,2.2041224384578606,0.39390787539820454
175302,7741073,sealed,1.1787346166650639,2.1175341147303635,0.5566543690915497
175302,7741074,sealed,0.520324736333083,1.9113563691406996,0.2722280076776099
175302,7741583,sealed,0.15655439386495804,0.9164368776836695,0.17082943482223834
175302,7741584,sealed,0.40542487725370396,0.5112105211997563,0.7930683357263759
175302,7742028,sealed,0.001492526806416979,0.4326214785740946,0.003449960023566781
175302,7742045,sealed,0.3770541887007891,0.3794267222424574,0.9937470573299468
175302,7742046,sealed,0.38033304532652384,0.3802315749511593,1.000266864674186
175302,7742402,sealed,4.870948874152223e-05,0.2559349498932926,0.00019031980103471904
175302,7742403,sealed,0.27628034937979573,0.2762545199756826,1.0000934985755723
175302,7742426,sealed,0.3269318368642355,0.3269454347767647,0.9999584092295447
175302,7742834,sealed,0.0010311658788816663,0.0859759967778467,0.011993648431271984
175302,7742839,sealed,0.09248172010093324,0.0924403608301101,1.000447415722437
175302,7742840,sealed,0.058012893066227145,0.0579909363579967,1.0003786231023224
175302,7742873,sealed,0.13590359945935734,0.1358886529994733,1.0001099904926138
175302,7742874,sealed,0.04117489008783477,0.041122245538651,1.0012801963631652
175302,7742875,sealed,0.20390598822015588,0.2039595293132239,0.9997374915835102
175302,7742876,sealed,0.18574956875918552,0.1857369101694906,1.0000681533341078
175302,8325085,sealed,0.24842674308717738,2.2453781609934373,0.11063915531148852
175302,8326475,sealed,0.6567097786308975,0.6567248534360052,0.9999770454779825
175302,8329723,sealed,0.05856904365007891,0.0585122470483725,1.0009706788676132
175302,8329724,sealed,0.09972868287594698,0.0997276075759811,1.0000107823700177
175302,8329770,sealed,0.07472610874694827,0.0746745381991199,1.000690604174757
175401,3200522,sealed,0.8364408486125359,1.7316486826946764,0.4830314930340964
175401,3206997,sealed,2.250911781972458,4.174167516833379,0.5392480711171965
175401,3206998,sealed,1.0842290484632258,2.492791277074569,0.43494578083393715
175401,3218960,sealed,0.836493780914212,2.708840942947871,0.3088013650605508
175401,3218966,sealed,1.540928382278435,1.5408523858235126,1.0000493210482857
175401,3238130,sealed,0.753383185745273,1.4097574114116604,0.5344062600038916
175401,3238131,sealed,0.7075021414113404,0.7075549754868472,0.9999253286637262
175401,3258122,sealed,0.0012100045668662332,0.624466550381849,0.0019376611383369363
175401,3283214,sealed,0.2927779121819044,0.2942972223579309,0.9948374973985359
175401,3283263,sealed,0.1909501863606568,0.1909460807492257,1.0000215014176514
175401,3314322,sealed,0.0010473878531577563,0.0633817246385385,0.01652507657579429
175401,3314327,sealed,0.001556018104549538,0.0942584814564837,0.016507990373979285
175401,6064038,unmetalled,0.003670012853153486,0.3772636363682947,0.009727979320993245
175401,6064250,unmetalled,0.0002649412504447075,0.3546350200966099,0.0007470814652555521
175401,6064559,sealed,0.0007154164367939838,0.1412681696225962,0.005064243691308867
175401,6064581,sealed,0.12190610239148214,0.1547246961185376,0.787890397910929
175401,6082139,sealed,0.54809618160731,0.5480696222282682,1.0000484598634274
175401,6082176,sealed,0.3150187517949244,0.3150085480800804,1.0000323918665261
175401,6082177,sealed,0.12179860049496019,0.12178939678625,1.0000755706896747
175401,7741010,sealed,0.10080555927309615,6.009309461130484,0.016774899000480563
175401,7741070,sealed,1.2188733285923166,3.4660647273509038,0.351659136361223
175401,7742019,sealed,0.4371078269033477,0.4370037842565833,1.0002380817981733
175401,7742021,sealed,0.5804785411201674,0.5805020936663776,0.9999594272846434
175401,7742022,sealed,0.3459051825642565,0.3458750661403637,1.0000870731279619
175401,7742025,sealed,0.4076099161028138,1.0146527600881077,0.4017235571974582
175401,7742391,sealed,0.2897510983535647,0.2897331556726581,1.0000619282969703
175401,7742392,sealed,0.27161214881131646,0.271639866696852,0.9998979609073124
175401,7742393,sealed,0.2131562014169325,0.2131735452246026,0.9999186399623282
175401,7742394,sealed,0.19146220804347341,0.1914658419138249,0.9999810207903657
175401,7742395,sealed,0.2811043351462813,0.2811691252960015,0.9997695687616768
175401,7742808,sealed,0.14714125443816437,0.1472080845386757,0.9995460160987708
175401,7742809,sealed,0.09864982638149465,0.0986631043604972,0.9998654210295873
175401,7742810,sealed,0.14814155993935846,0.1481743576350601,0.9997786547131021
175401,7742811,sealed,0.16055370213035294,0.1605731138616355,0.9998791097038867
175401,8325217,sealed,1.0905592960821944,1.662886190116525,0.6558231721232676
175401,8325552,sealed,0.3199485100494837,1.0897559781047912,0.29359647157514135
175401,8326470,sealed,0.44100573615987565,0.4409685462149414,1.000084336956124
175401,8328179,unmetalled,0.31662643882510944,0.318239597770257,0.9949309923829399
175401,8328180,sealed,0.18245521030782397,0.1823780094391703,1.0004233014105761
175401,8328181,sealed,0.24435351165530989,0.244305116938213,1.00019809129544
175401,8329693,sealed,0.08207759918459713,0.0838649748643169,0.9786874594237758
175401,8329708,sealed,0.0017395238036215916,0.099742220142501,0.017440195346928776
175401,8329709,metalled,0.11110090568090615,0.1111061278185887,0.9999529986528639
175401,8329710,sealed,0.157877632519051,0.1579358171165568,0.9996315933993435
175401,8329711,sealed,0.03568131845833842,0.0355993682187368,1.0023020138755858
175501,3234622,sealed,0.1774898915755215,0.7257448849455491,0.2445623734417889
175501,3258184,sealed,0.0003155592086372747,0.2045528308354158,0.0015426782770421553
175501,3258191,sealed,0.344269510519284,0.4565278198149569,0.7541041215381481
175501,3283270,sealed,0.20310355969092062,0.2030303696341126,1.0003604882212445
175501,3283273,sealed,0.3401139346686385,0.3400759128529406,1.0001118039068952
175501,3283282,sealed,0.2401951910025179,0.2401894594534857,1.0000238626168079
175501,3283283,sealed,0.21472086079785807,0.2147239059297789,0.9999858183842751
175501,3283297,sealed,0.15737501613232932,0.4534956031302279,0.3470265533911622
175501,3283302,sealed,0.22555271271976282,0.2254905319245978,1.0002757578982775
175501,3283323,sealed,0.24453023514361186,0.2444720798252306,1.0002378812272668
175501,3283330,sealed,0.3298355830636653,0.3298327417514467,1.0000086144031775
175501,3283337,sealed,0.12750749401751063,0.1275163574768273,0.9999304915895337
175501,3283338,sealed,3.9945267960708e-05,0.2029097225082036,0.00019686226695762705
175501,3314418,sealed,0.16951947498942943,0.1695529701234604,0.9998024503256617
175501,3314419,sealed,0.18062407635513744,0.1806379098869042,0.9999234184464633
175501,3314420,sealed,0.15905888878533914,0.1591069500529721,0.9996979310607301
175501,3314421,sealed,0.1320052971554524,0.1320433790619203,0.9997115954867375
175501,3314433,sealed,0.21904471451249097,0.2189687365581383,1.0003469808318162
175501,3314452,sealed,0.0882260044542116,0.0881422872079941,1.0009497966171441
175501,3314453,sealed,0.1375707057164807,0.1376036440357685,0.9997606290188126
175501,3314454,sealed,0.10350882878135102,0.103571854882131,0.9993914746351535
175501,3314455,sealed,0.1113223238812661,0.1113306958107669,0.9999248012469532
175501,3314456,sealed,0.18872206367464245,0.1887363783670803,0.9999241550963217
175501,3314457,sealed,0.15774807122582138,0.1577710529773006,0.9998543348032131
175501,3314458,sealed,0.0824282816133649,0.0824772367757854,0.9994064403181501
175501,3314459,sealed,0.18291784041154205,0.1828777922800523,1.000218988489474
175501,3314479,sealed,0.058153910657775844,0.3581427342064651,0.16237635194980893
175501,3314481,sealed,0.09267447164386695,0.0926971273294863,0.9997555945230231
175501,3314482,sealed,0.14347117101370968,0.1435237381483591,0.9996337390920305
175501,3314497,sealed,0.08976868936657928,0.0897986889165974,0.9996659244095871
175501,3314501,sealed,0.000557889151539934,0.1051542963275231,0.005305433739029378
175501,3314523,sealed,0.04849066395720553,0.0485026537439393,0.9997528014282051
175501,3314525,sealed,0.07850028823257756,0.0785025673627428,0.9999709674442274
175501,3314526,sealed,0.04009124942064038,0.0400797603772111,1.0002866544939677
175501,3314527,sealed,0.07929017903932903,0.0793193937230914,0.9996316829669127
175501,3314559,sealed,0.07263453806210404,0.0726610164947724,0.9996355895644501
175501,3314560,sealed,0.20383076433362343,0.2038433398238644,0.9999383080641642
175501,3314561,sealed,0.08424511361534935,0.084223591013331,1.0002555412534588
175501,3314586,sealed,0.028745719674113764,0.028797266220475,0.9982100194523122
175501,3314587,sealed,0.08571997108915266,0.0859807039131323,0.9969675425750986
175501,3314591,sealed,0.05667444423807316,0.056699442970118,0.999559100923478
175501,6063752,sealed,1.4828513637654346,1.4829452297431904,0.9999367030043502
175501,6064042,sealed,0.8568057385130433,0.8585967012722837,0.9979140814813445
175501,6064318,sealed,0.171030385167281,0.1710136426514227,1.0000979016387157
175501,6064541,sealed,0.14188071637845928,0.1418260514868347,1.000385436180811
175501,6064587,sealed,0.09322711161344138,0.0932708493837238,0.9995310670957602
175501,7741072,sealed,0.18594495505437114,2.2041224384578606,0.08436235293011655
175501,7741583,sealed,6.166439953154658e-06,0.9164368776836695,6.7287121495378706e-06
175501,7742028,sealed,0.4312104742926699,0.4326214785740946,0.9967384784359867
175501,7742814,sealed,0.1925933235401065,0.1925706092814713,1.0001179528834643
175501,7742816,sealed,0.06026543638851436,0.0602386360677265,1.0004449025166793
175501,7742817,sealed,0.12921791202199132,0.1292743333930264,0.9995635531852749
175501,7742829,sealed,0.0683467306568211,0.068322836897769,1.0003497184856047
175501,7742830,sealed,0.1284936528227195,0.1284678698608944,1.0002006957992922
175501,7742831,sealed,0.0961495141935222,0.0961004246695245,1.000510814849846
175501,7742833,sealed,0.05296769909693759,0.052891727088079,1.0014363684651868
175501,7742837,sealed,0.07186096807440018,0.0718300970984002,1.0004297777289328
175501,7742838,sealed,0.060454347324824735,0.0604749682191443,0.9996590176906777
175501,8324992,sealed,2.225738991542481,12.152923828724996,0.1831443217213014
175501,8328188,sealed,0.17874701172025928,0.1786807359702678,1.0003709171536126
175501,8328189,sealed,0.38095175027162975,0.3810087874436485,0.9998502995891474
175501,8329717,sealed,0.15610811345094072,0.1560739890886945,1.0002186422122321
175501,8329718,sealed,0.07827391724604982,0.0782726597862423,1.000016065121729
175501,8329719,sealed,0.10896788542502071,0.1090050892547682,0.9996586963966376
175501,8329720,sealed,0.09593794626698443,0.0959196769944819,1.000190464282981
175501,8329721,sealed,0.07503777740553111,0.0750319432842827,1.0000777551665736
175501,8329722,sealed,0.10509987940040572,0.1050611500717354,1.0003686360623683
175601,3238202,sealed,0.9681674586721224,0.9682110891307792,0.9999549370388889
175601,3258193,sealed,3.974781853954418e-05,0.6372676020376434,6.237225682343141e-05
175601,3258311,sealed,0.5228552351076621,0.5229767099822739,0.999767724121757
175601,3283325,sealed,0.2837394561783652,0.2837576785959754,0.9999357817638616
175601,3283327,sealed,0.2217186540693924,0.2216944999187304,1.000108952412761
175601,3283505,metalled,0.0027253774884014614,0.2135017693499364,0.012765128348582809
175601,3314514,sealed,0.10720091314394252,0.1071841901322021,1.000156021253879
175601,3314515,sealed,0.09469305918532597,0.095447860229649,0.9920920066462782
175601,3314516,sealed,0.13046865439889843,0.1304238274244337,1.0003437023383683
175601,3314899,sealed,0.1500384579422037,0.1499711446451398,1.0004488416569945
175601,3314900,sealed,0.13982223275537006,0.1398427872822318,0.999853016896608
175601,6063644,sealed,0.4970522746441319,1.4950304628341822,0.3324696633283661
175601,6064045,sealed,0.48262395178299483,0.4826433911329989,0.9999597231613211
175601,6064591,sealed,0.014062708441984232,0.0664452102040507,0.2116436745221844
175601,6064592,sealed,0.03716314046976441,0.0656743098084776,0.565870285932829
175601,6064595,sealed,0.06520358520777116,0.0652329315648927,0.9995501297210238
175601,7741012,sealed,1.9787086655677428,7.757397861850562,0.25507376323943154
175601,7741074,sealed,0.13721194643141366,1.9113563691406996,0.07178773600084891
175601,7741215,sealed,1.209298595491686,1.2180499076773388,0.9928153090193649
175601,7741585,sealed,0.8706322006323715,0.8706743502102579,0.9999515897328591
175601,7742428,sealed,0.3373452902157827,0.3373589313845414,0.9999595648210564
175601,7742877,sealed,0.14985972319268556,0.1498824981469724,0.9998480479404306
175601,7742878,sealed,0.11801678465457865,0.1179791981461526,1.000318585894943
175601,7742879,sealed,0.40612040561445234,0.4061462740236631,0.9999363076535099
175601,7742880,sealed,0.17552969398223253,0.1754534456816014,1.0004345785307032
175601,7742881,sealed,0.11560634743203892,0.1156416224168909,0.9996949629025023
175601,8324993,sealed,2.0934438400295803,19.575358367852445,0.1069428104809325
175601,8325555,sealed,0.002066539522943712,1.1154146520431436,0.0018527096799009766
175601,8325562,sealed,1.1689532844451487,1.344465364260312,0.8694558562230235
175601,8326496,sealed,0.34975203705560726,0.3497691031161201,0.9999512076385227
175601,8328191,sealed,0.14353838965962107,0.1435856394830568,0.9996709293240895
175601,8328192,sealed,0.16345586018337316,0.1635286986576676,0.9995545829270805
175601,8328226,sealed,0.13901014073257034,0.1390902800758738,0.999423832181086
175601,8328227,sealed,0.1722229880638383,0.172238556212057,0.9999096128732086
175601,8328228,sealed,0.20347497197775274,0.203500672950767,0.9998737057099538
175601,8328229,sealed,0.27839586350370926,0.2784160234492179,0.9999275905701874
175601,8329725,sealed,0.07698848976475864,0.0769417216554616,1.0006078380921402
175601,8329771,sealed,0.11355408429391134,0.1135096761431135,1.000391227887408
175601,8329772,sealed,0.09323007245801454,0.0932518300129787,0.9997666795926565
175601,8329773,sealed,0.12158280360864553,0.1215157050773678,1.0005521799115185
175601,8329774,sealed,0.2128929542388532,0.2129027006187731,0.999954221435935
175601,8329775,sealed,0.1287826822942972,0.1288047766972333,0.9998284659660718
175601,8418454,sealed,0.7190714282449671,0.7190004595698142,1.0000987046311423
175700,3217439,sealed,0.0005751029932401981,1.744386700205938,0.0003296877883626967
175700,3218970,sealed,1.6579077810105851,3.754396626926352,0.441591005361594
175700,3234616,sealed,0.8122745842671802,0.8123426257234505,0.999916240445699
175700,3234617,sealed,0.6566358864260128,1.005984206427585,0.6527298164628593
175700,3234619,sealed,0.0012876489683134435,0.7248663998818559,0.001776394889490414
175700,3258161,sealed,0.515672015371027,0.5156640134108142,1.000015517779028
175700,3258166,sealed,0.23216555051339668,0.2321757096755774,0.9999562436475593
175700,3258173,sealed,0.8995718798713479,0.8995753148710725,0.9999961815318098
175700,3258174,sealed,0.30462223152443096,0.3046276183579915,0.999982316660618
175700,3258175,sealed,0.42729685488973373,0.4273249553938871,0.9999342409007509
175700,3258177,sealed,0.48175678683187473,0.4818141611821412,0.9998809201661368
175700,3258179,sealed,0.0005021065676747981,0.7848804304912081,0.0006397236421865692
175700,3258180,sealed,0.0008517796608352114,0.6025462580679164,0.001413633641285019
175700,3283268,sealed,0.5423393815210553,0.5424172590111721,0.9998564251250803
175700,3283279,sealed,0.1691618055018809,0.1691784614163037,0.9999015482568918
175700,3283280,sealed,0.19272583014672137,0.1927163713657029,1.0000490813569778
175700,3283328,sealed,0.14718579470050377,0.1471861808321683,0.9999973765766437
175700,3314413,sealed,0.10055350430590983,0.1005062548767739,1.0004701143147146
175700,3314414,sealed,0.10276488891274575,0.1027531181395689,1.0001145539268295
175700,3314417,sealed,0.19456589460063237,0.1945577067050908,1.000042084663107
175700,3314446,sealed,0.14417733426411855,0.1442119314939687,0.9997600945393926
175700,3314448,sealed,0.0955624916162366,0.0955674403732867,0.9999482171225811
175700,3314449,sealed,0.10597270816701806,0.1059398406780888,1.0003102467279439
175700,3314450,sealed,0.13983945348390014,0.1398010115705154,1.000274975931525
175700,3314517,sealed,0.05889557865517826,0.0589050718914327,0.9998388383894695
175700,3314520,sealed,0.0012730950975940146,0.0570124929896974,0.022330107505105466
175700,3314521,sealed,0.07147783762667631,0.0715054878582096,0.9996133131545356
175700,6064317,sealed,0.19814353247435443,0.1981404884181177,1.0000153631206878
175801,3234621,sealed,1.6962329476079154,1.69623274739159,1.0000001180358804
175801,3234622,sealed,0.2630803500837784,0.7257448849455491,0.36249700899168813
175801,3234623,sealed,1.1290665431941105,1.1290093936720071,1.0000506191732537
175801,3234625,sealed,0.04892356267055649,0.6459954897537196,0.07573359790671014
175801,3258181,sealed,0.3777912166435047,0.3831217368711384,0.9860866149982334
175801,3258182,sealed,0.4125858574467635,0.5846129049365443,0.7057419601292361
175801,3258183,sealed,0.5488938810844023,0.5488539485686911,1.0000727561782425
175801,3258184,sealed,0.20416360295753588,0.2045528308354158,0.9980971767719358
175801,3258185,sealed,0.571826182929522,0.5717072228454678,1.0002080786796117
175801,3258186,sealed,0.35232648076105,0.3548054731081376,0.9930130943996682
175801,3258189,sealed,0.6367906529691032,0.6368538623296874,0.9999007474644921
175801,3258192,sealed,0.31743334941647305,0.5988607698004463,0.5300620201290676
175801,3283275,sealed,0.2733225366893066,0.2732915336254123,1.000113443191902
175801,3283291,sealed,0.26669021265406095,0.2666785313987959,1.0000438027583392
175801,3283297,sealed,0.29607631529614675,0.4534956031302279,0.6528758233872537
175801,3283298,sealed,0.29723821956997876,0.2972240884423617,1.000047543682247
175801,3283299,sealed,0.2512185763580679,0.2511944551084016,1.0000960262027117
175801,3283301,sealed,0.20571483342845703,0.205687093511273,1.0001348646466361
175801,3283304,sealed,0.26439631671735914,0.2644454418822983,0.9998142332702372
175801,3283305,sealed,0.21412338769021705,0.2140921679159063,1.0001458239907357
175801,3283307,sealed,0.2134197526491828,0.2133720962313082,1.0002233488760544
175801,3283308,sealed,0.9079636827438848,0.9080732474189132,0.9998793437915502
175801,3283309,sealed,0.23065039648068733,0.2305438403545177,1.0004621946351104
175801,3283324,sealed,0.1131634563016512,0.1131126537227906,1.0004491325876335
175801,3283333,sealed,0.1895593972070402,0.189493642674788,1.0003470012572668
175801,3283334,sealed,0.18221150328834138,0.1821969321522233,1.000079974651307
175801,3283336,sealed,0.16679271205115961,0.1667522402428563,1.0002427062343773
175801,3283340,sealed,0.2568738631552491,0.2568747228500985,0.99999665325245
175801,3314428,sealed,0.11344029278511543,0.1134441939014903,0.9999656120226104
175801,3314430,sealed,0.15648268633488896,0.1564974640313872,0.9999055722941601
175801,3314431,sealed,0.21089827248930876,0.210873371402265,1.0001180854978424
175801,3314432,sealed,0.17427838007979346,0.1742152598647152,1.0003623116317553
175801,3314434,sealed,0.17907157821454076,0.1790862986608648,0.9999178024983814
175801,3314435,sealed,0.09842692721182097,0.0984728575648099,0.999533573472683
175801,3314436,sealed,0.22943434383572828,0.2294768844334581,0.9998146192465753
175801,3314440,sealed,0.17243280027416308,0.1725483938932145,0.9993300800057116
175801,3314463,sealed,0.04797080908033239,0.0478960866672975,1.001560094325742
175801,3314464,sealed,0.1482434136086258,0.1481993926157199,1.0002970389562935
175801,3314465,sealed,0.084492703304077,0.0845074450523885,0.9998255568097892
175801,3314472,sealed,0.09410575788301079,0.0941587976962027,0.9994366982747269
175801,3314473,sealed,0.19443156916063656,0.194432339828125,0.9999960363204541
175801,3314474,sealed,0.07613148215292784,0.0761132604066706,1.0002394030443562
175801,3314475,sealed,0.09428872606030617,0.0943007540659749,0.9998724505886737
175801,3314476,sealed,0.07444578327808796,0.0744660570331859,0.9997277450169154
175801,3314477,sealed,0.08749056177601622,0.0875260219338018,0.9995948615394357
175801,3314478,sealed,0.09250985416581038,0.0924333833783483,1.0008273070255262
175801,3314479,sealed,0.2999083130840155,0.3581427342064651,0.8373988481115517
175801,3314485,sealed,0.0850490216465526,0.0850630630917272,0.9998349289966262
175801,3314486,sealed,0.08756838589308566,0.0876189324674435,0.9994231089910093
175801,3314530,metalled,0.04922611610585785,0.0492812070713984,0.9988821100615345
175801,3314531,sealed,0.04867068068998795,0.0486946963143221,0.9995068123193719
175801,3314532,sealed,0.036864178113582786,0.0368208826260579,1.0011758405675546
175801,3314535,sealed,0.029726591753300696,0.0297258499711032,1.0000249541122699
175801,3314536,sealed,0.0830386052664031,0.0830659880810485,0.9996703486555931
175801,3314537,sealed,0.03715268913503556,0.0371187493334829,1.0009143573574566
175801,3314538,sealed,0.10962536727634595,0.1096616553303023,0.9996690907697221
175801,3314542,sealed,0.03485363603988289,0.1393040294015989,0.2501983337424039
175801,3314547,sealed,0.04664252903081201,0.0466711364749717,0.9993870420495323
175801,3314548,sealed,0.0668960361122382,0.0668806816020793,1.0002295806470731
175801,3314549,sealed,0.04383641642628878,0.0437924941841588,1.0010029627895884
175801,3314550,sealed,0.045825709203623714,0.0458420260239737,0.9996440641532411
175801,3314551,sealed,0.09095478903672902,0.0909459300897776,1.0000974089433434
175801,3314552,sealed,0.04306284821729671,0.0430942123932228,0.9992721951699708
175801,3314553,sealed,0.06007529902211716,0.0600417546603783,1.0005586839013716
175801,3314554,sealed,0.06872113540941198,0.0686893814976103,1.0004622826863392
175801,3314555,sealed,0.08182366188184671,0.0818044355769014,1.0002350276584604
175801,3314556,sealed,0.08049505907352186,0.0805166766468007,0.9997315143374127
175801,3314557,sealed,0.05247468231097459,0.0524880396571894,0.9997455163823596
175801,3314558,sealed,0.06544642059493386,0.0655077666868531,0.9990635294863204
175801,3314562,sealed,0.09670476688025453,0.0966486797669846,1.000580319497433
175801,3314563,sealed,0.060337924236369786,0.0603154107914975,1.0003732619006793
175801,3314565,sealed,0.1103065733731513,0.110233683875228,1.0006612270892246
175801,3314571,sealed,0.05325916685851695,0.1294805747385379,0.41132939798934315
175801,6063643,sealed,0.13933462013422102,2.0627814703634475,0.06754696129283692
175801,7742399,sealed,0.18886150011559616,0.1888617053805016,0.9999989131470299
175801,7742815,sealed,0.11524530741640818,0.1151928145221583,1.000455695908357
175801,7742819,sealed,0.0425035642943794,0.0424993106634881,1.0001000870561167
175801,7742820,sealed,0.1190056560435544,0.1189472701559892,1.0004908552124705
175801,7742821,sealed,0.11345864950493302,0.1134242406254532,1.0003033644244834
175801,7742822,sealed,0.11146253211898532,0.1115026943423926,0.9996398093907584
175801,7742823,sealed,0.0807568350936315,0.0806927741457877,1.0007938870428232
175801,7742824,sealed,0.06654774094465532,0.0665865298561386,0.9994174660916092
175801,7742832,sealed,0.07110879715642428,0.0711639879395752,0.9992244562910418
175801,7742841,sealed,0.21528445010080796,0.2152503881447149,1.000158243413109
175801,8324992,sealed,0.8403621712466675,12.152923828724996,0.06914897049386284
175901,3217446,sealed,0.46195905495855455,1.2166935911765775,0.3796839716331759
175901,3234625,sealed,0.5970395997675941,0.6459954897537196,0.9242163594597395
175901,3234658,sealed,0.14445497549139968,0.6327245376526227,0.22830626425098136
175901,3238143,sealed,0.8415880452772357,0.8416095606765758,0.999974435414775
175901,3238202,sealed,5.2761741463915716e-05,0.9682110891307792,5.4494047895364504e-05
175901,3258169,sealed,0.4971219626487129,0.4971662199516388,0.9999109808728955
175901,3258170,sealed,2.0731804093559595e-05,0.5372755912800042,3.858690852522853e-05
175901,3258190,sealed,0.2981319185197774,0.2992047079674912,0.9964145301890424
175901,3258193,sealed,0.637282536143613,0.6372676020376434,1.0000234345915622
175901,3258194,sealed,0.9049170025081086,0.904934699701908,0.9999804436786376
175901,3258197,sealed,0.333079689924927,0.333075987145672,1.0000111169204562
175901,3265118,sealed,0.5278183794667867,0.6049749111650501,0.8724632538072088
175901,3283277,sealed,0.00121961680361405,0.3285024839450061,0.0037126562605177245
175901,3283315,sealed,0.269149369482647,0.2692086731126117,0.9997797112950373
175901,3283316,sealed,0.19397503201941224,0.1939854924971712,0.9999460759790626
175901,3283317,sealed,0.16724541338646687,0.1672628847665365,0.9998955453859711
175901,3283318,sealed,0.19362408476097556,0.1936390172884169,0.9999228847179126
175901,3283319,sealed,0.2507344236242321,0.2507742979488954,0.9998409951698024
175901,3283320,sealed,0.2071396156500239,0.2071151521192785,1.0001181156013699
175901,3283321,sealed,0.13309701355292328,0.1331333821288075,0.9997268260198706
175901,3283325,sealed,3.0013749757819806e-05,0.2837576785959754,0.00010577246722036547
175901,3283339,sealed,0.21399920802583625,0.2139548568689939,1.0002072921245695
175901,3283341,sealed,0.16562496529346715,0.1655968300668673,1.0001699019636336
175901,3283342,sealed,0.18873110236545443,0.1887156622142159,1.0000818170100847
175901,3283343,sealed,0.16035096629460338,0.1603480477394459,1.0000182013763101
175901,3283418,sealed,0.3483964902295558,0.3484355466983368,0.9998879090576404
175901,3314437,sealed,0.1543499665869853,0.1543374325892763,1.0000812116509827
175901,3314438,sealed,0.13117205011766872,0.1312020316442367,0.9997714858055761
175901,3314441,sealed,0.2619317521747057,0.2619381138896199,0.9999757129085961
175901,3314489,sealed,0.14255577384102583,0.1425550730416305,1.0000049159905737
175901,3314490,sealed,0.14225180378286875,0.1421947573224135,1.0004011853990222
175901,3314491,sealed,0.07984807816291925,0.0798504441076054,0.9999703703002207
175901,3314492,sealed,0.18091591723054193,0.1809638269294844,0.9997352526206182
175901,3314493,sealed,0.13224474493053312,0.1323154284859579,0.9994657950608362
175901,3314494,sealed,0.04372615235008992,0.0437767762655757,0.9988435896883164
175901,3314495,sealed,0.12916506379382345,0.1291362800947239,1.0002228939774203
175901,3314509,sealed,0.1301200139143407,0.1300523748001356,1.0005200913424999
175901,3314510,sealed,0.08399320425427885,0.0838999180338286,1.0011118749891108
175901,3314511,sealed,0.1455272568100111,0.145576149121282,0.9996641461423041
175901,3314512,sealed,0.09654742423841356,0.0965914134845162,0.9995445843008633
175901,3314571,sealed,0.03820339976782244,0.1294805747385379,0.2950512062907285
175901,3314576,sealed,0.08080591687555672,0.0808213142650053,0.9998094885045039
175901,3314577,sealed,0.04759890342758282,0.0476082176917432,0.9998043559576062
175901,3314578,sealed,0.05568762913730818,0.0557077836183962,0.9996382106811845
175901,3314579,sealed,0.05826830021006401,0.0582426744769084,1.0004399820816223
175901,3314581,sealed,0.09089075737524155,0.0908290780644935,1.000679070095859
175901,3314582,sealed,0.09004830226094619,0.0899979268681373,1.0005597394802515
175901,3314584,sealed,0.084493448673475,0.0860139581665315,0.9823225261868237
175901,3314593,sealed,0.05414066046370666,0.0541180920937217,1.0004170207986245
175901,3314594,sealed,0.0746445901847798,0.0746136871075032,1.0004141743757025
175901,3314595,sealed,0.08118677309525131,0.0811710569759447,1.0001936172804953
175901,3314596,sealed,0.039297122998937783,0.0393395102367269,0.9989225275674747
175901,3314725,sealed,0.1585357726971397,0.1585338616614588,1.0000120544321627
175901,3314773,sealed,0.00020943968305549765,0.0525344892983274,0.0039867082720868065
175901,6063644,sealed,0.4353052856961394,1.4950304628341822,0.2911681711628242
175901,6064591,sealed,0.01943378715744033,0.0664452102040507,0.29247837575891344
175901,6064595,sealed,4.452249573256632e-05,0.0652329315648927,0.0006825156353470952
175902,3234658,sealed,0.4868101557386184,0.6327245376526227,0.7693871926394074
175902,3234659,sealed,0.9187586307160697,0.9188621341813006,0.9998873569152753
175902,3258252,sealed,0.49397480552614415,0.4941523231311635,0.9996407633907405
175902,3265118,sealed,0.07714179887500824,0.6049749111650501,0.12751239340892653
175902,3265119,sealed,0.907835325699454,0.9077717583163304,1.0000700257333865
175902,3283326,sealed,0.1321556425917582,0.132207240415339,0.999609720137727
175902,3283419,sealed,0.23688824858149024,0.2368682705051844,1.0000843425599522
175902,3283420,sealed,0.30151397761817433,0.3016112986064105,0.9996773297662063
175902,3283421,sealed,0.22486804882907083,0.224856681816673,1.0000505522553564
175902,3283436,sealed,0.30023363571995254,0.3001793527428306,1.0001808351461416
175902,3283437,sealed,0.5664787738035592,0.5664756684432781,1.0000054818952588
175902,3314442,sealed,0.1404469431415056,0.140441305569656,1.000040141835956
175902,3314443,sealed,0.1163728853204651,0.1163939550441043,0.9998189792276478
175902,3314513,sealed,0.10613309675034707,0.1061172772388855,1.0001490757384017
175902,3314515,sealed,0.0007055504118320276,0.095447860229649,0.007391998208597475
175902,3314597,sealed,0.06712440482893356,0.0671966590803787,0.9989247344669516
175902,3314598,sealed,0.0549456319340774,0.0549293462374269,1.0002964844434905
175902,3314695,sealed,0.12588283403392933,0.1259214326452215,0.99969347067865
175902,3314710,sealed,0.2035670676219452,0.203637523764407,0.9996540119858102
175902,3314728,sealed,0.13845643526415166,0.1385072600643356,0.9996330531687628
175902,3314729,sealed,0.062244159001541045,0.0622082931792709,1.000576544065705
175902,3314730,sealed,0.07723470163607989,0.0771894726862423,1.000585947128068
175902,3314759,sealed,0.11344661942436747,0.1133787666298466,1.0005984612157794
175902,3314772,sealed,0.020859736114307244,0.1052737784714504,0.19814750089894678
175902,3314773,sealed,0.052287173694337524,0.0525344892983274,0.9952923192498275
175902,3314806,sealed,0.07229208076581012,0.072329658549629,0.9994804650737692
175902,6063644,sealed,0.562734226837204,1.4950304628341822,0.37640318430061204
175902,6064596,sealed,0.061562738097031146,0.0615938440415939,0.999494982898912
175902,6064597,sealed,0.0635441660398729,0.0635213371858105,1.000359388751462
175902,7741012,sealed,0.5875071783086725,7.757397861850562,0.07573508395101448
175902,7741215,sealed,0.008833305854690584,1.2180499076773388,0.007252006505656683
175902,8326482,sealed,0.3390127038489822,0.3399078182250157,0.9973665966828661
175902,8328200,sealed,0.2790295803119372,0.2789840742206583,1.0001631135806086
175902,8328201,sealed,0.1583075797165614,0.1582984522271433,1.0000576600041862
175902,8329745,sealed,0.12813533941499716,0.1281226788172198,1.0000988162118856
175902,8329746,sealed,0.14880897693652517,0.1488269469320589,0.9998792557671567
175902,8329747,sealed,0.00293782315214727,0.0542065937801165,0.05419678580182052
176000,3217439,sealed,1.4195654475740296,1.744386700205938,0.8137905702940977
176000,3218970,sealed,0.2619004075000377,3.754396626926352,0.06975832164926331
176000,3234619,sealed,0.7236666288157871,0.7248663998818559,0.998344838350537
176000,3234620,sealed,0.7200614854636352,1.592314068591127,0.45221071625696474
176000,3258176,sealed,0.35218992030158935,0.3522000356017016,0.9999712796732262
176000,3258179,sealed,0.7843777472485277,0.7848804304912081,0.9993595416280594
176000,3258180,sealed,0.6017293520965993,0.6025462580679164,0.9986442435574382
176000,3258195,sealed,0.4168085933744547,0.4168072445341448,1.0000032361249176
176000,3258196,sealed,0.35688008317085296,0.3569349693754344,0.9998462291193337
176000,3283272,sealed,0.29878609550296187,0.2987606114891465,1.0000852991085014
176000,3283281,sealed,0.20652609672923464,0.2065576241699161,0.9998473673348628
176000,3283288,sealed,0.27281276498670615,0.2727866463314729,1.0000957475579706
176000,3283289,sealed,0.2459141643867461,0.245895080226505,1.0000776109884895
176000,3283329,sealed,0.13825888087335925,0.1382938334458306,0.9997472586332995
176000,3283331,sealed,0.16413643457031693,0.1642270624484707,0.9994481550311952
176000,3283332,sealed,0.1739891713814355,0.1739215276074372,1.000388932726896
176000,3314423,sealed,0.23959901385281954,0.239644206130199,0.999811419278149
176000,3314424,sealed,0.14912581496220942,0.1492017624653606,0.9994909744905406
176000,3314425,sealed,0.13099629302246632,0.1309668376232668,1.0002249073103853
176000,3314426,sealed,0.20600704824410868,0.2059690767248307,1.0001843554376306
176000,3314427,sealed,0.14492319868919634,0.1448828870737151,1.000278235865501
176000,3314447,sealed,0.0614485922061714,0.0614417700179618,1.000111035020762
176000,3314451,sealed,0.09556785707119594,0.0955946107901487,0.9997201336065744
176000,3314460,sealed,0.16748418133545523,0.1674961059872295,0.9999288063940115
176000,3314462,sealed,0.10979767924225624,0.1097295627151107,1.000620767325232
176000,3314518,sealed,0.08186471619768959,0.0819322862873837,0.9991752934922736
176000,3314519,sealed,0.0736634613327649,0.0737168847681021,0.9992752890263165
176000,3314520,sealed,0.055757561820974834,0.0570124929896974,0.9779884880854212
176000,3314522,sealed,0.08289970116713521,0.082863185137023,1.000440678572177
176000,3314528,sealed,0.07522504828754219,0.0752373187817784,0.9998369094694641
176000,3314529,sealed,0.08091273731506096,0.0809547476628813,0.9994810638161052
176000,6063643,sealed,1.0611175262163361,2.0627814703634475,0.514411022913336
176101,3217445,sealed,0.6187473597831007,1.225098249124705,0.505059378074515
176101,3234653,sealed,1.1925199908861162,1.1924877075429354,1.0000270722649605
176101,3234659,sealed,9.246696295237088e-05,0.9188621341813006,0.00010063203119666942
176101,3238146,sealed,0.0023661087006500285,1.629188496105466,0.0014523234765689494
176101,3238147,sealed,0.15964728696846803,0.159540204208019,1.0006711960849028
176101,3258240,sealed,0.7051622812909446,0.7051964984928044,0.9999514784858788
176101,3258248,sealed,0.000665152432431743,0.294012368328728,0.0022623280653555782
176101,3258249,sealed,0.35831072516750145,0.3583930106956485,0.9997704042051844
176101,3258250,sealed,0.37202679927732246,0.3719879659793265,1.0001043939631051
176101,3258251,sealed,0.40399120932008226,0.4039802433254643,1.0000271448784914
176101,3258252,sealed,0.00012408264216625872,0.4941523231311635,0.0002511020111774792
176101,3258257,sealed,0.4151370013979123,0.4151804792646123,0.9998952795979786
176101,3258258,sealed,0.22684147295022866,0.2269322093093561,0.9996001609493709
176101,3258312,unmetalled,0.012872824630685216,0.4293486585135051,0.029982216959180977
176101,3283413,sealed,0.24152303277049456,0.2415489914941108,0.9998925322624794
176101,3283434,sealed,0.22286692142778622,0.22279303325944,1.0003316448780522
176101,3283435,sealed,0.27052135232680674,0.2705536420717839,0.9998806530759302
176101,3283438,sealed,0.3365244125620673,0.3365262561458679,0.9999945217237379
176101,3283439,sealed,0.21575621646987792,0.2158474433250255,0.9995773549422579
176101,3283440,sealed,0.18250333689406006,0.1825291917157355,0.9998583524014301
176101,3283445,sealed,0.16298977454852684,0.1630025458904598,0.9999216494327546
176101,3283446,sealed,0.13454612655888898,0.1345271454043499,1.0001410953490615
176101,3283447,sealed,0.1471918748233644,0.1471833845246855,1.000057685170825
176101,3314704,sealed,0.11978314571120628,0.1198106772706475,0.9997702077972649
176101,3314705,sealed,0.1606117173640647,0.1606748030934574,0.999607370115425
176101,3314706,sealed,0.16301785279849584,0.1629988638262144,1.0001164975744965
176101,3314707,sealed,0.2073867682910283,0.2073626616830017,1.0001162533690056
176101,3314708,sealed,0.16728379145997907,0.1672952405608139,0.9999315634993772
176101,3314709,sealed,0.19593628010951883,0.1959645180755409,0.999855902658811
176101,3314750,sealed,0.0575869707980781,0.0576608954829006,0.9987179407429698
176101,3314751,sealed,0.10422931609113247,0.1042593562133939,0.9997118712089499
176101,3314753,sealed,0.17963775605087312,0.1796433515075418,0.9999688524143994
176101,3314754,sealed,0.11433973707373798,0.1143415262488958,0.9999843523589678
176101,3314755,sealed,0.0938907479207455,0.0938744169801682,1.0001739658269277
176101,3314756,sealed,0.10970906019971624,0.1096879752199366,1.0001922269030616
176101,3314757,sealed,0.06510267584483166,0.0651668458654339,0.9990152965092901
176101,3314758,sealed,0.05403771091215149,0.0539826678626368,1.0010196430019862
176101,3314760,sealed,0.12332604869995725,0.1233929014237666,0.9994582125629758
176101,3314761,sealed,0.07485359241055722,0.0748038997765752,1.0006643053922382
176101,3314762,sealed,0.10437851907267219,0.1044253090504916,0.999551928758987
176101,3314763,sealed,0.17094419114615217,0.1709980979060427,0.9996847522835011
176101,3314772,sealed,0.032721869558235354,0.1052737784714504,0.3108263998248084
176101,3314788,sealed,0.079730165844702,0.0796997876180182,1.000381158188644
176101,3314789,sealed,0.07199557951341225,0.0720015690522078,0.9999168137739998
176101,3314790,sealed,0.06809280964456667,0.0680389579637311,1.0007914830333566
176101,3314791,sealed,0.05347172115163928,0.0534586179011012,1.0002451101628238
176101,3314792,sealed,0.05980593122691657,0.0597991895775372,1.0001127381395467
176101,3314793,sealed,0.026291414661221143,0.0262449685205057,1.0017697160001984
176101,3314794,sealed,0.02691820224619024,0.0269653605305273,0.9982511532051028
176101,3314795,sealed,0.028197731814229524,0.0281967420280016,1.0000351028578742
176101,3314796,sealed,0.027204611302752226,0.0272161118395752,0.9995774364504834
176101,3314797,sealed,0.04090129621272437,0.0408408268091419,1.0014806116405295
176101,3314798,sealed,0.019933583185019185,0.0199111351427348,1.0011274114772193
176101,3314801,sealed,0.06250366370219176,0.0624560013563788,1.0007631347633192
176101,3314802,sealed,0.0760304023155118,0.0760611421160126,0.999595854076791
176101,3314803,sealed,0.06471869528292246,0.0647510384865546,0.9995004990747931
176101,3314804,sealed,0.05117545193167104,0.0511887377611824,0.9997404540511754
176101,3314805,sealed,0.08054628578347439,0.0805921144095424,0.9994313509900593
176101,3314807,sealed,0.04653384950515286,0.0464981177930335,1.0007684550217366
176101,3314808,sealed,0.056025734755874024,0.0560947687533097,0.998769332703032
176101,3314809,sealed,0.051459286308643416,0.0514462758734745,1.000252893624427
176101,3314810,sealed,0.327493280632631,0.3275093176684245,0.9999510333449207
176101,6082273,sealed,0.12854611397947982,0.1285619564496357,0.9998767717091946
176101,6082274,sealed,0.14802175627321212,0.1479168789167279,1.0007090289982612
176101,6082275,sealed,0.18910232322454226,0.189163412214018,0.9996770570547404
176101,7741012,sealed,0.5727072535339693,7.757397861850562,0.07382723739753468
176101,7741581,sealed,0.9739046707009628,0.9741335631645952,0.9997650296917305
176101,7742036,sealed,0.21039114130830716,0.2103622625069287,1.0001372812834124
176101,7742855,sealed,0.1065651896040604,0.1064682497769449,1.0009105045618634
176101,7742856,sealed,0.2043653839714762,0.2043648221706704,1.0000027490093444
176101,7742857,metalled,0.15123480493898972,0.1512120308073048,1.0001506105801459
176101,7742858,sealed,0.06246094430865611,0.0624715669723088,0.9998299600255361
176101,7742859,sealed,0.08649340647026815,0.0864285878246893,1.0007499676578115
176101,7742860,sealed,0.08752347897130841,0.0876030818335715,0.9990913234945966
176101,7742861,sealed,0.09706369345967718,0.0970672800451329,0.9999630505206898
176101,8324993,sealed,0.42138055943320685,19.575358367852445,0.021526071273628246
176101,8325555,sealed,1.1133132514748343,1.1154146520431436,0.9981160364314202
176101,8326482,sealed,0.0009826457119812761,0.3399078182250157,0.0028909182410472656
176101,8328202,sealed,0.43073249675077746,0.4307078474288485,1.0000572297952688
176101,8328203,sealed,0.19110730644976764,0.1910946922372285,1.000066010271617
176101,8328204,unmetalled,0.032119838255154104,0.2410703797239514,0.13323842726731663
176101,8329743,sealed,5.824591723163875e-05,0.037797530352727,0.0015409979617209684
176101,8329747,sealed,0.05126651463314736,0.0542065937801165,0.945761595740635
176101,100047455,sealed,1.1835475018869874,8.64570288946305,0.136894306572741
176201,3217441,sealed,0.08409719444120978,1.7801834735080326,0.047240745514555135
176201,3217446,sealed,0.28896877245987634,1.2166935911765775,0.23750332421857773
176201,3218974,sealed,0.30567202059811227,1.2673262284600784,0.24119442471377933
176201,3234624,sealed,0.8387396108101065,0.8386651627859327,1.0000887696633618
176201,3234654,sealed,0.5744623568635457,0.8744898486257016,0.6569114069949904
176201,3238145,sealed,0.7972368757429772,1.2400856654632704,0.6428885503205506
176201,3258170,sealed,0.5372296764521964,0.5372755912800042,0.9999145413851792
176201,3258186,sealed,0.002502014284712429,0.3548054731081376,0.007051791684030379
176201,3258187,sealed,0.34357418826382147,0.3435492475372847,1.0000725972381415
176201,3258188,sealed,0.6763248970103859,0.6763997431541965,0.9998893462858789
176201,3258190,sealed,0.0011123705327158737,0.2992047079674912,0.003717757451987465
176201,3258238,sealed,0.003698142709470153,0.9379249815549928,0.003942898187165219
176201,3283276,sealed,0.2740978362430405,0.2741457857519726,0.9998250948530886
176201,3283277,sealed,0.18446933026382875,0.3285024839450061,0.5615462265262822
176201,3283294,sealed,0.30027197970419595,0.3001847379976849,1.0002906267223741
176201,3283295,sealed,0.12878806365521922,0.1288048480566202,0.9998696912293735
176201,3283296,sealed,0.18734646032359056,0.187415462111923,0.999631824463388
176201,3283310,sealed,0.14112413476567273,0.1411775294833202,0.9996217902534285
176201,3283311,sealed,0.2771988339003305,0.2772015317104001,0.9999902676942191
176201,3283312,sealed,0.2920048196127113,0.291981027860749,1.0000814838968703
176201,3283313,sealed,0.1298648538346529,0.133810059462725,0.970516374898024
176201,3283314,sealed,0.22957715208030627,0.2295653212872601,1.0000515356282031
176201,3283409,sealed,0.3454189372374308,0.3454633466146674,0.9998714498146568
176201,3314429,sealed,0.13039971243993367,0.1303358168917034,1.000490237831427
176201,3314439,sealed,0.14868588141976277,0.1485819191605427,1.0006996965701307
176201,3314487,sealed,0.09063361141500492,0.0906082083977302,1.0002803611033033
176201,3314488,sealed,0.14251551956520359,0.1425796099541124,0.9995504940087195
176201,3314542,sealed,0.03886415250467416,0.1393040294015989,0.2789879996409357
176201,3314543,sealed,0.07159138134164966,0.0715972522075769,0.9999180015189659
176201,3314544,sealed,0.06802886878637195,0.0679990521553867,1.0004384859794386
176201,3314545,sealed,0.0670170553439477,0.0669962700007127,1.0003102462754236
176201,3314546,sealed,0.0957374922977905,0.0957278183053177,1.0001010572751377
176201,3314566,sealed,0.04753675863849425,0.0476010330682612,0.9986497261587836
176201,3314567,sealed,0.223810210263533,0.2237962853702434,1.000062221288734
176201,3314568,sealed,0.0858638841420032,0.0858322200313993,1.0003689070443746
176201,3314569,sealed,0.049343110527389794,0.0494179864643588,0.9984848444397263
176201,3314570,sealed,0.04537139260998735,0.0453134688581026,1.0012782899509667
176201,3314571,sealed,0.038007763581430175,0.1294805747385379,0.293540275506035
176201,3314573,sealed,0.04213236728173242,0.0420855920442994,1.0011114311373779
176201,3314574,sealed,0.05482583663561009,0.0547507123973982,1.001372114351072
176201,3314575,sealed,0.06350369333830287,0.0635226441342756,0.9997016686532654
176201,3314717,sealed,0.07494717602085525,0.0756798478814898,0.990318798449729
176201,3314765,sealed,0.09581036036475699,0.1253307306347606,0.7644602395558355
176201,3314767,sealed,0.08911450531323625,0.0890737129852748,1.0004579614635374
176201,6063777,sealed,0.4821433420495439,1.152787725297382,0.41824121776207024
176201,6064319,sealed,0.18032985556247128,0.1803730097192753,0.9997607504755218
176201,6064589,sealed,0.09007076150264491,0.090116049271431,0.9994974505745399
176201,7742825,sealed,0.1679853071937517,0.1680234677308966,0.999772885670911
176201,7742826,sealed,0.11047955019797089,0.1105091136202095,0.9997324797813489
176201,7742827,sealed,0.05093199547412537,0.0509988672232972,0.9986887601075719
176201,7742828,sealed,0.09564673345770171,0.0956268821279043,1.0002075915198287
176201,8328199,sealed,0.23701500355567814,0.2370566367034162,0.9998243746797516
176201,8329736,sealed,0.11724475630760563,0.1172389567254774,1.0000494680462042
176201,8329737,sealed,0.07679355270932274,0.076823163475565,0.9996145593997612
176201,8329738,sealed,0.08683301340248087,0.0867969567158229,1.000415414180661
176201,8329739,sealed,0.07736039666337602,0.0774120094556897,0.9993332715081731
176201,8329740,sealed,0.0621544676740827,0.0621599457849109,0.9999118707270569
176202,3217445,sealed,0.11602121153616586,1.225098249124705,0.09470359754334759
176202,3217446,sealed,0.4658309345217714,1.2166935911765775,0.3828662679740916
176202,3218974,sealed,0.9605057746901181,1.2673262284600784,0.7578993893760281
176202,3234654,sealed,0.30007987642058037,0.8744898486257016,0.3431484961113829
176202,3234658,sealed,0.0014508261068782442,0.6327245376526227,0.002292982207171447
176202,3258238,sealed,0.9340704308887869,0.9379249815549928,0.9958903422533694
176202,3258246,sealed,0.4016632469064126,0.4016847323314235,0.999946511721055
176202,3258247,sealed,0.7923838336393905,0.7923101204426694,1.0000930357884106
176202,3283277,sealed,0.14288354882978704,0.3285024839450061,0.4349542417880374
176202,3283313,sealed,0.003952601911604774,0.133810059462725,0.02953889959749877
176202,3283414,sealed,0.14577196743734436,0.1458371156066187,0.9995532812823174
176202,3283415,sealed,0.19402750183495646,0.194147836879954,0.9993801885875662
176202,3283416,sealed,0.24535830111383844,0.2452691195271102,1.000363607073325
176202,3283417,sealed,0.24186713952507102,0.2417946109629697,1.0002999593821074
176202,3283427,sealed,0.185697605259298,0.1857711273132835,0.9996042331494198
176202,3283428,sealed,0.28243927209226655,0.282509210752608,0.9997524375925474
176202,3283429,sealed,0.20851890781157034,0.2084432689230989,1.0003628751787583
176202,3283430,sealed,0.26919744789339783,0.269158846261028,1.00014341580411
176202,3314583,sealed,0.0631452877099821,0.0630726594027924,1.0011515022178767
176202,3314584,sealed,0.0015088338953070854,0.0860139581665315,0.017541733079947726
176202,3314693,sealed,0.21041173563077742,0.2103667752075619,1.000213723974098
176202,3314694,sealed,0.10000082671708815,0.0999818670852141,1.0001896307043145
176202,3314699,sealed,0.1129914953407147,0.1129841025988493,1.0000654316996405
176202,3314716,sealed,0.1247498442098657,0.1247125978927302,1.0002986572147872
176202,3314717,sealed,0.0007714610369540938,0.0756798478814898,0.010193744550889644
176202,3314718,sealed,0.09192101118582367,0.0919123101594468,1.0000946666051782
176202,3314719,sealed,0.07130143227277264,0.0713238723617686,0.9996853775846305
176202,3314720,sealed,0.17702826735740113,0.1770598739636319,0.9998214919872965
176202,3314721,sealed,0.07545708353764755,0.0754687755492369,0.9998450748471237
176202,3314722,sealed,0.10133745447844159,0.1012709581376947,1.0006566180667165
176202,3314723,sealed,0.09831559969267713,0.0983458237037111,0.9996926762124131
176202,3314724,sealed,0.11927473060700637,0.1193231253559599,0.9995944227172296
176202,3314726,sealed,0.11050692952583278,0.1105329333713135,0.9997647411980523
176202,3314727,sealed,0.12625312204555808,0.1263281610501189,0.9994059993912913
176202,3314738,sealed,0.10164901756835137,0.1016127530137891,1.0003568897947028
176202,3314739,sealed,0.3780681336129867,0.3780688240727856,0.9999981737192941
176202,3314742,sealed,0.1683868944891586,0.168384109360156,1.000016540331586
176202,3314743,sealed,0.11445385163723486,0.1144107143990919,1.0003770384475748
176202,3314744,sealed,0.13460362586163116,0.1345589597600089,1.0003319444628729
176202,3314745,sealed,0.13986489257940996,0.1399145023771318,0.9996454277656786
176202,3314768,sealed,0.07407357539490167,0.0740368038421355,1.000496665858842
176202,3314769,sealed,0.0549512344338392,0.0549485406011834,1.0000490246442642
176202,3314770,sealed,0.036270684968172505,0.036270651536028,1.0000009217409418
176202,3314772,sealed,0.05170045504737072,0.1052737784714504,0.4911047726988498
176202,3314784,sealed,0.11050668458155391,0.1105435869061033,0.999666173989987
176202,3314785,sealed,0.09567802263625322,0.09569265103771,0.9998471314014383
176202,3314786,sealed,0.07664503541715328,0.0766354997759796,1.0001244285116109
176202,6063777,sealed,0.6706906193346406,1.152787725297382,0.5817988903044783
176301,3200522,sealed,0.20092394572607403,1.7316486826946764,0.11603043257793466
176301,3217405,sealed,0.0005948636606552602,2.9212879376820338,0.00020363061544945447
176301,3217435,sealed,0.055424234261655665,2.2449872568432587,0.02468799503993144
176301,3217437,sealed,0.05171440500810173,1.9037677561247093,0.02716424040785892
176301,3217438,sealed,0.8664011900566622,1.9657205134863716,0.44075502296103447
176301,3218961,sealed,1.4777314328698885,1.875482314068212,0.7879207507238284
176301,3218962,sealed,1.4841900211398702,1.484219051870579,0.999980440400174
176301,3218963,sealed,1.0713079327010753,1.0712209235011048,1.0000812243282984
176301,3218965,sealed,1.4408319091718707,1.648556447991275,0.8739961018183444
176301,3218968,sealed,0.005231550628457295,1.3874600568166726,0.0037705954868786167
176301,3218969,sealed,0.19832283283204144,2.3476841519872007,0.08447594309659193
176301,3218970,sealed,0.01595332198051792,3.754396626926352,0.004249237245234417
176301,3234603,sealed,0.00023924714024473048,1.4855325345586403,0.00016105143083642532
176301,3234604,sealed,0.10271658568902903,0.9312951077750434,0.11029434690624453
176301,3234609,sealed,0.36401154963943144,0.9822000485989246,0.3706083604441699
176301,3234610,sealed,3.81193423692928e-05,0.8219243086653748,4.6378166416796056e-05
176301,3234614,sealed,0.013196139469626094,0.8303141984355842,0.01589294690430354
176301,3234617,sealed,0.3494198922309717,1.005984206427585,0.3473413300113518
176301,3238132,sealed,1.2341385937398759,1.492651162190188,0.8268097898567319
176301,3238135,sealed,0.911561413550936,0.911553779319493,1.0000083749654889
176301,3238136,sealed,0.9030467013479914,0.903077709367452,0.9999656640628608
176301,3258128,sealed,0.4338861575780741,0.4339012917019187,0.9999651208140329
176301,3258129,sealed,0.38012153467590465,0.3800936283800866,1.0000734195307008
176301,3258130,sealed,0.19397089501202894,0.4079285135510284,0.4755021739556944
176301,3258132,sealed,0.0007240287267520087,0.5646829541759155,0.001282186262924544
176301,3258135,sealed,0.2384868106454593,0.8325743495662391,0.28644506135663195
176301,3258137,sealed,0.35767101770159276,0.3576313390213121,1.000110948554982
176301,3258138,sealed,0.4942048427458963,0.4942248861422806,0.9999594447852662
176301,3258139,sealed,0.4401165419648513,0.4402141242254478,0.9997783300098146
176301,3258140,sealed,0.40126651065438124,0.401281088977388,0.999963670545642
176301,3258141,sealed,0.4588910733878172,0.490500973480301,0.9355558871408576
176301,3258145,sealed,0.4033599189190089,0.6308324064142413,0.6394090012144038
176301,3258147,sealed,0.4278862565180131,0.4279001305184683,0.9999675765453999
176301,3258148,sealed,0.44192905071622124,0.4419189274497856,1.000022907519472
176301,3258156,sealed,0.3367697857983397,0.3367399174289913,1.0000886986300184
176301,3258164,sealed,0.33860612870315654,0.3385902941554216,1.0000467661005301
176301,3258172,sealed,0.8920120137144427,0.8919771717089102,1.000039061543992
176301,3265111,sealed,0.02711500115892141,0.5608946031256137,0.048342417644637134
176301,3265112,sealed,0.5067704679455748,0.5067718307679919,0.9999973107770906
176301,3265113,sealed,0.6339570374496423,0.6338721840367642,1.0001338651782095
176301,3265115,sealed,0.903196377392466,0.9031633291616936,1.000036591643732
176301,3283234,sealed,0.269398928712465,0.2694195677711281,0.9999233943590891
176301,3283235,sealed,0.18699923092785015,0.1870353279146815,0.9998070044454499
176301,3283237,sealed,1.0502573918182645,1.0502650487842542,0.9999927094917626
176301,3283246,sealed,0.1678845907972603,0.1679564687485968,0.9995720441619663
176301,3283247,sealed,0.20597095563273368,0.2059444523561798,1.000128691383772
176301,3283248,sealed,0.2496371999159584,0.2495700062913987,1.000269237580101
176301,3291510,sealed,0.0028097053476039665,0.3626252723034822,0.007748233678684467
176301,3314117,sealed,0.05562544771339878,0.055737893174853,0.9979826029465902
176301,3314334,sealed,0.08961626233120926,0.2230992998666125,0.4016877793197441
176301,3314344,sealed,0.15108409808561876,0.151079714424448,1.000029015551078
176301,3314347,sealed,0.13284896976113822,0.1328110188901802,1.0002857509209337
176301,3314360,sealed,0.06475138190232602,0.0648527215865124,0.9984373873338347
176301,3314361,sealed,0.06049076908107241,0.0604459603060641,1.0007413030545205
176301,3314362,sealed,0.12279311052131035,0.1228210866947247,0.99977222011165
176301,3314366,sealed,0.12315873425097931,0.1231722883954794,0.9998899578413566
176301,3314367,sealed,0.12223518282054313,0.1221894386867779,1.0003743706023767
176301,3314379,sealed,0.03525156220311437,0.0960669995525142,0.36694767576085696
176301,3314381,sealed,0.09045431349118542,0.0903499275486093,1.0011553517020804
176301,3314382,sealed,0.238833284546644,0.2387880239594585,1.0001895429529295
176301,3314398,sealed,0.05999526876960264,0.0600720728593958,0.9987214676281785
176301,3314399,sealed,0.057464350115198626,0.0574493778741856,1.0002606162428045
176301,3314408,sealed,0.18905401778760078,0.1890668547185211,0.9999321037474314
176301,6063642,sealed,2.164082361410256,2.1640433943128348,1.0000180066155437
176301,6063643,sealed,0.5473711327882664,2.0627814703634475,0.2653558511420134
176301,6063750,sealed,0.3570309446851834,0.9492933201436664,0.3761018192260641
176301,6063753,sealed,0.6642431185655454,0.7776529045399333,0.854164003873319
176301,6063768,sealed,0.7715645882684465,0.7715889529966714,0.9999684226580354
176301,6064562,sealed,0.000256643472296712,0.3339434713064602,0.0007685237004115289
176301,6064582,sealed,0.2743848814475816,0.2743431224781131,1.0001522143842765
176301,6064583,sealed,0.0964665543135603,0.0964962314703433,0.9996924526861745
176301,6064584,sealed,0.030477471609435213,0.0767013549266864,0.39735245405464553
176301,6064585,sealed,0.043174866556939154,0.0840436836596147,0.5137193501870012
176301,7742396,sealed,0.38660385915779677,0.3872485531262858,0.9983351933447281
176301,7742397,sealed,0.2524384007542261,0.2524542602134471,0.9999371788806115
176301,8325551,sealed,0.30306384061894076,1.1241173080609017,0.26960161403592725
176301,8326471,sealed,0.4022099432751319,0.4022520394138678,0.9998953488494496
176301,8326472,sealed,0.0010183438590899076,0.4512110662169092,0.00225691241934293
176301,8326473,sealed,0.41544733411075385,0.4154306119893676,1.00004025250163
176301,8326474,sealed,0.0004917429472202397,0.2924760174091065,0.0016813103227277769
176301,8328185,sealed,0.4053758848554476,0.415837339127502,0.9748424364824855
176301,8328186,sealed,0.0006032281665656924,0.2261203748498826,0.0026677302607788665
176301,8329712,sealed,0.025230671928514716,0.0252807230931808,0.9980201846093719
176301,8329713,sealed,0.04986125703237222,0.0499144525043419,0.9989342671450708
176301,8329714,sealed,0.04442520958539421,0.0444739896523865,0.9989031776241899
176301,8329715,sealed,0.03564110904358592,0.0356868269828594,0.9987189127434769
176400,3217435,sealed,1.269400281926762,2.2449872568432587,0.5654376335800241
176400,3217438,sealed,0.13348965741325583,1.9657205134863716,0.06790876754727489
176400,3217439,sealed,0.18311700460027538,1.744386700205938,0.10497500616042134
176400,3234608,sealed,0.7137118455119541,0.9238769881431468,0.772518262356991
176400,3234609,sealed,0.362371116207616,0.9822000485989246,0.36893819820567736
176400,3234610,sealed,0.6313015047684344,0.8219243086653748,0.7680774228390079
176400,3234612,sealed,0.7575195298271847,0.7580905369667583,0.9992467823937518
176400,3234613,sealed,0.6066415695046281,0.6066257368299636,1.0000260995762351
176400,3234618,sealed,0.6376488737274268,0.6377987158785695,0.9997650635734877
176400,3234620,sealed,0.0016423673170887006,1.592314068591127,0.001031434281392653
176400,3258141,sealed,0.03158747522723185,0.490500973480301,0.06439839457015967
176400,3258145,sealed,0.22749235670494858,0.6308324064142413,0.3606224955976086
176400,3258146,sealed,0.49705984622100197,0.4971014946529141,0.9999162174478248
176400,3258150,sealed,0.0009651497361183899,0.4868447204407435,0.0019824590790357833
176400,3258153,sealed,0.6043331349264992,0.6043726734522289,0.9999345792298916
176400,3258154,sealed,0.7808545461067321,0.7807781582817681,1.0000978355044308
176400,3258157,sealed,0.34722433807421216,0.347189279625389,1.0001009779128578
176400,3258160,sealed,0.3350599590938188,0.3351194261169403,0.9998225497584233
176400,3258178,sealed,0.000575071877898083,0.4316973457373345,0.0013321181693064764
176400,3283227,sealed,0.6790075887696134,0.6790242343001567,0.9999754861024063
176400,3283228,sealed,0.3644084164209021,0.3652638441892054,0.9976580551787103
176400,3283250,sealed,0.0022872200292499475,0.2103855023172215,0.010871566738478266
176400,3283251,sealed,0.4253731713480674,0.4253355649299489,1.0000884158796473
176400,3283259,sealed,0.0035646155061351895,0.3017347463490662,0.011813738885780864
176400,3283262,sealed,0.14345984099485976,0.1434909161723139,0.9997834345317244
176400,3314340,sealed,0.12542513487247373,0.1254485765481551,0.999813137172805
176400,3314363,sealed,0.11761165918960614,0.1176248494678324,0.9998878614656177
176400,3314364,sealed,0.0017089681258521925,0.1430885546944347,0.011943429923530154
176400,3314365,sealed,0.12766050374276103,0.1275929261580316,1.0005296342576682
176400,3314369,sealed,0.10512728105777464,0.1050779966311625,1.0004690270864711
176400,3314370,sealed,0.09112262204944344,0.0911280755961414,0.9999401551425037
176400,3314374,sealed,0.11201823227634412,0.1120530016362129,0.9996897061269125
176400,3314390,sealed,0.07563304645641789,0.0756162939362495,1.000221546432605
176400,3314400,sealed,0.09934211484230372,0.0993706311982112,0.9997130303434362
176400,3314401,sealed,0.06471364778349842,0.0647544075231053,0.9993705487986693
176400,3314402,sealed,0.08455887747187564,0.0845437913795875,1.0001784411609886
176400,3314406,sealed,0.05985294087599859,0.0598911153489093,0.9993626020706359
176400,3314407,sealed,0.08990008688069859,0.0899032770954412,0.9999645150338711
176400,6063643,sealed,0.0203052227276347,2.0627814703634475,0.009843613111405865
176500,3217435,sealed,0.92011539095696,2.2449872568432587,0.4098532800808682
176500,3217439,sealed,0.14114220060554908,1.744386700205938,0.0809122200879462
176500,3217440,sealed,0.03783577586075333,1.1097643648944884,0.03409352206434435
176500,3234608,sealed,0.21009941367363663,0.9238769881431468,0.22741059293608418
176500,3234609,sealed,0.25580146988501296,0.9822000485989246,0.2604372401018562
176500,3234610,sealed,0.18555714211323474,0.8219243086653748,0.22575940406792314
176500,3234611,sealed,0.7840182370069403,0.7840109834691095,1.000009251831905
176500,3234612,sealed,0.0006349380657536175,0.7580905369667583,0.000837549124797292
176500,3234618,sealed,0.0001983394832469215,0.6377987158785695,0.00031097504323712586
176500,3234620,sealed,0.8706377993280427,1.592314068591127,0.5467751723743668
176500,3258149,sealed,0.32227717253254934,0.3222914354323892,0.9999557453339686
176500,3258151,sealed,0.416428866189454,0.4163906005798439,1.000091898351108
176500,3258152,sealed,0.5299102058047265,0.529908973850106,1.0000023248419658
176500,3258178,sealed,0.43110320887479514,0.4316973457373345,0.9986237189818146
176500,3283228,sealed,0.0007364401644286001,0.3652638441892054,0.002016186863671967
176500,3283250,sealed,0.20809999214661232,0.2103855023172215,0.9891365605261
176500,3283251,sealed,4.588117124488568e-05,0.4253355649299489,0.00010787052630419496
176500,3283252,sealed,0.1986826491034328,0.1986885372544178,0.9999703649185486
176500,3283255,sealed,0.23165941060967743,0.2316301104954987,1.0001264952735034
176500,3283258,sealed,0.22501048849736457,0.2249993549229598,1.0000494826947774
176500,3283259,sealed,0.29809278758571756,0.3017347463490662,0.987929932474083
176500,3283274,sealed,0.2524612629108616,0.2523569749676803,1.0004132556399308
176500,3283284,sealed,0.3761324049274855,0.3761333732445738,0.9999974256017754
176500,3283285,sealed,0.23246345517725664,0.2324916017700003,0.9998789350130096
176500,3283286,sealed,0.2957764947007136,0.2957867371017956,0.9999653723450134
176500,3283287,sealed,0.23940894059006748,0.2393946180862683,1.000059828010812
176500,3314341,sealed,0.03480136211473606,0.1466193489592406,0.2373585912212082
176500,3314368,sealed,0.13650326849593747,0.1364373522181036,1.00048312486839
176500,3314375,sealed,0.10481927974218865,0.1048517060521646,0.9996907412268541
176500,3314403,sealed,0.09110703224116216,0.091113267209203,0.9999315690433258
176500,3314404,sealed,0.07056675820007383,0.070556237528498,1.0001491104393367
176500,3314422,sealed,0.20805852022362145,0.2080302981343444,1.000135663360242
176500,3314461,sealed,0.14447728282070846,0.1444403235057889,1.0002558794803453
176500,6063643,sealed,0.25305735024019,2.0627814703634475,0.12267773095499208
176600,3200523,sealed,1.5724253458554898,6.088607654903631,0.25825696694203853
176600,3206386,sealed,0.6859733007045746,2.228872342967125,0.3077669759190388
176600,3206387,sealed,0.22879574566459157,2.406040187141345,0.0950922378135452
176600,3217444,sealed,0.10281175883313215,1.3401446070797165,0.07671691419716808
176600,3234652,sealed,0.9872087528775039,0.9873619473127913,0.9998448447039059
176600,3234661,sealed,0.5760130176810121,0.5760003858162543,1.0000219303060707
176600,3238145,sealed,0.44285782181866795,1.2400856654632704,0.35711873312657433
176600,3258168,sealed,0.903733576219505,0.9036861266634592,1.0000525066775352
176600,3258181,sealed,0.005390867139949781,0.3831217368711384,0.014070898675642044
176600,3258182,sealed,0.17206544665064735,0.5846129049365443,0.2943237229245288
176600,3258203,sealed,0.6721767833059589,0.6727889005118228,0.9990901793929741
176600,3258208,sealed,0.34340263047775815,0.343434846583069,0.9999061944190248
176600,3258220,sealed,0.6815422853644706,0.6813809914278981,1.0002367162257264
176600,3258223,sealed,0.00095146661470801,0.3697336068085797,0.0025733841803582866
176600,3258241,sealed,0.5636504153906354,0.5635873167795701,1.0001119588911722
176600,3283257,sealed,0.14024480830568237,0.1402582259784582,0.9999043359298022
176600,3283290,sealed,0.23212228769729115,0.2321149028168057,1.0000318156240544
176600,3283292,sealed,0.21490727955074362,0.2149196475791905,0.9999424527790447
176600,3283293,sealed,0.16567117083075547,0.165686492122499,0.999907528419805
176600,3283335,sealed,0.12229617991590874,0.1223008136852168,0.9999621117049967
176600,3283441,sealed,0.17017828492416553,0.1702772517602524,0.9994187900317641
176600,3314467,sealed,0.10994296730060926,0.1099733144057134,0.9997240502819422
176600,3314468,sealed,0.06682282839324044,0.066792578185706,1.0004528977373854
176600,3314469,sealed,0.10560093648433107,0.1056389654844932,0.9996400097256943
176600,3314470,sealed,0.11666095445045752,0.1166555122547144,1.0000466518524322
176600,3314471,sealed,0.10548418608154879,0.1054437459699579,1.0003835230929905
176600,3314539,sealed,0.0812590749192653,0.081234292317186,1.00030507561982
176600,3314540,sealed,0.06576219771049951,0.0657704075050537,0.9998751749477369
176600,3314541,sealed,0.05616068328600454,0.056191458211378,0.9994523202217375
176600,3314542,sealed,0.06567383202508584,0.1393040294015989,0.47144244360480825
176600,3314599,sealed,0.16854133429161589,0.1684753476145533,1.0003916696299897
176600,3314605,sealed,0.0006288484095353544,0.1637283965274206,0.0038408023462810697
176600,3314607,sealed,0.15818276992132213,0.1581112727311342,1.0004521953998151
176600,3314649,sealed,0.14104570674925193,0.1410631320388854,0.9998764716947539
176600,3314650,sealed,0.16283436581265087,0.162826113125425,1.0000506840522534
176600,3314696,sealed,0.16274942542060547,0.1655522935568941,0.9830695904232496
176600,3314765,sealed,0.023421798895945464,0.1253307306347606,0.1868799358092101
176600,6063643,sealed,0.041547769316183335,2.0627814703634475,0.02014162426466964
176600,8329716,sealed,0.12545814689060333,0.1254640360859809,0.9999530606892518
176700,3217445,sealed,0.4903509715643046,1.225098249124705,0.40025440564840026
176700,3234662,sealed,0.8725671534952663,0.8725713668608699,0.9999951713226406
176700,3238146,sealed,1.6268172143074318,1.629188496105466,0.9985445012632347
176700,3258244,sealed,0.43959920398361496,0.4395891639398389,1.0000228396070687
176700,3258248,sealed,0.29342793368141057,0.294012368328728,0.9980122106745387
176700,3258256,sealed,0.3110193477233283,0.3109873468567448,1.0001029008636748
176700,3283412,sealed,0.3551185393359021,0.3551177568506997,1.0000022034527627
176700,3283431,sealed,0.23956303508957832,0.2395694789919824,0.9999731021562881
176700,3283432,sealed,0.18734963866311152,0.1873152549893025,1.0001835604570006
176700,3283433,sealed,0.15375656829656534,0.1537436304573658,1.000084152033883
176700,3314703,sealed,0.13979008943940405,0.1397487668004877,1.000295692333195
176700,3314736,sealed,0.16222202285014964,0.1621762407424924,1.0002822984886544
176700,3314737,sealed,0.14356895977970502,0.143528221123402,1.0002838372550302
176700,3314740,sealed,0.1492385028507885,0.1492374814551768,1.0000068440957441
176700,3314741,sealed,0.08100692615497129,0.0809830547104302,1.0002947708582548
176700,3314746,sealed,0.10632512421561383,0.1062494098899393,1.0007126093759293
176700,3314747,sealed,0.10698090639579687,0.1069191297444193,1.0005777885727767
176700,3314748,sealed,0.1165289363658323,0.1165544197829835,0.9997813603533984
176700,3314749,sealed,0.07938028010872897,0.0793283571923953,1.0006545315971658
176700,3314752,sealed,0.08534854935272163,0.0853741172613667,0.9997005192034161
176700,3314783,sealed,0.07304159214696829,0.073026005092887,1.000213445252297
176700,3314787,sealed,0.07002505849165647,0.0699776827141973,1.0006770126649187
176700,7741581,sealed,0.00015817017599611028,0.9741335631645952,0.00016237011224854486
176700,7742854,sealed,0.07597767006657316,0.076005722859431,0.9996309120971099
176700,8329741,sealed,0.06951481812338751,0.0695573181673661,0.9993889924870835
176700,8329742,sealed,0.0862470165605538,0.086214063402516,1.0003822248567955
176700,8329743,sealed,0.03773688836657812,0.037797530352727,0.9983956098299817
176700,8329744,sealed,0.11246461643209332,0.1125183523983898,0.9995224248742444
176700,100047455,sealed,0.9404004467326961,8.64570288946305,0.10877084937522072
176700,100119214,sealed,0.011407894616950909,5.115683350278468,0.002229984507608339
176800,3200522,sealed,0.6942970587100753,1.7316486826946764,0.4009456800611868
176800,3234549,sealed,0.00019560554481346052,0.8217150270113893,0.00023804547608784248
176800,3234603,sealed,0.4341421743934963,1.4855325345586403,0.29224683020657116
176800,3234614,sealed,0.8164288042977526,0.8303141984355842,0.9832769400258439
176800,3238130,sealed,0.3840737849589181,1.4097574114116604,0.2724396281586673
176800,3257995,sealed,0.00025137799384616276,0.3921073335803447,0.0006410948541839863
176800,3258122,sealed,0.47907717223703333,0.624466550381849,0.7671782771136214
176800,3258126,sealed,0.4954720319355004,0.4954821364735361,0.9999796066552314
176800,3258131,sealed,0.13979612343952166,0.5310544258197951,0.2632425541388092
176800,3258132,sealed,0.5639340008880072,0.5646829541759155,0.9986736747012288
176800,3258136,sealed,0.5737862273551105,0.5738221470578001,0.9999374027250887
176800,3283217,sealed,0.1773917883510216,0.1774331450925527,0.9997669164827714
176800,3283218,sealed,0.23359047423326346,0.2335908536124984,0.9999983758814651
176800,3283221,sealed,0.0010389575665456013,0.265803880828779,0.003908737386776002
176800,3283223,sealed,0.38215455140878585,0.3820514258999742,1.0002699257268015
176800,3283230,sealed,0.24013967841604,0.2401406128751139,0.9999961087003872
176800,3283231,sealed,0.237824998516598,0.2378796532569079,0.9997702420549147
176800,3283233,sealed,0.26580870625576514,0.2658033178343875,1.0000202722126328
176800,3313992,sealed,0.08933844428309003,0.0893433182759457,0.9999454464760239
176800,3313993,sealed,0.1698981442112301,0.1698848092523046,1.0000784941218945
176800,3314037,sealed,0.19164136223857084,0.1916568870840431,0.9999189966731252
176800,3314119,sealed,0.00022305081129120875,0.0937076377400881,0.002380284218772785
176800,3314321,sealed,0.1251965851987176,0.1252329408905957,0.9997096954553686
176800,3314323,sealed,0.15182619202298064,0.1518681953284957,0.9997234226335264
176800,3314324,sealed,0.0940156404783342,0.0940115472968069,1.0000435391358296
176800,3314328,sealed,0.0585965013669295,0.0585967397471726,0.9999959318514284
176800,3314330,sealed,0.15813054425180606,0.1581929798046961,0.99960532033111
176800,3314342,sealed,0.11450315935732804,0.1145817610428413,0.9993140122407101
176800,3314343,sealed,0.18531209771586038,0.1852747761565432,1.0002014389659046
176800,3314376,sealed,0.07114130281076428,0.0711198201135114,1.0003020634363051
176800,3314377,sealed,0.0655422742033038,0.0655152440667219,1.0004125778201234
176800,3314378,sealed,0.09148957433704456,0.0914993013230726,0.9998936933300322
176800,3314379,sealed,0.060788330826623625,0.0960669995525142,0.632770161551618
176900,3214613,sealed,0.01016879561493899,1.1011375400864731,0.009234809680669344
176900,3217441,sealed,1.040275039098539,1.7801834735080326,0.584363945952476
176900,3218974,sealed,0.0011660606567396653,1.2673262284600784,0.0009200951030237412
176900,3234656,sealed,1.4337146102433904,1.4336661757459654,1.0000337836647362
176900,3234657,sealed,0.6274673892681932,0.6275230996042293,0.9999112218561019
176900,3258239,sealed,0.7734954747839209,0.7734699082194547,1.0000330543750888
176900,3258242,sealed,0.8252111680983449,0.8251785109557241,1.000039575851997
176900,3258243,sealed,0.6580466707067789,0.6580188490098196,1.000042281003046
176900,3258245,sealed,0.5597958029913874,0.5599607887839583,0.9997053618826969
176900,3258254,sealed,0.29219699097692287,0.2921520105742591,1.0001539623245288
176900,3258255,sealed,0.25297112660615234,0.2529951892194695,0.9999048890479246
176900,3283410,sealed,0.4481152863798922,0.448136007122457,0.9999537623796448
176900,3283411,sealed,0.4752258446330101,0.4752771632747036,0.9998920237586424
176900,3283422,sealed,0.25447473850218516,0.2544452523491723,1.0001158840762034
176900,3283423,sealed,0.3165751874256491,0.3165472235238261,1.0000883403793965
176900,3283424,sealed,0.16917433765556592,0.1691896812718694,0.9999093111578192
176900,3283425,sealed,0.19289399616204,0.1928651119350831,1.0001497638772876
176900,3283426,sealed,0.18834183199354573,0.1883473624934455,0.9999706367011114
176900,3283443,sealed,0.15853356583830774,0.1585677534985227,0.9997843971459476
176900,3283444,sealed,0.17765250620699335,0.1776266759421686,1.0001454188380643
176900,3314608,sealed,0.07127318093288272,0.0712878077447636,0.9997948202877376
176900,3314652,sealed,0.12153966324027482,0.1216114758136333,0.9994094918026607
176900,3314698,sealed,0.1103404053009566,0.1103487265612511,0.999924591243109
176900,3314700,sealed,0.1232070202843723,0.1231498306927134,1.00046439033929
176900,3314701,sealed,0.1201427594811562,0.1201385993167993,1.0000346280411172
176900,3314702,sealed,0.1378252385307122,0.1378365939536076,0.9999176167767233
176900,3314731,sealed,0.1329023725840104,0.1329145293567288,0.9999085369163384
176900,3314732,sealed,0.04601040970283966,0.046038756682546,0.9993842800772879
176900,3314733,sealed,0.13087357597674987,0.1308762572661558,0.9999795127896998
176900,3314734,sealed,0.11188666332509394,0.1118412391353619,1.0004061488417262
176900,3314735,sealed,0.1111392214044099,0.111169439575633,0.9997281791530258
176900,3314774,sealed,0.059395199995251884,0.0593805909817392,1.0002460233768502
176900,3314775,sealed,0.06881627631616602,0.0687982006411741,1.0002627347056094
176900,3314776,sealed,0.0636444820831895,0.0635750926819894,1.00109145576157
176900,3314777,sealed,0.07001267335791575,0.0700667830149085,0.9992277416678138
176900,3314778,sealed,0.0829642937337314,0.0829107062226807,1.000646328001438
176900,3314779,sealed,0.05587618544542504,0.0559333783126814,0.9989774823373507
176900,3314780,sealed,0.040768651078325814,0.0408211044697943,0.9987150423255379
176900,3314781,sealed,0.04860538585751888,0.0486805617553733,0.9984557306829739
176900,3314782,sealed,0.0738825463735805,0.0738157031862856,1.0009055415637809
176900,6064575,sealed,0.13409767692376226,0.1341188427929825,0.9998421857154486
176900,6064576,sealed,0.05641544076453598,0.0564435304247144,0.9995023404814146
176900,7742844,sealed,0.061863484069370374,0.0837837132706786,0.7383712377310024
176900,100047455,sealed,1.0223553245787107,8.64570288946305,0.1182501107948905
177000,3217405,sealed,1.1970322897970105,2.9212879376820338,0.4097618294849855
177000,3217406,sealed,0.03057143868370989,1.6418907960329625,0.018619654094885457
177000,3218960,sealed,1.1779375064817572,2.708840942947871,0.43484926996115086
177000,3234548,sealed,1.046837657249162,1.0467650535868216,1.000069360036516
177000,3238130,sealed,0.2723800797684922,1.4097574114116604,0.19321060316025893
177000,3257969,sealed,0.5589542047531955,0.6170259537321229,0.905884430585656
177000,3257970,sealed,0.24930107200382154,0.2492780903059355,1.0000921930116595
177000,3257972,sealed,0.5203753216249974,0.7828147386434269,0.6647490088482213
177000,3257974,sealed,0.45911844372479554,0.5141144877558513,0.8930276322865016
177000,3257977,sealed,0.29388356189188436,0.2939110328140668,0.9999065332052377
177000,3283013,sealed,0.31604689396634533,0.3160419078294271,1.0000157768219806
177000,3283014,sealed,0.24368777638585262,0.2436026272691997,1.000349541043984
177000,3283015,sealed,0.25810842190822436,0.2581376733505783,0.9998866827845224
177000,3283018,sealed,0.22418477105323403,0.2241147400829979,1.0003124781984898
177000,3283020,sealed,0.14856007691697276,0.1484980521995124,1.0004176803435578
177000,3283021,sealed,0.16343222671668448,0.163451228265712,0.9998837478969773
177000,3313958,sealed,0.1499888435164532,0.1499094077699518,1.0005298916704635
177000,3313960,sealed,0.1313610946882743,0.1314343534765209,0.9994426206976421
177000,3313961,sealed,0.22121497745259153,0.2211990554307779,1.0000719805144855
177000,3313963,sealed,0.18786542482490556,0.1879041670468868,0.999793819250578
177000,3313964,sealed,0.13678137843483715,0.1368339154482325,0.9996160526926146
177000,3313969,sealed,0.16552479225282063,0.1655184666542982,1.0000382168748314
177000,3313971,sealed,0.12823101624007185,0.1282751553136308,0.9996559031758643
177000,3313972,sealed,0.10191034495510537,0.1018859322525738,1.000239608177418
177000,3313973,sealed,0.1379714195421558,0.1379866099731564,0.9998899137314587
177000,3313974,sealed,0.0018601174927952446,0.1279666776907675,0.014535952064726049
177000,3313975,sealed,0.07739191268689345,0.0773379344009851,1.0006979535505627
177000,3313976,sealed,0.11194695677102308,0.1119777979416636,0.9997245778073205
177000,3313977,sealed,0.15703909928050538,0.1570373287132564,1.0000112748176722
177000,3313978,sealed,0.08782807499313705,0.0878170428511789,1.0001256264342315
177000,3313979,sealed,0.15794325715215068,0.157867670659479,1.0004787965284845
177000,3313981,sealed,0.08299067417519601,0.0828976730491941,1.0011218786074576
177000,3313982,sealed,0.12545820150861928,0.125434903247038,1.0001857398616987
177000,3313983,sealed,0.08323646141353659,0.0832407064320359,0.9999490030937834
177000,3313997,sealed,0.0422454234026364,0.0423327174051522,0.9979379069460546
177000,3313998,sealed,0.05694985625839912,0.0569480746074936,1.000031285533669
177000,3313999,sealed,0.08090168327638986,0.0808796574309902,1.0002723286188304
177000,3314000,sealed,0.08805778438961041,0.0880636830789974,0.9999330179118027
177000,3314001,sealed,0.0451126821399094,0.0450780375197852,1.0007685476571377
177000,3314002,sealed,0.04230999669011344,0.0423200122402443,0.9997633377307643
177000,3314003,sealed,0.08916064349635824,0.0892026491807435,0.9995290982412401
177000,3314005,sealed,0.09628755620982095,0.0962918924077871,0.9999549681924643
177000,3314006,sealed,0.05353811135206553,0.0534740536547299,1.0011979211029938
177000,3314009,sealed,0.02726799849618802,0.0271947991741615,1.0026916662100622
177000,3314010,sealed,0.05939429306451245,0.0594308711669041,0.9993845269020385
177000,3314011,sealed,0.06884366336060381,0.0688537618012628,0.9998533349464893
177000,3314012,sealed,0.07231859530997062,0.0722905802437836,1.0003875341170667
177000,3314013,sealed,0.001502667717264745,0.0854972763952888,0.017575620892498364
177000,6064540,sealed,0.21143350474818598,0.2114083495143705,1.0001189888378261
177000,6064559,sealed,0.14066410273094143,0.1412681696225962,0.9957239702810013
177000,6064560,sealed,0.055603723760331576,0.0556354423049473,0.999429885998895
177000,8329693,sealed,0.0018362133365887427,0.0838649748643169,0.02189487732583844
177000,8329708,sealed,0.09798185690623044,0.099742220142501,0.982350871739615
177100,3217405,sealed,0.46159724949436004,2.9212879376820338,0.1580115549515552
177100,3217406,sealed,0.5767828827189302,1.6418907960329625,0.35129186673834717
177100,3217412,sealed,0.28951210281987383,1.3324971156817496,0.2172703410856915
177100,3218960,sealed,0.0731316917581901,2.708840942947871,0.02699741081091503
177100,3234549,sealed,0.46159740687579204,0.8217150270113893,0.561748771413662
177100,3234553,sealed,0.6825536454519353,0.6825819034988962,0.999958601236253
177100,3234554,sealed,0.7695205674880398,0.7704091614316139,0.9988465947861745
177100,3234603,sealed,0.2982384135549554,1.4855325345586403,0.20076195345231104
177100,3257972,sealed,0.26240895101548883,0.7828147386434269,0.3352120726166047
177100,3257973,sealed,0.5320308633037686,0.5320493841485424,0.9999651896133599
177100,3257978,sealed,0.3237625068787592,0.3237781608306062,0.9999516522306297
177100,3257991,sealed,0.0003178817736980028,0.2960433380936775,0.001073767698151731
177100,3257992,sealed,0.31831962829371563,0.318310002274381,1.000030241020596
177100,3257993,sealed,0.5067689856527567,0.5068458638267386,0.9998483204077047
177100,3257996,sealed,0.0007813783502922907,0.3078430505277826,0.002538236120492744
177100,3258122,sealed,0.14415558938620904,0.624466550381849,0.23084597453308067
177100,3258125,sealed,0.3521698228387037,0.3521661678253455,1.0000103786612462
177100,3283007,sealed,0.31389458606100545,0.3138739460064607,1.0000657590564854
177100,3283016,sealed,0.1581439781783004,0.1581960578993526,0.9996707900200311
177100,3283017,sealed,0.22042274128304587,0.220433356219387,0.9999518451448401
177100,3283023,sealed,0.24646425554619814,0.2464368536481465,1.0001111923709705
177100,3283040,sealed,0.3475162523085295,0.3474649032663627,1.0001477819534694
177100,3283041,sealed,0.1392052403633134,0.1391337331668633,1.0005139457903018
177100,3283210,sealed,0.3307464920180996,0.3307665474047362,0.9999393669438642
177100,3283215,sealed,0.19096090840141206,0.1909953092003796,0.99981988668145
177100,3283219,sealed,0.2130501890767367,0.2130446761145244,1.0000258770240724
177100,3283220,sealed,0.177810592832659,0.1777974424083117,1.0000739629556488
177100,3283221,sealed,0.2646967640840956,0.265803880828779,0.99583483604065
177100,3313962,sealed,0.15931379893189435,0.1592576857680231,1.0003523419519795
177100,3313974,sealed,0.12611416511652582,0.1279666776907675,0.9855234768326306
177100,3313980,sealed,0.12152603188994512,0.1214695618608541,1.000464890366162
177100,3313984,sealed,0.15698881386457672,0.1570109185928822,0.9998592153430884
177100,3313985,sealed,0.14234934709656946,0.1423167352625919,1.0002291496774247
177100,3313987,sealed,0.10643848069789577,0.1063928264343766,1.0004291103549856
177100,3313988,sealed,0.09277717943652383,0.0927900338986029,0.9998614672121673
177100,3313989,sealed,0.11868817895536818,0.1188042634407534,0.999022892933105
177100,3313990,sealed,0.1570004916715299,0.1570006877057984,0.9999987513795554
177100,3314004,sealed,0.028544155864454992,0.0284911268649359,1.0018612461265741
177100,3314013,sealed,0.08399700272273648,0.0854972763952888,0.9824523805224398
177100,3314014,sealed,0.03976820366578315,0.0397655415194392,1.0000669460603888
177100,3314015,sealed,0.06786194619474692,0.0678341873135506,1.00040921668403
177100,3314016,sealed,0.05822464328571432,0.0582043722818585,1.000348272871283
177100,3314017,sealed,0.0025704913426393863,0.0829871845364807,0.030974557782586454
177100,3314018,sealed,0.06789043856431257,0.0678131384939963,1.0011398981382216
177100,3314047,sealed,0.13353648311525712,0.1335709461088445,0.9997419873513562
177100,3314048,sealed,0.12848851676696582,0.1284696916366918,1.0001465336301052
177100,3314049,sealed,0.1564769607845682,0.1563849504137403,1.0005883582185144
177100,3314050,sealed,0.12020289534473372,0.1207990246038772,0.9950651152929562
177100,3314096,sealed,0.07760488317010353,0.0775835040385167,1.0002755628513016
177100,3314097,sealed,0.053374276881807334,0.0533866747886439,0.9997677715106691
177100,3314319,sealed,0.1524750221930322,0.1524210183944376,1.0003543067692595
177100,3314320,sealed,0.124465630241647,0.1244774258403254,0.9999052390535974
177100,3314322,sealed,0.062297207302864116,0.0633817246385385,0.9828891160368496
177100,3314327,sealed,0.09270254234500537,0.0942584814564837,0.9834928476733772
177200,3217405,sealed,1.2620649134385324,2.9212879376820338,0.43202345690029725
177200,3217412,sealed,0.5553013276640584,1.3324971156817496,0.4167373580992315
177200,3217437,sealed,0.17543814900083549,1.9037677561247093,0.09215312552511953
177200,3234549,sealed,0.35992883762478717,0.8217150270113893,0.4380214865168803
177200,3234554,sealed,0.0004127703104772274,0.7704091614316139,0.0005357806359807514
177200,3234555,sealed,0.5549224895807435,0.5549567488687783,0.9999382667422198
177200,3234603,sealed,0.7528899601345557,1.4855325345586403,0.5068148577158179
177200,3234604,sealed,0.8285986904032672,0.9312951077750434,0.8897273092982007
177200,3234614,sealed,0.0006296058424629692,0.8303141984355842,0.0007582742095091537
177200,3238132,sealed,0.25851425582094645,1.492651162190188,0.1731913405953638
177200,3257982,sealed,9.006873557461977e-05,0.5717815474200691,0.00015752298405049653
177200,3257994,sealed,0.4867097452592207,0.4867124607136336,0.9999944208241374
177200,3257995,sealed,0.39188252250631106,0.3921073335803447,0.999426659348651
177200,3257996,sealed,0.3070843749333392,0.3078430505277826,0.9975355117059076
177200,3258007,sealed,0.5515625428476918,0.5515724703537717,0.9999820014474734
177200,3258008,sealed,0.746031786637589,0.7459722491819488,1.000079811890731
177200,3258013,sealed,0.3104178862350496,0.3103988492195495,1.0000613308185515
177200,3258014,sealed,0.5201087697261045,0.5200942372234452,1.0000279420566875
177200,3258131,sealed,0.391222792797063,0.5310544258197951,0.736690579676702
177200,3283025,sealed,0.00014364985604728049,0.3027439289618721,0.00047449293711641005
177200,3283030,sealed,0.4072127411480327,0.4071514214222405,1.0001506066848005
177200,3283039,sealed,0.21537336385452596,0.2153921482245235,0.9999127899036601
177200,3283042,sealed,0.22088751629731765,0.2208502270393738,1.0001688441005643
177200,3283043,sealed,0.19501433145872304,0.1949710733941874,1.0002218691408042
177200,3283065,sealed,0.2620567837547402,0.2620412785784808,1.0000591707396005
177200,3283236,sealed,0.24094749521811712,0.2409685099350044,0.9999127906094745
177200,3313986,sealed,0.12398132213119163,0.1239738991353086,1.0000598754732635
177200,3313988,sealed,1.2988182154266853e-05,0.0927900338986029,0.0001399738916838828
177200,3313991,sealed,0.13701412660699716,0.1370274109492631,0.999903053395128
177200,3314017,sealed,0.08044735712572045,0.0829871845364807,0.9693949442320969
177200,3314019,sealed,0.06306478529403338,0.0630388030886968,1.000412162098002
177200,3314020,sealed,0.05522308668843621,0.0551936261796582,1.000533766501989
177200,3314021,sealed,0.06059776681652201,0.0605776815709208,1.000331561807589
177200,3314022,sealed,0.08674388248692907,0.0867748998240882,0.9996425540424477
177200,3314024,sealed,0.04989767444920847,0.0498362525110947,1.0012324750561872
177200,3314051,sealed,0.17774098054428936,0.1776422920185405,1.0005555463433142
177200,3314075,sealed,0.12249716246671027,0.1225167024160286,0.9998405119552436
177200,3314076,sealed,0.15273162073659113,0.1528034186704438,0.9995301287466118
177200,3314098,sealed,0.07150435651725576,0.0715116100533385,0.9998985684131942
177200,3314099,sealed,0.06102158867968104,0.0610849771404934,0.9989622905044793
177200,3314100,sealed,0.04092415117012198,0.0408340748945136,1.0022059095459142
177200,3314101,sealed,0.10279153310298898,0.1028389502619398,0.9995389182908806
177200,3314117,sealed,0.00010088154955736839,0.055737893174853,0.0018099275701163862
177200,3314119,sealed,0.09348827073298756,0.0937076377400881,0.9976590274561292
177200,7742384,sealed,0.30536198508472195,0.3052803787872185,1.000267315894417
177300,3206386,sealed,0.8479825124529398,2.228872342967125,0.38045360252623817
177300,3206387,sealed,0.9318286564133604,2.406040187141345,0.38728723709327606
177300,3217444,sealed,0.8861182877213339,1.3401446070797165,0.6612109492066363
177300,3234636,sealed,0.6025882363876525,0.6029314326210454,0.9994307872921784
177300,3234639,sealed,0.6449206522543498,0.6449813779742128,0.9999058488788408
177300,3234640,sealed,0.0010439799135118972,0.8651412072221014,0.0012067162040102475
177300,3258203,sealed,0.0005977011211070883,0.6727889005118228,0.0008883932547822776
177300,3258221,sealed,0.4296357404362899,0.4296221236482574,1.0000316948017407
177300,3258223,sealed,0.3688380731476068,0.3697336068085797,0.9975778948830136
177300,3258228,sealed,0.24528613456384304,0.2452716865303173,1.0000589062428287
177300,3258229,sealed,0.3117583917792945,0.3117750160904327,0.9999466785012261
177300,3283355,sealed,0.36831639979454006,0.3682702529562282,1.0001253069938216
177300,3283361,sealed,0.3929802859238717,0.3929567023745316,1.0000600156434476
177300,3283366,sealed,0.2574148969778103,0.2574447257468923,0.9998841352488559
177300,3283387,sealed,0.5006642003190547,0.500676012079403,0.9999764083757492
177300,3283388,sealed,0.20288173784202096,0.2028388974721122,1.0002112039181965
177300,3283389,sealed,0.21146584783289468,0.2114300807257275,1.000169167542501
177300,3283390,sealed,0.24061117946660376,0.2405683713252449,1.0001779458418538
177300,3283391,sealed,0.18738794538646458,0.1874441596451508,0.9997001013059429
177300,3283402,sealed,0.1677607668290178,0.1677821574026921,0.9998725098424921
177300,3314603,sealed,0.14407954321031247,0.1440808166879833,0.9999911613655439
177300,3314605,sealed,0.1630950316431346,0.1637283965274206,0.9961316124892243
177300,3314614,sealed,0.11239521013439704,0.1123270414629728,1.0006068767639242
177300,3314630,sealed,0.086462649788006,0.0864470591932176,1.0001803484691545
177300,3314635,sealed,0.09728699958667103,0.0972803391930458,1.0000684659786394
177300,3314636,sealed,0.08549429202589567,0.0855314428902504,0.9995656467013845
177300,3314679,sealed,0.0561115967928059,0.0561533090969561,0.9992571710408342
177300,8326476,sealed,0.4142342892430728,0.4770777123786039,0.8682742423195422
177400,3217437,sealed,0.25589385844717355,1.9037677561247093,0.13441443034420783
177400,3217438,sealed,0.24417994920681832,1.9657205134863716,0.12421905735406125
177400,3234606,sealed,0.9077614501139801,0.9086186811101772,0.9990565558313751
177400,3258134,sealed,0.5762532076563444,0.5763571454794989,0.9998196642065258
177400,3258135,sealed,0.5939715721119946,0.8325743495662391,0.7134156516129116
177400,3258142,sealed,0.3756641482605761,0.3757565010441105,0.99975422172796
177400,3258155,sealed,0.30515732660993755,0.3051985948084513,0.9998647824753596
177400,3283066,sealed,0.2782871556069736,0.2782968100075961,0.9999653089784887
177400,3283078,sealed,0.21194129364181147,0.2118680051508809,1.0003459158020505
177400,3283079,sealed,0.37470374540957363,0.3754717676804413,0.9979545139289371
177400,3283080,sealed,0.20046770787163762,0.2011897723170597,0.9964110280701339
177400,3283238,sealed,0.1788203931940649,0.1787380586099366,1.0004606438313621
177400,3283239,sealed,0.20827184049942146,0.2082794286043635,0.9999635676696788
177400,3283240,sealed,0.000530896697908339,0.3075249088123665,0.0017263534845311042
177400,3283243,sealed,0.22978533581750046,0.2297263735627552,1.0002566629761784
177400,3283244,sealed,0.30676999988899534,0.3093356623670767,0.9917058949542106
177400,3283260,sealed,0.32914116308845687,0.3292003536755243,0.9998201988958804
177400,3314078,sealed,0.14596585060021636,0.1466581712417427,0.995279358554218
177400,3314331,sealed,0.20158159611076257,0.2015680762373315,1.0000670734854618
177400,3314332,sealed,0.1565733393112194,0.1566660749544839,0.9994080681264821
177400,3314333,sealed,0.30391240518468937,0.303909012915674,1.0000111621204741
177400,3314334,sealed,0.1334318790665077,0.2230992998666125,0.5980829126146271
177400,3314348,sealed,0.16496865848214942,0.1649391448259675,1.0001789366388014
177400,3314349,sealed,0.1152653800571511,0.1153138600573669,0.9995795821925337
177400,3314350,sealed,0.1616680485823628,0.1625538374991448,0.9945507966443017
177400,3314351,sealed,0.08984835880348699,0.0898386718820125,1.000107825742206
177400,3314352,sealed,0.10993598153053938,0.1099562682778618,0.9998155016749827
177400,3314353,sealed,0.11414561170000292,0.1141426631021501,1.0000258325657794
177400,3314358,sealed,0.12562261707746694,0.125635181743407,0.999899990864297
177400,3314392,sealed,0.04375682073338808,0.0437111642019919,1.0010445050418972
177400,3314393,sealed,0.025310753295795855,0.0252589978650887,1.0020489898682279
177400,3314394,sealed,0.0772229778006591,0.0771743425513325,1.0006301997233635
177400,6063767,sealed,0.5405934984790701,0.5405883741988105,1.0000094790796552
177400,6063784,sealed,0.5056566076122732,0.5055920682969287,1.0001276509648616
177400,6064251,metalled,0.3484820238475686,0.3485286412493599,0.9998662451337595
177400,6064563,sealed,0.05842498919312791,0.0584114832076423,1.000231221409626
177400,6064564,sealed,0.09057664964230715,0.090512469608415,1.0007090739449471
177400,6064565,sealed,0.09802902249416985,0.0979613646754117,1.0006906581894028
177400,8328185,sealed,0.010427808413183177,0.415837339127502,0.02507665241188419
177500,3206387,sealed,0.44896523269717153,2.406040187141345,0.18659922435900556
177500,3217441,sealed,0.6388144185760167,1.7801834735080326,0.3588475166085931
177500,3234640,sealed,0.8641311746604373,0.8651412072221014,0.998832522883857
177500,3234643,sealed,0.22787030151130602,1.1214477464330346,0.2031929728657339
177500,3234652,sealed,0.00021637356218964885,0.9873619473127913,0.00021914310428767497
177500,3258216,sealed,0.43340024418557394,0.4338385031488983,0.9989898108163674
177500,3258217,sealed,0.34376714202355996,0.3453818535587341,0.9953248512666879
177500,3258222,sealed,0.53724114108518,0.5372424990478064,0.9999974723469777
177500,3258224,sealed,0.5880048139075771,0.5879341088355146,1.000120260197529
177500,3258225,sealed,0.43554381700896166,0.4355108280926065,1.0000757476375493
177500,3258230,sealed,0.44319877656667445,0.4432011636755036,0.9999946139382637
177500,3258245,sealed,0.0002227776729080114,0.5599607887839583,0.000397845130177432
177500,3283360,sealed,0.0004924257188819985,0.3521974848720275,0.001398152286808418
177500,3283393,sealed,0.20647033106492416,0.2064701151470186,1.000001045758634
177500,3283397,sealed,0.19331384784155103,0.1933605108804239,0.9997586733782383
177500,3283398,sealed,0.34906195358551734,0.3491123281651923,0.9998557066720053
177500,3283399,sealed,0.2143875649639362,0.214398838214823,0.9999474192538511
177500,3283400,sealed,0.21139663798850808,0.2114310795822083,0.9998371025027717
177500,3314606,sealed,0.16476352709190462,0.1647700619023171,0.9999603398194001
177500,3314637,sealed,0.07717535545873543,0.0771669600999004,1.0001087947331884
177500,3314638,sealed,0.10450375076415319,0.1044697878458598,1.0003250979923832
177500,3314639,sealed,0.14721134484567583,0.1471428595746785,1.0004654338728722
177500,3314640,sealed,0.10412067687528764,0.1041464066671207,0.9997529459473787
177500,3314641,sealed,0.09581538849015413,0.095851721066666,0.9996209501915296
177500,3314672,sealed,0.0669638992783424,0.0668941868057527,1.0010421305036883
177500,3314680,sealed,0.07207009483498597,0.0720861416249272,0.999777394245558
177500,3314681,sealed,0.07590120336627343,0.0758942649827203,1.000091421710912
177500,3314696,sealed,0.002772600627199022,0.1655522935568941,0.016747582094029906
177500,3314765,sealed,0.006094633704604441,0.1253307306347606,0.04862840640708822
177600,3217436,sealed,0.251718945933381,1.6967466712752897,0.14835387638874037
177600,3217437,sealed,0.001208677478608407,1.9037677561247093,0.000634887041615191
177600,3217438,sealed,0.7216664373755028,1.9657205134863716,0.36712565821250265
177600,3217440,sealed,1.071971295149545,1.1097643648944884,0.9659449600830023
177600,3234606,sealed,0.0008634193253993284,0.9086186811101772,0.0009502548685708037
177600,3234607,sealed,1.0055781193168825,1.0055554569100285,1.0000225372023972
177600,3234610,sealed,0.005002382564990616,0.8219243086653748,0.006086183985862871
177600,3234626,sealed,0.006394802270021879,1.7973292981631883,0.0035579469363556013
177600,3238127,sealed,0.6734520039456128,3.4408494015801536,0.19572260373742048
177600,3258143,sealed,0.28702589258663624,0.2870188226728677,1.0000246322303976
177600,3258144,sealed,0.4531136542896427,0.4531444239132872,0.9999320975344267
177600,3258146,sealed,2.4403233378563633e-05,0.4971014946529141,4.909104808788081e-05
177600,3258150,sealed,0.48587421106598017,0.4868447204407435,0.9980065319926141
177600,3258158,sealed,0.3612503238718604,0.3611782376349301,1.000199586324476
177600,3258159,sealed,0.3502655595469578,0.350328153031064,0.9998213289923615
177600,3283226,sealed,0.3301204816883699,0.330098825538856,1.0000656050486654
177600,3283241,sealed,0.24894719735083282,0.2489476909777434,0.9999980171460572
177600,3291512,sealed,0.01979402250084146,0.2141410489824163,0.09243450797920955
177600,3314335,sealed,0.15920711866381876,0.1591869721930982,1.0001265585395778
177600,3314337,sealed,0.17882429220616275,0.1788290781827965,0.99997323714531
177600,3314339,sealed,0.16670009041290149,0.1666179390988326,1.0004930520357724
177600,3314341,sealed,0.1117787447245536,0.1466193489592406,0.762373762521804
177600,3314354,sealed,0.13553113435379152,0.1355328658009835,0.9999872248905699
177600,3314356,sealed,0.06984698561833634,0.069846946441014,1.0000005609024352
177600,3314357,sealed,0.11956855421569004,0.1196142524978046,0.9996179528679879
177600,3314359,sealed,0.0979308571284595,0.0980434531455793,0.9988515702629057
177600,3314364,sealed,0.14131830089858108,0.1430885546944347,0.9876282641918216
177600,3314397,sealed,0.08586816211094447,0.0859146343462209,0.999459088249283
177700,3200523,sealed,3.053112234780332,6.088607654903631,0.5014467030604973
177700,3206386,sealed,0.5846798735087391,2.228872342967125,0.26232093343237417
177700,3207001,sealed,0.9580507598640299,1.8968121795664856,0.5050846732136607
177700,3217443,sealed,0.049690705578610134,2.0264932929659896,0.024520537892273247
177700,3217444,sealed,0.3512306381154835,1.3401446070797165,0.26208413350320714
177700,3234629,sealed,0.49033686064996607,1.0685170738198464,0.4588947361384303
177700,3258198,sealed,0.44872418648015605,0.4487114767632695,1.000028324920455
177700,3258199,sealed,0.5233336231947607,0.5233476658553063,0.999973167625535
177700,3258200,sealed,0.6377250308586033,0.6377690283748024,0.9999310134010251
177700,3258205,sealed,0.3205951193694861,0.320575749569154,1.0000604219138787
177700,3258206,sealed,0.5075220930580818,0.5075552146276439,0.9999347429233165
177700,3258209,sealed,0.42371480822461705,0.4237662077448501,0.9998787078363172
177700,3258211,sealed,0.0012358610686313354,0.345601914956354,0.0035759670741043552
177700,3283229,sealed,0.29947898895168235,0.2995318461135566,0.9998235340830697
177700,3283245,sealed,0.17093070298748847,0.1709734861751437,0.9997497671211347
177700,3283253,sealed,0.20003548161722273,0.2000697409366651,0.9998287631138922
177700,3283254,sealed,0.19196590986895598,0.1919509912257764,1.0000777211051857
177700,3283256,sealed,0.27803181156444046,0.2780399209050487,0.9999708338983055
177700,3283344,sealed,0.27952246480196447,0.2794540488615216,1.000244820000718
177700,3283345,sealed,0.4493789496362435,0.4493291853579509,1.0001107523835846
177700,3283346,sealed,0.25132585437870864,0.2513448422966652,0.9999244547141566
177700,3283352,sealed,0.0011476282394264593,0.2293129018467038,0.005004638771671257
177700,3283362,sealed,0.2295694037435054,0.2295234831027189,1.000200069466382
177700,3283363,sealed,0.3301314276698288,0.3301552119602128,0.9999279602758872
177700,3283364,sealed,0.27266652994738383,0.2726527694103655,1.0000504690894874
177700,3283365,sealed,0.15208182398244838,0.1521230649973042,0.9997288970291482
177700,3283367,sealed,0.3055872042048711,0.3055653676739935,1.0000714627153064
177700,3283370,sealed,0.027736337961535747,0.144602691788725,0.19181066146445283
177700,3283382,sealed,0.17203885130188717,0.172010278745852,1.0001661095850987
177700,3283383,sealed,4.179839409173889e-05,0.2170427792044846,0.0001925813622777055
177700,3283401,sealed,0.14493470791965427,0.1449864716061973,0.9996429757482227
177700,3291512,sealed,0.14342742173320222,0.2141410489824163,0.6697801398412849
177700,3314257,sealed,0.05596295781660421,0.0559755335738207,0.9997753347504958
177700,3314371,sealed,0.1227136491404392,0.1227321729721244,0.9998490711014347
177700,3314372,sealed,0.15118527062536,0.1511957092944781,0.9999309592238642
177700,3314373,sealed,0.10112338405137991,0.101120664016907,1.000026898898453
177700,3314405,sealed,0.07464503897095892,0.0746681193582164,0.9996908936845355
177700,3314609,sealed,0.10890775009954538,0.1089854096510547,0.9992874316685328
177700,3314610,sealed,0.15657093712417247,0.1566216463311043,0.9996762311716184
177700,3314611,sealed,0.11589273455918908,0.1158965055771283,0.9999674621946499
177700,3314612,sealed,0.09686462696801541,0.0968187730933082,1.0004736052032286
177700,3314615,sealed,0.10696159207906401,0.1073609364478254,0.9962803568786356
177700,3314621,sealed,0.0013440348551937054,0.1295014830885869,0.01037852867116822
177700,3314629,sealed,0.15721857899467345,0.1572547046214204,0.9997702731575889
177700,3314653,sealed,0.05460936040593383,0.0545563648494197,1.0009713909029754
177700,3314655,sealed,0.06219405777150412,0.0621822139851718,1.0001904690356498
177700,8326476,sealed,0.0628557282507016,0.4770777123786039,0.13175155036548836
177700,8329726,sealed,0.0004951911894092452,0.0790077759082474,0.006267625986387925
177800,3206385,sealed,0.007332894965405797,3.452985634654981,0.0021236390015096293
177800,3206386,sealed,0.11026696333795573,2.228872342967125,0.04947208559785253
177800,3206387,sealed,0.7964249047032872,2.406040187141345,0.3310106410356896
177800,3207001,sealed,0.5871319599156872,1.8968121795664856,0.30953616084955526
177800,3217441,sealed,0.016961012677019778,1.7801834735080326,0.009527676741991306
177800,3234636,sealed,0.00032088043292016316,0.6029314326210454,0.0005322005381693924
177800,3234637,sealed,0.8036696726081141,0.8036913934793813,0.9999729736171825
177800,3234638,sealed,0.7250602612506757,0.7250551873700151,1.000006997923398
177800,3234642,sealed,0.31131724898013846,0.8769939668188147,0.3549822014276821
177800,3234643,sealed,0.8936330198120527,1.1214477464330346,0.7968565835139556
177800,3258216,sealed,0.0003484391262995847,0.4338385031488983,0.000803153993411222
177800,3258217,sealed,0.0016432012129780752,0.3453818535587341,0.004757636210608383
177800,3283349,sealed,0.0005250113833562903,0.4512745444232113,0.001163396849754343
177800,3283352,sealed,0.22819146489217368,0.2293129018467038,0.9951095775880948
177800,3283353,sealed,0.2710106319915383,0.2710094619013387,1.000004317525268
177800,3283359,sealed,0.0026263478318156587,0.216129541388709,0.012151729999242316
177800,3283360,sealed,0.35170207268663084,0.3521974848720275,0.9985933681906426
177800,3283380,sealed,0.20940283959951358,0.2095013028367651,0.9995300113368353
177800,3283381,sealed,0.20243365369316013,0.2024386948984473,0.9999750976200983
177800,3283383,sealed,0.21696432451799444,0.2170427792044846,0.9996385289260592
177800,3283384,sealed,0.2516094819813893,0.2516482196406507,0.9998460642427087
177800,3283385,sealed,0.17273866001231158,0.1726420562910947,1.0005595607657383
177800,3283386,sealed,0.2865610616073107,0.2865737518931091,0.9999557172081723
177800,3283392,sealed,0.31232891878950314,0.3123320823065278,0.9999898713030012
177800,3314604,sealed,0.2276474381015169,0.2276145561010173,1.0001444635222934
177800,3314621,sealed,0.12813388740789894,0.1295014830885869,0.9894395365360222
177800,3314622,sealed,0.11777455596103403,0.1177741936921281,1.0000030759616736
177800,3314631,sealed,0.1257191058657583,0.1257205109850438,0.9999888234682273
177800,3314632,sealed,0.08470996148624509,0.0846620510667204,1.0005659019468702
177800,3314633,sealed,0.07326677705135831,0.0733097599028538,0.9994136817314305
177800,3314634,sealed,0.07497089988663104,0.0749323784101921,1.0005140831941577
177800,3314643,sealed,0.2646550174371746,0.2646009117239184,1.0002044804490797
177800,3314647,sealed,0.1438708845654794,0.1438651729631604,1.0000397010770665
177800,3314668,sealed,0.05636848192519736,0.056381189222376,0.9997746181420807
177800,3314669,sealed,0.061923250042528535,0.0618974701092603,1.0004164941349418
177800,3314670,sealed,0.1023858683425093,0.1023890440766218,0.999968983653074
177800,3314671,sealed,0.0612301550023865,0.0612675662263767,0.9993893796294769
177800,3314675,sealed,0.07255052333731049,0.0728042216806593,0.9965153347224616
177800,3314678,sealed,0.0414593622004656,0.0414692941268592,0.9997604992657165
177800,6063640,sealed,0.18306808567638344,2.170361751527972,0.08434911163887787
177800,6063641,sealed,0.2208616185047048,2.103575709062792,0.10499342503013856
177800,6064254,sealed,0.2740210233063364,0.2740493602347079,0.9998965991807197
177800,6064574,sealed,0.22477810922884675,0.2247909575901272,0.9999428430688752
177800,6064577,sealed,0.07020218548545569,0.3110363509840416,0.22570411870944812
177800,7742844,sealed,0.01788151792911059,0.0837837132706786,0.21342474845130197
177800,8325553,sealed,0.001618736169742688,1.133459593463554,0.0014281375172768677
177800,100047455,sealed,0.07161342630565377,8.64570288946305,0.008283123676726461
177901,3217406,sealed,0.5163383544029133,1.6418907960329625,0.31447789076500027
177901,3217411,sealed,0.33733265751770036,1.2353406027961054,0.2730685421932801
177901,3217412,sealed,0.4876197064230899,1.3324971156817496,0.36594428662129413
177901,3234554,sealed,0.00048090226052626615,0.7704091614316139,0.0006242166949736538
177901,3234557,sealed,1.3736593769647907,1.3736148203797387,1.0000324374667418
177901,3234561,sealed,0.0036249568708471565,1.202034919797048,0.003015683497330673
177901,3234563,sealed,0.5685687045324367,1.289587264765169,0.4408919970499025
177901,3257974,sealed,0.05500694180580916,0.5141144877558513,0.10699356488847188
177901,3257982,sealed,0.5716507945057525,0.5717815474200691,0.9997713236551501
177901,3257987,sealed,0.0006958740479945693,0.443971037542029,0.001567386133670248
177901,3257988,sealed,0.46995768299705615,0.4699504850952665,1.0000153162982441
177901,3257989,sealed,0.3803457075230974,0.3802891810128699,1.0001486408581934
177901,3257990,sealed,0.43971604482065174,0.4447666289456157,0.9886444175523306
177901,3257991,sealed,0.29569333857350033,0.2960433380936775,0.998817742285873
177901,3258001,sealed,0.5776746731601032,0.5776996785336541,0.9999567156180278
177901,3258005,sealed,0.34964859378952506,0.3496048292484133,1.000125182884933
177901,3283025,sealed,0.3025699099010176,0.3027439289618721,0.9994251938876159
177901,3283026,sealed,0.28820168203538415,0.2889743899381243,0.9973260332761474
177901,3283029,sealed,0.3139178411790855,0.3142487827709601,0.9989468802744232
177901,3283037,sealed,0.36261714455174104,0.3626177129487245,0.9999984325173228
177901,3283038,sealed,0.16343062474769934,0.1634305674798233,1.0000003504110457
177901,3283050,sealed,0.20558227638645407,0.2055533362796879,1.0001407912286415
177901,3283051,sealed,0.22241573662167338,0.2223954471049131,1.0000912317092117
177901,3283052,sealed,0.1978124829708826,0.1978332275302247,0.9998951411772377
177901,3283057,sealed,0.15616837756572358,0.1561865868761162,0.9998834130973931
177901,3283059,sealed,0.12949647071347326,0.1300750814553601,0.9955517172435105
177901,3283060,sealed,0.23327952754818948,0.234251401966509,0.9958511479113432
177901,3314028,sealed,0.2332916964405852,0.2332275815121995,1.0002749028565576
177901,3314031,sealed,0.15266644665079115,0.1527347199151056,0.9995529944707242
177901,3314032,sealed,0.23548100295086186,0.2357115897833206,0.9990217416433756
177901,3314033,sealed,0.12124279403205594,0.1211679922545623,1.0006173394153175
177901,3314043,sealed,0.14369035785583917,0.1437176343097568,0.9998102080231934
177901,3314044,sealed,0.08070682031835187,0.0806390221670234,1.0008407610795187
177901,3314045,sealed,0.1427885347852279,0.1428791789047012,0.9993655890230602
177901,3314046,sealed,0.10424349942823581,0.1042900111281332,0.9995540157739532
177901,3314050,sealed,0.000590559907007329,0.1207990246038772,0.004888780426364255
177901,3314059,sealed,0.04254889524054179,0.1717573370031297,0.24772679865062464
177901,3314060,sealed,0.12018674086581581,0.1201556817036448,1.0002584909987662
177901,3314061,sealed,0.09713863635309906,0.0971144492482588,1.0002490577357694
177901,3314072,sealed,0.07103338811439795,0.0710114726884418,1.0003086181024905
177901,3314073,sealed,0.08127719314256687,0.0812601580139524,1.0002096369122437
177901,3314079,sealed,0.014227704907793756,0.1847469490424503,0.07701185314039789
177901,3314094,sealed,0.09137925793858426,0.0913605590254229,1.0002046716149817
177901,3314095,sealed,0.0827532955834114,0.0827695334934118,0.999803817790012
177901,3314103,sealed,0.06807422617536239,0.0681362276935479,0.9990900359429294
177901,3314106,sealed,0.06746935618291046,0.0675340124260316,0.9990426121475906
177901,3314112,sealed,0.04844990065198345,0.0484338886703667,1.0003305945910255
177901,3314113,sealed,0.01793089983921206,0.0179635342883927,0.9981832946314064
177901,3314114,sealed,0.03289212344438462,0.0329133667105558,0.9993545702462469
177901,3314115,sealed,0.06627413777568596,0.0662647977357219,1.0001409502523695
178000,3217414,sealed,1.2850322959765497,1.2850240379886742,1.0000064263294937
178000,3217420,sealed,0.940848587562258,1.6202895787458138,0.5806669375054072
178000,3217436,sealed,1.3112083600369628,1.6967466712752897,0.7727779180208718
178000,3217437,sealed,1.3268320359146588,1.9037677561247093,0.6969505768999602
178000,3234564,sealed,0.0018565164150660563,0.9744834148391698,0.001905128796237603
178000,3234565,sealed,0.0007093845378315423,0.5027977353734516,0.0014108745682886756
178000,3234566,sealed,0.4557358612843577,0.4557123078484197,1.0000516848799832
178000,3234583,sealed,0.9242190859305214,1.00233170690479,0.9220690910641937
178000,3234584,sealed,0.2821580369306897,1.0397990440835665,0.2713582384367082
178000,3234626,sealed,0.6143973159363973,1.7973292981631883,0.3418390367109084
178000,3238127,sealed,0.001771900433237799,3.4408494015801536,0.0005149601817574704
178000,3257983,sealed,0.5240836865138807,0.5240752330073012,1.000016130330241
178000,3258009,sealed,0.5187036594916854,0.5186932730504051,1.0000200242451944
178000,3258010,sealed,0.005547512513686554,0.4331581004080632,0.012807130949324128
178000,3258011,sealed,0.06070550197882445,0.3459187031615263,0.17549066131436694
178000,3258012,sealed,0.5366086189816258,0.5366461695568074,0.9999300273116407
178000,3258015,sealed,0.44092956129227234,0.4409600721055751,0.9999308082177213
178000,3258018,sealed,0.280466911054035,0.2804661198232339,1.0000028211279195
178000,3258134,sealed,7.317959628608306e-05,0.5763571454794989,0.00012696918370848248
178000,3283031,sealed,0.20582650361732963,0.2058184965823513,1.0000389033790027
178000,3283032,sealed,0.22887416075489275,0.228881024455771,0.9999700119269627
178000,3283067,sealed,0.22601186959273203,0.2259705962940439,1.0001826489789603
178000,3283070,sealed,0.001043710644222082,0.154971872310719,0.006734839223787911
178000,3283071,sealed,0.28052478503497674,0.2805429142025024,0.9999353782733128
178000,3283072,sealed,0.18185495894185238,0.1819216323999258,0.9996335045085412
178000,3283073,sealed,0.18719152522181828,0.1872252775584908,0.9998197233989305
178000,3283074,sealed,0.1667732351427908,0.1667952217248117,0.9998681821829574
178000,3283075,sealed,0.3057144947920351,0.3056616517303235,1.000172880900867
178000,3283076,sealed,0.2013639424431679,0.2016490472709479,0.9985861335243656
178000,3283079,sealed,0.0008383676717347314,0.3754717676804413,0.0022328381090113126
178000,3283080,sealed,0.0006989038044895419,0.2011897723170597,0.0034738535485199663
178000,3283081,sealed,0.23080877460057825,0.2307374231546814,1.0003092322212899
178000,3283224,sealed,0.3632044161911882,0.3631982719592487,1.0000169170186477
178000,3283225,sealed,0.3141500808133785,0.3141514594460202,0.9999956115669679
178000,3283240,sealed,0.30700351357810995,0.3075249088123665,0.9983045430815015
178000,3283244,sealed,0.0026145005770430944,0.3093356623670767,0.00845198564251078
178000,3314078,sealed,0.0007293967836468957,0.1466581712417427,0.0049734479672776015
178000,3314083,sealed,0.08009063689036827,0.0807824775318994,0.9914357585621468
178000,3314084,sealed,0.10073677301131821,0.1007343162678091,1.000024388347488
178000,3314085,sealed,0.0916526429701907,0.1325427137622165,0.6914951442341587
178000,3314086,sealed,0.003867729421112458,0.1403132613776742,0.02756495988431118
178000,3314087,sealed,0.20431351146479698,0.2042853227238524,1.0001379871082694
178000,3314088,sealed,0.10879197365532615,0.108742581603513,1.000454210770839
178000,3314118,sealed,0.05572314128212196,0.055690360965691,1.0005886174171355
178000,3314336,sealed,0.255365063325329,0.2553939642027039,0.9998868380563921
178000,3314350,sealed,0.0008480286470666019,0.1625538374991448,0.005216909425906746
178000,3314355,sealed,0.12064144121574119,0.1206243930657487,1.0001413325245352
178000,3314391,sealed,0.09660198383510268,0.0965737615374198,1.0002922356676762
178000,3314395,sealed,0.10025686688137538,0.1002735506099308,0.9998336178538214
178100,3200519,sealed,0.4923611732293136,9.549813901011552,0.051557148477747915
178100,3200521,sealed,1.7637991950509109,8.68039380384376,0.20319345353547025
178100,3217406,sealed,0.5182173432470257,1.6418907960329625,0.3156222962569199
178100,3217411,sealed,0.8980464350698255,1.2353406027961054,0.7269626150368258
178100,3234551,sealed,1.1002182495563704,1.100162373636686,1.0000507887935668
178100,3234552,sealed,0.8900852662136856,0.8900716271576157,1.0000153235488625
178100,3234556,sealed,0.8497187018182097,0.8497508920598495,0.9999621180254818
178100,3257968,sealed,0.6113025716495166,0.6112800807112587,1.0000367931803564
178100,3257969,sealed,0.058045834984220626,0.6170259537321229,0.09407357118955288
178100,3257984,sealed,0.6586900929695757,0.6586994944340614,0.9999857272328806
178100,3257985,sealed,0.36701575633276834,0.3670161225851222,0.9999990020810223
178100,3257986,sealed,0.4561755889515151,0.4561563026916091,1.000042279937364
178100,3257987,sealed,0.4432305135994484,0.443971037542029,0.9983320444804679
178100,3257988,sealed,6.287255917510519e-05,0.4699504850952665,0.00013378549691753146
178100,3257990,sealed,0.005024121471288107,0.4447666289456157,0.011296084607783011
178100,3257999,sealed,0.2730145915841515,0.2730328851127518,0.9999329988085766
178100,3283011,sealed,0.19049373413011841,0.1905118422008207,0.9999049504193906
178100,3283012,sealed,0.27635456620807813,0.2762788192252807,1.0002741686207066
178100,3283019,unmetalled,0.13458989066052737,0.1346023978890967,0.9999070801949633
178100,3283022,sealed,0.2889574895110698,0.2889236852462468,1.0001170006702436
178100,3283033,sealed,0.18108382415033397,0.1810506839467552,1.0001830437911436
178100,3283034,sealed,0.17385605093031886,0.1738701826602684,0.9999187225219798
178100,3283035,sealed,0.17361775964192208,0.1735739975653806,1.000252123458325
178100,3283036,sealed,0.39231813057285764,0.3923255955447355,0.9999809725086443
178100,3283048,sealed,0.3524402884957102,0.3524373021792904,1.0000084733267487
178100,3283082,sealed,0.10498125141753359,0.1049442991624726,1.000352113029063
178100,3283083,sealed,0.11248530042153464,0.1124480049744408,1.0003316683751065
178100,3313947,sealed,0.1097850606146559,0.1106745331578735,0.9919631687811251
178100,3313959,sealed,0.2892012591776693,0.2891468628380962,1.0001881270266575
178100,3313965,sealed,0.10476742987512846,0.1047176999021176,1.0004748955817149
178100,3313966,sealed,0.07117366804461142,0.0712475863595021,0.9989625148209555
178100,3313967,sealed,0.08835960182419979,0.0883292863002916,1.0003432103346235
178100,3313968,sealed,0.20090921902642583,0.2009495420417263,0.9997993376103734
178100,3313970,sealed,0.11237747329287,0.1123986000842508,0.999812036881554
178100,3313994,sealed,0.10735805337594534,0.1072642220747251,1.0008747679273233
178100,3313995,sealed,0.06461987179338155,0.0645983712147574,1.0003328346863836
178100,3313996,sealed,0.10196920159488422,0.1020945262126242,0.9987724648677151
178100,3314025,sealed,0.15348922660248698,0.1534747763030009,1.000094154230644
178100,3314027,sealed,0.1567433681173448,0.1567162305714829,1.0001731635948805
178100,3314038,sealed,0.12572760224689977,0.1257020286449696,1.000203446214877
178100,3314039,sealed,0.09966503699941051,0.0996497825728308,1.0001530803799652
178100,3314040,sealed,0.18065892049708504,0.1806566153625592,1.000012759757074
178100,3314041,sealed,0.10346580854859752,0.1034566448078496,1.000088575661476
178100,3314042,sealed,0.1079728423126916,0.1079845522465392,0.9998915591757895
178100,3314053,sealed,0.10120545505220341,0.1012185639846697,0.9998704888515482
178100,3314059,sealed,0.05504915541498575,0.1717573370031297,0.32050540824339085
178100,3314089,sealed,0.08562577148023762,0.0856411276844951,0.9998206912417822
178100,3314090,sealed,0.05367407968683293,0.0536306881298459,1.0008090807427639
178100,3314091,sealed,0.11835506714253045,0.1183536685726998,1.0000118168692826
178100,3314092,sealed,0.08225841126023205,0.0822672729392032,0.9998922818436232
178100,3314093,sealed,0.07834546147169466,0.0783584408592303,0.9998343587826236
178100,3314102,sealed,0.12079844946735566,0.1208460679079875,0.9996059578813263
178100,6082175,sealed,0.30773202659628746,0.3077320559380156,0.9999999046517007
178100,7741211,sealed,0.01972250921113955,2.1004645869745717,0.009389593775321435
178100,8328174,sealed,0.16606953368955388,0.1661319895932889,0.9996240585338927
178201,3206385,sealed,0.2469774363683033,3.452985634654981,0.07152576422258446
178201,3207001,sealed,0.3516285050195027,1.8968121795664856,0.18537866258316996
178201,3217443,sealed,0.6281131679410138,2.0264932929659896,0.3099507756187552
178201,3234629,sealed,0.5781588822943001,1.0685170738198464,0.5410853007967737
178201,3234631,sealed,0.4248693798291752,0.8609341430020402,0.49349811862226073
178201,3234641,sealed,0.00021285149160659,0.7594345182542983,0.0002802762930711509
178201,3234644,sealed,0.5172262797721935,0.5172373158380532,0.9999786634383835
178201,3258211,sealed,0.3442869819663031,0.345601914956354,0.9961952381247164
178201,3258212,sealed,0.393416714826847,0.393347245166493,1.0001766115339756
178201,3283348,sealed,0.3182528254337492,0.3182975693119887,0.9998594275214348
178201,3283349,sealed,0.45072293063824576,0.4512745444232113,0.9987776536660835
178201,3283354,sealed,0.3918951346092193,0.3918292423890011,1.0001681656525085
178201,3283356,sealed,0.0023981366751408043,0.3856392037281563,0.006218601874386433
178201,3283369,sealed,0.09823628029426629,0.1904008330414426,0.5159445929151172
178201,3283371,sealed,0.0002537117332734311,0.3040015385391225,0.0008345738462135464
178201,3283372,sealed,0.4496940741074004,0.4495888010037522,1.0002341541947068
178201,3283373,sealed,0.5350477030837412,0.5372437226653473,0.9959124332421954
178201,3314600,sealed,0.13116588873171708,0.1311851154287518,0.9998534384257552
178201,3314617,sealed,0.08775960575124944,0.087785115047075,0.9997094120590732
178201,3314618,sealed,0.06474391067833712,0.0647354166677137,1.000131211183316
178201,3314619,sealed,0.0826136841326927,0.0826253874519473,0.9998583568608207
178201,3314623,sealed,0.08898097477925947,0.0890710222793606,0.9989890370875197
178201,3314657,sealed,0.0006138133043021592,0.0701073300084695,0.008755337055740189
178201,3314659,sealed,0.07782064814312942,0.0778521759424016,0.9995950299540053
178201,3314660,sealed,0.00021991269864730337,0.0572647718918124,0.0038402789600345206
178201,8329726,sealed,0.07850725639225654,0.0790077759082474,0.993664933479812
178202,3206385,sealed,0.3425592351795447,3.452985634654981,0.09920667834280546
178202,3217443,sealed,0.5056222896398941,2.0264932929659896,0.24950602668902092
178202,3234627,sealed,0.7671263527741432,0.767151424009804,0.9999673190521765
178202,3234630,sealed,0.9584341252872526,0.9583372156491838,1.0001011226909342
178202,3234631,sealed,0.4355224220399411,0.8609341430020402,0.5058719364076946
178202,3234632,sealed,0.7627401511385756,0.7662855970794359,0.9953732055589024
178202,3234645,sealed,0.00014450402241477283,0.6278164363719315,0.00023016922470179746
178202,3258210,sealed,0.40466927194129626,0.4047000416111047,0.999923969195343
178202,3258226,sealed,0.33667650741866323,0.3366170309287051,1.0001766888912127
178202,3258227,sealed,0.30910483787625254,0.3090514702976072,1.0001726818467938
178202,3283347,sealed,0.3094328381186609,0.3093814095844077,1.0001662302021388
178202,3283350,sealed,0.384374013616226,0.3843386433933586,1.0000920287966755
178202,3283369,sealed,0.09213213853300677,0.1904008330414426,0.48388516510824986
178202,3283370,sealed,0.116882367366572,0.144602691788725,0.8083000801765543
178202,3283371,sealed,0.30375108591016214,0.3040015385391225,0.9991761468374013
178202,3283373,sealed,0.0021507245787872327,0.5372437226653473,0.004003256786542174
178202,3314616,sealed,0.10425363118859397,0.1041837752167525,1.0006705072041797
178202,3314654,sealed,0.057892941543122134,0.0578575780714022,1.0006112159011615
178202,3314656,sealed,0.04350676308105275,0.0440845867159819,0.9868928421933085
178202,3314657,sealed,0.0695107758015957,0.0701073300084695,0.9914908440130051
178202,3314658,sealed,0.05623441408561651,0.0561706893932275,1.0011344830030997
178202,3314660,sealed,0.05707558308174983,0.0572647718918124,0.996696244413232
178202,8055703,sealed,0.22236038410509676,1.771324713923371,0.12553338321158672
178301,3218957,sealed,0.2423939021024389,2.1385262259614883,0.11334623777805569
178301,3234584,sealed,0.49102953437846986,1.0397990440835665,0.4722350315403895
178301,3234626,sealed,0.8655474679805651,1.7973292981631883,0.4815742273077762
178301,3238127,sealed,0.724113244823043,3.4408494015801536,0.21044607313836688
178301,3258061,sealed,0.4848358765596786,0.665517068967041,0.7285100550647027
178301,3258065,sealed,0.6594221904507189,0.659466889020578,0.9999322201453882
178301,3258204,sealed,0.3934807256000762,0.3934323731905216,1.0001228989093156
178301,3283077,sealed,0.24518251756805143,0.2452035409066044,0.9999142616844959
178301,3283179,sealed,0.20449735269841104,0.204530588006051,0.999837504463445
178301,3283242,sealed,0.2704362005407249,0.2704559853706104,0.9999268463966203
178301,3291512,sealed,0.05089622621230011,0.2141410489824163,0.23767617864092624
178301,3314212,sealed,0.13841629643106784,0.1384265954940556,0.999925599102174
178301,3314239,sealed,0.10581387754968427,0.1058916267922968,0.9992657659064486
178301,3314240,sealed,0.060457869893648,0.0619466129480385,0.9759673211570216
178301,3314256,sealed,0.09575392984031439,0.0958125720322439,0.9993879488809696
178301,6064566,sealed,0.10877647993705893,0.1087776550160583,0.9999891974229524
178301,8055703,sealed,0.013379057266588475,1.771324713923371,0.007553136452861158
178400,3206385,sealed,0.3788210382564113,3.452985634654981,0.10970825782026826
178400,3234631,sealed,0.0005495213442457443,0.8609341430020402,0.000638284993936455
178400,3234633,sealed,0.5425420182892909,0.8106348087945816,0.6692804360277274
178400,3234641,sealed,0.7592157496517108,0.7594345182542983,0.9997119322373041
178400,3234642,sealed,0.5657043299639779,0.8769939668188147,0.6450492835384024
178400,3234645,sealed,0.0004735501475802448,0.6278164363719315,0.0007542812200279889
178400,3258201,sealed,0.7865958461329724,0.7867826135240659,0.9997626188125117
178400,3258218,sealed,0.5131756617140351,0.5132554390095371,0.9998445660982065
178400,3283356,sealed,0.3832911826315743,0.3856392037281563,0.9939113526999264
178400,3283357,sealed,0.24884446696276824,0.2488645937085472,0.9999191257162017
178400,3283359,sealed,0.08932731454549091,0.216129541388709,0.4133045115976799
178400,3283378,sealed,0.2792937522428285,0.2792457332182201,1.0001719597433234
178400,3283379,sealed,0.469528292637298,0.4696316719834518,0.9997798714347412
178400,3283394,sealed,0.22404340071111994,0.2240592899185901,0.9999290848084187
178400,3283395,sealed,0.2198253438899592,0.219840959933084,0.9999289666351096
178400,3314602,sealed,0.261569412304481,0.2614987899083025,1.0002700677743224
178400,3314626,sealed,0.08610344171714883,0.0861193553385517,0.9998152143459469
178400,3314642,sealed,0.09609182626334813,0.0961150905469141,0.9997579538922182
178400,3314661,sealed,0.09740617663613126,0.0974865577090281,0.9991754650611753
178400,3314667,sealed,0.06047144996894359,0.0605023566934052,0.9994891649490906
178400,3314673,sealed,0.07605878726239143,0.0760139268384064,1.0005901605909717
178400,3314674,sealed,0.06340945455568679,0.0634161183883579,0.9998949189442612
178400,3314675,sealed,0.00021251314695705403,0.0728042216806593,0.0029189673627609005
178400,6063640,sealed,1.0104344905429579,2.170361751527972,0.46556040246820357
178400,6063641,sealed,0.5614934330509203,2.103575709062792,0.2669233299433197
178400,7742842,sealed,0.06754413364802105,0.0675926406552366,0.9992823625953162
178500,3234628,sealed,1.1954551389401977,1.195433252639691,1.00001830825808
178500,3234646,sealed,0.8666986468009913,0.866622717581518,1.0000876150808569
178500,3234647,sealed,0.6884628344433324,0.6885142438606103,0.9999253328195657
178500,3234649,sealed,0.5700726015188826,0.5701447496017069,0.999873456551385
178500,3234650,sealed,1.0250401126079294,1.1439740870709325,0.8960343806672008
178500,3258202,sealed,0.6297108375994571,0.629769084137529,0.9999075112774841
178500,3258219,sealed,0.0887056421770854,0.5472998674061417,0.1620786838438214
178500,3258231,sealed,0.5740271775928585,0.5740722384451462,0.9999215066514804
178500,3258232,sealed,0.29615502895460727,0.2961278049073777,1.000091933438125
178500,3258234,sealed,0.3907937701369852,0.3907261411968143,1.0001730852713455
178500,3258235,sealed,0.2983194268066959,0.2983414889902568,0.9999260505683082
178500,3258236,sealed,0.3837837824061314,0.3838044958595059,0.9999460312383052
178500,3283358,sealed,0.40325399985205035,0.4032568175572187,0.999993012628564
178500,3283359,sealed,0.1241651397746026,0.216129541388709,0.5744940695140401
178500,3283396,sealed,0.251088782815551,0.2510930516220859,0.9999829991052828
178500,3283403,sealed,0.2833818103275918,0.2833897009663091,0.9999721562262481
178500,3283404,sealed,0.3180236596024786,0.3179976603348157,1.0000817593048814
178500,3283406,sealed,0.3183471763485644,0.3183180480026394,1.0000915070512268
178500,3283407,sealed,0.18203976150257464,0.1820832374942174,0.9997612301261717
178500,3283408,sealed,0.13648181694465775,0.1365053255225387,0.9998277827052464
178500,3314627,sealed,0.08673979570081991,0.0867066594401839,1.000382165116843
178500,3314628,sealed,0.10866985931852981,0.1086212717830294,1.000447311421629
178500,3314644,sealed,0.15347834532879012,0.1534747042652282,1.0000237241933736
178500,3314645,sealed,0.13133572373250893,0.1663553772428651,0.7894888996630968
178500,3314646,sealed,0.09839930485367625,0.0983895573829385,1.0000990701757078
178500,3314676,sealed,0.08610881516719039,0.0861422193630156,0.999612220394689
178500,3314677,sealed,0.0929684387316161,0.0929477890031567,1.0002221648161926
178500,3314682,sealed,0.1419051956597426,0.1418759193843745,1.0002063512645074
178500,3314684,sealed,0.113046776992349,0.1131532370910525,0.9990591510995144
178500,3314685,sealed,0.11859834780463592,0.1186220411581244,0.999800261795724
178500,3314686,sealed,0.0925242166426124,0.0924910044338359,1.00035908582656
178500,3314687,sealed,0.17613087883699358,0.1760641043041478,1.000379262616362
178500,3314688,sealed,0.08972571206170675,0.0897304792006911,0.9999468726900066
178500,3314689,sealed,0.08755361070930633,0.0875784072431035,0.9997168647549349
178500,3314690,sealed,0.054646214271094985,0.054607208315819,1.000714300483013
178500,3314691,sealed,0.07634696257180859,0.0764103684179165,0.9991701931633006
178500,3314692,sealed,0.07770604101492534,0.0777309621175955,0.9996793928443538
178500,6063641,sealed,1.297906156221064,2.103575709062792,0.6169999732499866
178500,6064025,sealed,0.37273744445658724,0.3726960123033391,1.0001111687592044
178500,6064577,sealed,0.24078589132977538,0.3110363509840416,0.7741406770237265
178500,7742030,sealed,0.31914220080296013,0.3191473992146446,0.999983711564947
178500,7742844,sealed,0.003975412627593538,0.0837837132706786,0.04744851323013389
178500,7742849,sealed,0.21500329870310106,0.2150073864854951,0.9999809877118137
178500,7742851,sealed,0.07796647804917609,0.0779678893538134,0.9999818988990339
178500,8325553,sealed,0.10557860213149296,1.133459593463554,0.09314721295787223
178500,100047455,sealed,0.051262028721379096,8.64570288946305,0.0059291915737533256
178600,3200519,sealed,2.4467189692484173,9.549813901011552,0.256205931823368
178600,3200520,sealed,0.28755134914477765,6.0476882777890015,0.0475473165839005
178600,3206994,sealed,0.47576522467521365,4.476152964550434,0.10628886645365067
178600,3218951,sealed,1.3873266802604851,1.7051325848422607,0.8136180685262223
178600,3234547,sealed,0.9826334912287467,0.9827472193552818,0.9998842753006112
178600,3257956,sealed,0.5163530809159047,0.5163736952428184,0.9999600786656958
178600,3257958,sealed,0.32777347002782,0.3278271179241895,0.999836353085403
178600,3257959,sealed,0.3181220220638197,0.3181192554939599,1.0000086966438277
178600,3257962,sealed,0.2602071575673549,0.2601869737465202,1.0000775742941472
178600,3257964,unmetalled,0.5937997520016526,0.5970775296694211,0.9945102980686892
178600,3265103,metalled,0.40285955744739915,0.402914353516851,0.9998640007014553
178600,3282991,sealed,0.2776657362229298,0.277675251390779,0.9999657327478717
178600,3282993,unmetalled,0.5135831468080002,0.5136340599314966,0.9999008766601203
178600,3282995,sealed,0.1703924455737763,0.1704201072663994,0.9998376852763047
178600,3313837,sealed,0.12435700659214236,0.124351700627283,1.0000426690172517
178600,3313939,sealed,0.11005772766749018,0.1101436967567947,0.9992194824412481
178600,3313940,sealed,0.167823265362057,0.1678214238468089,1.0000109730641409
178600,3313941,sealed,0.18237101822904084,0.1823788900950586,0.9999568378444805
178600,3313942,sealed,0.09142886266968012,0.0914063817604559,1.0002459446352787
178600,7741211,sealed,0.24524633781141428,2.1004645869745717,0.11675813976214551
178600,7741576,sealed,0.6974456621031446,0.6974851340026857,0.9999434082568691
178600,7742380,metalled,0.001282767245102393,0.2670116113189101,0.004804162780660115
178600,7742782,sealed,0.16186711028414036,0.1618198879191596,1.0002918205270563
178600,7742783,sealed,0.17790007634357763,0.1778768724182527,1.0001304493665166
178600,7742784,sealed,0.08652443136084775,0.0865523525748339,0.9996774066428523
178600,7742785,sealed,0.0745203316482321,0.0744522019318501,1.0009150799387285
178600,8328172,sealed,0.22753166721542778,0.2274555017092446,1.0003348589311352
178600,8328173,sealed,0.2196838110007225,0.2196772870501252,1.0000296978840413
178600,8329689,sealed,0.109742807512915,0.1097208063032976,1.0002005199411002
178600,8329690,sealed,0.08937968329066605,0.0893840851209638,0.9999507537578777
178600,8329691,sealed,0.09616996341457874,0.0961293198480411,1.0004228009373404
178701,3200519,sealed,0.017624938025603894,9.549813901011552,0.001845579213196709
178701,3217413,sealed,0.7285472866415392,1.8715401933667184,0.38927685829228903
178701,3234558,sealed,0.3371669640257508,0.6478019438762427,0.5204784690954305
178701,3234560,sealed,0.3710605504273179,0.621264218684815,0.5972668942898955
178701,3234561,sealed,0.8002052034516762,1.202034919797048,0.6657087828919174
178701,3234563,sealed,0.7210478578337906,1.289587264765169,0.5591307215375547
178701,3238118,sealed,0.04482934711574834,0.9090091887666244,0.049316715023061945
178701,3257979,sealed,0.2714003537499489,0.4269180749209407,0.635719988665761
178701,3257980,sealed,0.616828717462876,0.722009347669671,0.8543223428529398
178701,3257981,sealed,0.5907567515840807,0.5908843909335578,0.999783985917659
178701,3258002,sealed,0.32843011797496935,0.3284948913050099,0.999802817846624
178701,3258003,sealed,0.379784772041177,0.3798284517844946,0.9998850013917799
178701,3258004,sealed,0.12464143868807857,0.4731492162342504,0.26342945187585415
178701,3258006,sealed,0.413070392129555,0.4130499776209892,1.0000494238219872
178701,3258017,sealed,0.25836052769984935,0.2584988474894768,0.999464911387533
178701,3283026,sealed,0.0008142161059560511,0.2889743899381243,0.002817606453396761
178701,3283027,sealed,0.04782212837290662,0.3497317839925021,0.13673944022751983
178701,3283029,sealed,0.000393871232388284,0.3142487827709601,0.0012533739316831552
178701,3283049,sealed,0.15607178721096948,0.1560190001577118,1.0003383373384287
178701,3283058,sealed,0.22250142548031343,0.2224801461287591,1.0000956460696588
178701,3283059,sealed,0.0006034339310504508,0.1300750814553601,0.004639120147370738
178701,3283060,sealed,0.0009994859190628454,0.234251401966509,0.004266723318077483
178701,3283061,sealed,0.1987435247696399,0.1987718636328336,0.9998574302083013
178701,3283062,sealed,0.20014720504445893,0.2001283110933076,1.0000944091870267
178701,3283063,sealed,0.21236033498000279,0.2123126644433462,1.000224529878053
178701,3283064,sealed,0.04957917511007185,0.214529864863239,0.23110616855922678
178701,3283084,sealed,0.20011760608985224,0.200045108557856,1.0003624059219387
178701,3314032,sealed,0.00029867302575830825,0.2357115897833206,0.001267112177355663
178701,3314059,sealed,0.07418708290560452,0.1717573370031297,0.43192962932496276
178701,3314062,sealed,0.1092361787138648,0.1092416766632777,0.9999496716859276
178701,3314063,sealed,0.14995681123526963,0.1500047926452965,0.9996801341531778
178701,3314074,sealed,0.07067321624980656,0.070576649354183,1.0013682555988024
178701,3314079,sealed,0.03012472154199521,0.1847469490424503,0.16305937228264208
178701,3314107,sealed,0.05410072297590817,0.0541027944089443,0.9999617130120771
178701,3314108,sealed,0.06808528401206894,0.0682283356766352,0.9979033393802211
178701,7742787,sealed,0.059246510055918314,0.1086250680514618,0.5454220753891718
178800,3200519,sealed,0.9854989426997576,9.549813901011552,0.10319561751830261
178800,3217407,sealed,1.098002971362029,1.631612432179974,0.6729557520562667
178800,3217408,sealed,0.4039984423750697,1.1625029548244787,0.3475246584952274
178800,3217409,sealed,0.9036082229567046,1.3153096514975524,0.6869927715712395
178800,3217410,sealed,0.04121243430039429,1.8544741394312976,0.022223245622089237
178800,3217413,sealed,0.2800129610761655,1.8715401933667184,0.14961632246457368
178800,3234558,sealed,0.3105755596237428,0.6478019438762427,0.4794298049884761
178800,3234559,sealed,0.6988017068695798,0.6987943243952145,1.000010564588331
178800,3234560,sealed,0.24895676301892164,0.621264218684815,0.4007260607184984
178800,3234561,sealed,0.2874887608547023,1.202034919797048,0.23916839362973086
178800,3234562,sealed,0.21029848368106496,0.6976009459693807,0.30145957355151787
178800,3257979,sealed,0.1554585579138059,0.4269180749209407,0.3641414291081366
178800,3257980,sealed,0.10514899670764058,0.722009347669671,0.145633844003565
178800,3257981,sealed,0.00011572752297102994,0.5908843909335578,0.0001958547640566172
178800,3257997,sealed,0.0006151549929683895,0.3772898052005842,0.0016304575010749243
178800,3257998,sealed,0.6899865887124836,0.6899923890025296,0.9999915936898169
178800,3258000,sealed,0.35907357361315095,0.3590464745106901,1.0000754751943959
178800,3258004,sealed,0.3484905350788,0.4731492162342504,0.7365341062010058
178800,3258016,sealed,0.2617162586162164,0.2616470374196684,1.0002645594508948
178800,3258017,sealed,9.397446555704839e-05,0.2584988474894768,0.0003635392051830095
178800,3283024,sealed,9.219623158536232e-05,0.2468306310493269,0.00037352021989093295
178800,3283046,sealed,0.2608796546375301,0.2609661480660065,0.9996685645662574
178800,3283047,sealed,0.28059578129785995,0.2806951601700042,0.9996459544507855
178800,3283053,sealed,0.3183110016820723,0.3183552518189409,0.9998610039048649
178800,3283054,sealed,0.32717016877142385,0.3271401369469343,1.0000918011001947
178800,3313947,sealed,0.0008832597694505259,0.1106745331578735,0.007980695687151313
178800,3313949,sealed,0.08356340837663807,0.0835804443151154,0.9997961731525009
178800,3313950,sealed,0.16301902728726025,0.1630568223861083,0.9997682090310913
178800,3313952,sealed,0.03437897771908808,0.0343881292249852,0.999733876017586
178800,3313953,sealed,0.13315818367907012,0.1332152756915147,0.9995714304373262
178800,3313954,sealed,0.06381442323888822,0.0638025388576083,1.0001862681562947
178800,3314052,sealed,0.06616966449415218,0.0661351795719397,1.0005214308396178
178800,3314054,sealed,0.1345924200427961,0.1345961882273653,0.9999720037794618
178800,3314055,sealed,0.12760857306447487,0.1276640829250729,0.9995651881145725
178800,3314056,sealed,0.10809695971953644,0.108061037961332,1.0003324209991142
178800,3314064,sealed,0.08582414154056225,0.0858281053183226,0.999953817251987
178800,3314108,sealed,0.00014775478872446808,0.0682283356766352,0.0021655927447027956
178800,6064300,sealed,0.17779302130128974,0.1777378134982216,1.000310613717934
178800,6064301,sealed,0.17303387701351125,0.1730816427254921,0.999724027856284
178800,6064555,sealed,0.05186310888737998,0.0519494868774124,0.9983372696204632
178800,6064556,sealed,0.03478867235192295,0.0348279573231471,0.9988720276971845
178800,7742787,sealed,0.04930961050413938,0.1086250680514618,0.45394319551338413
178800,7742788,sealed,0.14071494217664682,0.1406383982095658,1.000544260799721
178800,7742789,sealed,0.12301828617416635,0.1230948815610234,0.9993777532754757
178901,3217407,sealed,0.5335934739654986,1.631612432179974,0.3270344497513861
178901,3217408,sealed,0.7586095917975029,1.1625029548244787,0.6525657321120891
178901,3217409,sealed,0.41167084594591513,1.3153096514975524,0.31298397717769744
178901,3217410,sealed,1.813244804863896,1.8544741394312976,0.9777676411383956
178901,3217413,sealed,0.5606336984465213,1.8715401933667184,0.2995573915182639
178901,3217416,sealed,0.9755227510062341,1.807888449131001,0.5395923357301936
178901,3217420,sealed,0.6794322229893014,1.6202895787458138,0.4193276509963215
178901,3217436,sealed,0.13376118546537266,1.6967466712752897,0.07883391653559961
178901,3217437,sealed,0.09269055745132865,1.9037677561247093,0.04868795427022497
178901,3218953,sealed,1.4646726041323026,1.4646376741514695,1.0000238488886704
178901,3218956,sealed,0.8980902665704033,1.3942035201981056,0.6441600910911426
178901,3218957,sealed,0.7248457640608794,2.1385262259614883,0.33894639928251824
178901,3218961,sealed,0.3977093269896127,1.875482314068212,0.21205709273094636
178901,3234560,sealed,0.0012317917421666258,0.621264218684815,0.001982717988771777
178901,3234561,sealed,0.11081774103132638,1.202034919797048,0.0921917817911953
178901,3234562,sealed,0.48726386049439185,0.6976009459693807,0.6984850913831459
178901,3234564,sealed,0.9725616058576116,0.9744834148391698,0.9980278689690422
178901,3234565,sealed,0.5020503261510612,0.5027977353734516,0.9985134992268107
178901,3234581,sealed,0.09250959398572081,0.7249882148937878,0.12760151418361146
178901,3234583,sealed,0.07799864324527203,1.00233170690479,0.07781719635122848
178901,3234584,sealed,0.09456751089960323,1.0397990440835665,0.09094787251218422
178901,3234590,sealed,0.1680399078745628,0.8991409989487982,0.1868893845025655
178901,3234592,sealed,0.6796749160164901,0.6797349591344782,0.9999116668678266
178901,3238116,sealed,0.6029640310207731,0.6029583284376884,1.0000094576736331
178901,3238118,sealed,0.8641991699742381,0.9090091887666244,0.9507045480440235
178901,3238126,sealed,0.21071409231492236,0.8132723751548466,0.2590941224024762
178901,3257966,sealed,0.23114605661578103,0.2311393302572428,1.0000291008827047
178901,3257967,sealed,0.428242074272819,0.4282141690847983,1.0000651664284728
178901,3257997,sealed,0.376686647500981,0.3772898052005842,0.9984013411142066
178901,3258010,sealed,0.42758573188618143,0.4331581004080632,0.987135485826925
178901,3258011,sealed,0.2851454455153105,0.3459187031615263,0.8243134670349472
178901,3258023,sealed,0.10657928481396246,0.5770350994877611,0.18470156305669064
178901,3258067,sealed,0.4371115044780613,0.4371436806552862,0.9999263945044873
178901,3258068,sealed,0.31560170868557513,0.3155893983256969,1.0000390075203527
178901,3258069,sealed,0.26638587484767545,0.2664437866379142,0.9997826491247198
178901,3265105,sealed,0.7112619895391097,0.7112057861192909,1.0000790255379184
178901,3265106,sealed,0.556068510686376,0.5560270810060245,1.0000745101844257
178901,3265110,sealed,0.3941532368591253,0.5495832777274465,0.7171856438008231
178901,3282998,sealed,0.20426187626022557,0.2042010066264198,1.000298086844974
178901,3282999,sealed,0.23764018645640458,0.2376716064695429,0.999867800728892
178901,3283000,sealed,0.2677772195548377,0.2677641188207343,1.0000489263989554
178901,3283001,sealed,0.1924704028661467,0.1924484323389161,1.0001141631914772
178901,3283002,sealed,0.16355374339925233,0.1635219310095119,1.0001945450958414
178901,3283003,sealed,0.15901917292761178,0.1590931870539813,0.9995347750099167
178901,3283024,sealed,0.24675109249199795,0.2468306310493269,0.9996777605883402
178901,3283027,sealed,0.3019359173091,0.3497317839925021,0.8633356507156159
178901,3283028,sealed,0.2534966816420476,0.2534749651394345,1.000085675137981
178901,3283055,sealed,0.1616453999717046,0.1616488080805919,0.9999789165851096
178901,3283064,sealed,0.16499703885011383,0.214529864863239,0.7691098810662006
178901,3283068,sealed,0.23887797505569605,0.238859865967292,1.0000758146971687
178901,3283069,sealed,0.18122070372103966,0.1812287866504242,0.9999553993075055
178901,3283070,sealed,0.15397210693804572,0.154971872310719,0.9935487301162063
178901,3283076,sealed,0.00020541264468735277,0.2016490472709479,0.0010186640971893504
178901,3283085,sealed,0.17506580938494148,0.175138639763427,0.9995841558517076
178901,3291510,sealed,0.3597853066368986,0.3626252723034822,0.9921683184171268
178901,3291511,sealed,0.3896071083730788,0.3896195811721999,0.9999679872374906
178901,3313944,sealed,0.17408122114982913,0.1740238114357905,1.0003298957399276
178901,3313945,sealed,0.14555547515576953,0.1456266718170256,0.9995111015010661
178901,3313946,sealed,0.15980796276401305,0.1597015249848156,1.0006664794165714
178901,3313951,sealed,0.13374291024361684,0.133765349355486,0.9998322501905218
178901,3313955,sealed,0.05436082897562416,0.0543318558904021,1.0005332614678304
178901,3313956,sealed,0.06135452715832255,0.0613689693151441,0.9997646667854663
178901,3314029,sealed,0.11674466149544911,0.2446773426473033,0.47713719722603753
178901,3314034,sealed,0.06938904907886512,0.0694051718577285,0.9997677006131988
178901,3314035,sealed,0.13734873804719513,0.1374184276739257,0.9994928654918398
178901,3314036,sealed,0.197288993794074,0.1972784707290402,1.000053341172987
178901,3314065,sealed,0.16221070083152653,0.1621265133610793,1.0005192702211496
178901,3314066,sealed,0.17050066786772816,0.1705931334565411,0.9994579759047777
178901,3314068,sealed,0.024235128964608933,0.1982910968009404,0.12221995518506808
178901,3314079,sealed,0.14037403662118514,0.1847469490424503,0.7598178879204692
178901,3314080,sealed,0.09461088129555481,0.0946191292437459,0.9999128300137932
178901,3314081,sealed,0.08584611800083018,0.0858583254219633,0.9998578190166985
178901,3314082,sealed,0.10244503178408138,0.1025077834536602,0.9993878350749122
178901,3314083,sealed,0.0006647129430644288,0.0807824775318994,0.008228429770576754
178901,3314085,sealed,0.040863594323862884,0.1325427137622165,0.30830509776020393
178901,3314086,sealed,0.1364296568592217,0.1403132613776742,0.9723218997240811
178901,3314237,sealed,0.23350554319439257,0.2334395489007031,1.000282703997674
178901,7742383,sealed,0.16554200245259262,0.1655069680714914,1.0002116791909696
178901,7742790,sealed,0.059148671089159575,0.0591174674356027,1.000527824599233
178901,8326467,sealed,0.23800908330612258,0.2787746917235697,0.8537686180714356
178901,8329692,sealed,0.05162040376163098,0.0515994064860874,1.0004069286252206
178901,8329702,sealed,0.0669405440811021,0.0669826568482525,0.9993712884926944
178901,8329703,sealed,0.07437619563913356,0.0744653356274216,0.9988029331025373
179001,3218957,sealed,0.10739793600097058,2.1385262259614883,0.05022053725466197
179001,3218958,sealed,0.4885004770146825,1.7473076785419297,0.2795732446058498
179001,3234584,sealed,0.17201279688076831,1.0397990440835665,0.16542888537887904
179001,3234590,sealed,0.7310825573314258,0.8991409989487982,0.8130900027761468
179001,3234626,sealed,0.3110590735850767,1.7973292981631883,0.1730673805311964
179001,3238127,sealed,0.7687851313012307,3.4408494015801536,0.22342888094671587
179001,3258061,sealed,0.18063644334974452,0.665517068967041,0.27142270540124996
179001,3258063,sealed,0.012850352503852946,0.5894533887501344,0.02180045572577093
179001,3258064,sealed,0.6791960025482432,0.6792087360460103,0.9999812524529039
179001,3258069,sealed,6.800566717399511e-06,0.2664437866379142,2.552345769894493e-05
179001,3258081,sealed,0.4852899420232461,0.4859610003844528,0.998619110667984
179001,3283143,sealed,0.36170139950961755,0.3616959374922942,1.0000151011298641
179001,3283168,sealed,0.24087348421798674,0.2408636478486256,1.0000408379157626
179001,3283169,sealed,0.1667931368032112,0.1667430701903865,1.000300262030485
179001,3283170,sealed,0.23601217628256504,0.2360697387213804,0.999756163415408
179001,3283182,sealed,0.1640268159438392,0.1640264227526681,1.0000023971209302
179001,3314228,sealed,0.1213848405292187,0.1218956465654979,0.9958094808906508
179001,3314240,sealed,0.0015201617910313692,0.0619466129480385,0.024539869392157045
179001,8055703,sealed,0.22951684231883424,1.771324713923371,0.12957355617224417
179100,3206385,sealed,0.5543758711451714,3.452985634654981,0.16054971836005455
179100,3234632,sealed,0.003518125257004974,0.7662855970794359,0.004591141045079923
179100,3234633,sealed,0.26812893171531776,0.8106348087945816,0.3307641478090818
179100,3234634,sealed,0.7624741340141928,0.8318511092745297,0.916599287436376
179100,3234635,sealed,0.6751895428591208,0.7123712894810442,0.9478056637445201
179100,3234645,sealed,0.6271562566673805,0.6278164363719315,0.9989484510657827
179100,3234650,sealed,0.06933388138056261,1.1439740870709325,0.06060791250795486
179100,3258201,sealed,0.00016181185877609457,0.7867826135240659,0.00020566272817255782
179100,3258213,sealed,0.2622580958007233,0.2622702089970525,0.9999538140592653
179100,3258214,sealed,0.381816475849576,0.3818870524978098,0.9998151897327439
179100,3258215,sealed,0.38100060586297674,0.3810324402232028,0.9999164523624092
179100,3283351,sealed,0.5142006932983486,0.5141916377802296,1.0000176111734491
179100,3283374,sealed,0.14192920977036225,0.141934686427728,0.9999614142426803
179100,3283375,sealed,0.13282578538491333,0.1370672084657743,0.9690558877769802
179100,3283376,sealed,0.3223396374147611,0.322329017368097,1.0000329478454992
179100,3283377,sealed,0.40462726756912704,0.4047113823312838,0.9997921611157259
179100,3314206,sealed,0.1261758883577967,0.1359286385153035,0.9282509538531956
179100,3314207,sealed,0.0005559738658171453,0.1353550663231628,0.004107521653380503
179100,3314601,sealed,0.09520294788400699,0.1458587027488253,0.6527066680961121
179100,3314624,sealed,0.09185734804897353,0.0918622140728864,0.9999470291026404
179100,3314625,sealed,0.09073046082364661,0.0906513728329962,1.0008724411796401
179100,3314662,sealed,0.05532322406903957,0.0553187004103954,1.0000817744923618
179100,3314663,sealed,0.05314645420501296,0.0532251441517172,0.9985215644230114
179100,3314664,sealed,0.05884114127835532,0.0588331441567694,1.0001359288492997
179100,3314665,sealed,0.07859210491455997,0.0785372125087722,1.000698934989342
179100,3314666,sealed,0.0758878185524286,0.0758771214281064,1.000140979574882
179100,6063640,sealed,0.42096799275351765,2.170361751527972,0.19396213209947555
179100,8055703,sealed,0.048428012640658366,1.771324713923371,0.027339997155797265
179100,8055964,sealed,0.2571792812492619,1.1085735090794735,0.23199118429486554
179201,3214613,sealed,1.0909894009217105,1.1011375400864731,0.9907839495110069
179201,3234650,sealed,0.049650202885687715,1.1439740870709325,0.04340151009260504
179201,3258219,sealed,0.4585841118698805,0.5472998674061417,0.8379028375126085
179201,3314645,sealed,0.03502114868330051,0.1663553772428651,0.21052008816145767
179201,7742029,sealed,0.3620915765650732,0.3620622491753193,1.000081000959975
179201,7742031,sealed,0.2692704143318306,0.2692024772704315,1.0002523641761691
179201,7742032,sealed,0.5089196405799639,0.5089871404651933,0.9998673839084269
179201,7742405,sealed,0.3624911441856947,0.3625260399835289,0.9999037426447056
179201,7742406,sealed,0.5396517308390705,0.5395917038769223,1.0001112451539134
179201,7742407,sealed,0.5033471591191631,0.5033187908296786,1.000056362468482
179201,7742408,sealed,0.5253110358656681,0.5253015354963142,1.0000180855541283
179201,7742410,sealed,0.276283917800036,0.2763329442013427,0.9998225821338518
179201,7742411,sealed,0.19291274684057416,0.192905261590093,1.0000388027284455
179201,7742412,sealed,0.1317105331579149,0.1317178518850534,0.9999444363308864
179201,7742413,sealed,0.20807262307196225,0.2081176020198746,0.9997838772526889
179201,7742415,unmetalled,0.00875216671377772,0.2060007745457867,0.04248608643863338
179201,7742843,sealed,0.061657086243744226,0.061691333347215,0.9994448636200157
179201,7742845,sealed,0.09534308669276106,0.095298007986737,1.0004730288384447
179201,7742846,sealed,0.3613384124723499,0.3614004931295554,0.999828221990878
179201,7742847,sealed,0.13489146921155315,0.1348155310460664,1.0005632746086266
179201,7742848,sealed,0.13483778961924003,0.1348484395553016,0.9999210229195333
179201,7742850,sealed,0.07072855655828596,0.070739745530298,0.9998418290604784
179201,7742852,sealed,0.062033071176126345,0.0620215497921002,1.0001857642071952
179201,7742853,sealed,0.13642887641608192,0.136401916578628,1.0001976499900453
179201,8324993,sealed,1.526210571322912,19.575358367852445,0.07796590706759807
179201,8325553,sealed,1.0262807712737205,1.133459593463554,0.9054409854502856
179201,8325554,sealed,0.8327555150043636,0.8327185869814524,1.0000443463415956
179201,8325556,sealed,0.2444498426677785,0.6091712374788596,0.4012826404599606
179201,8326477,sealed,0.4862364355857213,0.4861412752552947,1.0001957462475835
179201,8326478,sealed,0.3802691468721427,0.3803998543206064,0.9996563945885385
179201,8326479,sealed,0.36486696201255264,0.3649164209843991,0.9998644649322357
179201,8326480,sealed,0.512208705202107,0.5121606369260344,1.000093853905605
179201,8326481,sealed,0.45307648240745424,0.5364942830750514,0.8445131601599422
179201,8326484,sealed,0.1649851447422826,0.5895142134918575,0.27986627118798285
179201,8328193,sealed,0.3675055825727891,0.3675081921351377,0.9999928993083571
179201,8328194,sealed,0.2774980204621787,0.2775392006298328,0.9998516239595681
179201,8328195,sealed,0.13502453323778413,0.1350498019385796,0.9998128934627615
179201,8328196,sealed,0.13879799353684394,0.138800945768174,0.9999787304667578
179201,8328197,sealed,0.340496346636804,0.34047024880198,1.0000766523210642
179201,8328198,sealed,0.31985338326399587,0.319834087817874,1.000060329548528
179201,8329727,sealed,0.13502328518580473,0.1351095140024667,0.9993617857535895
179201,8329728,sealed,0.07469155183858249,0.074616472445872,1.0010062039955716
179201,8329729,sealed,0.06311984832457213,0.0631623725200535,0.9993267479705917
179201,8329730,sealed,0.2860486014842436,0.2860019877782437,1.0001629838532313
179201,8329731,sealed,0.12831859427586242,0.1283112805339873,1.0000569999913078
179201,8329732,sealed,0.22353634324292854,0.223540909259269,0.9999795741354207
179201,8329733,sealed,0.08761905175576075,0.0875300936465578,1.001016314566761
179201,8329734,sealed,0.05289084046776389,0.0528811921250329,1.0001824532001506
179201,8329735,sealed,0.05667349701523844,0.0653320317255411,0.8674687671328356
179201,100122887,metalled,0.59138353706814,0.5913944392827669,0.9999815652398758
179202,3200527,sealed,1.017264435735135,4.667375124326521,0.21795214839988272
179202,3217427,sealed,1.1029393512944992,2.132236879999179,0.517268677622218
179202,3234594,sealed,0.0015998901353736846,1.0117244559441787,0.0015813496708257466
179202,3234596,sealed,0.0001993692847068449,0.8716089689173899,0.0002287370734085928
179202,3234598,sealed,4.412940423075509e-05,0.7987721302936385,5.524654974445913e-05
179202,3234600,sealed,0.7808182482700979,0.9941785017695964,0.7853903970768568
179202,3234634,sealed,0.06936544148358277,0.8318511092745297,0.08338684736993072
179202,3234635,sealed,0.0014397643429561139,0.7123712894810442,0.0020210869868225157
179202,3258104,unmetalled,0.5784607802330588,0.5784456759256696,1.0000261118857272
179202,3258113,sealed,0.002534787575425431,0.3926974405458401,0.006454810532765726
179202,3258114,sealed,0.45846449025479136,0.4584036457206089,1.0001327313487807
179202,3258115,sealed,0.5436026644211513,0.5527815079259696,0.9833951690257202
179202,3258118,sealed,0.33059409515053245,0.3306058998430821,0.9999642937631928
179202,3258233,sealed,0.9013406700879589,0.9013616422838991,0.9999767327619056
179202,3258237,sealed,0.7188962511967242,0.7188532072930589,1.0000598785721877
179202,3283188,sealed,0.002620185879331627,0.666267592627026,0.0039326329365660705
179202,3283189,sealed,0.19620132340818175,0.1962102085404032,0.9999547162592225
179202,3283192,sealed,0.24645404056625725,0.2464524694861258,1.000006374779424
179202,3283202,sealed,0.14045099200303088,0.140435359142982,1.0001113171222995
179202,3283206,sealed,0.36637260217556483,0.3663756240709716,0.9999917519201382
179202,3283375,sealed,0.004265545837071245,0.1370672084657743,0.03112010439853929
179202,3314255,sealed,0.031128020561420465,0.1051728214485512,0.29597019584235246
179202,3314262,sealed,0.15894072567147025,0.1588940915598634,1.0002934917916018
179202,3314270,sealed,0.11070692914474774,0.1108103424427077,0.9990667540982158
179202,3314287,sealed,0.138452602181321,0.1384368234041336,1.000113978180078
179202,3314293,sealed,0.0015144082243733132,0.1072500275225569,0.014120352780840097
179202,3314294,sealed,0.0013258303268196272,0.131494871276002,0.010082753144316687
179202,3314308,sealed,0.0027673129746016794,0.0647496711640568,0.04273864136838802
179202,3314601,sealed,0.01713693627262548,0.1458587027488253,0.11748998139751723
179202,3314683,sealed,0.13651706218586246,0.1365359519361433,0.9998616499902555
179202,6063640,sealed,0.5559137514186521,2.170361751527972,0.2561387524578699
179202,6063641,sealed,0.023289786947898763,2.103575709062792,0.011071523048854318
179202,6063651,sealed,0.5724930045017149,1.3429231976887073,0.4263036080447693
179202,6064305,sealed,0.13436074656248603,0.1343442632751686,1.000122694389143
179202,6064569,sealed,0.04331029390775181,0.0433310426266894,0.9995211580963711
179202,6064570,sealed,0.1731467715942972,0.1731291759757141,1.0001016328904933
179202,6097015,unmetalled,0.38674798992441217,0.3867420625226881,1.0000153264987144
179202,7742404,sealed,0.37931980938029314,0.379422656588199,0.9997289376210934
179202,8114225,unmetalled,1.8804372314289912,6.757449030729476,0.2782761990327577
179202,8114327,sealed,1.4396321141911137,1.439556296754909,1.000052667225572
179202,8114512,unmetalled,0.6779759381136563,0.6779765875833004,0.9999990420470913
179202,8114513,unmetalled,0.23206126873492286,0.6228808221198268,0.37256126773201576
179202,8114514,unmetalled,0.6321961736126571,1.322081981926446,0.4781822778429102
179202,8114881,unmetalled,0.48511823739358095,0.4851219254540079,0.999992397662869
179202,8114882,unmetalled,0.15781899110547373,0.4512345286041335,0.3497493677925693
179202,8114883,sealed,0.6372883446847721,0.6373095960755161,0.9999666545257206
179202,8115377,sealed,0.07026516030671177,0.119937995025767,0.5858457137925
179202,8115829,sealed,0.12456563710907995,0.124541297525755,1.000195433834467
179202,8115830,sealed,0.14116737574552357,0.141210240141476,0.9996964498048477
179202,8115832,unmetalled,0.14658164122969428,0.1465659904285864,1.000106783306701
179202,100076823,sealed,0.6659274287640248,1.573664202653405,0.42316996703692156
179202,100124323,sealed,2.2318024878274545,3.3662465303457987,0.6629943670816623
179300,3200523,sealed,1.131680502712827,6.088607654903631,0.18586852148395475
179300,3206385,sealed,0.09922648640649,3.452985634654981,0.028736431860772745
179300,3206996,sealed,0.4700372143844847,2.6432839160698958,0.1778232037530605
179300,3217432,sealed,0.7248874276828633,1.1993524926277537,0.6043989837338409
179300,3217443,sealed,0.8431067440675478,2.0264932929659896,0.4160422079826235
179300,3238128,sealed,0.6764956519525545,1.155842767314788,0.585283458168073
179300,3258082,sealed,0.40064796891708077,0.400581691467317,1.0001654530178876
179300,3258083,sealed,0.3980593240791336,0.3980135880454952,1.0001149107342364
179300,3258084,sealed,0.3574806506388307,0.3574533007660591,1.0000765131353186
179300,3258087,sealed,0.2725858640985294,0.2754362794417022,0.9896512712524638
179300,3258090,sealed,0.3849961617133639,0.3855750139823873,0.9984987298242053
179300,3258091,sealed,0.38482923224897325,0.3863460327939031,0.996073984417645
179300,3258093,sealed,0.32216923810013715,0.3222421844863539,0.9997736286875878
179300,3258095,sealed,0.0012637483480898441,0.3838586993439865,0.0032922227638701083
179300,3258096,sealed,0.30456666237205965,0.3046022061213544,0.9998833109262492
179300,3258101,sealed,0.35456272506126146,0.3545203136697122,1.0001196303566084
179300,3258200,sealed,7.866091093026814e-05,0.6377690283748024,0.00012333761507785372
179300,3283146,sealed,0.27544478291261404,0.275523661292217,0.9997137146797737
179300,3283147,sealed,0.3976196741567836,0.3975921789123523,1.0000691543895721
179300,3283148,sealed,0.22511771215167795,0.2254631181942777,0.9984680153216806
179300,3283149,sealed,0.46068646457379364,0.4606380272917937,1.00010515259082
179300,3283166,sealed,0.2921098183806268,0.2920631877267287,1.0001596594704765
179300,3283167,sealed,0.20571063961963762,0.2056943904195945,1.0000789968069133
179300,3283171,sealed,0.25163143628651163,0.2516467045753416,0.9999393264900658
179300,3283174,sealed,0.21109535016994183,0.2110291138840052,1.000313872738778
179300,3314204,sealed,0.1921240448159762,0.1921073209875473,1.0000870546127183
179300,3314229,sealed,0.12630229018878258,0.1263174035111157,0.9998803543936701
179300,3314230,sealed,0.12584511346704805,0.1258723483093573,0.9997836312528123
179300,3314231,sealed,0.09463066905156702,0.0946612753515063,0.9996766756012357
179300,3314615,sealed,0.00029166876786248624,0.1073609364478254,0.0027167122187335764
179300,3314656,sealed,0.000547798660393457,0.0440845867159819,0.012426081340462348
179300,7742802,sealed,0.07770017039397174,0.0785701419596583,0.9889274533049306
179300,7742803,sealed,0.13691204819960967,0.1373471710864787,0.9968319486784692
179300,8055703,sealed,1.2576667279980336,1.771324713923371,0.7100147805268195
179300,8055964,sealed,0.5357792443894763,1.1085735090794735,0.4833051123821022
179300,100124323,sealed,6.95802776313339e-05,3.3662465303457987,2.0669988666631095e-05
179401,3217421,sealed,0.2841928850970082,1.6621023299622109,0.17098398815400825
179401,3218957,sealed,0.5881936416796637,2.1385262259614883,0.27504626061586407
179401,3218958,sealed,1.2588551541227386,1.7473076785419297,0.7204541990985878
179401,3234585,sealed,0.03975217256107203,1.1558376759323177,0.03439252188159317
179401,3234589,sealed,0.48763080096162115,0.7705080250385097,0.6328692046228196
179401,3234593,sealed,0.21652497826939043,0.5637430872935119,0.38408449371665127
179401,3238125,sealed,0.44879133271537064,0.6785910883464213,0.6613575397946609
179401,3238126,sealed,0.6026242183414527,0.8132723751548466,0.7409869519135128
179401,3238127,sealed,1.2726878797814614,3.4408494015801536,0.3698760774583742
179401,3238128,sealed,0.18650113250736297,1.155842767314788,0.16135510623182395
179401,3258062,sealed,0.4880304253165904,0.677880821565629,0.7199354367179744
179401,3258063,sealed,0.5766201054199835,0.5894533887501344,0.9782285019051934
179401,3258069,sealed,6.818592055480648e-05,0.2664437866379142,0.0002559110925993116
179401,3258075,sealed,0.26177812009998375,0.4795059605504562,0.5459329844398004
179401,3258081,sealed,0.0006849835698871479,0.4859610003844528,0.0014095443242261101
179401,3258099,sealed,0.2513750675125557,0.2513630100613972,1.0000479682796428
179401,3265109,sealed,0.5929749118983403,0.6569729935345983,0.9025864346539724
179401,3283144,sealed,0.10537104844266465,0.3337712908197531,0.31569835795005
179401,3283145,sealed,0.3654065533082572,0.3654348993123759,0.9999224321372371
179401,3283153,sealed,0.0024240734298543085,0.2853671584438813,0.008494577452685444
179401,3283154,sealed,0.18205049995089792,0.1820106329453979,1.000219036684038
179401,3283157,sealed,0.20382772903840873,0.254112884256343,0.8021148932881035
179401,3283158,sealed,0.2527821178757819,0.2526975425073192,1.00033469011065
179401,3283163,sealed,0.2386509419370613,0.2394439370006316,0.9966881806509545
179401,3283164,sealed,0.2413445155602028,0.2413198293125808,1.0001022968054152
179401,3314202,sealed,0.16372210018688924,0.1636712441149856,1.0003107208732887
179401,3314203,sealed,0.11640692315601948,0.116366654784201,1.0003460473440022
179401,3314214,sealed,0.0030700057756433575,0.1258485566876512,0.02439444564519666
179401,3314215,sealed,0.007565618359152686,0.1772038079928627,0.04269444570546367
179401,3314216,sealed,0.09191123569629553,0.1170940542708713,0.784935121331431
179401,3314217,sealed,0.00522353304925899,0.0979433847970027,0.05333216796708911
179401,3314224,sealed,0.10947624849864346,0.1094637959022775,1.0001137599538121
179401,3314225,sealed,0.11643294258318748,0.1163886844600152,1.0003802613920556
179401,3314226,sealed,0.08454880313253905,0.084564740045464,0.999811541868202
179401,3314227,sealed,0.12719658662278335,0.127198295477482,0.9999865654276874
179401,3314228,sealed,0.0005567031542765936,0.1218956465654979,0.0045670470600232774
179401,3314243,sealed,0.10712937292922438,0.1071115798004204,1.0001661176955576
179401,3314246,sealed,0.06849529655061855,0.0684818363099944,1.0001965519815097
179401,3314248,sealed,0.07082987231278778,0.0708477784395936,0.9997472591632343
179401,3314249,sealed,0.048801263182799974,0.0487802963535364,1.000429821686847
179401,3314250,sealed,0.0283012321882399,0.0283107368593141,0.9996642732712528
179401,7742801,sealed,0.10528685527116602,0.1348087397097818,0.7810091207575197
179501,3217413,sealed,0.3024078018491722,1.8715401933667184,0.16158231755908486
179501,3217421,sealed,0.4103911758706673,1.6621023299622109,0.24691089620215975
179501,3217430,sealed,0.613207760836359,2.303273959481185,0.2662330975923006
179501,3218956,sealed,0.4961602478680625,1.3942035201981056,0.3558736157814047
179501,3218957,sealed,0.47575383697964724,2.1385262259614883,0.2224680862942173
179501,3234582,sealed,0.7837841985029272,0.7838391292154091,0.9999299209360257
179501,3234586,sealed,1.0569703450669672,1.0570337984930345,0.9999399702959756
179501,3234589,sealed,0.28289549739455794,0.7705080250385097,0.3671545113114415
179501,3234593,sealed,0.3471744346673179,0.5637430872935119,0.6158380341904967
179501,3258060,sealed,0.22318529437034712,0.2232234914981519,0.9998288839245887
179501,3258062,sealed,0.18976226652347405,0.677880821565629,0.2799345555833847
179501,3258066,sealed,0.4836347071383694,0.4836698240303797,0.9999273949081262
179501,3258075,sealed,0.21771525523583574,0.4795059605504562,0.45404076934915716
179501,3258076,sealed,0.30956935484218906,0.3095365470737704,1.0001059899670293
179501,3258098,sealed,0.2711556778743655,0.2710962180191723,1.0002193311866454
179501,3265108,sealed,0.00025956461043189063,0.5755166655651412,0.00045101145798620004
179501,3265110,sealed,0.15545554547173998,0.5495832777274465,0.28286076336703
179501,3283056,sealed,0.20473629479859673,0.204705511760217,1.000150377183863
179501,3283153,sealed,0.2828890383933798,0.2853671584438813,0.9913160292725528
179501,3283163,sealed,0.0007293711638854528,0.2394439370006316,0.003046104123670205
179501,3314029,sealed,0.1280096713387253,0.2446773426473033,0.5231774628321358
179501,3314030,sealed,0.14327539125664215,0.1432559162559201,1.0001359455248415
179501,3314067,sealed,0.06866842054347781,0.0687107361154181,0.9993841490524973
179501,3314068,sealed,0.17402858577923766,0.1982910968009404,0.8776419546155454
179501,3314070,sealed,0.13248551776488893,0.1325203737432252,0.9997369764561349
179501,3314071,sealed,0.13985173528481554,0.1398326056456332,1.000136803852678
179501,3314110,sealed,0.07849385758111564,0.0785030164930887,0.9998833304453483
179501,3314111,sealed,0.08438560567822126,0.0842998257118322,1.0010175580514518
179501,3314210,sealed,0.1600864595190153,0.1600170503239927,1.0004337612453302
179501,3314211,sealed,0.10287410786883766,0.1028975280423073,0.9997723932351416
179501,3314214,sealed,0.12284818716747559,0.1258485566876512,0.9761588881180231
179501,3314241,sealed,0.043700430355123596,0.0438025891813278,0.9976677445759815
179501,6063968,sealed,1.2443198795482722,1.244273834837869,1.0000370052870309
179501,6064302,sealed,0.14403220007850115,0.157772235333972,0.912912210273335
179501,6064539,sealed,0.1221118979728678,0.1221613208114987,0.9995954297292907
179501,6064557,sealed,0.06926605979356154,0.0693280980247652,0.9991051502497372
179501,6064558,sealed,0.03730125538524338,0.0372503927426994,1.0013654256720272
179502,3217416,sealed,0.49711571761330126,1.807888449131001,0.27497034889085675
179502,3217421,sealed,0.8918226883685061,1.6621023299622109,0.5365630456632489
179502,3217430,sealed,1.6900375998500836,2.303273959481185,0.7337544858236345
179502,3234581,sealed,0.632451869663129,0.7249882148937878,0.8723615869477057
179502,3234585,sealed,0.5243081869832845,1.1558376759323177,0.45361749136648355
179502,3238119,sealed,0.0035987406693275856,1.257588534750287,0.0028616201324085455
179502,3258023,sealed,0.007021062512766579,0.5770350994877611,0.012167479099623636
179502,3258032,sealed,0.5274015753075154,0.5273604293715474,1.0000780224182104
179502,3258033,sealed,0.4774942422206002,0.4774835899539973,1.0000223091784242
179502,3258044,sealed,0.39098581802022386,0.3973431848043476,0.9840003125075516
179502,3258045,sealed,0.30483858272371356,0.3048621310982282,0.9999227572987508
179502,3258046,sealed,0.7262376670476105,0.7447269662743693,0.975173049904108
179502,3258047,sealed,0.04554385867231494,0.4266415481088112,0.1067497032912026
179502,3258070,sealed,0.4217035685615844,0.5151506146747353,0.8186024757591465
179502,3283004,sealed,0.48903786022420725,0.4889735065768377,1.00013160968131
179502,3283044,sealed,0.2280020850631065,0.2280341210473278,0.9998595123217783
179502,3283045,sealed,0.17119678024982762,0.1711571789776761,1.0002313737138464
179502,3283117,sealed,0.20537432317247528,0.205365256135885,1.0000441507816895
179502,3283151,sealed,0.16003092456428875,0.160001809093382,1.0001819696356669
179502,3313957,sealed,0.043854828501740994,0.0437548641511493,1.002284645433851
179502,3314121,sealed,0.14653039528728304,0.1464699151967043,1.0004129181784363
179502,3314152,sealed,0.001868123766529725,0.1192834104598023,0.01566122027638764
179502,3314199,sealed,0.15965662284168497,0.1597140290771865,0.9996405686098259
179502,3314208,sealed,0.12443567218161981,0.1244549593819766,0.999845026663039
179502,3314209,sealed,0.08731857128734963,0.0873212914966272,0.9999688482702105
179502,3314213,sealed,0.21869443609219338,0.2205384263505199,0.991638689507126
179502,6064302,sealed,0.013721989013959018,0.157772235333972,0.08697340812160223
179502,8326467,sealed,0.040772244257093644,0.2787746917235697,0.14625518552280564
179600,3206385,sealed,1.572504034348085,3.452985634654981,0.4554041634480208
179600,3217432,sealed,0.4248341175955457,1.1993524926277537,0.3542195644791165
179600,3217434,sealed,0.6281121118763106,1.6251055036891473,0.3865054363857824
179600,3218959,sealed,0.6502290583681786,2.3183836481074924,0.2804665478463686
179600,3234591,sealed,0.9019961477707411,0.9019731415988884,1.0000255064932553
179600,3234635,sealed,0.035765335753511596,0.7123712894810442,0.050206031997115305
179600,3238128,sealed,0.09227792927456072,1.155842767314788,0.07983605719049267
179600,3258086,sealed,0.0009584785990576091,0.4159549643824476,0.0023042845527294657
179600,3258087,sealed,0.00282647249104258,0.2754362794417022,0.01026180173785284
179600,3258089,sealed,0.008753433187550135,0.4757189381973377,0.018400430348053616
179600,3258090,sealed,7.324982483342658e-05,0.3855750139823873,0.00018997554866657558
179600,3258094,sealed,0.5443686905246473,0.5443291757652853,1.0000725934987895
179600,3258095,sealed,0.3825771897119539,0.3838586993439865,0.9966615068664
179600,3258097,sealed,0.3902717864234124,0.390218353433318,1.0001369310018975
179600,3258115,sealed,0.009159406024465428,0.5527815079259696,0.016569667930520005
179600,3283148,sealed,0.00037889373565436104,0.2254631181942777,0.0016805131530553694
179600,3283150,sealed,0.21119917627326573,0.211167175909382,1.0001515404264225
179600,3283172,sealed,0.35099223346687586,0.3509466541861407,1.0001298752394174
179600,3283173,sealed,0.31295805344596767,0.3131832492548589,0.9992809455504819
179600,3283175,sealed,0.20462100531676944,0.2045914455537228,1.0001444819110918
179600,3283176,sealed,0.21223044241816352,0.2121981804798947,1.0001520368280061
179600,3283177,sealed,0.3639942467549294,0.3639887901795113,1.0000149910534757
179600,3283183,sealed,0.14610530116277431,0.1460636628392592,1.0002850696929388
179600,3283188,sealed,0.6626194963604204,0.666267592627026,0.9945245779518984
179600,3283203,sealed,0.17066862725331133,0.1706840030115335,0.9999099168173299
179600,3283204,sealed,0.172981371913978,0.1729559459916804,1.0001470080843524
179600,3314205,sealed,0.16123348237179164,0.1613315518260509,0.9993921247694623
179600,3314206,sealed,0.009778660217229139,0.1359286385153035,0.07193966131080029
179600,3314207,sealed,0.13488862135445506,0.1353550663231628,0.9965539157020241
179600,3314232,sealed,0.1954292926821879,0.1953946086275662,1.0001775077360902
179600,3314233,sealed,0.1191385804491514,0.1191512243726509,0.9998938833942659
179600,3314234,sealed,0.14222634430002543,0.1421775652366861,1.0003430855160456
179600,3314252,sealed,0.0693010256602928,0.069311796398198,0.9998446045483611
179600,3314253,sealed,0.06615568495563884,0.066182673252069,0.9995922150752755
179600,3314254,sealed,0.16523268490875045,0.165293541006872,0.9996318301504654
179600,3314255,sealed,0.07405777322313853,0.1051728214485512,0.7041531472022586
179600,3314258,sealed,0.2376445196537943,0.2376588683012386,0.9999396250283152
179600,3314265,sealed,0.13126501170025592,0.1313324563291696,0.999486458787121
179600,3314267,sealed,0.14293638756299745,0.1428932752902057,1.000301709599029
179600,3314291,sealed,0.06908169611416302,0.069105664950763,0.9996531567040553
179600,3314292,sealed,0.12750557418454417,0.1274631007260737,1.0003332216008283
179600,3314296,sealed,0.15358494288126467,0.1536575582592224,0.9995274207218937
179600,3314297,sealed,0.0763233859511198,0.0763253203322494,0.9999746561020487
179600,3314298,sealed,0.05599506175003424,0.0560393759305379,0.9992092313704816
179600,3314299,sealed,0.04408610539799479,0.0440879029325234,0.9999592283957947
179600,3314300,sealed,0.044188608021655085,0.0441402635861888,1.001095245735719
179600,3314301,sealed,0.11958174543630078,0.1194993262530065,1.0006897041671998
179600,3314314,sealed,0.046621090489520664,0.046683864415665,0.9986553399781687
179600,3314315,sealed,0.05763387890214862,0.0575689568090639,1.0011277274538783
179600,3314601,sealed,0.03347972010990668,0.1458587027488253,0.2295352932595331
179600,6063651,sealed,0.7704258770035667,1.3429231976887073,0.5736931779341808
179600,6064304,sealed,0.2352247706463239,0.235189579283572,1.0001496297704138
179600,7742390,sealed,0.13294532692166586,0.132919515620386,1.000194187446135
179600,7742803,sealed,0.00042954787962865796,0.1373471710864787,0.003127460698540338
179600,8055964,sealed,0.3155916219537076,1.1085735090794735,0.2846826298562425
179600,100124323,sealed,1.0673005371184356,3.3662465303457987,0.31705952831945344
179700,3200523,sealed,0.3313545803835746,6.088607654903631,0.05442206152283583
179700,3206385,sealed,0.16434846810905016,3.452985634654981,0.047596047449375414
179700,3206996,sealed,1.3919229677239595,2.6432839160698958,0.5265885209158717
179700,3217418,sealed,0.7116795195515786,1.6283242383332095,0.43706253508826365
179700,3217422,sealed,0.456777771571793,1.4198518314632464,0.3217080553405737
179700,3217423,sealed,0.0006041017551712609,1.4292291422120025,0.0004226766284910054
179700,3217425,sealed,0.7357157289245226,1.357891864383606,0.5418073030863098
179700,3217426,sealed,0.5991746596623049,1.2064892770507925,0.4966265934223301
179700,3217432,sealed,0.04960887827921654,1.1993524926277537,0.04136305096637989
179700,3234579,sealed,0.68658702601147,1.1731860732153014,0.5852328472752579
179700,3234580,sealed,0.19369792423571297,1.0034643880634757,0.1930291961925213
179700,3234588,sealed,0.3211238972217529,0.957175110926713,0.33549127380761995
179700,3238124,sealed,0.0006564813045414756,0.9299108141040024,0.0007059615767282107
179700,3238125,sealed,0.22983783550768225,0.6785910883464213,0.33869857629245764
179700,3238128,sealed,0.20056893266399556,1.155842767314788,0.17352613896607239
179700,3258078,sealed,0.3772904945679703,0.3772806219065274,1.0000261679526317
179700,3258079,sealed,0.5438014180190985,0.5438102101672049,0.9999838323224869
179700,3258080,sealed,0.34368874409839095,0.3436308931758348,1.0001683519255835
179700,3258085,sealed,0.3293020880142185,0.3293492426354144,0.9998568248682811
179700,3258086,sealed,0.41503282479730136,0.4159549643824476,0.9977830783038848
179700,3258090,sealed,0.0004797504794113458,0.3855750139823873,0.0012442468054562796
179700,3258091,sealed,0.0014330525576723427,0.3863460327939031,0.003709246209438384
179700,3283159,sealed,0.2412447727674505,0.2413523470841914,0.9995542851849566
179700,3283160,sealed,0.18768580359808454,0.1877252323597009,0.9997899655729774
179700,3283162,sealed,0.0011809121256097978,0.09886153741672,0.011945111885444698
179700,3283165,sealed,0.24928525976413704,0.2493172137211255,0.999871834132463
179700,3283181,sealed,0.16565463813850323,0.1657432882628776,0.9994651359623458
179700,3314251,sealed,0.05991836751453793,0.0599148776386983,1.0000582472330275
179700,7742802,sealed,0.000857773738205134,0.0785701419596583,0.010917299075844314
179801,3217421,sealed,0.07580291766144606,1.6621023299622109,0.045606649058225854
179801,3234585,sealed,0.5917492823377236,1.1558376759323177,0.511965732437653
179801,3234587,sealed,0.5588459434689075,0.5588169167470578,1.0000519431695423
179801,3258070,sealed,0.0934417197025102,0.5151506146747353,0.18138718471977178
179801,3258072,sealed,0.4393939413727686,0.4393428629163685,1.000116261035996
179801,3258074,sealed,0.27205785897421003,0.2720508358233237,1.0000258155828308
179801,3265108,sealed,0.5752230082863431,0.5755166655651412,0.9994897501734207
179801,3265109,sealed,0.06400891140646076,0.6569729935345983,0.09743004969212611
179801,3283144,sealed,0.22841893038593866,0.3337712908197531,0.6843576325121743
179801,3283152,sealed,0.22452155094186918,0.2245337963448824,0.9999454629850268
179801,3283155,sealed,0.24875907959358784,0.2488349650110361,0.9996950371606944
179801,3283157,sealed,0.050269862299461524,0.254112884256343,0.1978249251177303
179801,3314213,sealed,0.001885337051727461,0.2205384263505199,0.008548791622966147
179801,3314215,sealed,0.16968481241261918,0.1772038079928627,0.9575686568736358
179801,3314216,sealed,0.0251444522012815,0.1170940542708713,0.21473722434373438
179801,3314217,sealed,0.09276533919841501,0.0979433847970027,0.9471322579945578
179801,7742801,sealed,0.029528769972098086,0.1348087397097818,0.2190419555562054
179901,3217418,sealed,0.09962253507573182,1.6283242383332095,0.061181018331894245
179901,3217434,sealed,0.6124991617116089,1.6251055036891473,0.3768980908139049
179901,3234599,sealed,0.7067569117211471,0.7067488220865473,1.0000114462654155
179901,3234600,sealed,0.07636492064137687,0.9941785017695964,0.07681208204105247
179901,3258103,sealed,0.5284861846475974,0.5284460848650314,1.0000758824480198
179901,3258112,sealed,0.48740833159082936,0.4873513776911129,1.0001168641401739
179901,3258113,sealed,0.3901466087473518,0.3926974405458401,0.9935043330179522
179901,3283187,sealed,0.34543728358549014,0.3454223510454443,1.00004322980259
179901,3283188,sealed,0.0010297330473004352,0.666267592627026,0.00154552473915218
179901,3283200,sealed,0.17294223151243956,0.1729602471169424,0.9998958396232478
179901,3283201,sealed,0.2207731695865248,0.2207573180954182,1.0000718050538182
179901,3314278,sealed,0.0008094853120742792,0.0950047130120857,0.008520475315485698
179901,3314288,sealed,0.15709420271079125,0.1570652626411698,1.0001842550614617
179901,3314289,sealed,0.08455903146438463,0.0846169714721563,0.9993152672949217
179901,3314290,sealed,0.07507132251817986,0.0750643786818985,1.0000925050790175
179901,3314291,sealed,0.00010385957328683209,0.069105664950763,0.001502909687083264
179901,3314293,sealed,0.10580776704803296,0.1072500275225569,0.9865523533388316
179901,3314294,sealed,0.13017069548626717,0.131494871276002,0.9899298293774861
179901,3314311,sealed,0.06431750931364873,0.0642770935795545,1.0006287735154704
179901,3314312,sealed,0.05132852637872748,0.0513466222819234,0.9996475736398673
179901,3314313,sealed,0.06067038763295723,0.0606864143338602,0.9997359095758269
179901,3314316,sealed,0.044592446004275275,0.04457813110599,1.0003211193006551
179901,7742805,sealed,0.04086560622399293,0.1125920509569233,0.3629528539241881
179901,7742806,sealed,0.22551154164532433,0.2255936356808843,0.9996360977324905
179901,7742807,sealed,0.03075058981529264,0.0307063650575765,1.0014402472462376
179901,100124323,sealed,0.06712540691059968,3.3662465303457987,0.01994072813903627
180000,3206385,sealed,0.0868455098293694,3.452985634654981,0.025150845968708153
180000,3217418,sealed,0.7016422118718766,1.6283242383332095,0.430898340363768
180000,3217422,sealed,0.23030260051278328,1.4198518314632464,0.16220185473539306
180000,3217423,sealed,0.70564508837551,1.4292291422120025,0.49372425144045884
180000,3217424,sealed,0.6899756560300954,1.3873347349654064,0.49733899010846877
180000,3217425,sealed,0.6221703836859737,1.357891864383606,0.4581884611028274
180000,3217426,sealed,0.6073303220448534,1.2064892770507925,0.503386423399837
180000,3217434,sealed,0.38451512297272983,1.6251055036891473,0.2366093291173054
180000,3218959,sealed,0.9439527110171146,2.3183836481074924,0.40715983818625867
180000,3258088,sealed,0.293769715496055,0.2938346696039116,0.9997789433495233
180000,3258089,sealed,0.4669864127050157,0.4757189381973377,0.981643519332208
180000,3258105,sealed,0.2633301423891698,0.2633174042676128,1.00004837553975
180000,3283159,sealed,7.749455668469845e-05,0.2413523470841914,0.00032108474444487534
180000,3283161,sealed,0.1853030160952203,0.1852947983360902,1.0000443496482572
180000,3283162,sealed,0.09768494846633928,0.09886153741672,0.9880986177119502
180000,3283173,sealed,0.00028030196301447285,0.3131832492548589,0.0008950094351514047
180000,3283180,sealed,0.1741299181912422,0.1740728188818444,1.0003280196745512
180000,3314201,sealed,0.13354596765824284,0.1335149051463916,1.0002326520160214
180000,3314221,sealed,0.07981155113281406,0.0797717224929617,1.0004992826857395
180000,3314266,sealed,0.05930490831916096,0.1266058432021965,0.46842157375349375
180000,7741578,sealed,0.526959496628447,0.8028659344641373,0.6563480576369944
180000,8329706,sealed,0.18538216464576335,0.1853702759502902,1.0000641348534018
180100,3206995,sealed,0.41066943195929717,2.834462246439492,0.14488442471765475
180100,3217416,sealed,0.3352827345797677,1.807888449131001,0.18545543268498024
180100,3217428,sealed,0.6069576749201172,1.3045871544826186,0.46524885120521386
180100,3217429,sealed,0.0003957099937696455,0.9692468484961544,0.00040826544278540984
180100,3234573,sealed,0.15536017723287557,0.8464043179713755,0.1835531482226319
180100,3258023,sealed,0.46338970572750904,0.5770350994877611,0.8030528925170478
180100,3258024,sealed,0.5261421630293561,0.5263845211819042,0.9995395796365671
180100,3258031,sealed,0.49151274275842577,0.4915126368707673,1.0000002154322198
180100,3258041,sealed,0.503472422638821,0.5034600230154785,1.0000246288141572
180100,3258042,sealed,0.41561925645261705,0.6728855740470265,0.6176670632911656
180100,3258043,sealed,0.11672901830376721,0.3703601464678381,0.3151770497366511
180100,3258044,sealed,0.006401184477102766,0.3973431848043476,0.016109964186889775
180100,3258046,sealed,0.01850003576491843,0.7447269662743693,0.024841366840075884
180100,3283100,sealed,0.05353978693846176,0.1818749543845292,0.2943769092321818
180100,3283102,sealed,0.13721060410243885,0.1371779300661287,1.0002381872674009
180100,3283115,sealed,0.1459342635149611,0.3424789838620848,0.4261115875470139
180100,3283116,sealed,0.3312116334988014,0.33118357826647,1.0000847120273242
180100,3314126,sealed,0.012412055745804965,0.1452052998152002,0.08547935758268832
180100,3314127,sealed,0.1798400675384456,0.1797888024425135,1.0002851406496716
180100,3314129,sealed,0.16799928798168196,0.1680211065062106,0.9998701441444927
180100,3314150,sealed,0.11658819015388326,0.1179237331796868,0.9886745187775857
180100,3314151,sealed,0.03158519972692481,0.132446494343127,0.23847516601758856
180100,3314152,sealed,0.1174571334467985,0.1192834104598023,0.9846895976065403
180100,3314166,sealed,0.05826141833594203,0.0582670288095912,0.9999037110049407
180100,3314167,sealed,0.06122787276693677,0.0611542317505759,1.0012041851275513
180100,3314175,sealed,0.10331239346347093,0.1033188112008245,0.9999378841347574
180100,3314176,sealed,0.027705642000484185,0.0277037912651729,1.0000668044057064
180100,3314177,sealed,0.02525551532558041,0.0756239991278176,0.33396164731905054
180200,3206996,sealed,0.7812683558910212,2.6432839160698958,0.29556732484970116
180200,3217417,sealed,1.4831389275484035,1.4831955834744364,0.9999618014463743
180200,3217422,sealed,0.732795512952533,1.4198518314632464,0.5161070308282387
180200,3217423,sealed,0.7229982378310172,1.4292291422120025,0.5058658660654237
180200,3217424,sealed,0.6973220543160193,1.3873347349654064,0.502634322302474
180200,3217431,sealed,1.3805928951795392,1.3806333188452384,0.9999707209255727
180200,3218959,sealed,0.7241905889896646,2.3183836481074924,0.3123687443106428
180200,3234579,sealed,0.4865376474097771,1.1731860732153014,0.4147148167863466
180200,3234580,sealed,0.8097629074363211,1.0034643880634757,0.8069672596942207
180200,3234588,sealed,0.6360210861185442,0.957175110926713,0.6644772506702191
180200,3238119,sealed,0.5702378263973378,1.257588534750287,0.45343752001569176
180200,3238124,sealed,0.9292440610254996,0.9299108141040024,0.9992829924457376
180200,3258050,sealed,0.4573294408650213,0.4573520419876042,0.9999505826573231
180200,3258055,sealed,0.45318868020853015,0.453097022803319,1.000202290901503
180200,3258071,sealed,0.54846750823593,0.5485255025220508,0.9998942723978118
180200,3258073,sealed,0.39463809457930726,0.3945902729345731,1.0001211931667209
180200,3258077,sealed,0.4757463884908739,0.4757301578450107,1.000034117336468
180200,3258100,sealed,0.32937633664542476,0.3293263545702508,1.0001517706508463
180200,3283093,sealed,0.2905772269665244,0.2906681702164689,0.9996871234649574
180200,3283128,sealed,0.47179572799901687,0.4717737486736632,1.0000465886993828
180200,3283131,sealed,0.2223230626227388,0.2222596245486754,1.000285423293557
180200,3314157,sealed,0.0715333997744068,0.071555217325861,0.9996950948893798
180200,3314160,sealed,0.06852805889846825,0.0685098161977973,1.0002662786398124
180200,3314161,sealed,0.08531646002911251,0.0853430929810485,0.9996879307861282
180200,3314162,sealed,0.09404816617603591,0.0940412529625716,1.0000735125622695
180200,3314163,sealed,0.08777646583067383,0.0878484078401467,0.9991810664388616
180200,3314200,sealed,0.1135747846327688,0.1136670813957636,0.99918800798031
180200,3314218,sealed,0.11851727571570235,0.1184253754215175,1.0007760186012309
180200,3314219,sealed,0.11071076267653154,0.110704861029675,1.0000533097354682
180200,3314220,sealed,0.0888277337118394,0.0888298545666403,0.9999761245269256
180200,3314235,sealed,0.08246002724601445,0.082497256214654,0.9995487247655525
180200,3314236,sealed,0.06334715458734436,0.0632744388216653,1.0011492123365013
180200,3314242,sealed,0.060055517089159544,0.0601104411461674,0.9990862809195777
180200,3314266,sealed,0.06732547748058273,0.1266058432021965,0.5317722766796809
180200,6064024,sealed,0.43590498088258245,0.4359546644373709,0.9998860350425368
180200,6064568,sealed,0.1436883029067169,0.1437362915799914,0.9996661339126884
180200,7741578,sealed,0.27588064450062794,0.8028659344641373,0.34361981578501144
180200,8325215,unmetalled,0.473829488531531,1.646141199443781,0.2878425548741715
180200,8325548,unmetalled,0.6237913259079776,0.8787414563423971,0.7098690080065149
180200,8325549,sealed,0.6443371073702461,0.8957521931808722,0.7193251797488373
180200,8325550,sealed,0.6815900402409101,0.9464330586627804,0.7201671940791373
180200,100047839,sealed,0.19783994952158301,1.1073857449331856,0.17865495418086652
180300,3200520,sealed,0.10325877911199935,6.0476882777890015,0.017074090854059386
180300,3206995,sealed,0.7024731701603969,2.834462246439492,0.24783296057049556
180300,3217428,sealed,0.6975878780229898,1.3045871544826186,0.5347192601322551
180300,3234573,sealed,0.6910377519271228,0.8464043179713755,0.8164393035982751
180300,3234574,sealed,0.24401059468855796,0.9783933446879904,0.2493992789437595
180300,3258020,sealed,0.5851744405212087,0.5852145176761888,0.9999315171552147
180300,3258021,sealed,0.5366490854849673,0.5366048865542725,1.0000823677379804
180300,3258030,sealed,0.3480080722819503,0.3479842235973508,1.0000685338098174
180300,3258038,sealed,0.588065277454634,0.5880509687332209,1.0000243324510525
180300,3258042,sealed,0.019259470925435687,0.6728855740470265,0.028622208096394236
180300,3282996,sealed,0.2348190278341111,0.2347834426011123,1.0001515661948073
180300,3282997,sealed,0.2882705025829918,0.2881777251316417,1.000321945255511
180300,3283088,sealed,0.32799021051172367,0.3280437136287804,0.9998369024772191
180300,3283098,sealed,0.16979607677834327,0.1697755966807276,1.0001206303969246
180300,3283099,sealed,0.23726490957679772,0.2372320963869667,1.0001383168227687
180300,3283100,sealed,0.12827802304959796,0.1818749543845292,0.7053088946946818
180300,3283101,sealed,0.16593511784224885,0.1660003858600806,0.9996068200836187
180300,3283115,sealed,0.19654124293154884,0.3424789838620848,0.5738782587917727
180300,3283125,sealed,0.17838346333909233,0.1783797296376317,1.0000209311981143
180300,3314125,sealed,0.17221863375392985,0.1725605106041324,0.998018800193592
180300,3314126,sealed,0.13274537158142427,0.1452052998152002,0.9141909541205905
180300,3314135,sealed,0.12768776202563398,0.1277128476278502,0.999803578084099
180300,3314136,sealed,0.16600113400976088,0.1660337708604428,0.9998034324552603
180300,3314142,sealed,0.07326848443647807,0.0732386074487636,1.000407940412239
180300,3314143,metalled,0.273558177322226,0.273507269114342,1.000186131096438
180300,3314150,sealed,0.0012787535188452123,0.1179237331796868,0.01084390295630063
180300,3314151,sealed,0.10084006941092676,0.132446494343127,0.7613645790403634
180400,3200520,sealed,0.9509662657933925,6.0476882777890015,0.1572445903480098
180400,3206995,sealed,0.12535665445719787,2.834462246439492,0.04422590373700146
180400,3234567,sealed,0.6364429661160133,0.636375357871689,1.0001062395699143
180400,3234568,sealed,0.40081796970645356,1.2519095585768294,0.3201652762856954
180400,3257965,sealed,0.4691682176114131,0.4799203125117101,0.9775960828912933
180400,3258019,sealed,0.5155865686958919,0.5156336277880436,0.999908735408989
180400,3258029,sealed,0.3569054693246548,0.3568915058538235,1.0000391252540402
180400,3258036,sealed,0.4233153745108226,0.4233349904295961,0.9999536633653797
180400,3258051,sealed,0.3111008008236235,0.3110803938139587,1.0000656004366415
180400,3283005,sealed,0.11250211922422142,0.1125251555497927,0.9997952784383303
180400,3283096,sealed,0.1872401414167323,0.1873273633682125,0.9995343875560305
180400,3283097,sealed,0.1820433661760263,0.1820776568324349,0.9998116701576395
180400,3283105,sealed,0.3394427483191076,0.3395150964224133,0.9997869075511868
180400,3283122,sealed,0.14253833480939992,0.1424783417117636,1.0004210681912462
180400,3313943,sealed,0.19508351170251037,0.1951072391647956,0.9998783875862997
180400,3313948,sealed,0.09168645707958299,0.0917000007322756,0.9998523047700714
180400,3314120,sealed,0.1913607935514797,0.1913098817034127,1.0002661224167495
180400,3314123,sealed,0.16640826789377716,0.1664724535646676,0.9996144366859739
180400,3314125,sealed,0.0004104357783940861,0.1725605106041324,0.002378503499770342
180400,3314133,sealed,0.09490680782269441,0.0948681285843225,1.0004077158361728
180400,3314134,sealed,0.07104134015001237,0.0709351617474105,1.0014968373932798
180400,3314141,sealed,0.14493702216898852,0.1448968250124435,1.000277419167339
180400,3314165,sealed,0.0871285338872672,0.0870948745587297,1.0003864673863765
180500,3217429,sealed,0.9689288434607627,0.9692468484961544,0.9996719050096629
180500,3234574,sealed,0.7343880014052535,0.9783933446879904,0.7506060884331238
180500,3238119,sealed,0.6838158426809503,1.257588534750287,0.5437516515023987
180500,3258024,sealed,0.00018763013078350896,0.5263845211819042,0.0003564506995042681
180500,3258042,sealed,0.2380161735558543,0.6728855740470265,0.3537245896420717
180500,3258043,sealed,0.2536799390110707,0.3703601464678381,0.684954743188331
180500,3258047,sealed,0.3810018184144369,0.4266415481088112,0.8930255857717488
180500,3258048,sealed,0.479809214169253,0.4797793095791451,1.00006232988691
180500,3258049,sealed,0.8205867616777578,0.8206272373694503,0.9999506771286044
180500,3258053,sealed,0.544195272424706,0.5441450231503,1.0000923453716715
180500,3283090,sealed,0.2985204989646054,0.2986097645066697,0.999701062883152
180500,3283091,sealed,0.2779047348412506,0.2779567859000041,0.9998127368663263
180500,3283092,sealed,0.34104701361763584,0.3411359383016448,0.9997393277165353
180500,3283118,sealed,0.5669580081579656,0.5670161182296296,0.9998975160144558
180500,3283119,sealed,0.23312318075317204,0.2330590558463035,1.0002751444548494
180500,3283120,sealed,0.11945869065519507,0.1194128773383002,1.0003836547440783
180500,3283127,sealed,0.13347601047622842,0.1334950512164366,0.9998573674451999
180500,3314128,sealed,0.2022505949423672,0.2023169809320163,0.9996718713904127
180500,3314130,sealed,0.16820490642366676,0.168151538035034,1.0003173826969198
180500,3314153,sealed,0.12272238786999981,0.1227511035686645,0.9997660656578241
180500,3314154,sealed,0.12259507666050697,0.1225881595913013,1.0000564252634898
180500,3314155,sealed,0.07052516278107128,0.0705004663774603,1.0003503012799768
180500,3314156,sealed,0.09608204594969,0.0960468130765929,1.0003668302150641
180500,3314158,sealed,0.060749174166491886,0.0606640373118348,1.0014034155725484
180500,3314177,sealed,0.05040956059819648,0.0756239991278176,0.6665815241137357
180500,3314178,sealed,0.06318401602465183,0.0631332145471717,1.0008046711678553
180500,3314179,sealed,0.06650249275727042,0.0664589443959046,1.0006552671241118
180500,100045270,sealed,0.38704047453823154,6.602967400798212,0.05861614196239155
180601,3217418,sealed,0.11534760985703167,1.6283242383332095,0.07083823181008726
180601,3217433,sealed,0.01412656531376394,1.329194631156053,0.010627913311294005
180601,3234595,sealed,0.8791329336373084,0.8790880386642623,1.0000510699396095
180601,3234600,sealed,0.13698505080698956,0.9941785017695964,0.13778717862351866
180601,3234602,sealed,0.6261653385527841,0.6262102902839631,0.9999282162368194
180601,3252585,sealed,0.5620443124938561,0.5620000304244364,1.0000787937135631
180601,3258057,sealed,2.5114176540585756e-05,0.3672187021675975,6.839024372218309e-05
180601,3258106,sealed,0.40725809627625875,0.4073317543154378,0.9998191694155963
180601,3258107,sealed,0.5574833791376266,0.5574544805605697,1.0000518402453737
180601,3258108,sealed,0.5738625044009866,0.5738652357784435,0.9999952403852218
180601,3258120,sealed,0.3189594763790298,0.3189872244685473,0.9999130119096031
180601,3278053,sealed,0.039181178870520354,0.2087373334753185,0.1877056596354059
180601,3283185,sealed,0.3280363138851433,0.3280947808232931,0.9998217986339099
180601,3283190,sealed,0.18752681869109472,0.1874692742238362,1.0003069541261989
180601,3283191,sealed,0.3886667390890587,0.3886477395057853,1.0000488863856447
180601,3283195,sealed,0.0018815008090025287,0.1716052290082004,0.010964122829337668
180601,3314183,sealed,0.0002018519365584965,0.1170460872675396,0.0017245509121301154
180601,3314195,sealed,0.07294378852773872,0.0730092340875929,0.9991035988711283
180601,3314259,sealed,0.1293653908563531,0.1293482172890649,1.0001327700346254
180601,3314260,sealed,0.12107077514372526,0.1210885447896678,0.9998532508093693
180601,3314261,sealed,0.1733254750401964,0.1733750493989826,0.999714062900296
180601,3314271,sealed,0.1379412486289678,0.137895157179136,1.0003342499531869
180601,3314272,sealed,0.1508055400127682,0.1508444946226749,0.9997417565022565
180601,3314273,sealed,0.10965607401449524,0.1096886643982318,0.9997028828465061
180601,3314274,sealed,0.09909813691182177,0.0990500653243251,1.0004853261564166
180601,3314275,sealed,0.126251022398134,0.1262364449544534,1.0001154772988565
180601,3314278,sealed,0.09415473416980571,0.0950047130120857,0.9910532981435157
180601,3314279,sealed,0.10358470601256368,0.1035751864987795,1.0000919092120997
180601,3314303,sealed,0.030563023359472266,0.030590605204275,0.9990983557004331
180601,7742805,sealed,0.07168428886374636,0.1125920509569233,0.636672733594418
180601,8325548,unmetalled,0.09211879818440678,0.8787414563423971,0.10483037703471357
180601,8325550,sealed,0.25855617396484587,0.9464330586627804,0.2731901338380562
180601,8329707,sealed,0.03684857384117283,0.0368339943503391,1.000395816177172
180601,100047839,sealed,0.8730708706048937,1.1073857449331856,0.7884071784376913
180601,100047915,sealed,0.0019016036057738002,1.364549687509343,0.0013935759343763582
180601,100076823,sealed,0.5497363011460514,1.573664202653405,0.3493352013848467
180601,100122886,sealed,0.001149502869809752,1.128992765008809,0.0010181667282879205
180601,100124450,sealed,0.17499273216747674,0.1763617093940635,0.9922376731814959
180700,3217433,sealed,0.2155515000587523,1.329194631156053,0.1621669957177593
180700,3234594,sealed,0.5858098807381806,1.0117244559441787,0.5790211725103365
180700,3234596,sealed,0.8714111569995783,0.8716089689173899,0.9997730496990441
180700,3234597,sealed,0.0006385177558841612,0.7385773490150296,0.0008645238805870389
180700,3234598,sealed,0.42323902867156876,0.7987721302936385,0.5298620377703724
180700,3258109,sealed,0.6468744800863373,0.6474491099222127,0.9991124710389293
180700,3258119,sealed,0.0011269602646301268,0.3004545433627374,0.003750851133808793
180700,3258121,sealed,0.6061539886943883,0.6062277319413116,0.9998783571865194
180700,3283186,sealed,0.43028737073952306,0.4303238190751282,0.9999153002134916
180700,3283193,sealed,0.18659358763090594,0.1865603148014199,1.000178348913709
180700,3283194,sealed,0.21416776378638455,0.2141753867548657,0.9999644078220348
180700,3283195,sealed,0.1696683108281259,0.1716052290082004,0.9887129419583015
180700,3283208,sealed,0.1360529567385835,0.1360281699436253,1.0001822181020923
180700,3283209,sealed,0.1767677327928007,0.1767737084675391,0.9999661959078067
180700,3307453,sealed,0.09079602235750285,0.0908130649025405,0.9998123337753666
180700,3314263,sealed,0.13615552851146004,0.13616331930757,0.999942783444546
180700,3314276,sealed,0.1072898578710831,0.1073017830890571,0.9998888628163419
180700,3314277,sealed,0.16841488165107102,0.1684665838601226,0.9996931011013169
180700,3314280,sealed,0.07545437864807444,0.0753919943636731,1.0008274656338234
180700,3314282,sealed,0.09833521220878375,0.0983332687679121,1.0000197638184514
180700,3314306,sealed,0.0694841922905287,0.0694853336780534,0.9999835736915362
180700,3314307,sealed,0.07280099389785533,0.0728054570192096,0.9999386979831321
180700,8329705,sealed,0.08677350096513914,0.0868230960249335,0.9994287803353601
180700,100047839,sealed,0.03652985092140136,1.1073857449331856,0.03298746718435083
180700,100047915,sealed,1.040875168372268,1.364549687509343,0.7627975572455225
180700,100076823,sealed,0.3579903336690139,1.573664202653405,0.22748838860628276
180700,100122886,sealed,1.1278494790809153,1.128992765008809,0.9989873398986
180700,100124450,sealed,0.0013682957635651485,0.1763617093940635,0.007758462810699013
180800,3200526,sealed,0.0062330871743561085,6.169411599798473,0.0010103211746416328
180800,3217427,sealed,1.0292513892267237,2.132236879999179,0.4827096833758545
180800,3234594,sealed,0.3236407069567909,1.0117244559441787,0.3198901687661167
180800,3234598,sealed,0.37539243533804356,0.7987721302936385,0.46996185908494914
180800,3234601,sealed,0.7802789512950852,0.7802560061219624,1.0000294072367821
180800,3258102,sealed,0.5377155915069276,0.5376931802585779,1.0000416803656296
180800,3258109,sealed,0.0006091266028797297,0.6474491099222127,0.0009408100089177863
180800,3258110,sealed,0.45260338615720613,0.4526580388325082,0.9998792627753987
180800,3258111,sealed,0.3780966241026734,0.3781347821541167,0.9998990887555333
180800,3258117,sealed,0.5442513104181443,0.5441840028476803,1.0001236853162014
180800,3283197,sealed,0.2639728169631893,0.2640423823674962,0.9997365369768173
180800,3283198,sealed,0.2108771106006272,0.2108540348842262,1.0001094392925118
180800,3283199,sealed,0.20340510356022443,0.2034277019833434,0.9998889117711175
180800,3283205,sealed,0.24521476489924235,0.2452778667484086,0.9997427332111014
180800,3314264,sealed,0.1553113344401161,0.1552435129866224,1.000436871416969
180800,3314281,sealed,0.10918482327669006,0.109208373974216,0.9997843508087438
180800,3314283,sealed,0.15767515574676869,0.1576889864465767,0.9999122912758863
180800,3314284,sealed,0.22967482613330414,0.2295788997939983,1.000417836044131
180800,3314285,sealed,0.10678044101539327,0.1067772240523113,1.000030127802165
180800,3314286,sealed,0.13821578829346634,0.1383003182702932,0.9993887940542432
180800,3314308,sealed,0.06207442035421575,0.0647496711640568,0.9586831753467482
180800,3314309,sealed,0.08104821674681881,0.0809702078235092,1.0009634274803845
180800,8115828,sealed,0.16457768857537644,0.164673858499549,0.9994159976267708
180800,100047915,sealed,0.32176306661039766,1.364549687509343,0.23580164911231535
180900,3206995,sealed,0.05086631546279444,2.834462246439492,0.017945666952061234
180900,3234570,sealed,0.6581876489004753,0.6582778537649278,0.9998629684046995
180900,3234571,sealed,0.9937125717971171,0.9937102356820748,1.0000023509016596
180900,3234572,sealed,0.9235969543304571,0.9236338990724724,0.9999600006647088
180900,3234576,sealed,0.639351429798777,0.6470818403819388,0.9880534267835441
180900,3258022,sealed,0.2290752322396496,0.6408161870301506,0.35747416634603757
180900,3258037,sealed,0.5604560129378462,0.5624199977278362,0.9965079748267762
180900,3258039,sealed,0.5019912874678791,0.6874593177537729,0.7302123551224848
180900,3283087,sealed,0.2639408922194398,0.2639361481302008,1.0000179743823367
180900,3283104,sealed,0.19227367354441577,0.1922682993614076,1.0000279514773158
180900,3283107,sealed,0.24421435505340522,0.2442499957288364,0.9998540811625203
180900,3283108,sealed,0.27026685277119455,0.2702901782877727,0.9999137019453467
180900,3283111,sealed,0.27975894858872186,0.2798082664637589,0.9998237440385149
180900,3314140,sealed,0.10040781268868221,0.1004272184587233,0.999806767823117
180900,3314144,sealed,0.06982055271908176,0.1201234768867158,0.5812398585908986
180900,3314146,sealed,0.1155322720956423,0.1155395025626955,0.9999374199568734
180900,3314148,sealed,0.13733822706603319,0.1373369861684413,1.0000090354217497
180900,3314169,sealed,0.0794694374612094,0.0794989510797812,0.9996287546166215
180900,3314170,sealed,0.07410217619611018,0.0740586622752713,1.0005875601786747
181000,3206995,sealed,1.4818566947811112,2.834462246439492,0.5227999408503481
181000,3217419,sealed,0.00791881387852033,2.0516268453680917,0.003859772987665103
181000,3218954,sealed,0.8053192167173786,2.082980919791169,0.3866186238509168
181000,3234568,sealed,0.6113854611299075,1.2519095585768294,0.48836232373281857
181000,3234569,sealed,0.7075260386890485,0.7074624748034537,1.0000898477132834
181000,3234575,sealed,0.584994755321621,0.5850037983287228,0.999984541968569
181000,3234576,sealed,0.007796862270597882,0.6470818403819388,0.012049267625862902
181000,3258026,sealed,0.4007743940854721,0.4007537845522609,1.0000514269209815
181000,3258027,sealed,0.6866051137589456,0.6866185956882759,0.9999803647477437
181000,3258034,sealed,0.4510224665768665,0.4510213576700167,1.0000024586570702
181000,3258035,sealed,0.43369613862153866,0.4336556922567136,1.0000932683821457
181000,3258037,sealed,0.0019236638306516078,0.5624199977278362,0.003420333271261984
181000,3283086,sealed,0.556307877854313,0.5563316134798726,0.9999573354722535
181000,3283089,sealed,0.3254370274929462,0.3254341743113923,1.0000087673077356
181000,3283095,sealed,0.23837587449702335,0.2383709512203244,1.0000206538450838
181000,3283103,sealed,0.1609391850035758,0.1609099695079351,1.0001815642357652
181000,3283106,sealed,0.20445415081981452,0.2045151642788291,0.999701667799404
181000,3283123,sealed,0.18296693403963357,0.1829061492765835,1.0003323276078497
181000,3283124,sealed,0.10914150343422566,0.1091372385140829,1.0000390785051998
181000,3314122,sealed,0.2082086104739658,0.208236507305214,0.9998660329468199
181000,3314124,sealed,0.15910065230775694,0.1590945897311007,1.0000381067430797
181000,3314131,sealed,0.10989101609840213,0.1098217876034234,1.00063037122678
181000,3314137,sealed,0.14926529433487612,0.1492204868735844,1.0003002768737088
181000,3314138,sealed,0.15433667838873663,0.1542857759736806,1.0003299229286355
181000,3314139,sealed,0.13027174428162952,0.1301712037139345,1.0007723718059485
181000,3314164,sealed,0.07983904003002301,0.0797947784921359,1.0005546921581026
181000,3314168,sealed,0.09919610796494653,0.0991909498021865,1.000052002352738
181000,6064553,sealed,0.06613719282145274,0.0661481757048385,0.9998339654379167
181000,6064554,sealed,0.10313911252645636,0.1030519243264941,1.0008460608623477
181000,7742385,sealed,0.5125505257340334,0.5126143033613967,0.9998755835977554
181000,7742791,sealed,0.0656550795827404,0.0655807224462982,1.0011338261255522
181101,3217419,sealed,1.9512038918132086,2.0516268453680917,0.9510520376638639
181101,3258022,sealed,0.4117748874359729,0.6408161870301506,0.6425787858829458
181101,3258025,sealed,0.6804582269432997,0.6803990134932573,1.0000870275365898
181101,3258039,sealed,0.18545694511916994,0.6874593177537729,0.26977152004447047
181101,3258040,sealed,0.9007589645614058,0.9007861598374012,0.9999698093984922
181101,3258052,sealed,0.624979142649862,0.6248384001833679,1.0002252461859784
181101,3283110,sealed,0.1897727267921696,0.1897734763960124,0.9999960500073191
181101,3283112,sealed,0.18558987662253446,0.185514931451596,1.000403984576077
181101,3283113,sealed,0.28812987209307295,0.2881135894131134,1.0000565147933242
181101,3283114,sealed,0.25003254578623085,0.2500727706790892,0.9998391472500221
181101,3283121,sealed,0.2212448150802505,0.2211954759900322,1.0002230565069086
181101,3283126,sealed,0.16633885785593672,0.1663827258803241,0.999736342675267
181101,3314144,sealed,0.050308185207283036,0.1201234768867158,0.4188039383402705
181101,3314145,sealed,0.11182073268113638,0.1117764605565532,1.0003960773526264
181101,3314147,sealed,0.10668846557825466,0.106632968883211,1.0005204459336066
181101,3314149,sealed,0.09484512549037179,0.094816599938023,1.0003008497706882
181101,3314159,sealed,0.0879889802186774,0.0879751827635403,1.00015683349217
181101,3314172,sealed,0.07826797734971666,0.0782421422470371,1.000330194214238
181101,3314173,sealed,0.041493887513386125,0.0414136406583077,1.0019376913935318
181101,3314180,sealed,0.06689292270872153,0.0676603740009837,0.9886573004717503
181101,3314181,sealed,0.09678171336522289,0.0967260080071815,1.0005759087880197
181101,6064253,sealed,0.3656075094096244,0.3656455434643927,0.9998959810793591
181101,6064567,sealed,0.4401797438301164,0.4401732477077232,1.0000147581036036
181101,6082278,sealed,0.2650981364120139,0.265138228926349,0.9998487863689163
181101,6082279,sealed,0.056614129622801435,0.0566306796826565,0.999707754525501
181101,7742017,sealed,0.4925010993997218,0.5320915850562105,0.9255946029435773
181101,7742386,sealed,0.3467045356943774,0.3466977350876092,1.0000196153769696
181101,7742387,sealed,0.3422834673857123,0.3423131554973881,0.9999132720691594
181101,7742388,sealed,0.15632247781252626,0.1563351640387189,0.9999188523818641
181101,7742389,sealed,0.1523194099625037,0.1523536853534928,0.9997750274900828
181101,7742792,sealed,0.33086891483362585,0.330874432503887,0.9999833239751426
181101,7742793,sealed,0.10134476287032498,0.1014271813507948,0.9991874122954796
181101,7742795,metalled,0.12525326707717563,0.1253341256396234,0.9993548559737013
181101,7742796,sealed,0.22448086114158985,0.2245166551362152,0.99984057309867
181101,7742797,sealed,0.27205682746947285,0.2720724477973429,0.9999425876159217
181101,7742798,sealed,0.19250863579043245,0.1925131766884132,0.9999764125341504
181101,7742799,sealed,0.03818199882733577,0.0381866836812064,0.9998773170796987
181101,7742800,sealed,0.05896736717092938,0.058949636262931,1.0003007806175308
181101,8326466,sealed,0.6574952730754355,0.6573887712745065,1.0001620073320123
181101,8329696,sealed,0.10875146960707281,0.1087210413219204,1.0002798748501895
181101,8329697,sealed,0.06021617199134906,0.0602108718810594,1.0000880258020532
181101,8329698,sealed,0.0497741866022497,0.0498055491599644,0.9993702999315605
181101,8329699,sealed,0.0715729383588096,0.0716218220563161,0.9993174748128011
181101,8329700,sealed,0.07134838233361651,0.071255239816577,1.001307167266285
181101,8329701,sealed,0.06128522558376561,0.0613082836562589,0.9996238995594369
181101,8329704,sealed,0.08148222746165559,0.0814412165093274,1.000503565075351
181101,100045270,sealed,0.586359615939345,6.602967400798212,0.08880243992548893
181200,3200526,sealed,0.16502643214440837,6.169411599798473,0.026749136360070227
181200,3217433,sealed,1.0140255768019508,1.329194631156053,0.7628872048031166
181200,3234577,sealed,1.3166291085952673,1.3166820271619175,0.9999598091524312
181200,3234578,sealed,0.7977265460997072,0.7977023057706101,1.0000303876883916
181200,3234594,sealed,0.1006484909602522,1.0117244559441787,0.09948211725921294
181200,3234597,sealed,0.7379309633183464,0.7385773490150296,0.9991248232868971
181200,3258056,sealed,0.4367589706979919,0.4367628301469072,0.9999911635133558
181200,3258057,sealed,0.36732821276618516,0.3672187021675975,1.0002982162889342
181200,3258058,sealed,0.4270629011897703,0.4270897324218671,0.9999371765929734
181200,3258059,sealed,0.4705456063589877,0.4704868155266932,1.0001249574490811
181200,3258119,sealed,0.2992974450245313,0.3004545433627374,0.9961488406024563
181200,3278053,sealed,0.16959551154800626,0.2087373334753185,0.8124828880601732
181200,3283136,sealed,0.3022666131488972,0.3023173116925501,0.9998323002299502
181200,3283137,sealed,0.259634683784814,0.2595775588355836,1.0002200689053657
181200,3283138,sealed,0.2341933435172787,0.23418980450803,1.0000151117135783
181200,3283139,sealed,0.18937116069717344,0.18935581026858,1.0000810665834423
181200,3283141,metalled,0.2775195292768302,0.2774928308716509,1.0000962129547473
181200,3283142,sealed,0.09755777350893369,0.0974822323040688,1.0007749228046938
181200,3283184,sealed,0.2980861542281302,0.2980312135116973,1.0001843455112822
181200,3283196,sealed,0.14388804711565395,0.1439228211781612,0.9997583839573003
181200,3283207,sealed,0.24798532636778428,0.2479616869061644,1.0000953351379192
181200,3314183,sealed,0.11687464174765302,0.1170460872675396,0.9985352306609389
181200,3314184,sealed,0.12434320495044518,0.1243478228168903,0.9999628633108284
181200,3314185,sealed,0.12599265448693484,0.1260429856063443,0.9996006829006204
181200,3314186,sealed,0.08518641985661791,0.085203985797613,0.9997938366282909
181200,3314187,sealed,0.08425824391506102,0.0842730394052101,0.9998244338847454
181200,3314188,sealed,0.1502332380258446,0.1501769323846551,1.0003749286944101
181200,3314189,sealed,0.08206012066833132,0.0819983457721722,1.0007533675902531
181200,3314190,sealed,0.1068093005722623,0.1067883543365112,1.0001961471911545
181200,3314191,sealed,0.15580963821453536,0.1557868907010416,1.0001460168656773
181200,3314192,sealed,0.06551699655907844,0.0655018179629789,1.0002317278599524
181200,3314194,sealed,0.08926339365660445,0.0892905939320344,0.9996953735636404
181200,3314195,sealed,4.346030877983797e-05,0.0730092340875929,0.0005952713971454134
181200,3314196,sealed,0.046727493842947956,0.046774239417134,0.9990006128422706
181200,3314198,sealed,0.08578038379243433,0.0857980164763246,0.9997944861126815
181200,6097140,sealed,0.05699435148687368,0.0569947813727212,0.999992457452469
181200,8115376,sealed,0.20543964915869387,0.2054245593868759,1.000073456513004
181200,8325548,unmetalled,0.16287110362783067,0.8787414563423971,0.1853458744347311
181200,8325549,sealed,0.2514924433013179,0.8957521931808722,0.2807611806210069
181200,8325550,sealed,0.006281008563661689,0.9464330586627804,0.006636505885092555
181200,8326469,sealed,0.23533714565006036,0.2353986086401888,0.9997388982437768
181200,100047781,sealed,0.9844789599613926,0.9844354934372308,1.0000441537555802
181200,100047913,sealed,0.22272180979682912,0.2227082212634467,1.000061014960765
181200,100047914,sealed,0.16469660604316713,0.1647385639964998,0.9997453058208425
181301,3206995,sealed,0.06329655144239829,2.834462246439492,0.02233106174615951
181301,3217419,sealed,0.0924333264474146,2.0516268453680917,0.04505367370099445
181301,3218955,sealed,1.5163396818727766,1.516339433552577,1.0000001637629372
181301,3238121,sealed,1.1189320651755363,1.1189613293200558,0.9999738470456908
181301,3238122,unmetalled,0.9533081414738643,0.9532860705554816,1.0000231524608032
181301,3257911,sealed,0.00729971698403425,0.3151541096369836,0.02316237282275193
181301,3265091,sealed,0.35076250455641467,0.3507974703939382,0.9999003247158986
181301,3283135,sealed,0.2960912639758844,0.2960519724209307,1.0001327184366733
181301,3283140,metalled,0.3181832460648969,0.3182701654685013,0.9997269005611116
181301,3314180,sealed,0.0007788614862372735,0.0676603740009837,0.011511338767148254
181301,6064246,unmetalled,0.010263921937635694,0.3598401398947066,0.02852356032497941
181301,6096667,metalled,0.4177564666297417,0.4177653573354053,0.9999787184228958
181301,7742017,sealed,0.039515274716434456,0.5320915850562105,0.07426404744262219
181301,8325084,sealed,2.3642312905205505,3.0702907044954464,0.770034996053924
181301,8325215,unmetalled,1.1723616919258082,1.646141199443781,0.712187807657047
181301,8326465,sealed,0.3028253308107676,0.3028799391467011,0.9998197030279149
181301,8326468,unmetalled,0.6599817577346399,0.6599799251884317,1.00000277666962
181301,8328175,sealed,0.3422029138963353,0.3421794428409313,1.0000685928272286
181301,8328176,sealed,0.13646357157203448,0.1365246354710658,0.9995527261521657
181301,8328177,sealed,0.21234281267691718,0.2124255025138431,0.9996107348884792
181301,8329685,sealed,0.13642385029404244,0.1364340588965702,0.9999251755565265
181301,8329694,sealed,0.33032470986393625,0.3303110443442327,1.0000413716705436
181301,8329695,sealed,0.2047833423481537,0.2047786439610116,1.0000229437359835
181301,100045270,sealed,5.629586627480676,6.602967400798212,0.8525843436392149
181301,100047446,sealed,0.10513672979158273,4.159378630135713,0.025277027926681517
181301,100122885,unmetalled,1.077912914010032,1.077921573244134,0.9999919667308671
